row,id,id_cell,Mã / ID,Mã / ID [cell],Mã / ID [formula],Mã / ID [stored XML value],Bộ phận / Part,Bộ phận / Part [cell],Bộ phận / Part [formula],Bộ phận / Part [stored XML value],Thông số / Parameter,Thông số / Parameter [cell],Thông số / Parameter [formula],Thông số / Parameter [stored XML value],Trục và mốc / Axes and refs,Trục và mốc / Axes and refs [cell],Trục và mốc / Axes and refs [formula],Trục và mốc / Axes and refs [stored XML value],Trị số gốc / Source value,Trị số gốc / Source value [cell],Trị số gốc / Source value [formula],Trị số gốc / Source value [stored XML value],ĐVT / Unit,ĐVT / Unit [cell],ĐVT / Unit [formula],ĐVT / Unit [stored XML value],Kích thước (mm),Kích thước (mm) [cell],Kích thước (mm) [formula],Kích thước (mm) [stored XML value],Quy đổi (m),Quy đổi (m) [cell],Quy đổi (m) [formula],Quy đổi (m) [stored XML value],Cơ sở / Basis,Cơ sở / Basis [cell],Cơ sở / Basis [formula],Cơ sở / Basis [stored XML value],Tờ / Drawing,Tờ / Drawing [cell],Tờ / Drawing [formula],Tờ / Drawing [stored XML value],Vị trí / Locator,Vị trí / Locator [cell],Vị trí / Locator [formula],Vị trí / Locator [stored XML value],Nhãn gốc / Printed label,Nhãn gốc / Printed label [cell],Nhãn gốc / Printed label [formula],Nhãn gốc / Printed label [stored XML value],Ghi chú / Notes,Ghi chú / Notes [cell],Ghi chú / Notes [formula],Ghi chú / Notes [stored XML value]
8,P001,A8,P001,A8,,P001,"Lưới trục dọc
Longitudinal grid",B8,,"Lưới trục dọc
Longitudinal grid",axis_spacing,C8,,axis_spacing,"Model: X
Source: longitudinal
1 → 2",D8,,"Model: X
Source: longitudinal
1 → 2",4900,E8,,4900,mm,F8,,mm,4900,G8,"IF(COUNTBLANK(E8)>0,"""",E8)",4900,4.9,H8,"IF(COUNTBLANK(G8)>0,"""",G8/1000)",4.9,Ghi trên bản vẽ / Explicit,I8,,Ghi trên bản vẽ / Explicit,"Tờ 6
File 4",J8,,"Tờ 6
File 4",Bottom longitudinal dimension chain,K8,,Bottom longitudinal dimension chain,4900,L8,,4900,,M8,,
9,P002,A9,P002,A9,,P002,"Lưới trục dọc
Longitudinal grid",B9,,"Lưới trục dọc
Longitudinal grid",axis_spacing,C9,,axis_spacing,"Model: X
Source: longitudinal
2 → 2′",D9,,"Model: X
Source: longitudinal
2 → 2′",575,E9,,575,mm,F9,,mm,575,G9,"IF(COUNTBLANK(E9)>0,"""",E9)",575,0.575,H9,"IF(COUNTBLANK(G9)>0,"""",G9/1000)",0.575,Ghi trên bản vẽ / Explicit,I9,,Ghi trên bản vẽ / Explicit,"Tờ 6
File 4",J9,,"Tờ 6
File 4",Bottom longitudinal dimension chain,K9,,Bottom longitudinal dimension chain,575,L9,,575,,M9,,
10,P003,A10,P003,A10,,P003,"Lưới trục dọc
Longitudinal grid",B10,,"Lưới trục dọc
Longitudinal grid",axis_spacing,C10,,axis_spacing,"Model: X
Source: longitudinal
2′ → 3",D10,,"Model: X
Source: longitudinal
2′ → 3",4500,E10,,4500,mm,F10,,mm,4500,G10,"IF(COUNTBLANK(E10)>0,"""",E10)",4500,4.5,H10,"IF(COUNTBLANK(G10)>0,"""",G10/1000)",4.5,Ghi trên bản vẽ / Explicit,I10,,Ghi trên bản vẽ / Explicit,"Tờ 6
File 4",J10,,"Tờ 6
File 4",Bottom longitudinal dimension chain,K10,,Bottom longitudinal dimension chain,4500,L10,,4500,,M10,,
11,P004,A11,P004,A11,,P004,"Lưới trục dọc
Longitudinal grid",B11,,"Lưới trục dọc
Longitudinal grid",axis_spacing,C11,,axis_spacing,"Model: X
Source: longitudinal
3 → 4",D11,,"Model: X
Source: longitudinal
3 → 4",4500,E11,,4500,mm,F11,,mm,4500,G11,"IF(COUNTBLANK(E11)>0,"""",E11)",4500,4.5,H11,"IF(COUNTBLANK(G11)>0,"""",G11/1000)",4.5,Ghi trên bản vẽ / Explicit,I11,,Ghi trên bản vẽ / Explicit,"Tờ 6
File 4",J11,,"Tờ 6
File 4",Bottom longitudinal dimension chain,K11,,Bottom longitudinal dimension chain,4500,L11,,4500,,M11,,
12,P005,A12,P005,A12,,P005,"Lưới trục dọc
Longitudinal grid",B12,,"Lưới trục dọc
Longitudinal grid",axis_spacing,C12,,axis_spacing,"Model: X
Source: longitudinal
4 → 5",D12,,"Model: X
Source: longitudinal
4 → 5",4500,E12,,4500,mm,F12,,mm,4500,G12,"IF(COUNTBLANK(E12)>0,"""",E12)",4500,4.5,H12,"IF(COUNTBLANK(G12)>0,"""",G12/1000)",4.5,Ghi trên bản vẽ / Explicit,I12,,Ghi trên bản vẽ / Explicit,"Tờ 6
File 4",J12,,"Tờ 6
File 4",Bottom longitudinal dimension chain,K12,,Bottom longitudinal dimension chain,4500,L12,,4500,,M12,,
13,P006,A13,P006,A13,,P006,"Lưới trục dọc
Longitudinal grid",B13,,"Lưới trục dọc
Longitudinal grid",axis_spacing,C13,,axis_spacing,"Model: X
Source: longitudinal
5 → 6",D13,,"Model: X
Source: longitudinal
5 → 6",4500,E13,,4500,mm,F13,,mm,4500,G13,"IF(COUNTBLANK(E13)>0,"""",E13)",4500,4.5,H13,"IF(COUNTBLANK(G13)>0,"""",G13/1000)",4.5,Ghi trên bản vẽ / Explicit,I13,,Ghi trên bản vẽ / Explicit,"Tờ 6
File 4",J13,,"Tờ 6
File 4",Bottom longitudinal dimension chain,K13,,Bottom longitudinal dimension chain,4500,L13,,4500,,M13,,
14,P007,A14,P007,A14,,P007,"Lưới trục dọc
Longitudinal grid",B14,,"Lưới trục dọc
Longitudinal grid",axis_spacing,C14,,axis_spacing,"Model: X
Source: longitudinal
6 → 7",D14,,"Model: X
Source: longitudinal
6 → 7",4500,E14,,4500,mm,F14,,mm,4500,G14,"IF(COUNTBLANK(E14)>0,"""",E14)",4500,4.5,H14,"IF(COUNTBLANK(G14)>0,"""",G14/1000)",4.5,Ghi trên bản vẽ / Explicit,I14,,Ghi trên bản vẽ / Explicit,"Tờ 6
File 4",J14,,"Tờ 6
File 4",Bottom longitudinal dimension chain,K14,,Bottom longitudinal dimension chain,4500,L14,,4500,,M14,,
15,P008,A15,P008,A15,,P008,"Lưới trục dọc
Longitudinal grid",B15,,"Lưới trục dọc
Longitudinal grid",axis_spacing,C15,,axis_spacing,"Model: X
Source: longitudinal
7 → 8",D15,,"Model: X
Source: longitudinal
7 → 8",4500,E15,,4500,mm,F15,,mm,4500,G15,"IF(COUNTBLANK(E15)>0,"""",E15)",4500,4.5,H15,"IF(COUNTBLANK(G15)>0,"""",G15/1000)",4.5,Ghi trên bản vẽ / Explicit,I15,,Ghi trên bản vẽ / Explicit,"Tờ 6
File 4",J15,,"Tờ 6
File 4",Bottom longitudinal dimension chain,K15,,Bottom longitudinal dimension chain,4500,L15,,4500,,M15,,
16,P009,A16,P009,A16,,P009,"Lưới trục dọc
Longitudinal grid",B16,,"Lưới trục dọc
Longitudinal grid",axis_spacing,C16,,axis_spacing,"Model: X
Source: longitudinal
8 → 9",D16,,"Model: X
Source: longitudinal
8 → 9",4500,E16,,4500,mm,F16,,mm,4500,G16,"IF(COUNTBLANK(E16)>0,"""",E16)",4500,4.5,H16,"IF(COUNTBLANK(G16)>0,"""",G16/1000)",4.5,Ghi trên bản vẽ / Explicit,I16,,Ghi trên bản vẽ / Explicit,"Tờ 6
File 4",J16,,"Tờ 6
File 4",Bottom longitudinal dimension chain,K16,,Bottom longitudinal dimension chain,4500,L16,,4500,,M16,,
17,P010,A17,P010,A17,,P010,"Lưới trục dọc
Longitudinal grid",B17,,"Lưới trục dọc
Longitudinal grid",axis_spacing,C17,,axis_spacing,"Model: X
Source: longitudinal
9 → 10",D17,,"Model: X
Source: longitudinal
9 → 10",7200,E17,,7200,mm,F17,,mm,7200,G17,"IF(COUNTBLANK(E17)>0,"""",E17)",7200,7.2,H17,"IF(COUNTBLANK(G17)>0,"""",G17/1000)",7.2,Ghi trên bản vẽ / Explicit,I17,,Ghi trên bản vẽ / Explicit,"Tờ 6
File 4",J17,,"Tờ 6
File 4",Bottom longitudinal dimension chain,K17,,Bottom longitudinal dimension chain,7200,L17,,7200,,M17,,
18,P011,A18,P011,A18,,P011,"Lưới trục dọc
Longitudinal grid",B18,,"Lưới trục dọc
Longitudinal grid",axis_spacing,C18,,axis_spacing,"Model: X
Source: longitudinal
10 → 11",D18,,"Model: X
Source: longitudinal
10 → 11",4500,E18,,4500,mm,F18,,mm,4500,G18,"IF(COUNTBLANK(E18)>0,"""",E18)",4500,4.5,H18,"IF(COUNTBLANK(G18)>0,"""",G18/1000)",4.5,Ghi trên bản vẽ / Explicit,I18,,Ghi trên bản vẽ / Explicit,"Tờ 6
File 4",J18,,"Tờ 6
File 4",Bottom longitudinal dimension chain,K18,,Bottom longitudinal dimension chain,4500,L18,,4500,,M18,,
19,P012,A19,P012,A19,,P012,"Lưới trục dọc
Longitudinal grid",B19,,"Lưới trục dọc
Longitudinal grid",axis_spacing,C19,,axis_spacing,"Model: X
Source: longitudinal
11 → 12",D19,,"Model: X
Source: longitudinal
11 → 12",4341,E19,,4341,mm,F19,,mm,4341,G19,"IF(COUNTBLANK(E19)>0,"""",E19)",4341,4.341,H19,"IF(COUNTBLANK(G19)>0,"""",G19/1000)",4.341,Ghi trên bản vẽ / Explicit,I19,,Ghi trên bản vẽ / Explicit,"Tờ 6
File 4",J19,,"Tờ 6
File 4",Bottom longitudinal dimension chain,K19,,Bottom longitudinal dimension chain,4341,L19,,4341,,M19,,
20,P013,A20,P013,A20,,P013,"Lưới trục ngang
Transverse grid",B20,,"Lưới trục ngang
Transverse grid",axis_spacing,C20,,axis_spacing,"Model: Z
Source: transverse
A → B",D20,,"Model: Z
Source: transverse
A → B",2835,E20,,2835,mm,F20,,mm,2835,G20,"IF(COUNTBLANK(E20)>0,"""",E20)",2835,2.835,H20,"IF(COUNTBLANK(G20)>0,"""",G20/1000)",2.835,Ghi trên bản vẽ / Explicit,I20,,Ghi trên bản vẽ / Explicit,"Tờ 6
File 4",J20,,"Tờ 6
File 4",Far-left transverse dimension chain,K20,,Far-left transverse dimension chain,2835,L20,,2835,Tiny CAD text recovered with a temporary reduced-stroke reading render; original PDF unchanged.,M20,,Tiny CAD text recovered with a temporary reduced-stroke reading render; original PDF unchanged.
21,P014,A21,P014,A21,,P014,"Lưới trục ngang
Transverse grid",B21,,"Lưới trục ngang
Transverse grid",axis_spacing,C21,,axis_spacing,"Model: Z
Source: transverse
B → C",D21,,"Model: Z
Source: transverse
B → C",3054,E21,,3054,mm,F21,,mm,3054,G21,"IF(COUNTBLANK(E21)>0,"""",E21)",3054,3.054,H21,"IF(COUNTBLANK(G21)>0,"""",G21/1000)",3.054,Ghi trên bản vẽ / Explicit,I21,,Ghi trên bản vẽ / Explicit,"Tờ 6
File 4",J21,,"Tờ 6
File 4",Far-left transverse dimension chain,K21,,Far-left transverse dimension chain,3054,L21,,3054,,M21,,
22,P015,A22,P015,A22,,P015,"Lưới trục ngang
Transverse grid",B22,,"Lưới trục ngang
Transverse grid",axis_spacing,C22,,axis_spacing,"Model: Z
Source: transverse
C → D",D22,,"Model: Z
Source: transverse
C → D",3760,E22,,3760,mm,F22,,mm,3760,G22,"IF(COUNTBLANK(E22)>0,"""",E22)",3760,3.76,H22,"IF(COUNTBLANK(G22)>0,"""",G22/1000)",3.76,Ghi trên bản vẽ / Explicit,I22,,Ghi trên bản vẽ / Explicit,"Tờ 6
File 4",J22,,"Tờ 6
File 4",Far-left transverse dimension chain,K22,,Far-left transverse dimension chain,3760,L22,,3760,,M22,,
23,P016,A23,P016,A23,,P016,"Lưới trục ngang
Transverse grid",B23,,"Lưới trục ngang
Transverse grid",axis_spacing,C23,,axis_spacing,"Model: Z
Source: transverse
D → E",D23,,"Model: Z
Source: transverse
D → E",7200,E23,,7200,mm,F23,,mm,7200,G23,"IF(COUNTBLANK(E23)>0,"""",E23)",7200,7.2,H23,"IF(COUNTBLANK(G23)>0,"""",G23/1000)",7.2,Ghi trên bản vẽ / Explicit,I23,,Ghi trên bản vẽ / Explicit,"Tờ 6
File 4",J23,,"Tờ 6
File 4",Far-left transverse dimension chain,K23,,Far-left transverse dimension chain,7200,L23,,7200,,M23,,
24,P017,A24,P017,A24,,P017,"Lưới trục ngang
Transverse grid",B24,,"Lưới trục ngang
Transverse grid",axis_spacing,C24,,axis_spacing,"Model: Z
Source: transverse
E → G",D24,,"Model: Z
Source: transverse
E → G",3760,E24,,3760,mm,F24,,mm,3760,G24,"IF(COUNTBLANK(E24)>0,"""",E24)",3760,3.76,H24,"IF(COUNTBLANK(G24)>0,"""",G24/1000)",3.76,Ghi trên bản vẽ / Explicit,I24,,Ghi trên bản vẽ / Explicit,"Tờ 6
File 4",J24,,"Tờ 6
File 4",Far-left transverse dimension chain,K24,,Far-left transverse dimension chain,3760,L24,,3760,,M24,,
25,P018,A25,P018,A25,,P018,"Lưới trục ngang
Transverse grid",B25,,"Lưới trục ngang
Transverse grid",axis_spacing,C25,,axis_spacing,"Model: Z
Source: transverse
G → H",D25,,"Model: Z
Source: transverse
G → H",3054,E25,,3054,mm,F25,,mm,3054,G25,"IF(COUNTBLANK(E25)>0,"""",E25)",3054,3.054,H25,"IF(COUNTBLANK(G25)>0,"""",G25/1000)",3.054,Ghi trên bản vẽ / Explicit,I25,,Ghi trên bản vẽ / Explicit,"Tờ 6
File 4",J25,,"Tờ 6
File 4",Far-left transverse dimension chain,K25,,Far-left transverse dimension chain,3054,L25,,3054,,M25,,
26,P019,A26,P019,A26,,P019,"Lưới trục ngang
Transverse grid",B26,,"Lưới trục ngang
Transverse grid",axis_spacing,C26,,axis_spacing,"Model: Z
Source: transverse
H → I",D26,,"Model: Z
Source: transverse
H → I",2835,E26,,2835,mm,F26,,mm,2835,G26,"IF(COUNTBLANK(E26)>0,"""",E26)",2835,2.835,H26,"IF(COUNTBLANK(G26)>0,"""",G26/1000)",2.835,Ghi trên bản vẽ / Explicit,I26,,Ghi trên bản vẽ / Explicit,"Tờ 6
File 4",J26,,"Tờ 6
File 4",Far-left transverse dimension chain,K26,,Far-left transverse dimension chain,2835,L26,,2835,Tiny CAD text recovered with a temporary reduced-stroke reading render; original PDF unchanged.,M26,,Tiny CAD text recovered with a temporary reduced-stroke reading render; original PDF unchanged.
27,P020,A27,P020,A27,,P020,"Kích thước bao công trình
Exterior envelope",B27,,"Kích thước bao công trình
Exterior envelope",overall_length,C27,,overall_length,"Model: X
Source: longitudinal
forecourt/front landing outer end → 1",D27,,"Model: X
Source: longitudinal
forecourt/front landing outer end → 1",13219,E27,,13219,mm,F27,,mm,13219,G27,"IF(COUNTBLANK(E27)>0,"""",E27)",13219,13.219,H27,"IF(COUNTBLANK(G27)>0,"""",G27/1000)",13.219,Ghi trên bản vẽ / Explicit,I27,,Ghi trên bản vẽ / Explicit,"Tờ 6
File 4",J27,,"Tờ 6
File 4",Bottom left chain,K27,,Bottom left chain,13219,L27,,13219,,M27,,
28,P021,A28,P021,A28,,P021,"Kích thước bao công trình
Exterior envelope",B28,,"Kích thước bao công trình
Exterior envelope",overall_length,C28,,overall_length,"Model: X
Source: longitudinal
forecourt/front landing outer end → rear exterior end",D28,,"Model: X
Source: longitudinal
forecourt/front landing outer end → rear exterior end",67064,E28,,67064,mm,F28,,mm,67064,G28,"IF(COUNTBLANK(E28)>0,"""",E28)",67064,67.064,H28,"IF(COUNTBLANK(G28)>0,"""",G28/1000)",67.064,Ghi trên bản vẽ / Explicit,I28,,Ghi trên bản vẽ / Explicit,"Tờ 6
File 4",J28,,"Tờ 6
File 4",Bottom overall chain,K28,,Bottom overall chain,67064,L28,,67064,,M28,,
29,P022,A29,P022,A29,,P022,"Kích thước bao công trình
Exterior envelope",B29,,"Kích thước bao công trình
Exterior envelope",overall_length,C29,,overall_length,"Model: X
Source: longitudinal
front tower exterior end → rear exterior end",D29,,"Model: X
Source: longitudinal
front tower exterior end → rear exterior end",54794,E29,,54794,mm,F29,,mm,54794,G29,"IF(COUNTBLANK(E29)>0,"""",E29)",54794,54.794,H29,"IF(COUNTBLANK(G29)>0,"""",G29/1000)",54.794,Ghi trên bản vẽ / Explicit,I29,,Ghi trên bản vẽ / Explicit,"Tờ 6
File 4",J29,,"Tờ 6
File 4",Top overall chain,K29,,Top overall chain,54794,L29,,54794,Top overall label was recovered with a temporary reduced-stroke reading render.,M29,,Top overall label was recovered with a temporary reduced-stroke reading render.
30,P023,A30,P023,A30,,P023,"Kích thước bao công trình
Exterior envelope",B30,,"Kích thước bao công trình
Exterior envelope",edge_offset,C30,,edge_offset,"Model: Z
Source: transverse
upper outside edge near H → H",D30,,"Model: Z
Source: transverse
upper outside edge near H → H",832,E30,,832,mm,F30,,mm,832,G30,"IF(COUNTBLANK(E30)>0,"""",E30)",832,0.832,H30,"IF(COUNTBLANK(G30)>0,"""",G30/1000)",0.832,Ghi trên bản vẽ / Explicit,I30,,Ghi trên bản vẽ / Explicit,"Tờ 6
File 4",J30,,"Tờ 6
File 4","Right outer main-body margin, above H",K30,,"Right outer main-body margin, above H",832,L30,,832,,M30,,
31,P024,A31,P024,A31,,P024,"Kích thước bao công trình
Exterior envelope",B31,,"Kích thước bao công trình
Exterior envelope",edge_offset,C31,,edge_offset,"Model: Z
Source: transverse
B → lower outside edge near B",D31,,"Model: Z
Source: transverse
B → lower outside edge near B",829,E31,,829,mm,F31,,mm,829,G31,"IF(COUNTBLANK(E31)>0,"""",E31)",829,0.829,H31,"IF(COUNTBLANK(G31)>0,"""",G31/1000)",0.829,Ghi trên bản vẽ / Explicit,I31,,Ghi trên bản vẽ / Explicit,"Tờ 6
File 4",J31,,"Tờ 6
File 4","Right outer main-body margin, below B",K31,,"Right outer main-body margin, below B",829,L31,,829,,M31,,
32,P025,A32,P025,A32,,P025,"Kích thước bao công trình
Exterior envelope",B32,,"Kích thước bao công trình
Exterior envelope",edge_offset,C32,,edge_offset,"Model: Z
Source: transverse
A → lower transept exterior edge",D32,,"Model: Z
Source: transverse
A → lower transept exterior edge",829,E32,,829,mm,F32,,mm,829,G32,"IF(COUNTBLANK(E32)>0,"""",E32)",829,0.829,H32,"IF(COUNTBLANK(G32)>0,"""",G32/1000)",0.829,Ghi trên bản vẽ / Explicit,I32,,Ghi trên bản vẽ / Explicit,"Tờ 6
File 4",J32,,"Tờ 6
File 4","Right lowermost short offset, below A",K32,,"Right lowermost short offset, below A",829,L32,,829,,M32,,
33,P026,A33,P026,A33,,P026,"Kích thước mặt bằng
Main body",B33,,"Kích thước mặt bằng
Main body",overall_width,C33,,overall_width,"Model: Z
Source: transverse
main upper exterior edge → main lower exterior edge",D33,,"Model: Z
Source: transverse
main upper exterior edge → main lower exterior edge",22489,E33,,22489,mm,F33,,mm,22489,G33,"IF(COUNTBLANK(E33)>0,"""",E33)",22489,22.489,H33,"IF(COUNTBLANK(G33)>0,"""",G33/1000)",22.489,Ghi trên bản vẽ / Explicit,I33,,Ghi trên bản vẽ / Explicit,"Tờ 6
File 4",J33,,"Tờ 6
File 4",Right middle overall dimension,K33,,Right middle overall dimension,22489,L33,,22489,832 + 3054 + 3760 + 7200 + 3760 + 3054 + 829 = 22489.,M33,,832 + 3054 + 3760 + 7200 + 3760 + 3054 + 829 = 22489.
34,P027,A34,P027,A34,,P027,"Kích thước mặt bằng
Transept wings",B34,,"Kích thước mặt bằng
Transept wings",overall_width,C34,,overall_width,"Model: Z
Source: transverse
upper wing exterior edge → lower wing exterior edge",D34,,"Model: Z
Source: transverse
upper wing exterior edge → lower wing exterior edge",28158,E34,,28158,mm,F34,,mm,28158,G34,"IF(COUNTBLANK(E34)>0,"""",E34)",28158,28.158,H34,"IF(COUNTBLANK(G34)>0,"""",G34/1000)",28.158,Ghi trên bản vẽ / Explicit,I34,,Ghi trên bản vẽ / Explicit,"Tờ 6
File 4",J34,,"Tờ 6
File 4",Right outermost overall dimension,K34,,Right outermost overall dimension,28158,L34,,28158,"Do not replace with main-body width22489. Axis A–I total26498; assigning both832 and829 to wing edges would yield28159, 1mm above printed overall.",M34,,"Do not replace with main-body width22489. Axis A–I total26498; assigning both832 and829 to wing edges would yield28159, 1mm above printed overall."
35,P028,A35,P028,A35,,P028,"Kích thước mặt bằng
Transept interior",B35,,"Kích thước mặt bằng
Transept interior",clear_width,C35,,clear_width,"Model: Z
Source: transverse
upper wing inner wall face → lower wing inner wall face",D35,,"Model: Z
Source: transverse
upper wing inner wall face → lower wing inner wall face",26168,E35,,26168,mm,F35,,mm,26168,G35,"IF(COUNTBLANK(E35)>0,"""",E35)",26168,26.168,H35,"IF(COUNTBLANK(G35)>0,"""",G35/1000)",26.168,Ghi trên bản vẽ / Explicit,I35,,Ghi trên bản vẽ / Explicit,"Tờ 6
File 4",J35,,"Tờ 6
File 4",Vertical dimension inside bay9–10,K35,,Vertical dimension inside bay9–10,26168,L35,,26168,Dimension spans interior faces of opposing transverse wing walls.,M35,,Dimension spans interior faces of opposing transverse wing walls.
36,P029,A36,P029,A36,,P029,"Kích thước mặt bằng
Nave interior",B36,,"Kích thước mặt bằng
Nave interior",clear_width,C36,,clear_width,"Model: Z
Source: transverse
inner face near G → inner face near C",D36,,"Model: Z
Source: transverse
inner face near G → inner face near C",14500,E36,,14500,mm,F36,,mm,14500,G36,"IF(COUNTBLANK(E36)>0,"""",E36)",14500,14.5,H36,"IF(COUNTBLANK(G36)>0,"""",G36/1000)",14.5,Ghi trên bản vẽ / Explicit,I36,,Ghi trên bản vẽ / Explicit,"Tờ 6
File 4",J36,,"Tờ 6
File 4",Vertical dimension near bay5–6,K36,,Vertical dimension near bay5–6,14500,L36,,14500,Grid G–C14720 is a different measurement.,M36,,Grid G–C14720 is a different measurement.
37,P030,A37,P030,A37,,P030,"Kích thước mặt bằng
Main interior",B37,,"Kích thước mặt bằng
Main interior",clear_length,C37,,clear_length,"Model: X
Source: longitudinal
inside front wall near2′ → inside rear wall near12",D37,,"Model: X
Source: longitudinal
inside front wall near2′ → inside rear wall near12",47386,E37,,47386,mm,F37,,mm,47386,G37,"IF(COUNTBLANK(E37)>0,"""",E37)",47386,47.386,H37,"IF(COUNTBLANK(G37)>0,"""",G37/1000)",47.386,Ghi trên bản vẽ / Explicit,I37,,Ghi trên bản vẽ / Explicit,"Tờ 6
File 4",J37,,"Tờ 6
File 4",Horizontal internal dimension near lower nave,K37,,Horizontal internal dimension near lower nave,47386,L37,,47386,"This is a clear overall interior dimension, not an axis span.",M37,,"This is a clear overall interior dimension, not an axis span."
38,P031,A38,P031,A38,,P031,"Kích thước mặt bằng
Lower veranda",B38,,"Kích thước mặt bằng
Lower veranda",clear_width,C38,,clear_width,"Model: Z
Source: transverse
inner face near C → inner face near B",D38,,"Model: Z
Source: transverse
inner face near C → inner face near B",2779,E38,,2779,mm,F38,,mm,2779,G38,"IF(COUNTBLANK(E38)>0,"""",E38)",2779,2.779,H38,"IF(COUNTBLANK(G38)>0,"""",G38/1000)",2.779,Ghi trên bản vẽ / Explicit,I38,,Ghi trên bản vẽ / Explicit,"Tờ 6
File 4",J38,,"Tờ 6
File 4",Lower veranda width dimension near bay3–4,K38,,Lower veranda width dimension near bay3–4,2779,L38,,2779,No identical opposite-veranda clear dimension printed.,M38,,No identical opposite-veranda clear dimension printed.
39,P032,A39,P032,A39,,P032,"Kích thước mặt bằng
Transverse wing at9–10",B39,,"Kích thước mặt bằng
Transverse wing at9–10",longitudinal_span,C39,,longitudinal_span,"Model: X
Source: longitudinal
9 → 10",D39,,"Model: X
Source: longitudinal
9 → 10",7200,E39,,7200,mm,F39,,mm,7200,G39,"IF(COUNTBLANK(E39)>0,"""",E39)",7200,7.2,H39,"IF(COUNTBLANK(G39)>0,"""",G39/1000)",7.2,Ghi trên bản vẽ / Explicit,I39,,Ghi trên bản vẽ / Explicit,"Tờ 6
File 4",J39,,"Tờ 6
File 4",Top wing dimension chain; repeated inside lower wing,K39,,Top wing dimension chain; repeated inside lower wing,7200,L39,,7200,"Grid span, not clear room width.",M39,,"Grid span, not clear room width."
40,P033,A40,P033,A40,,P033,"Kích thước mặt bằng
Upper transverse wing",B40,,"Kích thước mặt bằng
Upper transverse wing",front_end_projection,C40,,front_end_projection,"Model: X
Source: longitudinal
wing front exterior edge → 9",D40,,"Model: X
Source: longitudinal
wing front exterior edge → 9",995,E40,,995,mm,F40,,mm,995,G40,"IF(COUNTBLANK(E40)>0,"""",E40)",995,0.995,H40,"IF(COUNTBLANK(G40)>0,"""",G40/1000)",0.995,Ghi trên bản vẽ / Explicit,I40,,Ghi trên bản vẽ / Explicit,"Tờ 6
File 4",J40,,"Tờ 6
File 4",Top wing outer dimension chain,K40,,Top wing outer dimension chain,995,L40,,995,,M40,,
41,P034,A41,P034,A41,,P034,"Kích thước mặt bằng
Upper transverse wing",B41,,"Kích thước mặt bằng
Upper transverse wing",rear_end_projection,C41,,rear_end_projection,"Model: X
Source: longitudinal
10 → wing rear exterior edge",D41,,"Model: X
Source: longitudinal
10 → wing rear exterior edge",993,E41,,993,mm,F41,,mm,993,G41,"IF(COUNTBLANK(E41)>0,"""",E41)",993,0.993,H41,"IF(COUNTBLANK(G41)>0,"""",G41/1000)",0.993,Ghi trên bản vẽ / Explicit,I41,,Ghi trên bản vẽ / Explicit,"Tờ 6
File 4",J41,,"Tờ 6
File 4",Top wing outer dimension chain,K41,,Top wing outer dimension chain,993,L41,,993,,M41,,
42,P035,A42,P035,A42,,P035,"Kích thước mặt bằng
Upper transverse wing",B42,,"Kích thước mặt bằng
Upper transverse wing",overall_length,C42,,overall_length,"Model: X
Source: longitudinal
wing front exterior edge → wing rear exterior edge",D42,,"Model: X
Source: longitudinal
wing front exterior edge → wing rear exterior edge",9188,E42,,9188,mm,F42,,mm,9188,G42,"IF(COUNTBLANK(E42)>0,"""",E42)",9188,9.188,H42,"IF(COUNTBLANK(G42)>0,"""",G42/1000)",9.188,Ghi trên bản vẽ / Explicit,I42,,Ghi trên bản vẽ / Explicit,"Tờ 6
File 4",J42,,"Tờ 6
File 4",Top wing outer overall chain,K42,,Top wing outer overall chain,9188,L42,,9188,995 + 7200 + 993 = 9188.,M42,,995 + 7200 + 993 = 9188.
43,P036,A43,P036,A43,,P036,"Kích thước mặt bằng
Lower front tower/recess",B43,,"Kích thước mặt bằng
Lower front tower/recess",clear_width,C43,,clear_width,"Model: X
Source: longitudinal
front inside face → rear inside face",D43,,"Model: X
Source: longitudinal
front inside face → rear inside face",2770,E43,,2770,mm,F43,,mm,2770,G43,"IF(COUNTBLANK(E43)>0,"""",E43)",2770,2.77,H43,"IF(COUNTBLANK(G43)>0,"""",G43/1000)",2.77,Ghi trên bản vẽ / Explicit,I43,,Ghi trên bản vẽ / Explicit,"Tờ 6
File 4",J43,,"Tờ 6
File 4",Front lower tower horizontal dimension,K43,,Front lower tower horizontal dimension,2770,L43,,2770,Use detail position in plan; not overall tower footprint.,M43,,Use detail position in plan; not overall tower footprint.
44,P037,A44,P037,A44,,P037,"Kích thước mặt bằng
Lower front tower/recess",B44,,"Kích thước mặt bằng
Lower front tower/recess",clear_depth,C44,,clear_depth,"Model: Z
Source: transverse
upper inside face → lower inside face",D44,,"Model: Z
Source: transverse
upper inside face → lower inside face",2770,E44,,2770,mm,F44,,mm,2770,G44,"IF(COUNTBLANK(E44)>0,"""",E44)",2770,2.77,H44,"IF(COUNTBLANK(G44)>0,"""",G44/1000)",2.77,Ghi trên bản vẽ / Explicit,I44,,Ghi trên bản vẽ / Explicit,"Tờ 6
File 4",J44,,"Tờ 6
File 4",Front lower tower vertical dimension,K44,,Front lower tower vertical dimension,2770,L44,,2770,Use detail position in plan; not overall tower footprint.,M44,,Use detail position in plan; not overall tower footprint.
45,P038,A45,P038,A45,,P038,"Kích thước mặt bằng
Lower front connecting passage",B45,,"Kích thước mặt bằng
Lower front connecting passage",clear_width,C45,,clear_width,"Model: X
Source: longitudinal
front recess corner → inside face near2′",D45,,"Model: X
Source: longitudinal
front recess corner → inside face near2′",1500,E45,,1500,mm,F45,,mm,1500,G45,"IF(COUNTBLANK(E45)>0,"""",E45)",1500,1.5,H45,"IF(COUNTBLANK(G45)>0,"""",G45/1000)",1.5,Ghi trên bản vẽ / Explicit,I45,,Ghi trên bản vẽ / Explicit,"Tờ 6
File 4",J45,,"Tờ 6
File 4","Front near axis C, horizontal passage dimension",K45,,"Front near axis C, horizontal passage dimension",1500,L45,,1500,Local passage opening; not the same as altar offset1500.,M45,,Local passage opening; not the same as altar offset1500.
46,P039,A46,P039,A46,,P039,"Kích thước mặt bằng
Lower front connecting passage",B46,,"Kích thước mặt bằng
Lower front connecting passage",opening_dimension,C46,,opening_dimension,"Model: Z
Source: transverse
lower front passage upper endpoint → lower front passage lower endpoint",D46,,"Model: Z
Source: transverse
lower front passage upper endpoint → lower front passage lower endpoint",1821,E46,,1821,mm,F46,,mm,1821,G46,"IF(COUNTBLANK(E46)>0,"""",E46)",1821,1.821,H46,"IF(COUNTBLANK(G46)>0,"""",G46/1000)",1.821,Ghi trên bản vẽ / Explicit,I46,,Ghi trên bản vẽ / Explicit,"Tờ 6
File 4",J46,,"Tờ 6
File 4","Front near axes B–C, vertical passage dimension",K46,,"Front near axes B–C, vertical passage dimension",1821,L46,,1821,,M46,,
47,P040,A47,P040,A47,,P040,"Cửa và trụ mặt tiền
Front facade openings and pier zones",B47,,"Cửa và trụ mặt tiền
Front facade openings and pier zones",chain_segment,C47,,chain_segment,"Model: Z
Source: transverse
front chain point0 → front chain point1",D47,,"Model: Z
Source: transverse
front chain point0 → front chain point1",935,E47,,935,mm,F47,,mm,935,G47,"IF(COUNTBLANK(E47)>0,"""",E47)",935,0.935,H47,"IF(COUNTBLANK(G47)>0,"""",G47/1000)",0.935,Ghi trên bản vẽ / Explicit,I47,,Ghi trên bản vẽ / Explicit,"Tờ 6
File 4",J47,,"Tờ 6
File 4","Inside front wall, near2′ between G and C",K47,,"Inside front wall, near2′ between G and C",935,L47,,935,upper margin; chain ending margin at lower end is not explicitly labeled.,M47,,upper margin; chain ending margin at lower end is not explicitly labeled.
48,P041,A48,P041,A48,,P041,"Cửa và trụ mặt tiền
Front facade openings and pier zones",B48,,"Cửa và trụ mặt tiền
Front facade openings and pier zones",chain_segment,C48,,chain_segment,"Model: Z
Source: transverse
front chain point1 → front chain point2",D48,,"Model: Z
Source: transverse
front chain point1 → front chain point2",2150,E48,,2150,mm,F48,,mm,2150,G48,"IF(COUNTBLANK(E48)>0,"""",E48)",2150,2.15,H48,"IF(COUNTBLANK(G48)>0,"""",G48/1000)",2.15,Ghi trên bản vẽ / Explicit,I48,,Ghi trên bản vẽ / Explicit,"Tờ 6
File 4",J48,,"Tờ 6
File 4","Inside front wall, near2′ between G and C",K48,,"Inside front wall, near2′ between G and C",2150,L48,,2150,upper portal clear; chain ending margin at lower end is not explicitly labeled.,M48,,upper portal clear; chain ending margin at lower end is not explicitly labeled.
49,P042,A49,P042,A49,,P042,"Cửa và trụ mặt tiền
Front facade openings and pier zones",B49,,"Cửa và trụ mặt tiền
Front facade openings and pier zones",chain_segment,C49,,chain_segment,"Model: Z
Source: transverse
front chain point2 → front chain point3",D49,,"Model: Z
Source: transverse
front chain point2 → front chain point3",2725,E49,,2725,mm,F49,,mm,2725,G49,"IF(COUNTBLANK(E49)>0,"""",E49)",2725,2.725,H49,"IF(COUNTBLANK(G49)>0,"""",G49/1000)",2.725,Ghi trên bản vẽ / Explicit,I49,,Ghi trên bản vẽ / Explicit,"Tờ 6
File 4",J49,,"Tờ 6
File 4","Inside front wall, near2′ between G and C",K49,,"Inside front wall, near2′ between G and C",2725,L49,,2725,upper intermediate pier zone; chain ending margin at lower end is not explicitly labeled.,M49,,upper intermediate pier zone; chain ending margin at lower end is not explicitly labeled.
50,P043,A50,P043,A50,,P043,"Cửa và trụ mặt tiền
Front facade openings and pier zones",B50,,"Cửa và trụ mặt tiền
Front facade openings and pier zones",chain_segment,C50,,chain_segment,"Model: Z
Source: transverse
front chain point3 → front chain point4",D50,,"Model: Z
Source: transverse
front chain point3 → front chain point4",3100,E50,,3100,mm,F50,,mm,3100,G50,"IF(COUNTBLANK(E50)>0,"""",E50)",3100,3.1,H50,"IF(COUNTBLANK(G50)>0,"""",G50/1000)",3.1,Ghi trên bản vẽ / Explicit,I50,,Ghi trên bản vẽ / Explicit,"Tờ 6
File 4",J50,,"Tờ 6
File 4","Inside front wall, near2′ between G and C",K50,,"Inside front wall, near2′ between G and C",3100,L50,,3100,central portal clear; chain ending margin at lower end is not explicitly labeled.,M50,,central portal clear; chain ending margin at lower end is not explicitly labeled.
51,P044,A51,P044,A51,,P044,"Cửa và trụ mặt tiền
Front facade openings and pier zones",B51,,"Cửa và trụ mặt tiền
Front facade openings and pier zones",chain_segment,C51,,chain_segment,"Model: Z
Source: transverse
front chain point4 → front chain point5",D51,,"Model: Z
Source: transverse
front chain point4 → front chain point5",2725,E51,,2725,mm,F51,,mm,2725,G51,"IF(COUNTBLANK(E51)>0,"""",E51)",2725,2.725,H51,"IF(COUNTBLANK(G51)>0,"""",G51/1000)",2.725,Ghi trên bản vẽ / Explicit,I51,,Ghi trên bản vẽ / Explicit,"Tờ 6
File 4",J51,,"Tờ 6
File 4","Inside front wall, near2′ between G and C",K51,,"Inside front wall, near2′ between G and C",2725,L51,,2725,lower intermediate pier zone; chain ending margin at lower end is not explicitly labeled.,M51,,lower intermediate pier zone; chain ending margin at lower end is not explicitly labeled.
52,P045,A52,P045,A52,,P045,"Cửa và trụ mặt tiền
Front facade openings and pier zones",B52,,"Cửa và trụ mặt tiền
Front facade openings and pier zones",chain_segment,C52,,chain_segment,"Model: Z
Source: transverse
front chain point5 → front chain point6",D52,,"Model: Z
Source: transverse
front chain point5 → front chain point6",2150,E52,,2150,mm,F52,,mm,2150,G52,"IF(COUNTBLANK(E52)>0,"""",E52)",2150,2.15,H52,"IF(COUNTBLANK(G52)>0,"""",G52/1000)",2.15,Ghi trên bản vẽ / Explicit,I52,,Ghi trên bản vẽ / Explicit,"Tờ 6
File 4",J52,,"Tờ 6
File 4","Inside front wall, near2′ between G and C",K52,,"Inside front wall, near2′ between G and C",2150,L52,,2150,lower portal clear; chain ending margin at lower end is not explicitly labeled.,M52,,lower portal clear; chain ending margin at lower end is not explicitly labeled.
53,P046,A53,P046,A53,,P046,"Cao độ mặt bằng
Main nave datum",B53,,"Cao độ mặt bằng
Main nave datum",elevation,C53,,elevation,"Model: Y
Source: vertical
±0.000 datum → Main nave datum",D53,,"Model: Y
Source: vertical
±0.000 datum → Main nave datum",0,E53,,0,m,F53,,m,0,G53,"IF(COUNTBLANK(E53)>0,"""",E53*1000)",0,0,H53,"IF(COUNTBLANK(G53)>0,"""",G53/1000)",0,Ghi trên bản vẽ / Explicit,I53,,Ghi trên bản vẽ / Explicit,"Tờ 6
File 4",J53,,"Tờ 6
File 4",Main nave center,K53,,Main nave center,+00 M,L53,,+00 M,,M53,,
54,P047,A54,P047,A54,,P047,"Cao độ mặt bằng
Front forecourt/entrance landing",B54,,"Cao độ mặt bằng
Front forecourt/entrance landing",elevation,C54,,elevation,"Model: Y
Source: vertical
±0.000 datum → Front forecourt/entrance landing",D54,,"Model: Y
Source: vertical
±0.000 datum → Front forecourt/entrance landing",-0.48,E54,,-0.48,m,F54,,m,-480,G54,"IF(COUNTBLANK(E54)>0,"""",E54*1000)",-480,-0.48,H54,"IF(COUNTBLANK(G54)>0,"""",G54/1000)",-0.48,Ghi trên bản vẽ / Explicit,I54,,Ghi trên bản vẽ / Explicit,"Tờ 6
File 4",J54,,"Tờ 6
File 4",Large front approach area,K54,,Large front approach area,"-0,48 M",L54,,"-0,48 M",,M54,,
55,P048,A55,P048,A55,,P048,"Cao độ mặt bằng
Side stair landings",B55,,"Cao độ mặt bằng
Side stair landings",elevation,C55,,elevation,"Model: Y
Source: vertical
±0.000 datum → Side stair landings",D55,,"Model: Y
Source: vertical
±0.000 datum → Side stair landings",-0.32,E55,,-0.32,m,F55,,m,-320,G55,"IF(COUNTBLANK(E55)>0,"""",E55*1000)",-320,-0.32,H55,"IF(COUNTBLANK(G55)>0,"""",G55/1000)",-0.32,Ghi trên bản vẽ / Explicit,I55,,Ghi trên bản vẽ / Explicit,"Tờ 6
File 4",J55,,"Tờ 6
File 4","Six side landing tags: upper/lower near3–5,7–9,10–12",K55,,"Six side landing tags: upper/lower near3–5,7–9,10–12","-0,32 M",L55,,"-0,32 M",,M55,,
56,P049,A56,P049,A56,,P049,"Cao độ mặt bằng
Sanctuary/altar platform",B56,,"Cao độ mặt bằng
Sanctuary/altar platform",elevation,C56,,elevation,"Model: Y
Source: vertical
±0.000 datum → Sanctuary/altar platform",D56,,"Model: Y
Source: vertical
±0.000 datum → Sanctuary/altar platform",0.75,E56,,0.75,m,F56,,m,750,G56,"IF(COUNTBLANK(E56)>0,"""",E56*1000)",750,0.75,H56,"IF(COUNTBLANK(G56)>0,"""",G56/1000)",0.75,Ghi trên bản vẽ / Explicit,I56,,Ghi trên bản vẽ / Explicit,"Tờ 6
File 4",J56,,"Tờ 6
File 4",Sanctuary between9–11,K56,,Sanctuary between9–11,"+0,75 M",L56,,"+0,75 M",,M56,,
57,P050,A57,P050,A57,,P050,"Cao độ mặt bằng
Upper rear side room",B57,,"Cao độ mặt bằng
Upper rear side room",elevation,C57,,elevation,"Model: Y
Source: vertical
±0.000 datum → Upper rear side room",D57,,"Model: Y
Source: vertical
±0.000 datum → Upper rear side room",0.15,E57,,0.15,m,F57,,m,150,G57,"IF(COUNTBLANK(E57)>0,"""",E57*1000)",150,0.15,H57,"IF(COUNTBLANK(G57)>0,"""",G57/1000)",0.15,Ghi trên bản vẽ / Explicit,I57,,Ghi trên bản vẽ / Explicit,"Tờ 6
File 4",J57,,"Tờ 6
File 4",Room near10–12 between E and G,K57,,Room near10–12 between E and G,"+0,15 M",L57,,"+0,15 M",,M57,,
58,P051,A58,P051,A58,,P051,"Cao độ mặt bằng
Central rear room",B58,,"Cao độ mặt bằng
Central rear room",elevation,C58,,elevation,"Model: Y
Source: vertical
±0.000 datum → Central rear room",D58,,"Model: Y
Source: vertical
±0.000 datum → Central rear room",0.15,E58,,0.15,m,F58,,m,150,G58,"IF(COUNTBLANK(E58)>0,"""",E58*1000)",150,0.15,H58,"IF(COUNTBLANK(G58)>0,"""",G58/1000)",0.15,Ghi trên bản vẽ / Explicit,I58,,Ghi trên bản vẽ / Explicit,"Tờ 6
File 4",J58,,"Tờ 6
File 4",Room between11–12 and D–E,K58,,Room between11–12 and D–E,"+0,15 M",L58,,"+0,15 M",,M58,,
59,P052,A59,P052,A59,,P052,"Cao độ mặt bằng
Lower rear side room",B59,,"Cao độ mặt bằng
Lower rear side room",elevation,C59,,elevation,"Model: Y
Source: vertical
±0.000 datum → Lower rear side room",D59,,"Model: Y
Source: vertical
±0.000 datum → Lower rear side room",0.15,E59,,0.15,m,F59,,m,150,G59,"IF(COUNTBLANK(E59)>0,"""",E59*1000)",150,0.15,H59,"IF(COUNTBLANK(G59)>0,"""",G59/1000)",0.15,Ghi trên bản vẽ / Explicit,I59,,Ghi trên bản vẽ / Explicit,"Tờ 6
File 4",J59,,"Tờ 6
File 4",Room near10–12 between C and D,K59,,Room near10–12 between C and D,"+0,15 M",L59,,"+0,15 M",,M59,,
60,P053,A60,P053,A60,,P053,"Nhịp cửa hiên phía H
Veranda openings along axis H",B60,,"Nhịp cửa hiên phía H
Veranda openings along axis H",opening_chain_segment,C60,,opening_chain_segment,"Model: X
Source: longitudinal
2′–3:point0 → 2′–3:point1",D60,,"Model: X
Source: longitudinal
2′–3:point0 → 2′–3:point1",735,E60,,735,mm,F60,,mm,735,G60,"IF(COUNTBLANK(E60)>0,"""",E60)",735,0.735,H60,"IF(COUNTBLANK(G60)>0,"""",G60/1000)",0.735,Ghi trên bản vẽ / Explicit,I60,,Ghi trên bản vẽ / Explicit,"Tờ 6
File 4",J60,,"Tờ 6
File 4","Upper veranda dimension chain, bay2′–3",K60,,"Upper veranda dimension chain, bay2′–3",735,L60,,735,"Chain totals4500; 1000 sections correspond to two openings. 735/1030 portions are spacing/pier zones, not opening widths.",M60,,"Chain totals4500; 1000 sections correspond to two openings. 735/1030 portions are spacing/pier zones, not opening widths."
61,P054,A61,P054,A61,,P054,"Nhịp cửa hiên phía H
Veranda openings along axis H",B61,,"Nhịp cửa hiên phía H
Veranda openings along axis H",opening_chain_segment,C61,,opening_chain_segment,"Model: X
Source: longitudinal
2′–3:point1 → 2′–3:point2",D61,,"Model: X
Source: longitudinal
2′–3:point1 → 2′–3:point2",1000,E61,,1000,mm,F61,,mm,1000,G61,"IF(COUNTBLANK(E61)>0,"""",E61)",1000,1,H61,"IF(COUNTBLANK(G61)>0,"""",G61/1000)",1,Ghi trên bản vẽ / Explicit,I61,,Ghi trên bản vẽ / Explicit,"Tờ 6
File 4",J61,,"Tờ 6
File 4","Upper veranda dimension chain, bay2′–3",K61,,"Upper veranda dimension chain, bay2′–3",1000,L61,,1000,"Chain totals4500; 1000 sections correspond to two openings. 735/1030 portions are spacing/pier zones, not opening widths.",M61,,"Chain totals4500; 1000 sections correspond to two openings. 735/1030 portions are spacing/pier zones, not opening widths."
62,P055,A62,P055,A62,,P055,"Nhịp cửa hiên phía H
Veranda openings along axis H",B62,,"Nhịp cửa hiên phía H
Veranda openings along axis H",opening_chain_segment,C62,,opening_chain_segment,"Model: X
Source: longitudinal
2′–3:point2 → 2′–3:point3",D62,,"Model: X
Source: longitudinal
2′–3:point2 → 2′–3:point3",1030,E62,,1030,mm,F62,,mm,1030,G62,"IF(COUNTBLANK(E62)>0,"""",E62)",1030,1.03,H62,"IF(COUNTBLANK(G62)>0,"""",G62/1000)",1.03,Ghi trên bản vẽ / Explicit,I62,,Ghi trên bản vẽ / Explicit,"Tờ 6
File 4",J62,,"Tờ 6
File 4","Upper veranda dimension chain, bay2′–3",K62,,"Upper veranda dimension chain, bay2′–3",1030,L62,,1030,"Chain totals4500; 1000 sections correspond to two openings. 735/1030 portions are spacing/pier zones, not opening widths.",M62,,"Chain totals4500; 1000 sections correspond to two openings. 735/1030 portions are spacing/pier zones, not opening widths."
63,P056,A63,P056,A63,,P056,"Nhịp cửa hiên phía H
Veranda openings along axis H",B63,,"Nhịp cửa hiên phía H
Veranda openings along axis H",opening_chain_segment,C63,,opening_chain_segment,"Model: X
Source: longitudinal
2′–3:point3 → 2′–3:point4",D63,,"Model: X
Source: longitudinal
2′–3:point3 → 2′–3:point4",1000,E63,,1000,mm,F63,,mm,1000,G63,"IF(COUNTBLANK(E63)>0,"""",E63)",1000,1,H63,"IF(COUNTBLANK(G63)>0,"""",G63/1000)",1,Ghi trên bản vẽ / Explicit,I63,,Ghi trên bản vẽ / Explicit,"Tờ 6
File 4",J63,,"Tờ 6
File 4","Upper veranda dimension chain, bay2′–3",K63,,"Upper veranda dimension chain, bay2′–3",1000,L63,,1000,"Chain totals4500; 1000 sections correspond to two openings. 735/1030 portions are spacing/pier zones, not opening widths.",M63,,"Chain totals4500; 1000 sections correspond to two openings. 735/1030 portions are spacing/pier zones, not opening widths."
64,P057,A64,P057,A64,,P057,"Nhịp cửa hiên phía H
Veranda openings along axis H",B64,,"Nhịp cửa hiên phía H
Veranda openings along axis H",opening_chain_segment,C64,,opening_chain_segment,"Model: X
Source: longitudinal
2′–3:point4 → 2′–3:point5",D64,,"Model: X
Source: longitudinal
2′–3:point4 → 2′–3:point5",735,E64,,735,mm,F64,,mm,735,G64,"IF(COUNTBLANK(E64)>0,"""",E64)",735,0.735,H64,"IF(COUNTBLANK(G64)>0,"""",G64/1000)",0.735,Ghi trên bản vẽ / Explicit,I64,,Ghi trên bản vẽ / Explicit,"Tờ 6
File 4",J64,,"Tờ 6
File 4","Upper veranda dimension chain, bay2′–3",K64,,"Upper veranda dimension chain, bay2′–3",735,L64,,735,"Chain totals4500; 1000 sections correspond to two openings. 735/1030 portions are spacing/pier zones, not opening widths.",M64,,"Chain totals4500; 1000 sections correspond to two openings. 735/1030 portions are spacing/pier zones, not opening widths."
65,P058,A65,P058,A65,,P058,"Nhịp cửa hiên phía H
Veranda openings along axis H",B65,,"Nhịp cửa hiên phía H
Veranda openings along axis H",opening_chain_segment,C65,,opening_chain_segment,"Model: X
Source: longitudinal
3–4:point0 → 3–4:point1",D65,,"Model: X
Source: longitudinal
3–4:point0 → 3–4:point1",735,E65,,735,mm,F65,,mm,735,G65,"IF(COUNTBLANK(E65)>0,"""",E65)",735,0.735,H65,"IF(COUNTBLANK(G65)>0,"""",G65/1000)",0.735,Ghi trên bản vẽ / Explicit,I65,,Ghi trên bản vẽ / Explicit,"Tờ 6
File 4",J65,,"Tờ 6
File 4","Upper veranda dimension chain, bay3–4",K65,,"Upper veranda dimension chain, bay3–4",735,L65,,735,"Chain totals4500; 1000 sections correspond to two openings. 735/1030 portions are spacing/pier zones, not opening widths.",M65,,"Chain totals4500; 1000 sections correspond to two openings. 735/1030 portions are spacing/pier zones, not opening widths."
66,P059,A66,P059,A66,,P059,"Nhịp cửa hiên phía H
Veranda openings along axis H",B66,,"Nhịp cửa hiên phía H
Veranda openings along axis H",opening_chain_segment,C66,,opening_chain_segment,"Model: X
Source: longitudinal
3–4:point1 → 3–4:point2",D66,,"Model: X
Source: longitudinal
3–4:point1 → 3–4:point2",1000,E66,,1000,mm,F66,,mm,1000,G66,"IF(COUNTBLANK(E66)>0,"""",E66)",1000,1,H66,"IF(COUNTBLANK(G66)>0,"""",G66/1000)",1,Ghi trên bản vẽ / Explicit,I66,,Ghi trên bản vẽ / Explicit,"Tờ 6
File 4",J66,,"Tờ 6
File 4","Upper veranda dimension chain, bay3–4",K66,,"Upper veranda dimension chain, bay3–4",1000,L66,,1000,"Chain totals4500; 1000 sections correspond to two openings. 735/1030 portions are spacing/pier zones, not opening widths.",M66,,"Chain totals4500; 1000 sections correspond to two openings. 735/1030 portions are spacing/pier zones, not opening widths."
67,P060,A67,P060,A67,,P060,"Nhịp cửa hiên phía H
Veranda openings along axis H",B67,,"Nhịp cửa hiên phía H
Veranda openings along axis H",opening_chain_segment,C67,,opening_chain_segment,"Model: X
Source: longitudinal
3–4:point2 → 3–4:point3",D67,,"Model: X
Source: longitudinal
3–4:point2 → 3–4:point3",1030,E67,,1030,mm,F67,,mm,1030,G67,"IF(COUNTBLANK(E67)>0,"""",E67)",1030,1.03,H67,"IF(COUNTBLANK(G67)>0,"""",G67/1000)",1.03,Ghi trên bản vẽ / Explicit,I67,,Ghi trên bản vẽ / Explicit,"Tờ 6
File 4",J67,,"Tờ 6
File 4","Upper veranda dimension chain, bay3–4",K67,,"Upper veranda dimension chain, bay3–4",1030,L67,,1030,"Chain totals4500; 1000 sections correspond to two openings. 735/1030 portions are spacing/pier zones, not opening widths.",M67,,"Chain totals4500; 1000 sections correspond to two openings. 735/1030 portions are spacing/pier zones, not opening widths."
68,P061,A68,P061,A68,,P061,"Nhịp cửa hiên phía H
Veranda openings along axis H",B68,,"Nhịp cửa hiên phía H
Veranda openings along axis H",opening_chain_segment,C68,,opening_chain_segment,"Model: X
Source: longitudinal
3–4:point3 → 3–4:point4",D68,,"Model: X
Source: longitudinal
3–4:point3 → 3–4:point4",1000,E68,,1000,mm,F68,,mm,1000,G68,"IF(COUNTBLANK(E68)>0,"""",E68)",1000,1,H68,"IF(COUNTBLANK(G68)>0,"""",G68/1000)",1,Ghi trên bản vẽ / Explicit,I68,,Ghi trên bản vẽ / Explicit,"Tờ 6
File 4",J68,,"Tờ 6
File 4","Upper veranda dimension chain, bay3–4",K68,,"Upper veranda dimension chain, bay3–4",1000,L68,,1000,"Chain totals4500; 1000 sections correspond to two openings. 735/1030 portions are spacing/pier zones, not opening widths.",M68,,"Chain totals4500; 1000 sections correspond to two openings. 735/1030 portions are spacing/pier zones, not opening widths."
69,P062,A69,P062,A69,,P062,"Nhịp cửa hiên phía H
Veranda openings along axis H",B69,,"Nhịp cửa hiên phía H
Veranda openings along axis H",opening_chain_segment,C69,,opening_chain_segment,"Model: X
Source: longitudinal
3–4:point4 → 3–4:point5",D69,,"Model: X
Source: longitudinal
3–4:point4 → 3–4:point5",735,E69,,735,mm,F69,,mm,735,G69,"IF(COUNTBLANK(E69)>0,"""",E69)",735,0.735,H69,"IF(COUNTBLANK(G69)>0,"""",G69/1000)",0.735,Ghi trên bản vẽ / Explicit,I69,,Ghi trên bản vẽ / Explicit,"Tờ 6
File 4",J69,,"Tờ 6
File 4","Upper veranda dimension chain, bay3–4",K69,,"Upper veranda dimension chain, bay3–4",735,L69,,735,"Chain totals4500; 1000 sections correspond to two openings. 735/1030 portions are spacing/pier zones, not opening widths.",M69,,"Chain totals4500; 1000 sections correspond to two openings. 735/1030 portions are spacing/pier zones, not opening widths."
70,P063,A70,P063,A70,,P063,"Nhịp cửa hiên phía H
Veranda openings along axis H",B70,,"Nhịp cửa hiên phía H
Veranda openings along axis H",opening_chain_segment,C70,,opening_chain_segment,"Model: X
Source: longitudinal
5–6:point0 → 5–6:point1",D70,,"Model: X
Source: longitudinal
5–6:point0 → 5–6:point1",735,E70,,735,mm,F70,,mm,735,G70,"IF(COUNTBLANK(E70)>0,"""",E70)",735,0.735,H70,"IF(COUNTBLANK(G70)>0,"""",G70/1000)",0.735,Ghi trên bản vẽ / Explicit,I70,,Ghi trên bản vẽ / Explicit,"Tờ 6
File 4",J70,,"Tờ 6
File 4","Upper veranda dimension chain, bay5–6",K70,,"Upper veranda dimension chain, bay5–6",735,L70,,735,"Chain totals4500; 1000 sections correspond to two openings. 735/1030 portions are spacing/pier zones, not opening widths.",M70,,"Chain totals4500; 1000 sections correspond to two openings. 735/1030 portions are spacing/pier zones, not opening widths."
71,P064,A71,P064,A71,,P064,"Nhịp cửa hiên phía H
Veranda openings along axis H",B71,,"Nhịp cửa hiên phía H
Veranda openings along axis H",opening_chain_segment,C71,,opening_chain_segment,"Model: X
Source: longitudinal
5–6:point1 → 5–6:point2",D71,,"Model: X
Source: longitudinal
5–6:point1 → 5–6:point2",1000,E71,,1000,mm,F71,,mm,1000,G71,"IF(COUNTBLANK(E71)>0,"""",E71)",1000,1,H71,"IF(COUNTBLANK(G71)>0,"""",G71/1000)",1,Ghi trên bản vẽ / Explicit,I71,,Ghi trên bản vẽ / Explicit,"Tờ 6
File 4",J71,,"Tờ 6
File 4","Upper veranda dimension chain, bay5–6",K71,,"Upper veranda dimension chain, bay5–6",1000,L71,,1000,"Chain totals4500; 1000 sections correspond to two openings. 735/1030 portions are spacing/pier zones, not opening widths.",M71,,"Chain totals4500; 1000 sections correspond to two openings. 735/1030 portions are spacing/pier zones, not opening widths."
72,P065,A72,P065,A72,,P065,"Nhịp cửa hiên phía H
Veranda openings along axis H",B72,,"Nhịp cửa hiên phía H
Veranda openings along axis H",opening_chain_segment,C72,,opening_chain_segment,"Model: X
Source: longitudinal
5–6:point2 → 5–6:point3",D72,,"Model: X
Source: longitudinal
5–6:point2 → 5–6:point3",1030,E72,,1030,mm,F72,,mm,1030,G72,"IF(COUNTBLANK(E72)>0,"""",E72)",1030,1.03,H72,"IF(COUNTBLANK(G72)>0,"""",G72/1000)",1.03,Ghi trên bản vẽ / Explicit,I72,,Ghi trên bản vẽ / Explicit,"Tờ 6
File 4",J72,,"Tờ 6
File 4","Upper veranda dimension chain, bay5–6",K72,,"Upper veranda dimension chain, bay5–6",1030,L72,,1030,"Chain totals4500; 1000 sections correspond to two openings. 735/1030 portions are spacing/pier zones, not opening widths.",M72,,"Chain totals4500; 1000 sections correspond to two openings. 735/1030 portions are spacing/pier zones, not opening widths."
73,P066,A73,P066,A73,,P066,"Nhịp cửa hiên phía H
Veranda openings along axis H",B73,,"Nhịp cửa hiên phía H
Veranda openings along axis H",opening_chain_segment,C73,,opening_chain_segment,"Model: X
Source: longitudinal
5–6:point3 → 5–6:point4",D73,,"Model: X
Source: longitudinal
5–6:point3 → 5–6:point4",1000,E73,,1000,mm,F73,,mm,1000,G73,"IF(COUNTBLANK(E73)>0,"""",E73)",1000,1,H73,"IF(COUNTBLANK(G73)>0,"""",G73/1000)",1,Ghi trên bản vẽ / Explicit,I73,,Ghi trên bản vẽ / Explicit,"Tờ 6
File 4",J73,,"Tờ 6
File 4","Upper veranda dimension chain, bay5–6",K73,,"Upper veranda dimension chain, bay5–6",1000,L73,,1000,"Chain totals4500; 1000 sections correspond to two openings. 735/1030 portions are spacing/pier zones, not opening widths.",M73,,"Chain totals4500; 1000 sections correspond to two openings. 735/1030 portions are spacing/pier zones, not opening widths."
74,P067,A74,P067,A74,,P067,"Nhịp cửa hiên phía H
Veranda openings along axis H",B74,,"Nhịp cửa hiên phía H
Veranda openings along axis H",opening_chain_segment,C74,,opening_chain_segment,"Model: X
Source: longitudinal
5–6:point4 → 5–6:point5",D74,,"Model: X
Source: longitudinal
5–6:point4 → 5–6:point5",735,E74,,735,mm,F74,,mm,735,G74,"IF(COUNTBLANK(E74)>0,"""",E74)",735,0.735,H74,"IF(COUNTBLANK(G74)>0,"""",G74/1000)",0.735,Ghi trên bản vẽ / Explicit,I74,,Ghi trên bản vẽ / Explicit,"Tờ 6
File 4",J74,,"Tờ 6
File 4","Upper veranda dimension chain, bay5–6",K74,,"Upper veranda dimension chain, bay5–6",735,L74,,735,"Chain totals4500; 1000 sections correspond to two openings. 735/1030 portions are spacing/pier zones, not opening widths.",M74,,"Chain totals4500; 1000 sections correspond to two openings. 735/1030 portions are spacing/pier zones, not opening widths."
75,P068,A75,P068,A75,,P068,"Nhịp cửa hiên phía H
Veranda openings along axis H",B75,,"Nhịp cửa hiên phía H
Veranda openings along axis H",opening_chain_segment,C75,,opening_chain_segment,"Model: X
Source: longitudinal
6–7:point0 → 6–7:point1",D75,,"Model: X
Source: longitudinal
6–7:point0 → 6–7:point1",735,E75,,735,mm,F75,,mm,735,G75,"IF(COUNTBLANK(E75)>0,"""",E75)",735,0.735,H75,"IF(COUNTBLANK(G75)>0,"""",G75/1000)",0.735,Ghi trên bản vẽ / Explicit,I75,,Ghi trên bản vẽ / Explicit,"Tờ 6
File 4",J75,,"Tờ 6
File 4","Upper veranda dimension chain, bay6–7",K75,,"Upper veranda dimension chain, bay6–7",735,L75,,735,"Chain totals4500; 1000 sections correspond to two openings. 735/1030 portions are spacing/pier zones, not opening widths.",M75,,"Chain totals4500; 1000 sections correspond to two openings. 735/1030 portions are spacing/pier zones, not opening widths."
76,P069,A76,P069,A76,,P069,"Nhịp cửa hiên phía H
Veranda openings along axis H",B76,,"Nhịp cửa hiên phía H
Veranda openings along axis H",opening_chain_segment,C76,,opening_chain_segment,"Model: X
Source: longitudinal
6–7:point1 → 6–7:point2",D76,,"Model: X
Source: longitudinal
6–7:point1 → 6–7:point2",1000,E76,,1000,mm,F76,,mm,1000,G76,"IF(COUNTBLANK(E76)>0,"""",E76)",1000,1,H76,"IF(COUNTBLANK(G76)>0,"""",G76/1000)",1,Ghi trên bản vẽ / Explicit,I76,,Ghi trên bản vẽ / Explicit,"Tờ 6
File 4",J76,,"Tờ 6
File 4","Upper veranda dimension chain, bay6–7",K76,,"Upper veranda dimension chain, bay6–7",1000,L76,,1000,"Chain totals4500; 1000 sections correspond to two openings. 735/1030 portions are spacing/pier zones, not opening widths.",M76,,"Chain totals4500; 1000 sections correspond to two openings. 735/1030 portions are spacing/pier zones, not opening widths."
77,P070,A77,P070,A77,,P070,"Nhịp cửa hiên phía H
Veranda openings along axis H",B77,,"Nhịp cửa hiên phía H
Veranda openings along axis H",opening_chain_segment,C77,,opening_chain_segment,"Model: X
Source: longitudinal
6–7:point2 → 6–7:point3",D77,,"Model: X
Source: longitudinal
6–7:point2 → 6–7:point3",1030,E77,,1030,mm,F77,,mm,1030,G77,"IF(COUNTBLANK(E77)>0,"""",E77)",1030,1.03,H77,"IF(COUNTBLANK(G77)>0,"""",G77/1000)",1.03,Ghi trên bản vẽ / Explicit,I77,,Ghi trên bản vẽ / Explicit,"Tờ 6
File 4",J77,,"Tờ 6
File 4","Upper veranda dimension chain, bay6–7",K77,,"Upper veranda dimension chain, bay6–7",1030,L77,,1030,"Chain totals4500; 1000 sections correspond to two openings. 735/1030 portions are spacing/pier zones, not opening widths.",M77,,"Chain totals4500; 1000 sections correspond to two openings. 735/1030 portions are spacing/pier zones, not opening widths."
78,P071,A78,P071,A78,,P071,"Nhịp cửa hiên phía H
Veranda openings along axis H",B78,,"Nhịp cửa hiên phía H
Veranda openings along axis H",opening_chain_segment,C78,,opening_chain_segment,"Model: X
Source: longitudinal
6–7:point3 → 6–7:point4",D78,,"Model: X
Source: longitudinal
6–7:point3 → 6–7:point4",1000,E78,,1000,mm,F78,,mm,1000,G78,"IF(COUNTBLANK(E78)>0,"""",E78)",1000,1,H78,"IF(COUNTBLANK(G78)>0,"""",G78/1000)",1,Ghi trên bản vẽ / Explicit,I78,,Ghi trên bản vẽ / Explicit,"Tờ 6
File 4",J78,,"Tờ 6
File 4","Upper veranda dimension chain, bay6–7",K78,,"Upper veranda dimension chain, bay6–7",1000,L78,,1000,"Chain totals4500; 1000 sections correspond to two openings. 735/1030 portions are spacing/pier zones, not opening widths.",M78,,"Chain totals4500; 1000 sections correspond to two openings. 735/1030 portions are spacing/pier zones, not opening widths."
79,P072,A79,P072,A79,,P072,"Nhịp cửa hiên phía H
Veranda openings along axis H",B79,,"Nhịp cửa hiên phía H
Veranda openings along axis H",opening_chain_segment,C79,,opening_chain_segment,"Model: X
Source: longitudinal
6–7:point4 → 6–7:point5",D79,,"Model: X
Source: longitudinal
6–7:point4 → 6–7:point5",735,E79,,735,mm,F79,,mm,735,G79,"IF(COUNTBLANK(E79)>0,"""",E79)",735,0.735,H79,"IF(COUNTBLANK(G79)>0,"""",G79/1000)",0.735,Ghi trên bản vẽ / Explicit,I79,,Ghi trên bản vẽ / Explicit,"Tờ 6
File 4",J79,,"Tờ 6
File 4","Upper veranda dimension chain, bay6–7",K79,,"Upper veranda dimension chain, bay6–7",735,L79,,735,"Chain totals4500; 1000 sections correspond to two openings. 735/1030 portions are spacing/pier zones, not opening widths.",M79,,"Chain totals4500; 1000 sections correspond to two openings. 735/1030 portions are spacing/pier zones, not opening widths."
80,P073,A80,P073,A80,,P073,"Nhịp cửa hiên phía H
Veranda openings along axis H",B80,,"Nhịp cửa hiên phía H
Veranda openings along axis H",opening_chain_segment,C80,,opening_chain_segment,"Model: X
Source: longitudinal
7–8:point0 → 7–8:point1",D80,,"Model: X
Source: longitudinal
7–8:point0 → 7–8:point1",735,E80,,735,mm,F80,,mm,735,G80,"IF(COUNTBLANK(E80)>0,"""",E80)",735,0.735,H80,"IF(COUNTBLANK(G80)>0,"""",G80/1000)",0.735,Ghi trên bản vẽ / Explicit,I80,,Ghi trên bản vẽ / Explicit,"Tờ 6
File 4",J80,,"Tờ 6
File 4","Upper veranda dimension chain, bay7–8",K80,,"Upper veranda dimension chain, bay7–8",735,L80,,735,"Chain totals4500; 1000 sections correspond to two openings. 735/1030 portions are spacing/pier zones, not opening widths.",M80,,"Chain totals4500; 1000 sections correspond to two openings. 735/1030 portions are spacing/pier zones, not opening widths."
81,P074,A81,P074,A81,,P074,"Nhịp cửa hiên phía H
Veranda openings along axis H",B81,,"Nhịp cửa hiên phía H
Veranda openings along axis H",opening_chain_segment,C81,,opening_chain_segment,"Model: X
Source: longitudinal
7–8:point1 → 7–8:point2",D81,,"Model: X
Source: longitudinal
7–8:point1 → 7–8:point2",1000,E81,,1000,mm,F81,,mm,1000,G81,"IF(COUNTBLANK(E81)>0,"""",E81)",1000,1,H81,"IF(COUNTBLANK(G81)>0,"""",G81/1000)",1,Ghi trên bản vẽ / Explicit,I81,,Ghi trên bản vẽ / Explicit,"Tờ 6
File 4",J81,,"Tờ 6
File 4","Upper veranda dimension chain, bay7–8",K81,,"Upper veranda dimension chain, bay7–8",1000,L81,,1000,"Chain totals4500; 1000 sections correspond to two openings. 735/1030 portions are spacing/pier zones, not opening widths.",M81,,"Chain totals4500; 1000 sections correspond to two openings. 735/1030 portions are spacing/pier zones, not opening widths."
82,P075,A82,P075,A82,,P075,"Nhịp cửa hiên phía H
Veranda openings along axis H",B82,,"Nhịp cửa hiên phía H
Veranda openings along axis H",opening_chain_segment,C82,,opening_chain_segment,"Model: X
Source: longitudinal
7–8:point2 → 7–8:point3",D82,,"Model: X
Source: longitudinal
7–8:point2 → 7–8:point3",1030,E82,,1030,mm,F82,,mm,1030,G82,"IF(COUNTBLANK(E82)>0,"""",E82)",1030,1.03,H82,"IF(COUNTBLANK(G82)>0,"""",G82/1000)",1.03,Ghi trên bản vẽ / Explicit,I82,,Ghi trên bản vẽ / Explicit,"Tờ 6
File 4",J82,,"Tờ 6
File 4","Upper veranda dimension chain, bay7–8",K82,,"Upper veranda dimension chain, bay7–8",1030,L82,,1030,"Chain totals4500; 1000 sections correspond to two openings. 735/1030 portions are spacing/pier zones, not opening widths.",M82,,"Chain totals4500; 1000 sections correspond to two openings. 735/1030 portions are spacing/pier zones, not opening widths."
83,P076,A83,P076,A83,,P076,"Nhịp cửa hiên phía H
Veranda openings along axis H",B83,,"Nhịp cửa hiên phía H
Veranda openings along axis H",opening_chain_segment,C83,,opening_chain_segment,"Model: X
Source: longitudinal
7–8:point3 → 7–8:point4",D83,,"Model: X
Source: longitudinal
7–8:point3 → 7–8:point4",1000,E83,,1000,mm,F83,,mm,1000,G83,"IF(COUNTBLANK(E83)>0,"""",E83)",1000,1,H83,"IF(COUNTBLANK(G83)>0,"""",G83/1000)",1,Ghi trên bản vẽ / Explicit,I83,,Ghi trên bản vẽ / Explicit,"Tờ 6
File 4",J83,,"Tờ 6
File 4","Upper veranda dimension chain, bay7–8",K83,,"Upper veranda dimension chain, bay7–8",1000,L83,,1000,"Chain totals4500; 1000 sections correspond to two openings. 735/1030 portions are spacing/pier zones, not opening widths.",M83,,"Chain totals4500; 1000 sections correspond to two openings. 735/1030 portions are spacing/pier zones, not opening widths."
84,P077,A84,P077,A84,,P077,"Nhịp cửa hiên phía H
Veranda openings along axis H",B84,,"Nhịp cửa hiên phía H
Veranda openings along axis H",opening_chain_segment,C84,,opening_chain_segment,"Model: X
Source: longitudinal
7–8:point4 → 7–8:point5",D84,,"Model: X
Source: longitudinal
7–8:point4 → 7–8:point5",735,E84,,735,mm,F84,,mm,735,G84,"IF(COUNTBLANK(E84)>0,"""",E84)",735,0.735,H84,"IF(COUNTBLANK(G84)>0,"""",G84/1000)",0.735,Ghi trên bản vẽ / Explicit,I84,,Ghi trên bản vẽ / Explicit,"Tờ 6
File 4",J84,,"Tờ 6
File 4","Upper veranda dimension chain, bay7–8",K84,,"Upper veranda dimension chain, bay7–8",735,L84,,735,"Chain totals4500; 1000 sections correspond to two openings. 735/1030 portions are spacing/pier zones, not opening widths.",M84,,"Chain totals4500; 1000 sections correspond to two openings. 735/1030 portions are spacing/pier zones, not opening widths."
85,P078,A85,P078,A85,,P078,"Lối ra hiên phía H
Veranda access along axis H",B85,,"Lối ra hiên phía H
Veranda access along axis H",opening_chain_segment,C85,,opening_chain_segment,"Model: X
Source: longitudinal
4–5:point0 → 4–5:point1",D85,,"Model: X
Source: longitudinal
4–5:point0 → 4–5:point1",1125,E85,,1125,mm,F85,,mm,1125,G85,"IF(COUNTBLANK(E85)>0,"""",E85)",1125,1.125,H85,"IF(COUNTBLANK(G85)>0,"""",G85/1000)",1.125,Ghi trên bản vẽ / Explicit,I85,,Ghi trên bản vẽ / Explicit,"Tờ 6
File 4",J85,,"Tờ 6
File 4","Upper veranda access chain, bay4–5",K85,,"Upper veranda access chain, bay4–5",1125,L85,,1125,2250 is the opening; other values are end offsets. Chain totals4500.,M85,,2250 is the opening; other values are end offsets. Chain totals4500.
86,P079,A86,P079,A86,,P079,"Lối ra hiên phía H
Veranda access along axis H",B86,,"Lối ra hiên phía H
Veranda access along axis H",opening_chain_segment,C86,,opening_chain_segment,"Model: X
Source: longitudinal
4–5:point1 → 4–5:point2",D86,,"Model: X
Source: longitudinal
4–5:point1 → 4–5:point2",2250,E86,,2250,mm,F86,,mm,2250,G86,"IF(COUNTBLANK(E86)>0,"""",E86)",2250,2.25,H86,"IF(COUNTBLANK(G86)>0,"""",G86/1000)",2.25,Ghi trên bản vẽ / Explicit,I86,,Ghi trên bản vẽ / Explicit,"Tờ 6
File 4",J86,,"Tờ 6
File 4","Upper veranda access chain, bay4–5",K86,,"Upper veranda access chain, bay4–5",2250,L86,,2250,2250 is the opening; other values are end offsets. Chain totals4500.,M86,,2250 is the opening; other values are end offsets. Chain totals4500.
87,P080,A87,P080,A87,,P080,"Lối ra hiên phía H
Veranda access along axis H",B87,,"Lối ra hiên phía H
Veranda access along axis H",opening_chain_segment,C87,,opening_chain_segment,"Model: X
Source: longitudinal
4–5:point2 → 4–5:point3",D87,,"Model: X
Source: longitudinal
4–5:point2 → 4–5:point3",1125,E87,,1125,mm,F87,,mm,1125,G87,"IF(COUNTBLANK(E87)>0,"""",E87)",1125,1.125,H87,"IF(COUNTBLANK(G87)>0,"""",G87/1000)",1.125,Ghi trên bản vẽ / Explicit,I87,,Ghi trên bản vẽ / Explicit,"Tờ 6
File 4",J87,,"Tờ 6
File 4","Upper veranda access chain, bay4–5",K87,,"Upper veranda access chain, bay4–5",1125,L87,,1125,2250 is the opening; other values are end offsets. Chain totals4500.,M87,,2250 is the opening; other values are end offsets. Chain totals4500.
88,P081,A88,P081,A88,,P081,"Lối ra hiên phía H
Veranda access along axis H",B88,,"Lối ra hiên phía H
Veranda access along axis H",opening_chain_segment,C88,,opening_chain_segment,"Model: X
Source: longitudinal
8–9:point0 → 8–9:point1",D88,,"Model: X
Source: longitudinal
8–9:point0 → 8–9:point1",905,E88,,905,mm,F88,,mm,905,G88,"IF(COUNTBLANK(E88)>0,"""",E88)",905,0.905,H88,"IF(COUNTBLANK(G88)>0,"""",G88/1000)",0.905,Ghi trên bản vẽ / Explicit,I88,,Ghi trên bản vẽ / Explicit,"Tờ 6
File 4",J88,,"Tờ 6
File 4","Upper veranda access chain, bay8–9",K88,,"Upper veranda access chain, bay8–9",905,L88,,905,2250 is the opening; other values are end offsets. Chain totals4500.,M88,,2250 is the opening; other values are end offsets. Chain totals4500.
89,P082,A89,P082,A89,,P082,"Lối ra hiên phía H
Veranda access along axis H",B89,,"Lối ra hiên phía H
Veranda access along axis H",opening_chain_segment,C89,,opening_chain_segment,"Model: X
Source: longitudinal
8–9:point1 → 8–9:point2",D89,,"Model: X
Source: longitudinal
8–9:point1 → 8–9:point2",2250,E89,,2250,mm,F89,,mm,2250,G89,"IF(COUNTBLANK(E89)>0,"""",E89)",2250,2.25,H89,"IF(COUNTBLANK(G89)>0,"""",G89/1000)",2.25,Ghi trên bản vẽ / Explicit,I89,,Ghi trên bản vẽ / Explicit,"Tờ 6
File 4",J89,,"Tờ 6
File 4","Upper veranda access chain, bay8–9",K89,,"Upper veranda access chain, bay8–9",2250,L89,,2250,2250 is the opening; other values are end offsets. Chain totals4500.,M89,,2250 is the opening; other values are end offsets. Chain totals4500.
90,P083,A90,P083,A90,,P083,"Lối ra hiên phía H
Veranda access along axis H",B90,,"Lối ra hiên phía H
Veranda access along axis H",opening_chain_segment,C90,,opening_chain_segment,"Model: X
Source: longitudinal
8–9:point2 → 8–9:point3",D90,,"Model: X
Source: longitudinal
8–9:point2 → 8–9:point3",1345,E90,,1345,mm,F90,,mm,1345,G90,"IF(COUNTBLANK(E90)>0,"""",E90)",1345,1.345,H90,"IF(COUNTBLANK(G90)>0,"""",G90/1000)",1.345,Ghi trên bản vẽ / Explicit,I90,,Ghi trên bản vẽ / Explicit,"Tờ 6
File 4",J90,,"Tờ 6
File 4","Upper veranda access chain, bay8–9",K90,,"Upper veranda access chain, bay8–9",1345,L90,,1345,2250 is the opening; other values are end offsets. Chain totals4500.,M90,,2250 is the opening; other values are end offsets. Chain totals4500.
91,P084,A91,P084,A91,,P084,"Cửa giữa lòng nhà và hiên phía C
Nave to veranda openings along axis C",B91,,"Cửa giữa lòng nhà và hiên phía C
Nave to veranda openings along axis C",opening_chain_segment,C91,,opening_chain_segment,"Model: X
Source: longitudinal
2′–3:point0 → 2′–3:point1",D91,,"Model: X
Source: longitudinal
2′–3:point0 → 2′–3:point1",1135,E91,,1135,mm,F91,,mm,1135,G91,"IF(COUNTBLANK(E91)>0,"""",E91)",1135,1.135,H91,"IF(COUNTBLANK(G91)>0,"""",G91/1000)",1.135,Ghi trên bản vẽ / Explicit,I91,,Ghi trên bản vẽ / Explicit,"Tờ 6
File 4",J91,,"Tờ 6
File 4","Lower nave/porch boundary chain, bay2′–3",K91,,"Lower nave/porch boundary chain, bay2′–3",1135,L91,,1135,SOURCE CONFLICT: first bay prints1135+2250+1125=4510 while axis spacing4500; do not silently change1135.,M91,,SOURCE CONFLICT: first bay prints1135+2250+1125=4510 while axis spacing4500; do not silently change1135.
92,P085,A92,P085,A92,,P085,"Cửa giữa lòng nhà và hiên phía C
Nave to veranda openings along axis C",B92,,"Cửa giữa lòng nhà và hiên phía C
Nave to veranda openings along axis C",opening_chain_segment,C92,,opening_chain_segment,"Model: X
Source: longitudinal
2′–3:point1 → 2′–3:point2",D92,,"Model: X
Source: longitudinal
2′–3:point1 → 2′–3:point2",2250,E92,,2250,mm,F92,,mm,2250,G92,"IF(COUNTBLANK(E92)>0,"""",E92)",2250,2.25,H92,"IF(COUNTBLANK(G92)>0,"""",G92/1000)",2.25,Ghi trên bản vẽ / Explicit,I92,,Ghi trên bản vẽ / Explicit,"Tờ 6
File 4",J92,,"Tờ 6
File 4","Lower nave/porch boundary chain, bay2′–3",K92,,"Lower nave/porch boundary chain, bay2′–3",2250,L92,,2250,SOURCE CONFLICT: first bay prints1135+2250+1125=4510 while axis spacing4500; do not silently change1135.,M92,,SOURCE CONFLICT: first bay prints1135+2250+1125=4510 while axis spacing4500; do not silently change1135.
93,P086,A93,P086,A93,,P086,"Cửa giữa lòng nhà và hiên phía C
Nave to veranda openings along axis C",B93,,"Cửa giữa lòng nhà và hiên phía C
Nave to veranda openings along axis C",opening_chain_segment,C93,,opening_chain_segment,"Model: X
Source: longitudinal
2′–3:point2 → 2′–3:point3",D93,,"Model: X
Source: longitudinal
2′–3:point2 → 2′–3:point3",1125,E93,,1125,mm,F93,,mm,1125,G93,"IF(COUNTBLANK(E93)>0,"""",E93)",1125,1.125,H93,"IF(COUNTBLANK(G93)>0,"""",G93/1000)",1.125,Ghi trên bản vẽ / Explicit,I93,,Ghi trên bản vẽ / Explicit,"Tờ 6
File 4",J93,,"Tờ 6
File 4","Lower nave/porch boundary chain, bay2′–3",K93,,"Lower nave/porch boundary chain, bay2′–3",1125,L93,,1125,SOURCE CONFLICT: first bay prints1135+2250+1125=4510 while axis spacing4500; do not silently change1135.,M93,,SOURCE CONFLICT: first bay prints1135+2250+1125=4510 while axis spacing4500; do not silently change1135.
94,P087,A94,P087,A94,,P087,"Cửa giữa lòng nhà và hiên phía C
Nave to veranda openings along axis C",B94,,"Cửa giữa lòng nhà và hiên phía C
Nave to veranda openings along axis C",opening_chain_segment,C94,,opening_chain_segment,"Model: X
Source: longitudinal
3–4:point0 → 3–4:point1",D94,,"Model: X
Source: longitudinal
3–4:point0 → 3–4:point1",1125,E94,,1125,mm,F94,,mm,1125,G94,"IF(COUNTBLANK(E94)>0,"""",E94)",1125,1.125,H94,"IF(COUNTBLANK(G94)>0,"""",G94/1000)",1.125,Ghi trên bản vẽ / Explicit,I94,,Ghi trên bản vẽ / Explicit,"Tờ 6
File 4",J94,,"Tờ 6
File 4","Lower nave/porch boundary chain, bay3–4",K94,,"Lower nave/porch boundary chain, bay3–4",1125,L94,,1125,Chain totals4500; central opening2250.,M94,,Chain totals4500; central opening2250.
95,P088,A95,P088,A95,,P088,"Cửa giữa lòng nhà và hiên phía C
Nave to veranda openings along axis C",B95,,"Cửa giữa lòng nhà và hiên phía C
Nave to veranda openings along axis C",opening_chain_segment,C95,,opening_chain_segment,"Model: X
Source: longitudinal
3–4:point1 → 3–4:point2",D95,,"Model: X
Source: longitudinal
3–4:point1 → 3–4:point2",2250,E95,,2250,mm,F95,,mm,2250,G95,"IF(COUNTBLANK(E95)>0,"""",E95)",2250,2.25,H95,"IF(COUNTBLANK(G95)>0,"""",G95/1000)",2.25,Ghi trên bản vẽ / Explicit,I95,,Ghi trên bản vẽ / Explicit,"Tờ 6
File 4",J95,,"Tờ 6
File 4","Lower nave/porch boundary chain, bay3–4",K95,,"Lower nave/porch boundary chain, bay3–4",2250,L95,,2250,Chain totals4500; central opening2250.,M95,,Chain totals4500; central opening2250.
96,P089,A96,P089,A96,,P089,"Cửa giữa lòng nhà và hiên phía C
Nave to veranda openings along axis C",B96,,"Cửa giữa lòng nhà và hiên phía C
Nave to veranda openings along axis C",opening_chain_segment,C96,,opening_chain_segment,"Model: X
Source: longitudinal
3–4:point2 → 3–4:point3",D96,,"Model: X
Source: longitudinal
3–4:point2 → 3–4:point3",1125,E96,,1125,mm,F96,,mm,1125,G96,"IF(COUNTBLANK(E96)>0,"""",E96)",1125,1.125,H96,"IF(COUNTBLANK(G96)>0,"""",G96/1000)",1.125,Ghi trên bản vẽ / Explicit,I96,,Ghi trên bản vẽ / Explicit,"Tờ 6
File 4",J96,,"Tờ 6
File 4","Lower nave/porch boundary chain, bay3–4",K96,,"Lower nave/porch boundary chain, bay3–4",1125,L96,,1125,Chain totals4500; central opening2250.,M96,,Chain totals4500; central opening2250.
97,P090,A97,P090,A97,,P090,"Cửa giữa lòng nhà và hiên phía C
Nave to veranda openings along axis C",B97,,"Cửa giữa lòng nhà và hiên phía C
Nave to veranda openings along axis C",opening_chain_segment,C97,,opening_chain_segment,"Model: X
Source: longitudinal
4–5:point0 → 4–5:point1",D97,,"Model: X
Source: longitudinal
4–5:point0 → 4–5:point1",1125,E97,,1125,mm,F97,,mm,1125,G97,"IF(COUNTBLANK(E97)>0,"""",E97)",1125,1.125,H97,"IF(COUNTBLANK(G97)>0,"""",G97/1000)",1.125,Ghi trên bản vẽ / Explicit,I97,,Ghi trên bản vẽ / Explicit,"Tờ 6
File 4",J97,,"Tờ 6
File 4","Lower nave/porch boundary chain, bay4–5",K97,,"Lower nave/porch boundary chain, bay4–5",1125,L97,,1125,Chain totals4500; central opening2250.,M97,,Chain totals4500; central opening2250.
98,P091,A98,P091,A98,,P091,"Cửa giữa lòng nhà và hiên phía C
Nave to veranda openings along axis C",B98,,"Cửa giữa lòng nhà và hiên phía C
Nave to veranda openings along axis C",opening_chain_segment,C98,,opening_chain_segment,"Model: X
Source: longitudinal
4–5:point1 → 4–5:point2",D98,,"Model: X
Source: longitudinal
4–5:point1 → 4–5:point2",2250,E98,,2250,mm,F98,,mm,2250,G98,"IF(COUNTBLANK(E98)>0,"""",E98)",2250,2.25,H98,"IF(COUNTBLANK(G98)>0,"""",G98/1000)",2.25,Ghi trên bản vẽ / Explicit,I98,,Ghi trên bản vẽ / Explicit,"Tờ 6
File 4",J98,,"Tờ 6
File 4","Lower nave/porch boundary chain, bay4–5",K98,,"Lower nave/porch boundary chain, bay4–5",2250,L98,,2250,Chain totals4500; central opening2250.,M98,,Chain totals4500; central opening2250.
99,P092,A99,P092,A99,,P092,"Cửa giữa lòng nhà và hiên phía C
Nave to veranda openings along axis C",B99,,"Cửa giữa lòng nhà và hiên phía C
Nave to veranda openings along axis C",opening_chain_segment,C99,,opening_chain_segment,"Model: X
Source: longitudinal
4–5:point2 → 4–5:point3",D99,,"Model: X
Source: longitudinal
4–5:point2 → 4–5:point3",1125,E99,,1125,mm,F99,,mm,1125,G99,"IF(COUNTBLANK(E99)>0,"""",E99)",1125,1.125,H99,"IF(COUNTBLANK(G99)>0,"""",G99/1000)",1.125,Ghi trên bản vẽ / Explicit,I99,,Ghi trên bản vẽ / Explicit,"Tờ 6
File 4",J99,,"Tờ 6
File 4","Lower nave/porch boundary chain, bay4–5",K99,,"Lower nave/porch boundary chain, bay4–5",1125,L99,,1125,Chain totals4500; central opening2250.,M99,,Chain totals4500; central opening2250.
100,P093,A100,P093,A100,,P093,"Cửa giữa lòng nhà và hiên phía C
Nave to veranda openings along axis C",B100,,"Cửa giữa lòng nhà và hiên phía C
Nave to veranda openings along axis C",opening_chain_segment,C100,,opening_chain_segment,"Model: X
Source: longitudinal
5–6:point0 → 5–6:point1",D100,,"Model: X
Source: longitudinal
5–6:point0 → 5–6:point1",1125,E100,,1125,mm,F100,,mm,1125,G100,"IF(COUNTBLANK(E100)>0,"""",E100)",1125,1.125,H100,"IF(COUNTBLANK(G100)>0,"""",G100/1000)",1.125,Ghi trên bản vẽ / Explicit,I100,,Ghi trên bản vẽ / Explicit,"Tờ 6
File 4",J100,,"Tờ 6
File 4","Lower nave/porch boundary chain, bay5–6",K100,,"Lower nave/porch boundary chain, bay5–6",1125,L100,,1125,Chain totals4500; central opening2250.,M100,,Chain totals4500; central opening2250.
101,P094,A101,P094,A101,,P094,"Cửa giữa lòng nhà và hiên phía C
Nave to veranda openings along axis C",B101,,"Cửa giữa lòng nhà và hiên phía C
Nave to veranda openings along axis C",opening_chain_segment,C101,,opening_chain_segment,"Model: X
Source: longitudinal
5–6:point1 → 5–6:point2",D101,,"Model: X
Source: longitudinal
5–6:point1 → 5–6:point2",2250,E101,,2250,mm,F101,,mm,2250,G101,"IF(COUNTBLANK(E101)>0,"""",E101)",2250,2.25,H101,"IF(COUNTBLANK(G101)>0,"""",G101/1000)",2.25,Ghi trên bản vẽ / Explicit,I101,,Ghi trên bản vẽ / Explicit,"Tờ 6
File 4",J101,,"Tờ 6
File 4","Lower nave/porch boundary chain, bay5–6",K101,,"Lower nave/porch boundary chain, bay5–6",2250,L101,,2250,Chain totals4500; central opening2250.,M101,,Chain totals4500; central opening2250.
102,P095,A102,P095,A102,,P095,"Cửa giữa lòng nhà và hiên phía C
Nave to veranda openings along axis C",B102,,"Cửa giữa lòng nhà và hiên phía C
Nave to veranda openings along axis C",opening_chain_segment,C102,,opening_chain_segment,"Model: X
Source: longitudinal
5–6:point2 → 5–6:point3",D102,,"Model: X
Source: longitudinal
5–6:point2 → 5–6:point3",1125,E102,,1125,mm,F102,,mm,1125,G102,"IF(COUNTBLANK(E102)>0,"""",E102)",1125,1.125,H102,"IF(COUNTBLANK(G102)>0,"""",G102/1000)",1.125,Ghi trên bản vẽ / Explicit,I102,,Ghi trên bản vẽ / Explicit,"Tờ 6
File 4",J102,,"Tờ 6
File 4","Lower nave/porch boundary chain, bay5–6",K102,,"Lower nave/porch boundary chain, bay5–6",1125,L102,,1125,Chain totals4500; central opening2250.,M102,,Chain totals4500; central opening2250.
103,P096,A103,P096,A103,,P096,"Cửa giữa lòng nhà và hiên phía C
Nave to veranda openings along axis C",B103,,"Cửa giữa lòng nhà và hiên phía C
Nave to veranda openings along axis C",opening_chain_segment,C103,,opening_chain_segment,"Model: X
Source: longitudinal
6–7:point0 → 6–7:point1",D103,,"Model: X
Source: longitudinal
6–7:point0 → 6–7:point1",1125,E103,,1125,mm,F103,,mm,1125,G103,"IF(COUNTBLANK(E103)>0,"""",E103)",1125,1.125,H103,"IF(COUNTBLANK(G103)>0,"""",G103/1000)",1.125,Ghi trên bản vẽ / Explicit,I103,,Ghi trên bản vẽ / Explicit,"Tờ 6
File 4",J103,,"Tờ 6
File 4","Lower nave/porch boundary chain, bay6–7",K103,,"Lower nave/porch boundary chain, bay6–7",1125,L103,,1125,Chain totals4500; central opening2250.,M103,,Chain totals4500; central opening2250.
104,P097,A104,P097,A104,,P097,"Cửa giữa lòng nhà và hiên phía C
Nave to veranda openings along axis C",B104,,"Cửa giữa lòng nhà và hiên phía C
Nave to veranda openings along axis C",opening_chain_segment,C104,,opening_chain_segment,"Model: X
Source: longitudinal
6–7:point1 → 6–7:point2",D104,,"Model: X
Source: longitudinal
6–7:point1 → 6–7:point2",2250,E104,,2250,mm,F104,,mm,2250,G104,"IF(COUNTBLANK(E104)>0,"""",E104)",2250,2.25,H104,"IF(COUNTBLANK(G104)>0,"""",G104/1000)",2.25,Ghi trên bản vẽ / Explicit,I104,,Ghi trên bản vẽ / Explicit,"Tờ 6
File 4",J104,,"Tờ 6
File 4","Lower nave/porch boundary chain, bay6–7",K104,,"Lower nave/porch boundary chain, bay6–7",2250,L104,,2250,Chain totals4500; central opening2250.,M104,,Chain totals4500; central opening2250.
105,P098,A105,P098,A105,,P098,"Cửa giữa lòng nhà và hiên phía C
Nave to veranda openings along axis C",B105,,"Cửa giữa lòng nhà và hiên phía C
Nave to veranda openings along axis C",opening_chain_segment,C105,,opening_chain_segment,"Model: X
Source: longitudinal
6–7:point2 → 6–7:point3",D105,,"Model: X
Source: longitudinal
6–7:point2 → 6–7:point3",1125,E105,,1125,mm,F105,,mm,1125,G105,"IF(COUNTBLANK(E105)>0,"""",E105)",1125,1.125,H105,"IF(COUNTBLANK(G105)>0,"""",G105/1000)",1.125,Ghi trên bản vẽ / Explicit,I105,,Ghi trên bản vẽ / Explicit,"Tờ 6
File 4",J105,,"Tờ 6
File 4","Lower nave/porch boundary chain, bay6–7",K105,,"Lower nave/porch boundary chain, bay6–7",1125,L105,,1125,Chain totals4500; central opening2250.,M105,,Chain totals4500; central opening2250.
106,P099,A106,P099,A106,,P099,"Cửa giữa lòng nhà và hiên phía C
Nave to veranda openings along axis C",B106,,"Cửa giữa lòng nhà và hiên phía C
Nave to veranda openings along axis C",opening_chain_segment,C106,,opening_chain_segment,"Model: X
Source: longitudinal
7–8:point0 → 7–8:point1",D106,,"Model: X
Source: longitudinal
7–8:point0 → 7–8:point1",1125,E106,,1125,mm,F106,,mm,1125,G106,"IF(COUNTBLANK(E106)>0,"""",E106)",1125,1.125,H106,"IF(COUNTBLANK(G106)>0,"""",G106/1000)",1.125,Ghi trên bản vẽ / Explicit,I106,,Ghi trên bản vẽ / Explicit,"Tờ 6
File 4",J106,,"Tờ 6
File 4","Lower nave/porch boundary chain, bay7–8",K106,,"Lower nave/porch boundary chain, bay7–8",1125,L106,,1125,Chain totals4500; central opening2250.,M106,,Chain totals4500; central opening2250.
107,P100,A107,P100,A107,,P100,"Cửa giữa lòng nhà và hiên phía C
Nave to veranda openings along axis C",B107,,"Cửa giữa lòng nhà và hiên phía C
Nave to veranda openings along axis C",opening_chain_segment,C107,,opening_chain_segment,"Model: X
Source: longitudinal
7–8:point1 → 7–8:point2",D107,,"Model: X
Source: longitudinal
7–8:point1 → 7–8:point2",2250,E107,,2250,mm,F107,,mm,2250,G107,"IF(COUNTBLANK(E107)>0,"""",E107)",2250,2.25,H107,"IF(COUNTBLANK(G107)>0,"""",G107/1000)",2.25,Ghi trên bản vẽ / Explicit,I107,,Ghi trên bản vẽ / Explicit,"Tờ 6
File 4",J107,,"Tờ 6
File 4","Lower nave/porch boundary chain, bay7–8",K107,,"Lower nave/porch boundary chain, bay7–8",2250,L107,,2250,Chain totals4500; central opening2250.,M107,,Chain totals4500; central opening2250.
108,P101,A108,P101,A108,,P101,"Cửa giữa lòng nhà và hiên phía C
Nave to veranda openings along axis C",B108,,"Cửa giữa lòng nhà và hiên phía C
Nave to veranda openings along axis C",opening_chain_segment,C108,,opening_chain_segment,"Model: X
Source: longitudinal
7–8:point2 → 7–8:point3",D108,,"Model: X
Source: longitudinal
7–8:point2 → 7–8:point3",1125,E108,,1125,mm,F108,,mm,1125,G108,"IF(COUNTBLANK(E108)>0,"""",E108)",1125,1.125,H108,"IF(COUNTBLANK(G108)>0,"""",G108/1000)",1.125,Ghi trên bản vẽ / Explicit,I108,,Ghi trên bản vẽ / Explicit,"Tờ 6
File 4",J108,,"Tờ 6
File 4","Lower nave/porch boundary chain, bay7–8",K108,,"Lower nave/porch boundary chain, bay7–8",1125,L108,,1125,Chain totals4500; central opening2250.,M108,,Chain totals4500; central opening2250.
109,P102,A109,P102,A109,,P102,"Cửa giữa lòng nhà và hiên phía C
Nave to veranda openings along axis C",B109,,"Cửa giữa lòng nhà và hiên phía C
Nave to veranda openings along axis C",opening_chain_segment,C109,,opening_chain_segment,"Model: X
Source: longitudinal
8–9:point0 → 8–9:point1",D109,,"Model: X
Source: longitudinal
8–9:point0 → 8–9:point1",1125,E109,,1125,mm,F109,,mm,1125,G109,"IF(COUNTBLANK(E109)>0,"""",E109)",1125,1.125,H109,"IF(COUNTBLANK(G109)>0,"""",G109/1000)",1.125,Ghi trên bản vẽ / Explicit,I109,,Ghi trên bản vẽ / Explicit,"Tờ 6
File 4",J109,,"Tờ 6
File 4","Lower nave/porch boundary chain, bay8–9",K109,,"Lower nave/porch boundary chain, bay8–9",1125,L109,,1125,Chain totals4500; central opening2250.,M109,,Chain totals4500; central opening2250.
110,P103,A110,P103,A110,,P103,"Cửa giữa lòng nhà và hiên phía C
Nave to veranda openings along axis C",B110,,"Cửa giữa lòng nhà và hiên phía C
Nave to veranda openings along axis C",opening_chain_segment,C110,,opening_chain_segment,"Model: X
Source: longitudinal
8–9:point1 → 8–9:point2",D110,,"Model: X
Source: longitudinal
8–9:point1 → 8–9:point2",2250,E110,,2250,mm,F110,,mm,2250,G110,"IF(COUNTBLANK(E110)>0,"""",E110)",2250,2.25,H110,"IF(COUNTBLANK(G110)>0,"""",G110/1000)",2.25,Ghi trên bản vẽ / Explicit,I110,,Ghi trên bản vẽ / Explicit,"Tờ 6
File 4",J110,,"Tờ 6
File 4","Lower nave/porch boundary chain, bay8–9",K110,,"Lower nave/porch boundary chain, bay8–9",2250,L110,,2250,Chain totals4500; central opening2250.,M110,,Chain totals4500; central opening2250.
111,P104,A111,P104,A111,,P104,"Cửa giữa lòng nhà và hiên phía C
Nave to veranda openings along axis C",B111,,"Cửa giữa lòng nhà và hiên phía C
Nave to veranda openings along axis C",opening_chain_segment,C111,,opening_chain_segment,"Model: X
Source: longitudinal
8–9:point2 → 8–9:point3",D111,,"Model: X
Source: longitudinal
8–9:point2 → 8–9:point3",1125,E111,,1125,mm,F111,,mm,1125,G111,"IF(COUNTBLANK(E111)>0,"""",E111)",1125,1.125,H111,"IF(COUNTBLANK(G111)>0,"""",G111/1000)",1.125,Ghi trên bản vẽ / Explicit,I111,,Ghi trên bản vẽ / Explicit,"Tờ 6
File 4",J111,,"Tờ 6
File 4","Lower nave/porch boundary chain, bay8–9",K111,,"Lower nave/porch boundary chain, bay8–9",1125,L111,,1125,Chain totals4500; central opening2250.,M111,,Chain totals4500; central opening2250.
112,P105,A112,P105,A112,,P105,"Cửa giữa lòng nhà và hiên phía C
Nave to veranda openings along axis C",B112,,"Cửa giữa lòng nhà và hiên phía C
Nave to veranda openings along axis C",opening_chain_segment,C112,,opening_chain_segment,"Model: X
Source: longitudinal
10–11:point0 → 10–11:point1",D112,,"Model: X
Source: longitudinal
10–11:point0 → 10–11:point1",1125,E112,,1125,mm,F112,,mm,1125,G112,"IF(COUNTBLANK(E112)>0,"""",E112)",1125,1.125,H112,"IF(COUNTBLANK(G112)>0,"""",G112/1000)",1.125,Ghi trên bản vẽ / Explicit,I112,,Ghi trên bản vẽ / Explicit,"Tờ 6
File 4",J112,,"Tờ 6
File 4","Lower nave/porch boundary chain, bay10–11",K112,,"Lower nave/porch boundary chain, bay10–11",1125,L112,,1125,Chain totals4500; central opening2250.,M112,,Chain totals4500; central opening2250.
113,P106,A113,P106,A113,,P106,"Cửa giữa lòng nhà và hiên phía C
Nave to veranda openings along axis C",B113,,"Cửa giữa lòng nhà và hiên phía C
Nave to veranda openings along axis C",opening_chain_segment,C113,,opening_chain_segment,"Model: X
Source: longitudinal
10–11:point1 → 10–11:point2",D113,,"Model: X
Source: longitudinal
10–11:point1 → 10–11:point2",2250,E113,,2250,mm,F113,,mm,2250,G113,"IF(COUNTBLANK(E113)>0,"""",E113)",2250,2.25,H113,"IF(COUNTBLANK(G113)>0,"""",G113/1000)",2.25,Ghi trên bản vẽ / Explicit,I113,,Ghi trên bản vẽ / Explicit,"Tờ 6
File 4",J113,,"Tờ 6
File 4","Lower nave/porch boundary chain, bay10–11",K113,,"Lower nave/porch boundary chain, bay10–11",2250,L113,,2250,Chain totals4500; central opening2250.,M113,,Chain totals4500; central opening2250.
114,P107,A114,P107,A114,,P107,"Cửa giữa lòng nhà và hiên phía C
Nave to veranda openings along axis C",B114,,"Cửa giữa lòng nhà và hiên phía C
Nave to veranda openings along axis C",opening_chain_segment,C114,,opening_chain_segment,"Model: X
Source: longitudinal
10–11:point2 → 10–11:point3",D114,,"Model: X
Source: longitudinal
10–11:point2 → 10–11:point3",1125,E114,,1125,mm,F114,,mm,1125,G114,"IF(COUNTBLANK(E114)>0,"""",E114)",1125,1.125,H114,"IF(COUNTBLANK(G114)>0,"""",G114/1000)",1.125,Ghi trên bản vẽ / Explicit,I114,,Ghi trên bản vẽ / Explicit,"Tờ 6
File 4",J114,,"Tờ 6
File 4","Lower nave/porch boundary chain, bay10–11",K114,,"Lower nave/porch boundary chain, bay10–11",1125,L114,,1125,Chain totals4500; central opening2250.,M114,,Chain totals4500; central opening2250.
115,P108,A115,P108,A115,,P108,"Cửa phòng sau phía C
Rear side-room opening along axis C",B115,,"Cửa phòng sau phía C
Rear side-room opening along axis C",opening_chain_segment,C115,,opening_chain_segment,"Model: X
Source: longitudinal
11–12:point0 → 11–12:point1",D115,,"Model: X
Source: longitudinal
11–12:point0 → 11–12:point1",1650,E115,,1650,mm,F115,,mm,1650,G115,"IF(COUNTBLANK(E115)>0,"""",E115)",1650,1.65,H115,"IF(COUNTBLANK(G115)>0,"""",G115/1000)",1.65,Ghi trên bản vẽ / Explicit,I115,,Ghi trên bản vẽ / Explicit,"Tờ 6
File 4",J115,,"Tờ 6
File 4","Rear lower room/veranda boundary, bay11–12",K115,,"Rear lower room/veranda boundary, bay11–12",1650,L115,,1650,1650+1200+1491=4341; central opening1200.,M115,,1650+1200+1491=4341; central opening1200.
116,P109,A116,P109,A116,,P109,"Cửa phòng sau phía C
Rear side-room opening along axis C",B116,,"Cửa phòng sau phía C
Rear side-room opening along axis C",opening_chain_segment,C116,,opening_chain_segment,"Model: X
Source: longitudinal
11–12:point1 → 11–12:point2",D116,,"Model: X
Source: longitudinal
11–12:point1 → 11–12:point2",1200,E116,,1200,mm,F116,,mm,1200,G116,"IF(COUNTBLANK(E116)>0,"""",E116)",1200,1.2,H116,"IF(COUNTBLANK(G116)>0,"""",G116/1000)",1.2,Ghi trên bản vẽ / Explicit,I116,,Ghi trên bản vẽ / Explicit,"Tờ 6
File 4",J116,,"Tờ 6
File 4","Rear lower room/veranda boundary, bay11–12",K116,,"Rear lower room/veranda boundary, bay11–12",1200,L116,,1200,1650+1200+1491=4341; central opening1200.,M116,,1650+1200+1491=4341; central opening1200.
117,P110,A117,P110,A117,,P110,"Cửa phòng sau phía C
Rear side-room opening along axis C",B117,,"Cửa phòng sau phía C
Rear side-room opening along axis C",opening_chain_segment,C117,,opening_chain_segment,"Model: X
Source: longitudinal
11–12:point2 → 11–12:point3",D117,,"Model: X
Source: longitudinal
11–12:point2 → 11–12:point3",1491,E117,,1491,mm,F117,,mm,1491,G117,"IF(COUNTBLANK(E117)>0,"""",E117)",1491,1.491,H117,"IF(COUNTBLANK(G117)>0,"""",G117/1000)",1.491,Ghi trên bản vẽ / Explicit,I117,,Ghi trên bản vẽ / Explicit,"Tờ 6
File 4",J117,,"Tờ 6
File 4","Rear lower room/veranda boundary, bay11–12",K117,,"Rear lower room/veranda boundary, bay11–12",1491,L117,,1491,1650+1200+1491=4341; central opening1200.,M117,,1650+1200+1491=4341; central opening1200.
118,P111,A118,P111,A118,,P111,"Cung thánh và phòng sau
Upper sanctuary outer margin",B118,,"Cung thánh và phòng sau
Upper sanctuary outer margin",offset,C118,,offset,"Model: Z
Source: transverse
G → upper outer stage edge",D118,,"Model: Z
Source: transverse
G → upper outer stage edge",1860,E118,,1860,mm,F118,,mm,1860,G118,"IF(COUNTBLANK(E118)>0,"""",E118)",1860,1.86,H118,"IF(COUNTBLANK(G118)>0,"""",G118/1000)",1.86,Ghi trên bản vẽ / Explicit,I118,,Ghi trên bản vẽ / Explicit,"Tờ 6
File 4",J118,,"Tờ 6
File 4",Sanctuary upper dimension chain,K118,,Sanctuary upper dimension chain,1860,L118,,1860,,M118,,
119,P112,A119,P112,A119,,P112,"Cung thánh và phòng sau
Upper sanctuary step zone",B119,,"Cung thánh và phòng sau
Upper sanctuary step zone",step_zone_width,C119,,step_zone_width,"Model: Z
Source: transverse
upper outer stage edge → upper inner stage edge",D119,,"Model: Z
Source: transverse
upper outer stage edge → upper inner stage edge",1000,E119,,1000,mm,F119,,mm,1000,G119,"IF(COUNTBLANK(E119)>0,"""",E119)",1000,1,H119,"IF(COUNTBLANK(G119)>0,"""",G119/1000)",1,Ghi trên bản vẽ / Explicit,I119,,Ghi trên bản vẽ / Explicit,"Tờ 6
File 4",J119,,"Tờ 6
File 4",Sanctuary upper chain,K119,,Sanctuary upper chain,1000,L119,,1000,,M119,,
120,P113,A120,P113,A120,,P113,"Cung thánh và phòng sau
Upper sanctuary platform margin",B120,,"Cung thánh và phòng sau
Upper sanctuary platform margin",offset,C120,,offset,"Model: Z
Source: transverse
upper inner stage edge → E",D120,,"Model: Z
Source: transverse
upper inner stage edge → E",900,E120,,900,mm,F120,,mm,900,G120,"IF(COUNTBLANK(E120)>0,"""",E120)",900,0.9,H120,"IF(COUNTBLANK(G120)>0,"""",G120/1000)",0.9,Ghi trên bản vẽ / Explicit,I120,,Ghi trên bản vẽ / Explicit,"Tờ 6
File 4",J120,,"Tờ 6
File 4",Sanctuary upper chain,K120,,Sanctuary upper chain,900,L120,,900,,M120,,
121,P114,A121,P114,A121,,P114,"Cung thánh và phòng sau
Sanctuary-front rectangular feature upper side spacing",B121,,"Cung thánh và phòng sau
Sanctuary-front rectangular feature upper side spacing",spacing,C121,,spacing,"Model: Z
Source: transverse
E → rectangular feature upper side",D121,,"Model: Z
Source: transverse
E → rectangular feature upper side",2650,E121,,2650,mm,F121,,mm,2650,G121,"IF(COUNTBLANK(E121)>0,"""",E121)",2650,2.65,H121,"IF(COUNTBLANK(G121)>0,"""",G121/1000)",2.65,Ghi trên bản vẽ / Explicit,I121,,Ghi trên bản vẽ / Explicit,"Tờ 6
File 4",J121,,"Tờ 6
File 4",Sanctuary center dimension chain,K121,,Sanctuary center dimension chain,2650,L121,,2650,,M121,,
122,P115,A122,P115,A122,,P115,"Chi tiết chữ nhật trước cung thánh, chưa có nhãn
Unlabeled sanctuary-front rectangular feature",B122,,"Chi tiết chữ nhật trước cung thánh, chưa có nhãn
Unlabeled sanctuary-front rectangular feature",width,C122,,width,"Model: Z
Source: transverse
rectangular feature upper side → rectangular feature lower side",D122,,"Model: Z
Source: transverse
rectangular feature upper side → rectangular feature lower side",1900,E122,,1900,mm,F122,,mm,1900,G122,"IF(COUNTBLANK(E122)>0,"""",E122)",1900,1.9,H122,"IF(COUNTBLANK(G122)>0,"""",G122/1000)",1.9,Ghi trên bản vẽ / Explicit,I122,,Ghi trên bản vẽ / Explicit,"Tờ 6
File 4",J122,,"Tờ 6
File 4",Sanctuary center dimension chain,K122,,Sanctuary center dimension chain,1900,L122,,1900," Dimension is printed, but identity is not labeled; drawn subdivisions may be steps. Do not use as a confirmed altar-table procurement dimension.",M122,," Dimension is printed, but identity is not labeled; drawn subdivisions may be steps. Do not use as a confirmed altar-table procurement dimension."
123,P116,A123,P116,A123,,P116,"Cung thánh và phòng sau
Sanctuary-front rectangular feature lower side spacing",B123,,"Cung thánh và phòng sau
Sanctuary-front rectangular feature lower side spacing",spacing,C123,,spacing,"Model: Z
Source: transverse
rectangular feature lower side → D",D123,,"Model: Z
Source: transverse
rectangular feature lower side → D",2650,E123,,2650,mm,F123,,mm,2650,G123,"IF(COUNTBLANK(E123)>0,"""",E123)",2650,2.65,H123,"IF(COUNTBLANK(G123)>0,"""",G123/1000)",2.65,Ghi trên bản vẽ / Explicit,I123,,Ghi trên bản vẽ / Explicit,"Tờ 6
File 4",J123,,"Tờ 6
File 4",Sanctuary center dimension chain,K123,,Sanctuary center dimension chain,2650,L123,,2650,,M123,,
124,P117,A124,P117,A124,,P117,"Cung thánh và phòng sau
Lower sanctuary platform margin",B124,,"Cung thánh và phòng sau
Lower sanctuary platform margin",offset,C124,,offset,"Model: Z
Source: transverse
D → lower inner stage edge",D124,,"Model: Z
Source: transverse
D → lower inner stage edge",900,E124,,900,mm,F124,,mm,900,G124,"IF(COUNTBLANK(E124)>0,"""",E124)",900,0.9,H124,"IF(COUNTBLANK(G124)>0,"""",G124/1000)",0.9,Ghi trên bản vẽ / Explicit,I124,,Ghi trên bản vẽ / Explicit,"Tờ 6
File 4",J124,,"Tờ 6
File 4",Sanctuary lower chain,K124,,Sanctuary lower chain,900,L124,,900,,M124,,
125,P118,A125,P118,A125,,P118,"Cung thánh và phòng sau
Lower sanctuary step zone",B125,,"Cung thánh và phòng sau
Lower sanctuary step zone",step_zone_width,C125,,step_zone_width,"Model: Z
Source: transverse
lower inner stage edge → lower outer stage edge",D125,,"Model: Z
Source: transverse
lower inner stage edge → lower outer stage edge",1000,E125,,1000,mm,F125,,mm,1000,G125,"IF(COUNTBLANK(E125)>0,"""",E125)",1000,1,H125,"IF(COUNTBLANK(G125)>0,"""",G125/1000)",1,Ghi trên bản vẽ / Explicit,I125,,Ghi trên bản vẽ / Explicit,"Tờ 6
File 4",J125,,"Tờ 6
File 4",Sanctuary lower chain,K125,,Sanctuary lower chain,1000,L125,,1000,,M125,,
126,P119,A126,P119,A126,,P119,"Cung thánh và phòng sau
Sanctuary outer front step",B126,,"Cung thánh và phòng sau
Sanctuary outer front step",front_offset,C126,,front_offset,"Model: X
Source: longitudinal
9 → outer front stage edge",D126,,"Model: X
Source: longitudinal
9 → outer front stage edge",500,E126,,500,mm,F126,,mm,500,G126,"IF(COUNTBLANK(E126)>0,"""",E126)",500,0.5,H126,"IF(COUNTBLANK(G126)>0,"""",G126/1000)",0.5,Ghi trên bản vẽ / Explicit,I126,,Ghi trên bản vẽ / Explicit,"Tờ 6
File 4",J126,,"Tờ 6
File 4","Front edge of sanctuary, just right of axis9",K126,,"Front edge of sanctuary, just right of axis9",500,L126,,500,,M126,,
127,P120,A127,P120,A127,,P120,"Cung thánh và phòng sau
Sanctuary front step zone",B127,,"Cung thánh và phòng sau
Sanctuary front step zone",step_zone_depth,C127,,step_zone_depth,"Model: X
Source: longitudinal
outer front stage edge → inner front stage edge",D127,,"Model: X
Source: longitudinal
outer front stage edge → inner front stage edge",1000,E127,,1000,mm,F127,,mm,1000,G127,"IF(COUNTBLANK(E127)>0,"""",E127)",1000,1,H127,"IF(COUNTBLANK(G127)>0,"""",G127/1000)",1,Ghi trên bản vẽ / Explicit,I127,,Ghi trên bản vẽ / Explicit,"Tờ 6
File 4",J127,,"Tờ 6
File 4","Front edge of sanctuary, just right of axis9",K127,,"Front edge of sanctuary, just right of axis9",1000,L127,,1000,,M127,,
128,P121,A128,P121,A128,,P121,"Cung thánh và phòng sau
Sanctuary inner front edge",B128,,"Cung thánh và phòng sau
Sanctuary inner front edge",front_offset,C128,,front_offset,"Model: X
Source: longitudinal
9 → inner front stage edge",D128,,"Model: X
Source: longitudinal
9 → inner front stage edge",1500,E128,,1500,mm,F128,,mm,1500,G128,"IF(COUNTBLANK(E128)>0,"""",E128)",1500,1.5,H128,"IF(COUNTBLANK(G128)>0,"""",G128/1000)",1.5,Ghi trên bản vẽ / Explicit,I128,,Ghi trên bản vẽ / Explicit,"Tờ 6
File 4",J128,,"Tờ 6
File 4",Lower sanctuary horizontal dimension chain,K128,,Lower sanctuary horizontal dimension chain,1500,L128,,1500,500+1000=1500.,M128,,500+1000=1500.
129,P122,A129,P122,A129,,P122,"Cung thánh và phòng sau
Sanctuary front section",B129,,"Cung thánh và phòng sau
Sanctuary front section",depth,C129,,depth,"Model: X
Source: longitudinal
inner front stage edge → 10",D129,,"Model: X
Source: longitudinal
inner front stage edge → 10",5700,E129,,5700,mm,F129,,mm,5700,G129,"IF(COUNTBLANK(E129)>0,"""",E129)",5700,5.7,H129,"IF(COUNTBLANK(G129)>0,"""",G129/1000)",5.7,Ghi trên bản vẽ / Explicit,I129,,Ghi trên bản vẽ / Explicit,"Tờ 6
File 4",J129,,"Tờ 6
File 4",Lower sanctuary horizontal dimension chain,K129,,Lower sanctuary horizontal dimension chain,5700,L129,,5700,"1500+5700=7200, the9–10 bay.",M129,,"1500+5700=7200, the9–10 bay."
130,P123,A130,P123,A130,,P123,"Chi tiết chữ nhật trước cung thánh, chưa có nhãn
Unlabeled sanctuary-front rectangular feature",B130,,"Chi tiết chữ nhật trước cung thánh, chưa có nhãn
Unlabeled sanctuary-front rectangular feature",depth,C130,,depth,"Model: X
Source: longitudinal
rectangular feature front side → rectangular feature rear side",D130,,"Model: X
Source: longitudinal
rectangular feature front side → rectangular feature rear side",870,E130,,870,mm,F130,,mm,870,G130,"IF(COUNTBLANK(E130)>0,"""",E130)",870,0.87,H130,"IF(COUNTBLANK(G130)>0,"""",G130/1000)",0.87,Ghi trên bản vẽ / Explicit,I130,,Ghi trên bản vẽ / Explicit,"Tờ 6
File 4",J130,,"Tờ 6
File 4","Unidentified sanctuary rectangle, horizontal dimension next to 9",K130,,"Unidentified sanctuary rectangle, horizontal dimension next to 9",870,L130,,870," Dimension is printed, but identity is not labeled; drawn subdivisions may be steps. Do not use as a confirmed altar-table procurement dimension.",M130,," Dimension is printed, but identity is not labeled; drawn subdivisions may be steps. Do not use as a confirmed altar-table procurement dimension."
131,P124,A131,P124,A131,,P124,"Cung thánh và phòng sau
Rear central room front setback upper",B131,,"Cung thánh và phòng sau
Rear central room front setback upper",offset,C131,,offset,"Model: X
Source: longitudinal
rear partition reference near11 → room front partition face",D131,,"Model: X
Source: longitudinal
rear partition reference near11 → room front partition face",1000,E131,,1000,mm,F131,,mm,1000,G131,"IF(COUNTBLANK(E131)>0,"""",E131)",1000,1,H131,"IF(COUNTBLANK(G131)>0,"""",G131/1000)",1,Ghi trên bản vẽ / Explicit,I131,,Ghi trên bản vẽ / Explicit,"Tờ 6
File 4",J131,,"Tờ 6
File 4",Rear central room upper horizontal local dimension,K131,,Rear central room upper horizontal local dimension,1000,L131,,1000,Local endpoint should be taken from plan detail; not a wall-thickness specification.,M131,,Local endpoint should be taken from plan detail; not a wall-thickness specification.
132,P125,A132,P125,A132,,P125,"Cung thánh và phòng sau
Rear central room",B132,,"Cung thánh và phòng sau
Rear central room",clear_depth,C132,,clear_depth,"Model: X
Source: longitudinal
room front partition face → rear inside wall face",D132,,"Model: X
Source: longitudinal
room front partition face → rear inside wall face",3066,E132,,3066,mm,F132,,mm,3066,G132,"IF(COUNTBLANK(E132)>0,"""",E132)",3066,3.066,H132,"IF(COUNTBLANK(G132)>0,"""",G132/1000)",3.066,Ghi trên bản vẽ / Explicit,I132,,Ghi trên bản vẽ / Explicit,"Tờ 6
File 4",J132,,"Tờ 6
File 4",Rear room upper dimension along axis E,K132,,Rear room upper dimension along axis E,3066,L132,,3066,,M132,,
133,P126,A133,P126,A133,,P126,"Cung thánh và phòng sau
Rear central room front setback lower",B133,,"Cung thánh và phòng sau
Rear central room front setback lower",offset,C133,,offset,"Model: X
Source: longitudinal
rear partition reference near11 → room front partition face",D133,,"Model: X
Source: longitudinal
rear partition reference near11 → room front partition face",1000,E133,,1000,mm,F133,,mm,1000,G133,"IF(COUNTBLANK(E133)>0,"""",E133)",1000,1,H133,"IF(COUNTBLANK(G133)>0,"""",G133/1000)",1,Ghi trên bản vẽ / Explicit,I133,,Ghi trên bản vẽ / Explicit,"Tờ 6
File 4",J133,,"Tờ 6
File 4",Rear central room lower horizontal local dimension,K133,,Rear central room lower horizontal local dimension,1000,L133,,1000,Local endpoint should be taken from plan detail; not a wall-thickness specification.,M133,,Local endpoint should be taken from plan detail; not a wall-thickness specification.
134,P127,A134,P127,A134,,P127,"Cung thánh và phòng sau
Lower rear room connecting door",B134,,"Cung thánh và phòng sau
Lower rear room connecting door",clear_opening,C134,,clear_opening,"Model: Z
Source: transverse
door upper edge → door lower edge",D134,,"Model: Z
Source: transverse
door upper edge → door lower edge",1200,E134,,1200,mm,F134,,mm,1200,G134,"IF(COUNTBLANK(E134)>0,"""",E134)",1200,1.2,H134,"IF(COUNTBLANK(G134)>0,"""",G134/1000)",1.2,Ghi trên bản vẽ / Explicit,I134,,Ghi trên bản vẽ / Explicit,"Tờ 6
File 4",J134,,"Tờ 6
File 4","Rear lower room door along11, between C and D",K134,,"Rear lower room door along11, between C and D",1200,L134,,1200,,M134,,
135,P128,A135,P128,A135,,P128,"Tọa độ trục dọc
Longitudinal axis coordinate",B135,,"Tọa độ trục dọc
Longitudinal axis coordinate",coordinate,C135,,coordinate,"Model: X
Source: longitudinal
1 → 1",D135,,"Model: X
Source: longitudinal
1 → 1",,E135,,,,F135,,,0,G135,0,0,0,H135,"IF(COUNTBLANK(G135)>0,"""",G135/1000)",0,Tính từ bản vẽ / Derived,I135,,Tính từ bản vẽ / Derived,"Tờ 6
File 4",J135,,"Tờ 6
File 4",Derived from bottom grid chain,K135,,Derived from bottom grid chain,,L135,,,"Positive toward rear. This is a data convention, not a surveyed north/east coordinate.
Calculation: Cumulative sum of printed longitudinal axis spacings; origin axis1=0mm.",M135,,"Positive toward rear. This is a data convention, not a surveyed north/east coordinate.
Calculation: Cumulative sum of printed longitudinal axis spacings; origin axis1=0mm."
136,P129,A136,P129,A136,,P129,"Tọa độ trục dọc
Longitudinal axis coordinate",B136,,"Tọa độ trục dọc
Longitudinal axis coordinate",coordinate,C136,,coordinate,"Model: X
Source: longitudinal
1 → 2",D136,,"Model: X
Source: longitudinal
1 → 2",,E136,,,,F136,,,4900,G136,"IF(OR(COUNTBLANK('Dimensions'!G135)>0,COUNTBLANK('Dimensions'!G8)>0),"""",'Dimensions'!G135+'Dimensions'!G8)",4900,4.9,H136,"IF(COUNTBLANK(G136)>0,"""",G136/1000)",4.9,Tính từ bản vẽ / Derived,I136,,Tính từ bản vẽ / Derived,"Tờ 6
File 4",J136,,"Tờ 6
File 4",Derived from bottom grid chain,K136,,Derived from bottom grid chain,,L136,,,"Positive toward rear. This is a data convention, not a surveyed north/east coordinate.
Calculation: Cumulative sum of printed longitudinal axis spacings; origin axis1=0mm.",M136,,"Positive toward rear. This is a data convention, not a surveyed north/east coordinate.
Calculation: Cumulative sum of printed longitudinal axis spacings; origin axis1=0mm."
137,P130,A137,P130,A137,,P130,"Tọa độ trục dọc
Longitudinal axis coordinate",B137,,"Tọa độ trục dọc
Longitudinal axis coordinate",coordinate,C137,,coordinate,"Model: X
Source: longitudinal
1 → 2′",D137,,"Model: X
Source: longitudinal
1 → 2′",,E137,,,,F137,,,5475,G137,"IF(OR(COUNTBLANK('Dimensions'!G136)>0,COUNTBLANK('Dimensions'!G9)>0),"""",'Dimensions'!G136+'Dimensions'!G9)",5475,5.475,H137,"IF(COUNTBLANK(G137)>0,"""",G137/1000)",5.475,Tính từ bản vẽ / Derived,I137,,Tính từ bản vẽ / Derived,"Tờ 6
File 4",J137,,"Tờ 6
File 4",Derived from bottom grid chain,K137,,Derived from bottom grid chain,,L137,,,"Positive toward rear. This is a data convention, not a surveyed north/east coordinate.
Calculation: Cumulative sum of printed longitudinal axis spacings; origin axis1=0mm.",M137,,"Positive toward rear. This is a data convention, not a surveyed north/east coordinate.
Calculation: Cumulative sum of printed longitudinal axis spacings; origin axis1=0mm."
138,P131,A138,P131,A138,,P131,"Tọa độ trục dọc
Longitudinal axis coordinate",B138,,"Tọa độ trục dọc
Longitudinal axis coordinate",coordinate,C138,,coordinate,"Model: X
Source: longitudinal
1 → 3",D138,,"Model: X
Source: longitudinal
1 → 3",,E138,,,,F138,,,9975,G138,"IF(OR(COUNTBLANK('Dimensions'!G137)>0,COUNTBLANK('Dimensions'!G10)>0),"""",'Dimensions'!G137+'Dimensions'!G10)",9975,9.975,H138,"IF(COUNTBLANK(G138)>0,"""",G138/1000)",9.975,Tính từ bản vẽ / Derived,I138,,Tính từ bản vẽ / Derived,"Tờ 6
File 4",J138,,"Tờ 6
File 4",Derived from bottom grid chain,K138,,Derived from bottom grid chain,,L138,,,"Positive toward rear. This is a data convention, not a surveyed north/east coordinate.
Calculation: Cumulative sum of printed longitudinal axis spacings; origin axis1=0mm.",M138,,"Positive toward rear. This is a data convention, not a surveyed north/east coordinate.
Calculation: Cumulative sum of printed longitudinal axis spacings; origin axis1=0mm."
139,P132,A139,P132,A139,,P132,"Tọa độ trục dọc
Longitudinal axis coordinate",B139,,"Tọa độ trục dọc
Longitudinal axis coordinate",coordinate,C139,,coordinate,"Model: X
Source: longitudinal
1 → 4",D139,,"Model: X
Source: longitudinal
1 → 4",,E139,,,,F139,,,14475,G139,"IF(OR(COUNTBLANK('Dimensions'!G138)>0,COUNTBLANK('Dimensions'!G11)>0),"""",'Dimensions'!G138+'Dimensions'!G11)",14475,14.475,H139,"IF(COUNTBLANK(G139)>0,"""",G139/1000)",14.475,Tính từ bản vẽ / Derived,I139,,Tính từ bản vẽ / Derived,"Tờ 6
File 4",J139,,"Tờ 6
File 4",Derived from bottom grid chain,K139,,Derived from bottom grid chain,,L139,,,"Positive toward rear. This is a data convention, not a surveyed north/east coordinate.
Calculation: Cumulative sum of printed longitudinal axis spacings; origin axis1=0mm.",M139,,"Positive toward rear. This is a data convention, not a surveyed north/east coordinate.
Calculation: Cumulative sum of printed longitudinal axis spacings; origin axis1=0mm."
140,P133,A140,P133,A140,,P133,"Tọa độ trục dọc
Longitudinal axis coordinate",B140,,"Tọa độ trục dọc
Longitudinal axis coordinate",coordinate,C140,,coordinate,"Model: X
Source: longitudinal
1 → 5",D140,,"Model: X
Source: longitudinal
1 → 5",,E140,,,,F140,,,18975,G140,"IF(OR(COUNTBLANK('Dimensions'!G139)>0,COUNTBLANK('Dimensions'!G12)>0),"""",'Dimensions'!G139+'Dimensions'!G12)",18975,18.975,H140,"IF(COUNTBLANK(G140)>0,"""",G140/1000)",18.975,Tính từ bản vẽ / Derived,I140,,Tính từ bản vẽ / Derived,"Tờ 6
File 4",J140,,"Tờ 6
File 4",Derived from bottom grid chain,K140,,Derived from bottom grid chain,,L140,,,"Positive toward rear. This is a data convention, not a surveyed north/east coordinate.
Calculation: Cumulative sum of printed longitudinal axis spacings; origin axis1=0mm.",M140,,"Positive toward rear. This is a data convention, not a surveyed north/east coordinate.
Calculation: Cumulative sum of printed longitudinal axis spacings; origin axis1=0mm."
141,P134,A141,P134,A141,,P134,"Tọa độ trục dọc
Longitudinal axis coordinate",B141,,"Tọa độ trục dọc
Longitudinal axis coordinate",coordinate,C141,,coordinate,"Model: X
Source: longitudinal
1 → 6",D141,,"Model: X
Source: longitudinal
1 → 6",,E141,,,,F141,,,23475,G141,"IF(OR(COUNTBLANK('Dimensions'!G140)>0,COUNTBLANK('Dimensions'!G13)>0),"""",'Dimensions'!G140+'Dimensions'!G13)",23475,23.475,H141,"IF(COUNTBLANK(G141)>0,"""",G141/1000)",23.475,Tính từ bản vẽ / Derived,I141,,Tính từ bản vẽ / Derived,"Tờ 6
File 4",J141,,"Tờ 6
File 4",Derived from bottom grid chain,K141,,Derived from bottom grid chain,,L141,,,"Positive toward rear. This is a data convention, not a surveyed north/east coordinate.
Calculation: Cumulative sum of printed longitudinal axis spacings; origin axis1=0mm.",M141,,"Positive toward rear. This is a data convention, not a surveyed north/east coordinate.
Calculation: Cumulative sum of printed longitudinal axis spacings; origin axis1=0mm."
142,P135,A142,P135,A142,,P135,"Tọa độ trục dọc
Longitudinal axis coordinate",B142,,"Tọa độ trục dọc
Longitudinal axis coordinate",coordinate,C142,,coordinate,"Model: X
Source: longitudinal
1 → 7",D142,,"Model: X
Source: longitudinal
1 → 7",,E142,,,,F142,,,27975,G142,"IF(OR(COUNTBLANK('Dimensions'!G141)>0,COUNTBLANK('Dimensions'!G14)>0),"""",'Dimensions'!G141+'Dimensions'!G14)",27975,27.975,H142,"IF(COUNTBLANK(G142)>0,"""",G142/1000)",27.975,Tính từ bản vẽ / Derived,I142,,Tính từ bản vẽ / Derived,"Tờ 6
File 4",J142,,"Tờ 6
File 4",Derived from bottom grid chain,K142,,Derived from bottom grid chain,,L142,,,"Positive toward rear. This is a data convention, not a surveyed north/east coordinate.
Calculation: Cumulative sum of printed longitudinal axis spacings; origin axis1=0mm.",M142,,"Positive toward rear. This is a data convention, not a surveyed north/east coordinate.
Calculation: Cumulative sum of printed longitudinal axis spacings; origin axis1=0mm."
143,P136,A143,P136,A143,,P136,"Tọa độ trục dọc
Longitudinal axis coordinate",B143,,"Tọa độ trục dọc
Longitudinal axis coordinate",coordinate,C143,,coordinate,"Model: X
Source: longitudinal
1 → 8",D143,,"Model: X
Source: longitudinal
1 → 8",,E143,,,,F143,,,32475,G143,"IF(OR(COUNTBLANK('Dimensions'!G142)>0,COUNTBLANK('Dimensions'!G15)>0),"""",'Dimensions'!G142+'Dimensions'!G15)",32475,32.475,H143,"IF(COUNTBLANK(G143)>0,"""",G143/1000)",32.475,Tính từ bản vẽ / Derived,I143,,Tính từ bản vẽ / Derived,"Tờ 6
File 4",J143,,"Tờ 6
File 4",Derived from bottom grid chain,K143,,Derived from bottom grid chain,,L143,,,"Positive toward rear. This is a data convention, not a surveyed north/east coordinate.
Calculation: Cumulative sum of printed longitudinal axis spacings; origin axis1=0mm.",M143,,"Positive toward rear. This is a data convention, not a surveyed north/east coordinate.
Calculation: Cumulative sum of printed longitudinal axis spacings; origin axis1=0mm."
144,P137,A144,P137,A144,,P137,"Tọa độ trục dọc
Longitudinal axis coordinate",B144,,"Tọa độ trục dọc
Longitudinal axis coordinate",coordinate,C144,,coordinate,"Model: X
Source: longitudinal
1 → 9",D144,,"Model: X
Source: longitudinal
1 → 9",,E144,,,,F144,,,36975,G144,"IF(OR(COUNTBLANK('Dimensions'!G143)>0,COUNTBLANK('Dimensions'!G16)>0),"""",'Dimensions'!G143+'Dimensions'!G16)",36975,36.975,H144,"IF(COUNTBLANK(G144)>0,"""",G144/1000)",36.975,Tính từ bản vẽ / Derived,I144,,Tính từ bản vẽ / Derived,"Tờ 6
File 4",J144,,"Tờ 6
File 4",Derived from bottom grid chain,K144,,Derived from bottom grid chain,,L144,,,"Positive toward rear. This is a data convention, not a surveyed north/east coordinate.
Calculation: Cumulative sum of printed longitudinal axis spacings; origin axis1=0mm.",M144,,"Positive toward rear. This is a data convention, not a surveyed north/east coordinate.
Calculation: Cumulative sum of printed longitudinal axis spacings; origin axis1=0mm."
145,P138,A145,P138,A145,,P138,"Tọa độ trục dọc
Longitudinal axis coordinate",B145,,"Tọa độ trục dọc
Longitudinal axis coordinate",coordinate,C145,,coordinate,"Model: X
Source: longitudinal
1 → 10",D145,,"Model: X
Source: longitudinal
1 → 10",,E145,,,,F145,,,44175,G145,"IF(OR(COUNTBLANK('Dimensions'!G144)>0,COUNTBLANK('Dimensions'!G17)>0),"""",'Dimensions'!G144+'Dimensions'!G17)",44175,44.175,H145,"IF(COUNTBLANK(G145)>0,"""",G145/1000)",44.175,Tính từ bản vẽ / Derived,I145,,Tính từ bản vẽ / Derived,"Tờ 6
File 4",J145,,"Tờ 6
File 4",Derived from bottom grid chain,K145,,Derived from bottom grid chain,,L145,,,"Positive toward rear. This is a data convention, not a surveyed north/east coordinate.
Calculation: Cumulative sum of printed longitudinal axis spacings; origin axis1=0mm.",M145,,"Positive toward rear. This is a data convention, not a surveyed north/east coordinate.
Calculation: Cumulative sum of printed longitudinal axis spacings; origin axis1=0mm."
146,P139,A146,P139,A146,,P139,"Tọa độ trục dọc
Longitudinal axis coordinate",B146,,"Tọa độ trục dọc
Longitudinal axis coordinate",coordinate,C146,,coordinate,"Model: X
Source: longitudinal
1 → 11",D146,,"Model: X
Source: longitudinal
1 → 11",,E146,,,,F146,,,48675,G146,"IF(OR(COUNTBLANK('Dimensions'!G145)>0,COUNTBLANK('Dimensions'!G18)>0),"""",'Dimensions'!G145+'Dimensions'!G18)",48675,48.675,H146,"IF(COUNTBLANK(G146)>0,"""",G146/1000)",48.675,Tính từ bản vẽ / Derived,I146,,Tính từ bản vẽ / Derived,"Tờ 6
File 4",J146,,"Tờ 6
File 4",Derived from bottom grid chain,K146,,Derived from bottom grid chain,,L146,,,"Positive toward rear. This is a data convention, not a surveyed north/east coordinate.
Calculation: Cumulative sum of printed longitudinal axis spacings; origin axis1=0mm.",M146,,"Positive toward rear. This is a data convention, not a surveyed north/east coordinate.
Calculation: Cumulative sum of printed longitudinal axis spacings; origin axis1=0mm."
147,P140,A147,P140,A147,,P140,"Tọa độ trục dọc
Longitudinal axis coordinate",B147,,"Tọa độ trục dọc
Longitudinal axis coordinate",coordinate,C147,,coordinate,"Model: X
Source: longitudinal
1 → 12",D147,,"Model: X
Source: longitudinal
1 → 12",,E147,,,,F147,,,53016,G147,"IF(OR(COUNTBLANK('Dimensions'!G146)>0,COUNTBLANK('Dimensions'!G19)>0),"""",'Dimensions'!G146+'Dimensions'!G19)",53016,53.016,H147,"IF(COUNTBLANK(G147)>0,"""",G147/1000)",53.016,Tính từ bản vẽ / Derived,I147,,Tính từ bản vẽ / Derived,"Tờ 6
File 4",J147,,"Tờ 6
File 4",Derived from bottom grid chain,K147,,Derived from bottom grid chain,,L147,,,"Positive toward rear. This is a data convention, not a surveyed north/east coordinate.
Calculation: Cumulative sum of printed longitudinal axis spacings; origin axis1=0mm.",M147,,"Positive toward rear. This is a data convention, not a surveyed north/east coordinate.
Calculation: Cumulative sum of printed longitudinal axis spacings; origin axis1=0mm."
148,P141,A148,P141,A148,,P141,"Tọa độ trục ngang
Transverse axis coordinate",B148,,"Tọa độ trục ngang
Transverse axis coordinate",coordinate,C148,,coordinate,"Model: Z
Source: transverse
A → A",D148,,"Model: Z
Source: transverse
A → A",,E148,,,,F148,,,0,G148,0,0,0,H148,"IF(COUNTBLANK(G148)>0,"""",G148/1000)",0,Tính từ bản vẽ / Derived,I148,,Tính từ bản vẽ / Derived,"Tờ 6
File 4",J148,,"Tờ 6
File 4",Derived from transverse grid chain,K148,,Derived from transverse grid chain,,L148,,,"Positive toward I. No axis F occurs in these sheets.
Calculation: Cumulative sum of printed transverse axis spacings; origin axisA=0mm.",M148,,"Positive toward I. No axis F occurs in these sheets.
Calculation: Cumulative sum of printed transverse axis spacings; origin axisA=0mm."
149,P142,A149,P142,A149,,P142,"Tọa độ trục ngang
Transverse axis coordinate",B149,,"Tọa độ trục ngang
Transverse axis coordinate",coordinate,C149,,coordinate,"Model: Z
Source: transverse
A → B",D149,,"Model: Z
Source: transverse
A → B",,E149,,,,F149,,,2835,G149,"IF(OR(COUNTBLANK('Dimensions'!G148)>0,COUNTBLANK('Dimensions'!G20)>0),"""",'Dimensions'!G148+'Dimensions'!G20)",2835,2.835,H149,"IF(COUNTBLANK(G149)>0,"""",G149/1000)",2.835,Tính từ bản vẽ / Derived,I149,,Tính từ bản vẽ / Derived,"Tờ 6
File 4",J149,,"Tờ 6
File 4",Derived from transverse grid chain,K149,,Derived from transverse grid chain,,L149,,,"Positive toward I. No axis F occurs in these sheets.
Calculation: Cumulative sum of printed transverse axis spacings; origin axisA=0mm.",M149,,"Positive toward I. No axis F occurs in these sheets.
Calculation: Cumulative sum of printed transverse axis spacings; origin axisA=0mm."
150,P143,A150,P143,A150,,P143,"Tọa độ trục ngang
Transverse axis coordinate",B150,,"Tọa độ trục ngang
Transverse axis coordinate",coordinate,C150,,coordinate,"Model: Z
Source: transverse
A → C",D150,,"Model: Z
Source: transverse
A → C",,E150,,,,F150,,,5889,G150,"IF(OR(COUNTBLANK('Dimensions'!G149)>0,COUNTBLANK('Dimensions'!G21)>0),"""",'Dimensions'!G149+'Dimensions'!G21)",5889,5.889,H150,"IF(COUNTBLANK(G150)>0,"""",G150/1000)",5.889,Tính từ bản vẽ / Derived,I150,,Tính từ bản vẽ / Derived,"Tờ 6
File 4",J150,,"Tờ 6
File 4",Derived from transverse grid chain,K150,,Derived from transverse grid chain,,L150,,,"Positive toward I. No axis F occurs in these sheets.
Calculation: Cumulative sum of printed transverse axis spacings; origin axisA=0mm.",M150,,"Positive toward I. No axis F occurs in these sheets.
Calculation: Cumulative sum of printed transverse axis spacings; origin axisA=0mm."
151,P144,A151,P144,A151,,P144,"Tọa độ trục ngang
Transverse axis coordinate",B151,,"Tọa độ trục ngang
Transverse axis coordinate",coordinate,C151,,coordinate,"Model: Z
Source: transverse
A → D",D151,,"Model: Z
Source: transverse
A → D",,E151,,,,F151,,,9649,G151,"IF(OR(COUNTBLANK('Dimensions'!G150)>0,COUNTBLANK('Dimensions'!G22)>0),"""",'Dimensions'!G150+'Dimensions'!G22)",9649,9.649,H151,"IF(COUNTBLANK(G151)>0,"""",G151/1000)",9.649,Tính từ bản vẽ / Derived,I151,,Tính từ bản vẽ / Derived,"Tờ 6
File 4",J151,,"Tờ 6
File 4",Derived from transverse grid chain,K151,,Derived from transverse grid chain,,L151,,,"Positive toward I. No axis F occurs in these sheets.
Calculation: Cumulative sum of printed transverse axis spacings; origin axisA=0mm.",M151,,"Positive toward I. No axis F occurs in these sheets.
Calculation: Cumulative sum of printed transverse axis spacings; origin axisA=0mm."
152,P145,A152,P145,A152,,P145,"Tọa độ trục ngang
Transverse axis coordinate",B152,,"Tọa độ trục ngang
Transverse axis coordinate",coordinate,C152,,coordinate,"Model: Z
Source: transverse
A → E",D152,,"Model: Z
Source: transverse
A → E",,E152,,,,F152,,,16849,G152,"IF(OR(COUNTBLANK('Dimensions'!G151)>0,COUNTBLANK('Dimensions'!G23)>0),"""",'Dimensions'!G151+'Dimensions'!G23)",16849,16.849,H152,"IF(COUNTBLANK(G152)>0,"""",G152/1000)",16.849,Tính từ bản vẽ / Derived,I152,,Tính từ bản vẽ / Derived,"Tờ 6
File 4",J152,,"Tờ 6
File 4",Derived from transverse grid chain,K152,,Derived from transverse grid chain,,L152,,,"Positive toward I. No axis F occurs in these sheets.
Calculation: Cumulative sum of printed transverse axis spacings; origin axisA=0mm.",M152,,"Positive toward I. No axis F occurs in these sheets.
Calculation: Cumulative sum of printed transverse axis spacings; origin axisA=0mm."
153,P146,A153,P146,A153,,P146,"Tọa độ trục ngang
Transverse axis coordinate",B153,,"Tọa độ trục ngang
Transverse axis coordinate",coordinate,C153,,coordinate,"Model: Z
Source: transverse
A → G",D153,,"Model: Z
Source: transverse
A → G",,E153,,,,F153,,,20609,G153,"IF(OR(COUNTBLANK('Dimensions'!G152)>0,COUNTBLANK('Dimensions'!G24)>0),"""",'Dimensions'!G152+'Dimensions'!G24)",20609,20.609,H153,"IF(COUNTBLANK(G153)>0,"""",G153/1000)",20.609,Tính từ bản vẽ / Derived,I153,,Tính từ bản vẽ / Derived,"Tờ 6
File 4",J153,,"Tờ 6
File 4",Derived from transverse grid chain,K153,,Derived from transverse grid chain,,L153,,,"Positive toward I. No axis F occurs in these sheets.
Calculation: Cumulative sum of printed transverse axis spacings; origin axisA=0mm.",M153,,"Positive toward I. No axis F occurs in these sheets.
Calculation: Cumulative sum of printed transverse axis spacings; origin axisA=0mm."
154,P147,A154,P147,A154,,P147,"Tọa độ trục ngang
Transverse axis coordinate",B154,,"Tọa độ trục ngang
Transverse axis coordinate",coordinate,C154,,coordinate,"Model: Z
Source: transverse
A → H",D154,,"Model: Z
Source: transverse
A → H",,E154,,,,F154,,,23663,G154,"IF(OR(COUNTBLANK('Dimensions'!G153)>0,COUNTBLANK('Dimensions'!G25)>0),"""",'Dimensions'!G153+'Dimensions'!G25)",23663,23.663,H154,"IF(COUNTBLANK(G154)>0,"""",G154/1000)",23.663,Tính từ bản vẽ / Derived,I154,,Tính từ bản vẽ / Derived,"Tờ 6
File 4",J154,,"Tờ 6
File 4",Derived from transverse grid chain,K154,,Derived from transverse grid chain,,L154,,,"Positive toward I. No axis F occurs in these sheets.
Calculation: Cumulative sum of printed transverse axis spacings; origin axisA=0mm.",M154,,"Positive toward I. No axis F occurs in these sheets.
Calculation: Cumulative sum of printed transverse axis spacings; origin axisA=0mm."
155,P148,A155,P148,A155,,P148,"Tọa độ trục ngang
Transverse axis coordinate",B155,,"Tọa độ trục ngang
Transverse axis coordinate",coordinate,C155,,coordinate,"Model: Z
Source: transverse
A → I",D155,,"Model: Z
Source: transverse
A → I",,E155,,,,F155,,,26498,G155,"IF(OR(COUNTBLANK('Dimensions'!G154)>0,COUNTBLANK('Dimensions'!G26)>0),"""",'Dimensions'!G154+'Dimensions'!G26)",26498,26.498,H155,"IF(COUNTBLANK(G155)>0,"""",G155/1000)",26.498,Tính từ bản vẽ / Derived,I155,,Tính từ bản vẽ / Derived,"Tờ 6
File 4",J155,,"Tờ 6
File 4",Derived from transverse grid chain,K155,,Derived from transverse grid chain,,L155,,,"Positive toward I. No axis F occurs in these sheets.
Calculation: Cumulative sum of printed transverse axis spacings; origin axisA=0mm.",M155,,"Positive toward I. No axis F occurs in these sheets.
Calculation: Cumulative sum of printed transverse axis spacings; origin axisA=0mm."
156,P149,A156,P149,A156,,P149,"Kích thước suy ra
All longitudinal axes",B156,,"Kích thước suy ra
All longitudinal axes",axis_span,C156,,axis_span,"Model: X
Source: longitudinal
1 → 12",D156,,"Model: X
Source: longitudinal
1 → 12",,E156,,,,F156,,,53016,G156,"IF(OR(COUNTBLANK('Dimensions'!G147)>0,COUNTBLANK('Dimensions'!G135)>0),"""",'Dimensions'!G147-'Dimensions'!G135)",53016,53.016,H156,"IF(COUNTBLANK(G156)>0,"""",G156/1000)",53.016,Tính từ bản vẽ / Derived,I156,,Tính từ bản vẽ / Derived,"Tờ 6
File 4",J156,,"Tờ 6
File 4",Derived from file4 printed dimensions,K156,,Derived from file4 printed dimensions,,L156,,,"Use with the named source endpoints; derived, not independently measured.
Calculation: 4900+575+7*4500+7200+4500+4341",M156,,"Use with the named source endpoints; derived, not independently measured.
Calculation: 4900+575+7*4500+7200+4500+4341"
157,P150,A157,P150,A157,,P150,"Kích thước suy ra
Nave grid span",B157,,"Kích thước suy ra
Nave grid span",axis_span,C157,,axis_span,"Model: X
Source: longitudinal
2′ → 12",D157,,"Model: X
Source: longitudinal
2′ → 12",,E157,,,,F157,,,47541,G157,"IF(OR(COUNTBLANK('Dimensions'!G147)>0,COUNTBLANK('Dimensions'!G137)>0),"""",'Dimensions'!G147-'Dimensions'!G137)",47541,47.541,H157,"IF(COUNTBLANK(G157)>0,"""",G157/1000)",47.541,Tính từ bản vẽ / Derived,I157,,Tính từ bản vẽ / Derived,"Tờ 6
File 4",J157,,"Tờ 6
File 4",Derived from file4 printed dimensions,K157,,Derived from file4 printed dimensions,,L157,,,"Use with the named source endpoints; derived, not independently measured.
Calculation: 7*4500+7200+4500+4341",M157,,"Use with the named source endpoints; derived, not independently measured.
Calculation: 7*4500+7200+4500+4341"
158,P151,A158,P151,A158,,P151,"Kích thước suy ra
Main transverse grid span",B158,,"Kích thước suy ra
Main transverse grid span",axis_span,C158,,axis_span,"Model: Z
Source: transverse
B → H",D158,,"Model: Z
Source: transverse
B → H",,E158,,,,F158,,,20828,G158,"IF(OR(COUNTBLANK('Dimensions'!G154)>0,COUNTBLANK('Dimensions'!G149)>0),"""",'Dimensions'!G154-'Dimensions'!G149)",20828,20.828,H158,"IF(COUNTBLANK(G158)>0,"""",G158/1000)",20.828,Tính từ bản vẽ / Derived,I158,,Tính từ bản vẽ / Derived,"Tờ 6
File 4",J158,,"Tờ 6
File 4",Derived from file4 printed dimensions,K158,,Derived from file4 printed dimensions,,L158,,,"Use with the named source endpoints; derived, not independently measured.
Calculation: 3054+3760+7200+3760+3054",M158,,"Use with the named source endpoints; derived, not independently measured.
Calculation: 3054+3760+7200+3760+3054"
159,P152,A159,P152,A159,,P152,"Kích thước suy ra
Full transverse grid span",B159,,"Kích thước suy ra
Full transverse grid span",axis_span,C159,,axis_span,"Model: Z
Source: transverse
A → I",D159,,"Model: Z
Source: transverse
A → I",,E159,,,,F159,,,26498,G159,"IF(OR(COUNTBLANK('Dimensions'!G155)>0,COUNTBLANK('Dimensions'!G148)>0),"""",'Dimensions'!G155-'Dimensions'!G148)",26498,26.498,H159,"IF(COUNTBLANK(G159)>0,"""",G159/1000)",26.498,Tính từ bản vẽ / Derived,I159,,Tính từ bản vẽ / Derived,"Tờ 6
File 4",J159,,"Tờ 6
File 4",Derived from file4 printed dimensions,K159,,Derived from file4 printed dimensions,,L159,,,"Use with the named source endpoints; derived, not independently measured.
Calculation: 2835+3054+3760+7200+3760+3054+2835",M159,,"Use with the named source endpoints; derived, not independently measured.
Calculation: 2835+3054+3760+7200+3760+3054+2835"
160,P153,A160,P153,A160,,P153,"Kích thước suy ra
Nave inner column to side grid span",B160,,"Kích thước suy ra
Nave inner column to side grid span",axis_span,C160,,axis_span,"Model: Z
Source: transverse
C → G",D160,,"Model: Z
Source: transverse
C → G",,E160,,,,F160,,,14720,G160,"IF(OR(COUNTBLANK('Dimensions'!G153)>0,COUNTBLANK('Dimensions'!G150)>0),"""",'Dimensions'!G153-'Dimensions'!G150)",14720,14.72,H160,"IF(COUNTBLANK(G160)>0,"""",G160/1000)",14.72,Tính từ bản vẽ / Derived,I160,,Tính từ bản vẽ / Derived,"Tờ 6
File 4",J160,,"Tờ 6
File 4",Derived from file4 printed dimensions,K160,,Derived from file4 printed dimensions,,L160,,,"Use with the named source endpoints; derived, not independently measured.
Calculation: 3760+7200+3760",M160,,"Use with the named source endpoints; derived, not independently measured.
Calculation: 3760+7200+3760"
161,P154,A161,P154,A161,,P154,"Kích thước suy ra
Centerline from A",B161,,"Kích thước suy ra
Centerline from A",coordinate,C161,,coordinate,"Model: Z
Source: transverse
A → midpoint D–E",D161,,"Model: Z
Source: transverse
A → midpoint D–E",,E161,,,,F161,,,13249,G161,"IF(OR(COUNTBLANK('Dimensions'!G151)>0,COUNTBLANK('Dimensions'!G152)>0),"""",('Dimensions'!G151+'Dimensions'!G152)/2)",13249,13.249,H161,"IF(COUNTBLANK(G161)>0,"""",G161/1000)",13.249,Tính từ bản vẽ / Derived,I161,,Tính từ bản vẽ / Derived,"Tờ 6
File 4",J161,,"Tờ 6
File 4",Derived from file4 printed dimensions,K161,,Derived from file4 printed dimensions,,L161,,,"Use with the named source endpoints; derived, not independently measured.
Calculation: (9649+16849)/2",M161,,"Use with the named source endpoints; derived, not independently measured.
Calculation: (9649+16849)/2"
162,P155,A162,P155,A162,,P155,"Kích thước suy ra
Ground rear exterior projection",B162,,"Kích thước suy ra
Ground rear exterior projection",edge_offset,C162,,edge_offset,"Model: X
Source: longitudinal
12 → rear exterior edge",D162,,"Model: X
Source: longitudinal
12 → rear exterior edge",,E162,,,,F162,,,829,G162,"IF(OR(COUNTBLANK('Dimensions'!G28)>0,COUNTBLANK('Dimensions'!G27)>0,COUNTBLANK('Dimensions'!G156)>0),"""",'Dimensions'!G28-'Dimensions'!G27-'Dimensions'!G156)",829,0.829,H162,"IF(COUNTBLANK(G162)>0,"""",G162/1000)",0.829,Tính từ bản vẽ / Derived,I162,,Tính từ bản vẽ / Derived,"Tờ 6
File 4",J162,,"Tờ 6
File 4",Derived from file4 printed dimensions,K162,,Derived from file4 printed dimensions,,L162,,,"Use with the named source endpoints; derived, not independently measured.
Calculation: 67064-13219-53016",M162,,"Use with the named source endpoints; derived, not independently measured.
Calculation: 67064-13219-53016"
163,P156,A163,P156,A163,,P156,"Kích thước suy ra
Ground front exterior projection",B163,,"Kích thước suy ra
Ground front exterior projection",edge_offset,C163,,edge_offset,"Model: X
Source: longitudinal
front exterior edge → 1",D163,,"Model: X
Source: longitudinal
front exterior edge → 1",,E163,,,,F163,,,949,G163,"IF(OR(COUNTBLANK('Dimensions'!G29)>0,COUNTBLANK('Dimensions'!G156)>0,COUNTBLANK('Dimensions'!G162)>0),"""",'Dimensions'!G29-'Dimensions'!G156-'Dimensions'!G162)",949,0.949,H163,"IF(COUNTBLANK(G163)>0,"""",G163/1000)",0.949,Tính từ bản vẽ / Derived,I163,,Tính từ bản vẽ / Derived,"Tờ 6
File 4",J163,,"Tờ 6
File 4",Derived from file4 printed dimensions,K163,,Derived from file4 printed dimensions,,L163,,,"Use with the named source endpoints; derived, not independently measured.
Calculation: 54794-53016-829",M163,,"Use with the named source endpoints; derived, not independently measured.
Calculation: 54794-53016-829"
164,P157,A164,P157,A164,,P157,"Kích thước suy ra
Inner sanctuary stage width",B164,,"Kích thước suy ra
Inner sanctuary stage width",derived_width,C164,,derived_width,"Model: Z
Source: transverse
upper inner stage edge → lower inner stage edge",D164,,"Model: Z
Source: transverse
upper inner stage edge → lower inner stage edge",,E164,,,,F164,,,9000,G164,"IF(OR(COUNTBLANK('Dimensions'!G120)>0,COUNTBLANK('Dimensions'!G121)>0,COUNTBLANK('Dimensions'!G122)>0,COUNTBLANK('Dimensions'!G123)>0,COUNTBLANK('Dimensions'!G124)>0),"""",'Dimensions'!G120+'Dimensions'!G121+'Dimensions'!G122+'Dimensions'!G123+'Dimensions'!G124)",9000,9,H164,"IF(COUNTBLANK(G164)>0,"""",G164/1000)",9,Tính từ bản vẽ / Derived,I164,,Tính từ bản vẽ / Derived,"Tờ 6
File 4",J164,,"Tờ 6
File 4",Derived from file4 printed dimensions,K164,,Derived from file4 printed dimensions,,L164,,,"Use with the named source endpoints; derived, not independently measured.
Calculation: 900+2650+1900+2650+900",M164,,"Use with the named source endpoints; derived, not independently measured.
Calculation: 900+2650+1900+2650+900"
165,P158,A165,P158,A165,,P158,"Kích thước suy ra
Outer sanctuary stage width",B165,,"Kích thước suy ra
Outer sanctuary stage width",derived_width,C165,,derived_width,"Model: Z
Source: transverse
upper outer stage edge → lower outer stage edge",D165,,"Model: Z
Source: transverse
upper outer stage edge → lower outer stage edge",,E165,,,,F165,,,11000,G165,"IF(OR(COUNTBLANK('Dimensions'!G119)>0,COUNTBLANK('Dimensions'!G164)>0,COUNTBLANK('Dimensions'!G125)>0),"""",'Dimensions'!G119+'Dimensions'!G164+'Dimensions'!G125)",11000,11,H165,"IF(COUNTBLANK(G165)>0,"""",G165/1000)",11,Tính từ bản vẽ / Derived,I165,,Tính từ bản vẽ / Derived,"Tờ 6
File 4",J165,,"Tờ 6
File 4",Derived from file4 printed dimensions,K165,,Derived from file4 printed dimensions,,L165,,,"Use with the named source endpoints; derived, not independently measured.
Calculation: 1000+900+2650+1900+2650+900+1000",M165,,"Use with the named source endpoints; derived, not independently measured.
Calculation: 1000+900+2650+1900+2650+900+1000"
166,P159,A166,P159,A166,,P159,"Lưới trục mặt bằng mái
Roof-plan longitudinal grid",B166,,"Lưới trục mặt bằng mái
Roof-plan longitudinal grid",axis_spacing,C166,,axis_spacing,"Model: X
Source: longitudinal
1 → 2",D166,,"Model: X
Source: longitudinal
1 → 2",4900,E166,,4900,mm,F166,,mm,4900,G166,"IF(COUNTBLANK(E166)>0,"""",E166)",4900,4.9,H166,"IF(COUNTBLANK(G166)>0,"""",G166/1000)",4.9,Ghi trên bản vẽ / Explicit,I166,,Ghi trên bản vẽ / Explicit,"Tờ 11
File 5",J166,,"Tờ 11
File 5",Bottom longitudinal dimension chain,K166,,Bottom longitudinal dimension chain,4900,L166,,4900,Tiny labels recovered with a temporary reduced-stroke reading render; original unchanged.,M166,,Tiny labels recovered with a temporary reduced-stroke reading render; original unchanged.
167,P160,A167,P160,A167,,P160,"Lưới trục mặt bằng mái
Roof-plan longitudinal grid",B167,,"Lưới trục mặt bằng mái
Roof-plan longitudinal grid",axis_spacing,C167,,axis_spacing,"Model: X
Source: longitudinal
2 → 2′",D167,,"Model: X
Source: longitudinal
2 → 2′",575,E167,,575,mm,F167,,mm,575,G167,"IF(COUNTBLANK(E167)>0,"""",E167)",575,0.575,H167,"IF(COUNTBLANK(G167)>0,"""",G167/1000)",0.575,Ghi trên bản vẽ / Explicit,I167,,Ghi trên bản vẽ / Explicit,"Tờ 11
File 5",J167,,"Tờ 11
File 5",Bottom longitudinal dimension chain,K167,,Bottom longitudinal dimension chain,575,L167,,575,Tiny labels recovered with a temporary reduced-stroke reading render; original unchanged.,M167,,Tiny labels recovered with a temporary reduced-stroke reading render; original unchanged.
168,P161,A168,P161,A168,,P161,"Lưới trục mặt bằng mái
Roof-plan longitudinal grid",B168,,"Lưới trục mặt bằng mái
Roof-plan longitudinal grid",axis_spacing,C168,,axis_spacing,"Model: X
Source: longitudinal
2′ → 3",D168,,"Model: X
Source: longitudinal
2′ → 3",4500,E168,,4500,mm,F168,,mm,4500,G168,"IF(COUNTBLANK(E168)>0,"""",E168)",4500,4.5,H168,"IF(COUNTBLANK(G168)>0,"""",G168/1000)",4.5,Ghi trên bản vẽ / Explicit,I168,,Ghi trên bản vẽ / Explicit,"Tờ 11
File 5",J168,,"Tờ 11
File 5",Bottom longitudinal dimension chain,K168,,Bottom longitudinal dimension chain,4500,L168,,4500,Tiny labels recovered with a temporary reduced-stroke reading render; original unchanged.,M168,,Tiny labels recovered with a temporary reduced-stroke reading render; original unchanged.
169,P162,A169,P162,A169,,P162,"Lưới trục mặt bằng mái
Roof-plan longitudinal grid",B169,,"Lưới trục mặt bằng mái
Roof-plan longitudinal grid",axis_spacing,C169,,axis_spacing,"Model: X
Source: longitudinal
3 → 4",D169,,"Model: X
Source: longitudinal
3 → 4",4500,E169,,4500,mm,F169,,mm,4500,G169,"IF(COUNTBLANK(E169)>0,"""",E169)",4500,4.5,H169,"IF(COUNTBLANK(G169)>0,"""",G169/1000)",4.5,Ghi trên bản vẽ / Explicit,I169,,Ghi trên bản vẽ / Explicit,"Tờ 11
File 5",J169,,"Tờ 11
File 5",Bottom longitudinal dimension chain,K169,,Bottom longitudinal dimension chain,4500,L169,,4500,Tiny labels recovered with a temporary reduced-stroke reading render; original unchanged.,M169,,Tiny labels recovered with a temporary reduced-stroke reading render; original unchanged.
170,P163,A170,P163,A170,,P163,"Lưới trục mặt bằng mái
Roof-plan longitudinal grid",B170,,"Lưới trục mặt bằng mái
Roof-plan longitudinal grid",axis_spacing,C170,,axis_spacing,"Model: X
Source: longitudinal
4 → 5",D170,,"Model: X
Source: longitudinal
4 → 5",4500,E170,,4500,mm,F170,,mm,4500,G170,"IF(COUNTBLANK(E170)>0,"""",E170)",4500,4.5,H170,"IF(COUNTBLANK(G170)>0,"""",G170/1000)",4.5,Ghi trên bản vẽ / Explicit,I170,,Ghi trên bản vẽ / Explicit,"Tờ 11
File 5",J170,,"Tờ 11
File 5",Bottom longitudinal dimension chain,K170,,Bottom longitudinal dimension chain,4500,L170,,4500,Tiny labels recovered with a temporary reduced-stroke reading render; original unchanged.,M170,,Tiny labels recovered with a temporary reduced-stroke reading render; original unchanged.
171,P164,A171,P164,A171,,P164,"Lưới trục mặt bằng mái
Roof-plan longitudinal grid",B171,,"Lưới trục mặt bằng mái
Roof-plan longitudinal grid",axis_spacing,C171,,axis_spacing,"Model: X
Source: longitudinal
5 → 6",D171,,"Model: X
Source: longitudinal
5 → 6",4500,E171,,4500,mm,F171,,mm,4500,G171,"IF(COUNTBLANK(E171)>0,"""",E171)",4500,4.5,H171,"IF(COUNTBLANK(G171)>0,"""",G171/1000)",4.5,Ghi trên bản vẽ / Explicit,I171,,Ghi trên bản vẽ / Explicit,"Tờ 11
File 5",J171,,"Tờ 11
File 5",Bottom longitudinal dimension chain,K171,,Bottom longitudinal dimension chain,4500,L171,,4500,Tiny labels recovered with a temporary reduced-stroke reading render; original unchanged.,M171,,Tiny labels recovered with a temporary reduced-stroke reading render; original unchanged.
172,P165,A172,P165,A172,,P165,"Lưới trục mặt bằng mái
Roof-plan longitudinal grid",B172,,"Lưới trục mặt bằng mái
Roof-plan longitudinal grid",axis_spacing,C172,,axis_spacing,"Model: X
Source: longitudinal
6 → 7",D172,,"Model: X
Source: longitudinal
6 → 7",4500,E172,,4500,mm,F172,,mm,4500,G172,"IF(COUNTBLANK(E172)>0,"""",E172)",4500,4.5,H172,"IF(COUNTBLANK(G172)>0,"""",G172/1000)",4.5,Ghi trên bản vẽ / Explicit,I172,,Ghi trên bản vẽ / Explicit,"Tờ 11
File 5",J172,,"Tờ 11
File 5",Bottom longitudinal dimension chain,K172,,Bottom longitudinal dimension chain,4500,L172,,4500,Tiny labels recovered with a temporary reduced-stroke reading render; original unchanged.,M172,,Tiny labels recovered with a temporary reduced-stroke reading render; original unchanged.
173,P166,A173,P166,A173,,P166,"Lưới trục mặt bằng mái
Roof-plan longitudinal grid",B173,,"Lưới trục mặt bằng mái
Roof-plan longitudinal grid",axis_spacing,C173,,axis_spacing,"Model: X
Source: longitudinal
7 → 8",D173,,"Model: X
Source: longitudinal
7 → 8",4500,E173,,4500,mm,F173,,mm,4500,G173,"IF(COUNTBLANK(E173)>0,"""",E173)",4500,4.5,H173,"IF(COUNTBLANK(G173)>0,"""",G173/1000)",4.5,Ghi trên bản vẽ / Explicit,I173,,Ghi trên bản vẽ / Explicit,"Tờ 11
File 5",J173,,"Tờ 11
File 5",Bottom longitudinal dimension chain,K173,,Bottom longitudinal dimension chain,4500,L173,,4500,Tiny labels recovered with a temporary reduced-stroke reading render; original unchanged.,M173,,Tiny labels recovered with a temporary reduced-stroke reading render; original unchanged.
174,P167,A174,P167,A174,,P167,"Lưới trục mặt bằng mái
Roof-plan longitudinal grid",B174,,"Lưới trục mặt bằng mái
Roof-plan longitudinal grid",axis_spacing,C174,,axis_spacing,"Model: X
Source: longitudinal
8 → 9",D174,,"Model: X
Source: longitudinal
8 → 9",4500,E174,,4500,mm,F174,,mm,4500,G174,"IF(COUNTBLANK(E174)>0,"""",E174)",4500,4.5,H174,"IF(COUNTBLANK(G174)>0,"""",G174/1000)",4.5,Ghi trên bản vẽ / Explicit,I174,,Ghi trên bản vẽ / Explicit,"Tờ 11
File 5",J174,,"Tờ 11
File 5",Bottom longitudinal dimension chain,K174,,Bottom longitudinal dimension chain,4500,L174,,4500,Tiny labels recovered with a temporary reduced-stroke reading render; original unchanged.,M174,,Tiny labels recovered with a temporary reduced-stroke reading render; original unchanged.
175,P168,A175,P168,A175,,P168,"Lưới trục mặt bằng mái
Roof-plan longitudinal grid",B175,,"Lưới trục mặt bằng mái
Roof-plan longitudinal grid",axis_spacing,C175,,axis_spacing,"Model: X
Source: longitudinal
9 → 10",D175,,"Model: X
Source: longitudinal
9 → 10",7200,E175,,7200,mm,F175,,mm,7200,G175,"IF(COUNTBLANK(E175)>0,"""",E175)",7200,7.2,H175,"IF(COUNTBLANK(G175)>0,"""",G175/1000)",7.2,Ghi trên bản vẽ / Explicit,I175,,Ghi trên bản vẽ / Explicit,"Tờ 11
File 5",J175,,"Tờ 11
File 5",Bottom longitudinal dimension chain,K175,,Bottom longitudinal dimension chain,7200,L175,,7200,Tiny labels recovered with a temporary reduced-stroke reading render; original unchanged.,M175,,Tiny labels recovered with a temporary reduced-stroke reading render; original unchanged.
176,P169,A176,P169,A176,,P169,"Lưới trục mặt bằng mái
Roof-plan longitudinal grid",B176,,"Lưới trục mặt bằng mái
Roof-plan longitudinal grid",axis_spacing,C176,,axis_spacing,"Model: X
Source: longitudinal
10 → 11",D176,,"Model: X
Source: longitudinal
10 → 11",4500,E176,,4500,mm,F176,,mm,4500,G176,"IF(COUNTBLANK(E176)>0,"""",E176)",4500,4.5,H176,"IF(COUNTBLANK(G176)>0,"""",G176/1000)",4.5,Ghi trên bản vẽ / Explicit,I176,,Ghi trên bản vẽ / Explicit,"Tờ 11
File 5",J176,,"Tờ 11
File 5",Bottom longitudinal dimension chain,K176,,Bottom longitudinal dimension chain,4500,L176,,4500,Tiny labels recovered with a temporary reduced-stroke reading render; original unchanged.,M176,,Tiny labels recovered with a temporary reduced-stroke reading render; original unchanged.
177,P170,A177,P170,A177,,P170,"Lưới trục mặt bằng mái
Roof-plan longitudinal grid",B177,,"Lưới trục mặt bằng mái
Roof-plan longitudinal grid",axis_spacing,C177,,axis_spacing,"Model: X
Source: longitudinal
11 → 12",D177,,"Model: X
Source: longitudinal
11 → 12",4341,E177,,4341,mm,F177,,mm,4341,G177,"IF(COUNTBLANK(E177)>0,"""",E177)",4341,4.341,H177,"IF(COUNTBLANK(G177)>0,"""",G177/1000)",4.341,Ghi trên bản vẽ / Explicit,I177,,Ghi trên bản vẽ / Explicit,"Tờ 11
File 5",J177,,"Tờ 11
File 5",Bottom longitudinal dimension chain,K177,,Bottom longitudinal dimension chain,4341,L177,,4341,Tiny labels recovered with a temporary reduced-stroke reading render; original unchanged.,M177,,Tiny labels recovered with a temporary reduced-stroke reading render; original unchanged.
178,P171,A178,P171,A178,,P171,"Kích thước bao mặt bằng mái
Roof-plan exterior length",B178,,"Kích thước bao mặt bằng mái
Roof-plan exterior length",edge_offset,C178,,edge_offset,"Model: X
Source: longitudinal
front exterior edge → 1",D178,,"Model: X
Source: longitudinal
front exterior edge → 1",915,E178,,915,mm,F178,,mm,915,G178,"IF(COUNTBLANK(E178)>0,"""",E178)",915,0.915,H178,"IF(COUNTBLANK(G178)>0,"""",G178/1000)",0.915,Ghi trên bản vẽ / Explicit,I178,,Ghi trên bản vẽ / Explicit,"Tờ 11
File 5",J178,,"Tờ 11
File 5","Bottom roof chain, leftmost short segment",K178,,"Bottom roof chain, leftmost short segment",915,L178,,915,"Explicit915, not945 or949.",M178,,"Explicit915, not945 or949."
179,P172,A179,P172,A179,,P172,"Kích thước bao mặt bằng mái
Roof-plan exterior length",B179,,"Kích thước bao mặt bằng mái
Roof-plan exterior length",edge_offset,C179,,edge_offset,"Model: X
Source: longitudinal
12 → rear exterior edge",D179,,"Model: X
Source: longitudinal
12 → rear exterior edge",805,E179,,805,mm,F179,,mm,805,G179,"IF(COUNTBLANK(E179)>0,"""",E179)",805,0.805,H179,"IF(COUNTBLANK(G179)>0,"""",G179/1000)",0.805,Ghi trên bản vẽ / Explicit,I179,,Ghi trên bản vẽ / Explicit,"Tờ 11
File 5",J179,,"Tờ 11
File 5","Bottom roof chain, rightmost short segment",K179,,"Bottom roof chain, rightmost short segment",805,L179,,805,"Explicit805, not829.",M179,,"Explicit805, not829."
180,P173,A180,P173,A180,,P173,"Kích thước bao mặt bằng mái
Roof-plan exterior length",B180,,"Kích thước bao mặt bằng mái
Roof-plan exterior length",overall_length,C180,,overall_length,"Model: X
Source: longitudinal
front exterior edge → rear exterior edge",D180,,"Model: X
Source: longitudinal
front exterior edge → rear exterior edge",54736,E180,,54736,mm,F180,,mm,54736,G180,"IF(COUNTBLANK(E180)>0,"""",E180)",54736,54.736,H180,"IF(COUNTBLANK(G180)>0,"""",G180/1000)",54.736,Ghi trên bản vẽ / Explicit,I180,,Ghi trên bản vẽ / Explicit,"Tờ 11
File 5",J180,,"Tờ 11
File 5",Bottom roof overall dimension,K180,,Bottom roof overall dimension,54736,L180,,54736,915+53016+805=54736. Conflicts with top overall54794 on the same sheet.,M180,,915+53016+805=54736. Conflicts with top overall54794 on the same sheet.
181,P174,A181,P174,A181,,P174,"Kích thước bao mặt bằng mái
Roof-plan exterior length",B181,,"Kích thước bao mặt bằng mái
Roof-plan exterior length",overall_length,C181,,overall_length,"Model: X
Source: longitudinal
front exterior edge → rear exterior edge",D181,,"Model: X
Source: longitudinal
front exterior edge → rear exterior edge",54794,E181,,54794,mm,F181,,mm,54794,G181,"IF(COUNTBLANK(E181)>0,"""",E181)",54794,54.794,H181,"IF(COUNTBLANK(G181)>0,"""",G181/1000)",54.794,Ghi trên bản vẽ / Explicit,I181,,Ghi trên bản vẽ / Explicit,"Tờ 11
File 5",J181,,"Tờ 11
File 5",Top roof overall dimension,K181,,Top roof overall dimension,54794,L181,,54794,SOURCE CONFLICT: differs58mm from bottom overall54736. Preserve both pending architect confirmation.,M181,,SOURCE CONFLICT: differs58mm from bottom overall54736. Preserve both pending architect confirmation.
182,P175,A182,P175,A182,,P175,"Cánh ngang mái
Roof side projection",B182,,"Cánh ngang mái
Roof side projection",longitudinal_dimension,C182,,longitudinal_dimension,"Model: X
Source: longitudinal
wing front edge → 9",D182,,"Model: X
Source: longitudinal
wing front edge → 9",995,E182,,995,mm,F182,,mm,995,G182,"IF(COUNTBLANK(E182)>0,"""",E182)",995,0.995,H182,"IF(COUNTBLANK(G182)>0,"""",G182/1000)",0.995,Ghi trên bản vẽ / Explicit,I182,,Ghi trên bản vẽ / Explicit,"Tờ 11
File 5",J182,,"Tờ 11
File 5",Top dimensions at9–10 wing,K182,,Top dimensions at9–10 wing,995,L182,,995,995+7200+993=9188.,M182,,995+7200+993=9188.
183,P176,A183,P176,A183,,P176,"Cánh ngang mái
Roof side projection",B183,,"Cánh ngang mái
Roof side projection",longitudinal_dimension,C183,,longitudinal_dimension,"Model: X
Source: longitudinal
9 → 10",D183,,"Model: X
Source: longitudinal
9 → 10",7200,E183,,7200,mm,F183,,mm,7200,G183,"IF(COUNTBLANK(E183)>0,"""",E183)",7200,7.2,H183,"IF(COUNTBLANK(G183)>0,"""",G183/1000)",7.2,Ghi trên bản vẽ / Explicit,I183,,Ghi trên bản vẽ / Explicit,"Tờ 11
File 5",J183,,"Tờ 11
File 5",Top dimensions at9–10 wing,K183,,Top dimensions at9–10 wing,7200,L183,,7200,995+7200+993=9188.,M183,,995+7200+993=9188.
184,P177,A184,P177,A184,,P177,"Cánh ngang mái
Roof side projection",B184,,"Cánh ngang mái
Roof side projection",longitudinal_dimension,C184,,longitudinal_dimension,"Model: X
Source: longitudinal
10 → wing rear edge",D184,,"Model: X
Source: longitudinal
10 → wing rear edge",993,E184,,993,mm,F184,,mm,993,G184,"IF(COUNTBLANK(E184)>0,"""",E184)",993,0.993,H184,"IF(COUNTBLANK(G184)>0,"""",G184/1000)",0.993,Ghi trên bản vẽ / Explicit,I184,,Ghi trên bản vẽ / Explicit,"Tờ 11
File 5",J184,,"Tờ 11
File 5",Top dimensions at9–10 wing,K184,,Top dimensions at9–10 wing,993,L184,,993,995+7200+993=9188.,M184,,995+7200+993=9188.
185,P178,A185,P178,A185,,P178,"Cánh ngang mái
Roof side projection",B185,,"Cánh ngang mái
Roof side projection",longitudinal_dimension,C185,,longitudinal_dimension,"Model: X
Source: longitudinal
wing front edge → wing rear edge",D185,,"Model: X
Source: longitudinal
wing front edge → wing rear edge",9188,E185,,9188,mm,F185,,mm,9188,G185,"IF(COUNTBLANK(E185)>0,"""",E185)",9188,9.188,H185,"IF(COUNTBLANK(G185)>0,"""",G185/1000)",9.188,Ghi trên bản vẽ / Explicit,I185,,Ghi trên bản vẽ / Explicit,"Tờ 11
File 5",J185,,"Tờ 11
File 5",Top dimensions at9–10 wing,K185,,Top dimensions at9–10 wing,9188,L185,,9188,995+7200+993=9188.,M185,,995+7200+993=9188.
186,P179,A186,P179,A186,,P179,"Kích thước ngang mặt bằng mái
Roof-plan transverse dimensions",B186,,"Kích thước ngang mặt bằng mái
Roof-plan transverse dimensions",edge_offset,C186,,edge_offset,"Model: Z
Source: transverse
upper main exterior edge → H",D186,,"Model: Z
Source: transverse
upper main exterior edge → H",832,E186,,832,mm,F186,,mm,832,G186,"IF(COUNTBLANK(E186)>0,"""",E186)",832,0.832,H186,"IF(COUNTBLANK(G186)>0,"""",G186/1000)",0.832,Ghi trên bản vẽ / Explicit,I186,,Ghi trên bản vẽ / Explicit,"Tờ 11
File 5",J186,,"Tờ 11
File 5",Right-side transverse dimension chains,K186,,Right-side transverse dimension chains,832,L186,,832,,M186,,
187,P180,A187,P180,A187,,P180,"Kích thước ngang mặt bằng mái
Roof-plan transverse dimensions",B187,,"Kích thước ngang mặt bằng mái
Roof-plan transverse dimensions",axis_spacing,C187,,axis_spacing,"Model: Z
Source: transverse
H → G",D187,,"Model: Z
Source: transverse
H → G",3054,E187,,3054,mm,F187,,mm,3054,G187,"IF(COUNTBLANK(E187)>0,"""",E187)",3054,3.054,H187,"IF(COUNTBLANK(G187)>0,"""",G187/1000)",3.054,Ghi trên bản vẽ / Explicit,I187,,Ghi trên bản vẽ / Explicit,"Tờ 11
File 5",J187,,"Tờ 11
File 5",Right-side transverse dimension chains,K187,,Right-side transverse dimension chains,3054,L187,,3054,,M187,,
188,P181,A188,P181,A188,,P181,"Kích thước ngang mặt bằng mái
Roof-plan transverse dimensions",B188,,"Kích thước ngang mặt bằng mái
Roof-plan transverse dimensions",axis_spacing,C188,,axis_spacing,"Model: Z
Source: transverse
G → E",D188,,"Model: Z
Source: transverse
G → E",3760,E188,,3760,mm,F188,,mm,3760,G188,"IF(COUNTBLANK(E188)>0,"""",E188)",3760,3.76,H188,"IF(COUNTBLANK(G188)>0,"""",G188/1000)",3.76,Ghi trên bản vẽ / Explicit,I188,,Ghi trên bản vẽ / Explicit,"Tờ 11
File 5",J188,,"Tờ 11
File 5",Right-side transverse dimension chains,K188,,Right-side transverse dimension chains,3760,L188,,3760,,M188,,
189,P182,A189,P182,A189,,P182,"Kích thước ngang mặt bằng mái
Roof-plan transverse dimensions",B189,,"Kích thước ngang mặt bằng mái
Roof-plan transverse dimensions",axis_spacing,C189,,axis_spacing,"Model: Z
Source: transverse
E → D",D189,,"Model: Z
Source: transverse
E → D",7200,E189,,7200,mm,F189,,mm,7200,G189,"IF(COUNTBLANK(E189)>0,"""",E189)",7200,7.2,H189,"IF(COUNTBLANK(G189)>0,"""",G189/1000)",7.2,Ghi trên bản vẽ / Explicit,I189,,Ghi trên bản vẽ / Explicit,"Tờ 11
File 5",J189,,"Tờ 11
File 5",Right-side transverse dimension chains,K189,,Right-side transverse dimension chains,7200,L189,,7200,,M189,,
190,P183,A190,P183,A190,,P183,"Kích thước ngang mặt bằng mái
Roof-plan transverse dimensions",B190,,"Kích thước ngang mặt bằng mái
Roof-plan transverse dimensions",axis_spacing,C190,,axis_spacing,"Model: Z
Source: transverse
D → C",D190,,"Model: Z
Source: transverse
D → C",3760,E190,,3760,mm,F190,,mm,3760,G190,"IF(COUNTBLANK(E190)>0,"""",E190)",3760,3.76,H190,"IF(COUNTBLANK(G190)>0,"""",G190/1000)",3.76,Ghi trên bản vẽ / Explicit,I190,,Ghi trên bản vẽ / Explicit,"Tờ 11
File 5",J190,,"Tờ 11
File 5",Right-side transverse dimension chains,K190,,Right-side transverse dimension chains,3760,L190,,3760,,M190,,
191,P184,A191,P184,A191,,P184,"Kích thước ngang mặt bằng mái
Roof-plan transverse dimensions",B191,,"Kích thước ngang mặt bằng mái
Roof-plan transverse dimensions",axis_spacing,C191,,axis_spacing,"Model: Z
Source: transverse
C → B",D191,,"Model: Z
Source: transverse
C → B",3054,E191,,3054,mm,F191,,mm,3054,G191,"IF(COUNTBLANK(E191)>0,"""",E191)",3054,3.054,H191,"IF(COUNTBLANK(G191)>0,"""",G191/1000)",3.054,Ghi trên bản vẽ / Explicit,I191,,Ghi trên bản vẽ / Explicit,"Tờ 11
File 5",J191,,"Tờ 11
File 5",Right-side transverse dimension chains,K191,,Right-side transverse dimension chains,3054,L191,,3054,,M191,,
192,P185,A192,P185,A192,,P185,"Kích thước ngang mặt bằng mái
Roof-plan transverse dimensions",B192,,"Kích thước ngang mặt bằng mái
Roof-plan transverse dimensions",edge_offset,C192,,edge_offset,"Model: Z
Source: transverse
B → lower main exterior edge",D192,,"Model: Z
Source: transverse
B → lower main exterior edge",829,E192,,829,mm,F192,,mm,829,G192,"IF(COUNTBLANK(E192)>0,"""",E192)",829,0.829,H192,"IF(COUNTBLANK(G192)>0,"""",G192/1000)",0.829,Ghi trên bản vẽ / Explicit,I192,,Ghi trên bản vẽ / Explicit,"Tờ 11
File 5",J192,,"Tờ 11
File 5",Right-side transverse dimension chains,K192,,Right-side transverse dimension chains,829,L192,,829,,M192,,
193,P186,A193,P186,A193,,P186,"Kích thước ngang mặt bằng mái
Roof-plan transverse dimensions",B193,,"Kích thước ngang mặt bằng mái
Roof-plan transverse dimensions",overall_width,C193,,overall_width,"Model: Z
Source: transverse
upper main exterior edge → lower main exterior edge",D193,,"Model: Z
Source: transverse
upper main exterior edge → lower main exterior edge",22489,E193,,22489,mm,F193,,mm,22489,G193,"IF(COUNTBLANK(E193)>0,"""",E193)",22489,22.489,H193,"IF(COUNTBLANK(G193)>0,"""",G193/1000)",22.489,Ghi trên bản vẽ / Explicit,I193,,Ghi trên bản vẽ / Explicit,"Tờ 11
File 5",J193,,"Tờ 11
File 5",Right-side transverse dimension chains,K193,,Right-side transverse dimension chains,22489,L193,,22489,,M193,,
194,P187,A194,P187,A194,,P187,"Kích thước ngang mặt bằng mái
Roof-plan transverse dimensions",B194,,"Kích thước ngang mặt bằng mái
Roof-plan transverse dimensions",overall_width,C194,,overall_width,"Model: Z
Source: transverse
upper wing exterior edge → lower wing exterior edge",D194,,"Model: Z
Source: transverse
upper wing exterior edge → lower wing exterior edge",28158,E194,,28158,mm,F194,,mm,28158,G194,"IF(COUNTBLANK(E194)>0,"""",E194)",28158,28.158,H194,"IF(COUNTBLANK(G194)>0,"""",G194/1000)",28.158,Ghi trên bản vẽ / Explicit,I194,,Ghi trên bản vẽ / Explicit,"Tờ 11
File 5",J194,,"Tờ 11
File 5",Right-side transverse dimension chains,K194,,Right-side transverse dimension chains,28158,L194,,28158,,M194,,
195,P188,A195,P188,A195,,P188,"Mặt tiền tại cao độ mái
Front facade roof-level plan",B195,,"Mặt tiền tại cao độ mái
Front facade roof-level plan",chain_segment,C195,,chain_segment,"Model: Z
Source: transverse
upper outside edge → I",D195,,"Model: Z
Source: transverse
upper outside edge → I",269,E195,,269,mm,F195,,mm,269,G195,"IF(COUNTBLANK(E195)>0,"""",E195)",269,0.269,H195,"IF(COUNTBLANK(G195)>0,"""",G195/1000)",0.269,Ghi trên bản vẽ / Explicit,I195,,Ghi trên bản vẽ / Explicit,"Tờ 11
File 5",J195,,"Tờ 11
File 5",Left roof-plan facade dimension chain,K195,,Left roof-plan facade dimension chain,269,L195,,269,"Independent front-facade chain, not the largest transept envelope.",M195,,"Independent front-facade chain, not the largest transept envelope."
196,P189,A196,P189,A196,,P189,"Mặt tiền tại cao độ mái
Front facade roof-level plan",B196,,"Mặt tiền tại cao độ mái
Front facade roof-level plan",chain_segment,C196,,chain_segment,"Model: Z
Source: transverse
I → upper tower column center",D196,,"Model: Z
Source: transverse
I → upper tower column center",711,E196,,711,mm,F196,,mm,711,G196,"IF(COUNTBLANK(E196)>0,"""",E196)",711,0.711,H196,"IF(COUNTBLANK(G196)>0,"""",G196/1000)",0.711,Ghi trên bản vẽ / Explicit,I196,,Ghi trên bản vẽ / Explicit,"Tờ 11
File 5",J196,,"Tờ 11
File 5",Left roof-plan facade dimension chain,K196,,Left roof-plan facade dimension chain,711,L196,,711,"Independent front-facade chain, not the largest transept envelope.",M196,,"Independent front-facade chain, not the largest transept envelope."
197,P190,A197,P190,A197,,P190,"Mặt tiền tại cao độ mái
Front facade roof-level plan",B197,,"Mặt tiền tại cao độ mái
Front facade roof-level plan",chain_segment,C197,,chain_segment,"Model: Z
Source: transverse
upper tower column center → H",D197,,"Model: Z
Source: transverse
upper tower column center → H",2124,E197,,2124,mm,F197,,mm,2124,G197,"IF(COUNTBLANK(E197)>0,"""",E197)",2124,2.124,H197,"IF(COUNTBLANK(G197)>0,"""",G197/1000)",2.124,Ghi trên bản vẽ / Explicit,I197,,Ghi trên bản vẽ / Explicit,"Tờ 11
File 5",J197,,"Tờ 11
File 5",Left roof-plan facade dimension chain,K197,,Left roof-plan facade dimension chain,2124,L197,,2124,"Independent front-facade chain, not the largest transept envelope.",M197,,"Independent front-facade chain, not the largest transept envelope."
198,P191,A198,P191,A198,,P191,"Mặt tiền tại cao độ mái
Front facade roof-level plan",B198,,"Mặt tiền tại cao độ mái
Front facade roof-level plan",chain_segment,C198,,chain_segment,"Model: Z
Source: transverse
H → upper tower inner column center",D198,,"Model: Z
Source: transverse
H → upper tower inner column center",2711,E198,,2711,mm,F198,,mm,2711,G198,"IF(COUNTBLANK(E198)>0,"""",E198)",2711,2.711,H198,"IF(COUNTBLANK(G198)>0,"""",G198/1000)",2.711,Ghi trên bản vẽ / Explicit,I198,,Ghi trên bản vẽ / Explicit,"Tờ 11
File 5",J198,,"Tờ 11
File 5",Left roof-plan facade dimension chain,K198,,Left roof-plan facade dimension chain,2711,L198,,2711,"Independent front-facade chain, not the largest transept envelope.",M198,,"Independent front-facade chain, not the largest transept envelope."
199,P192,A199,P192,A199,,P192,"Mặt tiền tại cao độ mái
Front facade roof-level plan",B199,,"Mặt tiền tại cao độ mái
Front facade roof-level plan",chain_segment,C199,,chain_segment,"Model: Z
Source: transverse
upper tower inner column center → G",D199,,"Model: Z
Source: transverse
upper tower inner column center → G",343,E199,,343,mm,F199,,mm,343,G199,"IF(COUNTBLANK(E199)>0,"""",E199)",343,0.343,H199,"IF(COUNTBLANK(G199)>0,"""",G199/1000)",0.343,Ghi trên bản vẽ / Explicit,I199,,Ghi trên bản vẽ / Explicit,"Tờ 11
File 5",J199,,"Tờ 11
File 5",Left roof-plan facade dimension chain,K199,,Left roof-plan facade dimension chain,343,L199,,343,"Independent front-facade chain, not the largest transept envelope.",M199,,"Independent front-facade chain, not the largest transept envelope."
200,P193,A200,P193,A200,,P193,"Mặt tiền tại cao độ mái
Front facade roof-level plan",B200,,"Mặt tiền tại cao độ mái
Front facade roof-level plan",chain_segment,C200,,chain_segment,"Model: Z
Source: transverse
G → E",D200,,"Model: Z
Source: transverse
G → E",3760,E200,,3760,mm,F200,,mm,3760,G200,"IF(COUNTBLANK(E200)>0,"""",E200)",3760,3.76,H200,"IF(COUNTBLANK(G200)>0,"""",G200/1000)",3.76,Ghi trên bản vẽ / Explicit,I200,,Ghi trên bản vẽ / Explicit,"Tờ 11
File 5",J200,,"Tờ 11
File 5",Left roof-plan facade dimension chain,K200,,Left roof-plan facade dimension chain,3760,L200,,3760,"Independent front-facade chain, not the largest transept envelope.",M200,,"Independent front-facade chain, not the largest transept envelope."
201,P194,A201,P194,A201,,P194,"Mặt tiền tại cao độ mái
Front facade roof-level plan",B201,,"Mặt tiền tại cao độ mái
Front facade roof-level plan",chain_segment,C201,,chain_segment,"Model: Z
Source: transverse
E → central facade upper corner",D201,,"Model: Z
Source: transverse
E → central facade upper corner",621,E201,,621,mm,F201,,mm,621,G201,"IF(COUNTBLANK(E201)>0,"""",E201)",621,0.621,H201,"IF(COUNTBLANK(G201)>0,"""",G201/1000)",0.621,Ghi trên bản vẽ / Explicit,I201,,Ghi trên bản vẽ / Explicit,"Tờ 11
File 5",J201,,"Tờ 11
File 5",Left roof-plan facade dimension chain,K201,,Left roof-plan facade dimension chain,621,L201,,621,"Independent front-facade chain, not the largest transept envelope.",M201,,"Independent front-facade chain, not the largest transept envelope."
202,P195,A202,P195,A202,,P195,"Mặt tiền tại cao độ mái
Front facade roof-level plan",B202,,"Mặt tiền tại cao độ mái
Front facade roof-level plan",chain_segment,C202,,chain_segment,"Model: Z
Source: transverse
central facade upper corner → central facade lower corner",D202,,"Model: Z
Source: transverse
central facade upper corner → central facade lower corner",5958,E202,,5958,mm,F202,,mm,5958,G202,"IF(COUNTBLANK(E202)>0,"""",E202)",5958,5.958,H202,"IF(COUNTBLANK(G202)>0,"""",G202/1000)",5.958,Ghi trên bản vẽ / Explicit,I202,,Ghi trên bản vẽ / Explicit,"Tờ 11
File 5",J202,,"Tờ 11
File 5",Left roof-plan facade dimension chain,K202,,Left roof-plan facade dimension chain,5958,L202,,5958,"Independent front-facade chain, not the largest transept envelope.",M202,,"Independent front-facade chain, not the largest transept envelope."
203,P196,A203,P196,A203,,P196,"Mặt tiền tại cao độ mái
Front facade roof-level plan",B203,,"Mặt tiền tại cao độ mái
Front facade roof-level plan",chain_segment,C203,,chain_segment,"Model: Z
Source: transverse
central facade lower corner → D",D203,,"Model: Z
Source: transverse
central facade lower corner → D",621,E203,,621,mm,F203,,mm,621,G203,"IF(COUNTBLANK(E203)>0,"""",E203)",621,0.621,H203,"IF(COUNTBLANK(G203)>0,"""",G203/1000)",0.621,Ghi trên bản vẽ / Explicit,I203,,Ghi trên bản vẽ / Explicit,"Tờ 11
File 5",J203,,"Tờ 11
File 5",Left roof-plan facade dimension chain,K203,,Left roof-plan facade dimension chain,621,L203,,621,"Independent front-facade chain, not the largest transept envelope.",M203,,"Independent front-facade chain, not the largest transept envelope."
204,P197,A204,P197,A204,,P197,"Mặt tiền tại cao độ mái
Front facade roof-level plan",B204,,"Mặt tiền tại cao độ mái
Front facade roof-level plan",chain_segment,C204,,chain_segment,"Model: Z
Source: transverse
D → C",D204,,"Model: Z
Source: transverse
D → C",3760,E204,,3760,mm,F204,,mm,3760,G204,"IF(COUNTBLANK(E204)>0,"""",E204)",3760,3.76,H204,"IF(COUNTBLANK(G204)>0,"""",G204/1000)",3.76,Ghi trên bản vẽ / Explicit,I204,,Ghi trên bản vẽ / Explicit,"Tờ 11
File 5",J204,,"Tờ 11
File 5",Left roof-plan facade dimension chain,K204,,Left roof-plan facade dimension chain,3760,L204,,3760,"Independent front-facade chain, not the largest transept envelope.",M204,,"Independent front-facade chain, not the largest transept envelope."
205,P198,A205,P198,A205,,P198,"Mặt tiền tại cao độ mái
Front facade roof-level plan",B205,,"Mặt tiền tại cao độ mái
Front facade roof-level plan",chain_segment,C205,,chain_segment,"Model: Z
Source: transverse
C → B",D205,,"Model: Z
Source: transverse
C → B",3054,E205,,3054,mm,F205,,mm,3054,G205,"IF(COUNTBLANK(E205)>0,"""",E205)",3054,3.054,H205,"IF(COUNTBLANK(G205)>0,"""",G205/1000)",3.054,Ghi trên bản vẽ / Explicit,I205,,Ghi trên bản vẽ / Explicit,"Tờ 11
File 5",J205,,"Tờ 11
File 5",Left roof-plan facade dimension chain,K205,,Left roof-plan facade dimension chain,3054,L205,,3054,"Independent front-facade chain, not the largest transept envelope.",M205,,"Independent front-facade chain, not the largest transept envelope."
206,P199,A206,P199,A206,,P199,"Mặt tiền tại cao độ mái
Front facade roof-level plan",B206,,"Mặt tiền tại cao độ mái
Front facade roof-level plan",chain_segment,C206,,chain_segment,"Model: Z
Source: transverse
B → A",D206,,"Model: Z
Source: transverse
B → A",2835,E206,,2835,mm,F206,,mm,2835,G206,"IF(COUNTBLANK(E206)>0,"""",E206)",2835,2.835,H206,"IF(COUNTBLANK(G206)>0,"""",G206/1000)",2.835,Ghi trên bản vẽ / Explicit,I206,,Ghi trên bản vẽ / Explicit,"Tờ 11
File 5",J206,,"Tờ 11
File 5",Left roof-plan facade dimension chain,K206,,Left roof-plan facade dimension chain,2835,L206,,2835,"Independent front-facade chain, not the largest transept envelope.",M206,,"Independent front-facade chain, not the largest transept envelope."
207,P200,A207,P200,A207,,P200,"Mặt tiền tại cao độ mái
Front facade roof-level plan",B207,,"Mặt tiền tại cao độ mái
Front facade roof-level plan",chain_segment,C207,,chain_segment,"Model: Z
Source: transverse
A → lower outside edge",D207,,"Model: Z
Source: transverse
A → lower outside edge",269,E207,,269,mm,F207,,mm,269,G207,"IF(COUNTBLANK(E207)>0,"""",E207)",269,0.269,H207,"IF(COUNTBLANK(G207)>0,"""",G207/1000)",0.269,Ghi trên bản vẽ / Explicit,I207,,Ghi trên bản vẽ / Explicit,"Tờ 11
File 5",J207,,"Tờ 11
File 5",Left roof-plan facade dimension chain,K207,,Left roof-plan facade dimension chain,269,L207,,269,"Independent front-facade chain, not the largest transept envelope.",M207,,"Independent front-facade chain, not the largest transept envelope."
208,P201,A208,P201,A208,,P201,"Mặt tiền tại cao độ mái
Front facade roof-level envelope",B208,,"Mặt tiền tại cao độ mái
Front facade roof-level envelope",overall_width,C208,,overall_width,"Model: Z
Source: transverse
upper outside edge → lower outside edge",D208,,"Model: Z
Source: transverse
upper outside edge → lower outside edge",27036,E208,,27036,mm,F208,,mm,27036,G208,"IF(COUNTBLANK(E208)>0,"""",E208)",27036,27.036,H208,"IF(COUNTBLANK(G208)>0,"""",G208/1000)",27.036,Ghi trên bản vẽ / Explicit,I208,,Ghi trên bản vẽ / Explicit,"Tờ 11
File 5",J208,,"Tờ 11
File 5",Left outermost roof-plan dimension,K208,,Left outermost roof-plan dimension,27036,L208,,27036,269+711+2124+2711+343+3760+621+5958+621+3760+3054+2835+269=27036.,M208,,269+711+2124+2711+343+3760+621+5958+621+3760+3054+2835+269=27036.
209,P202,A209,P202,A209,,P202,"Gờ và khoảng lùi mặt tiền
Front facade ledge/setback",B209,,"Gờ và khoảng lùi mặt tiền
Front facade ledge/setback",local_offset,C209,,local_offset,"Model: X
Source: longitudinal
front facade internal ledge line → facade reference near2",D209,,"Model: X
Source: longitudinal
front facade internal ledge line → facade reference near2",2295,E209,,2295,mm,F209,,mm,2295,G209,"IF(COUNTBLANK(E209)>0,"""",E209)",2295,2.295,H209,"IF(COUNTBLANK(G209)>0,"""",G209/1000)",2.295,Ghi trên bản vẽ / Explicit,I209,,Ghi trên bản vẽ / Explicit,"Tờ 11
File 5",J209,,"Tờ 11
File 5",Front lower facade horizontal local dimension beside tower,K209,,Front lower facade horizontal local dimension beside tower,2295,L209,,2295,Local dimensions2295 and565; do not equate565 to grid2–2′575.,M209,,Local dimensions2295 and565; do not equate565 to grid2–2′575.
210,P203,A210,P203,A210,,P203,"Gờ và khoảng lùi mặt tiền
Front facade ledge/setback",B210,,"Gờ và khoảng lùi mặt tiền
Front facade ledge/setback",local_offset,C210,,local_offset,"Model: X
Source: longitudinal
facade reference near2 → 2′",D210,,"Model: X
Source: longitudinal
facade reference near2 → 2′",565,E210,,565,mm,F210,,mm,565,G210,"IF(COUNTBLANK(E210)>0,"""",E210)",565,0.565,H210,"IF(COUNTBLANK(G210)>0,"""",G210/1000)",0.565,Ghi trên bản vẽ / Explicit,I210,,Ghi trên bản vẽ / Explicit,"Tờ 11
File 5",J210,,"Tờ 11
File 5",Front lower facade horizontal local dimension beside tower,K210,,Front lower facade horizontal local dimension beside tower,565,L210,,565,Local dimensions2295 and565; do not equate565 to grid2–2′575.,M210,,Local dimensions2295 and565; do not equate565 to grid2–2′575.
211,P204,A211,P204,A211,,P204,"Cao độ mặt bằng mái
Front tower upper zone",B211,,"Cao độ mặt bằng mái
Front tower upper zone",elevation,C211,,elevation,"Model: Y
Source: vertical
±0.000 datum → Front tower upper zone",D211,,"Model: Y
Source: vertical
±0.000 datum → Front tower upper zone",8.39,E211,,8.39,m,F211,,m,8390,G211,"IF(COUNTBLANK(E211)>0,"""",E211*1000)",8390,8.39,H211,"IF(COUNTBLANK(G211)>0,"""",G211/1000)",8.39,Ghi trên bản vẽ / Explicit,I211,,Ghi trên bản vẽ / Explicit,"Tờ 11
File 5",J211,,"Tờ 11
File 5",Upper front tower roof-plan area,K211,,Upper front tower roof-plan area,"+8,390M",L211,,"+8,390M","Local facade/tower deck level, not the main roof ridge elevation.",M211,,"Local facade/tower deck level, not the main roof ridge elevation."
212,P205,A212,P205,A212,,P205,"Cao độ mặt bằng mái
Front tower lower zone",B212,,"Cao độ mặt bằng mái
Front tower lower zone",elevation,C212,,elevation,"Model: Y
Source: vertical
±0.000 datum → Front tower lower zone",D212,,"Model: Y
Source: vertical
±0.000 datum → Front tower lower zone",8.39,E212,,8.39,m,F212,,m,8390,G212,"IF(COUNTBLANK(E212)>0,"""",E212*1000)",8390,8.39,H212,"IF(COUNTBLANK(G212)>0,"""",G212/1000)",8.39,Ghi trên bản vẽ / Explicit,I212,,Ghi trên bản vẽ / Explicit,"Tờ 11
File 5",J212,,"Tờ 11
File 5",Lower front tower roof-plan area,K212,,Lower front tower roof-plan area,"+8,390M",L212,,"+8,390M","Local facade/tower deck level, not the main roof ridge elevation.",M212,,"Local facade/tower deck level, not the main roof ridge elevation."
213,P206,A213,P206,A213,,P206,"Cao độ mặt bằng mái
Front facade upper side recess",B213,,"Cao độ mặt bằng mái
Front facade upper side recess",elevation,C213,,elevation,"Model: Y
Source: vertical
±0.000 datum → Front facade upper side recess",D213,,"Model: Y
Source: vertical
±0.000 datum → Front facade upper side recess",9.53,E213,,9.53,m,F213,,m,9530,G213,"IF(COUNTBLANK(E213)>0,"""",E213*1000)",9530,9.53,H213,"IF(COUNTBLANK(G213)>0,"""",G213/1000)",9.53,Ghi trên bản vẽ / Explicit,I213,,Ghi trên bản vẽ / Explicit,"Tờ 11
File 5",J213,,"Tờ 11
File 5",Upper intermediate facade recess,K213,,Upper intermediate facade recess,"+9,530M",L213,,"+9,530M","Local facade/tower deck level, not the main roof ridge elevation.",M213,,"Local facade/tower deck level, not the main roof ridge elevation."
214,P207,A214,P207,A214,,P207,"Cao độ mặt bằng mái
Front facade lower side recess",B214,,"Cao độ mặt bằng mái
Front facade lower side recess",elevation,C214,,elevation,"Model: Y
Source: vertical
±0.000 datum → Front facade lower side recess",D214,,"Model: Y
Source: vertical
±0.000 datum → Front facade lower side recess",9.53,E214,,9.53,m,F214,,m,9530,G214,"IF(COUNTBLANK(E214)>0,"""",E214*1000)",9530,9.53,H214,"IF(COUNTBLANK(G214)>0,"""",G214/1000)",9.53,Ghi trên bản vẽ / Explicit,I214,,Ghi trên bản vẽ / Explicit,"Tờ 11
File 5",J214,,"Tờ 11
File 5",Lower intermediate facade recess,K214,,Lower intermediate facade recess,"+9,530M",L214,,"+9,530M","Local facade/tower deck level, not the main roof ridge elevation.",M214,,"Local facade/tower deck level, not the main roof ridge elevation."
215,P208,A215,P208,A215,,P208,"Cao độ mặt bằng mái
Front central facade zone",B215,,"Cao độ mặt bằng mái
Front central facade zone",elevation,C215,,elevation,"Model: Y
Source: vertical
±0.000 datum → Front central facade zone",D215,,"Model: Y
Source: vertical
±0.000 datum → Front central facade zone",11.03,E215,,11.03,m,F215,,m,11030,G215,"IF(COUNTBLANK(E215)>0,"""",E215*1000)",11030,11.03,H215,"IF(COUNTBLANK(G215)>0,"""",G215/1000)",11.03,Ghi trên bản vẽ / Explicit,I215,,Ghi trên bản vẽ / Explicit,"Tờ 11
File 5",J215,,"Tờ 11
File 5","Central facade zone, repeated twice",K215,,"Central facade zone, repeated twice","+11,030M",L215,,"+11,030M","Local facade/tower deck level, not the main roof ridge elevation.",M215,,"Local facade/tower deck level, not the main roof ridge elevation."
216,P209,A216,P209,A216,,P209,"Cần xác nhận
Settlement joints at front",B216,,"Cần xác nhận
Settlement joints at front",joint_width,C216,,joint_width,Source: N/A,D216,,Source: N/A,,E216,,,mm,F216,,mm,,G216,,,,H216,"IF(COUNTBLANK(G216)>0,"""",G216/1000)",,Cần xác nhận / Unresolved,I216,,Cần xác nhận / Unresolved,"Tờ 11
File 5",J216,,"Tờ 11
File 5","Near2′ at H and B, labeled khe lún",K216,,"Near2′ at H and B, labeled khe lún",,L216,,,Both front-body joints are labeled but no width is printed in these plans.,M216,,Both front-body joints are labeled but no width is printed in these plans.
217,P210,A217,P210,A217,,P210,"Cần xác nhận
Wall and pier profiles",B217,,"Cần xác nhận
Wall and pier profiles",complete_section_dimensions,C217,,complete_section_dimensions,Source: N/A,D217,,Source: N/A,,E217,,,mm,F217,,mm,,G217,,,,H217,"IF(COUNTBLANK(G217)>0,"""",G217/1000)",,Cần xác nhận / Unresolved,I217,,Cần xác nhận / Unresolved,"Tờ 6
File 4",J217,,"Tờ 6
File 4","Plan walls, columns, buttresses",K217,,"Plan walls, columns, buttresses",,L217,,,Decorative profiles and many wall/pier sizes are not dimensioned in these two plans; do not obtain exact construction sizes by scaling pixels.,M217,,Decorative profiles and many wall/pier sizes are not dimensioned in these two plans; do not obtain exact construction sizes by scaling pixels.
218,P211,A218,P211,A218,,P211,"Cần xác nhận
Roof pitch",B218,,"Cần xác nhận
Roof pitch",slope_angle,C218,,slope_angle,Source: N/A,D218,,Source: N/A,,E218,,,mm,F218,,mm,,G218,,,,H218,"IF(COUNTBLANK(G218)>0,"""",G218/1000)",,Cần xác nhận / Unresolved,I218,,Cần xác nhận / Unresolved,"Tờ 11
File 5",J218,,"Tờ 11
File 5",Main and transverse roof slopes,K218,,Main and transverse roof slopes,,L218,,,"Roof arrows show drainage/slope direction, but no pitch angle is labeled in the roof plan. Use section elevations.",M218,,"Roof arrows show drainage/slope direction, but no pitch angle is labeled in the roof plan. Use section elevations."
219,P212,A219,P212,A219,,P212,"Cần xác nhận
Roof central and side-wing ridges",B219,,"Cần xác nhận
Roof central and side-wing ridges",ridge_elevations,C219,,ridge_elevations,Source: N/A,D219,,Source: N/A,,E219,,,mm,F219,,mm,,G219,,,,H219,"IF(COUNTBLANK(G219)>0,"""",G219/1000)",,Cần xác nhận / Unresolved,I219,,Cần xác nhận / Unresolved,"Tờ 11
File 5",J219,,"Tờ 11
File 5",Roof plan,K219,,Roof plan,,L219,,,"Ridge positions/topology are shown but heights must be cross-referenced to elevations/sections.
Cross-reference: Main ridge/reference +12.472m is explicitly available in E049/E071/S001. Side-wing ridge heights remain unspecified; preserve the original plan-only UNRESOLVED source status.",M219,,"Ridge positions/topology are shown but heights must be cross-referenced to elevations/sections.
Cross-reference: Main ridge/reference +12.472m is explicitly available in E049/E071/S001. Side-wing ridge heights remain unspecified; preserve the original plan-only UNRESOLVED source status."
220,P213,A220,P213,A220,,P213,"Cần xác nhận
Opening heights",B220,,"Cần xác nhận
Opening heights",height,C220,,height,Source: N/A,D220,,Source: N/A,,E220,,,mm,F220,,mm,,G220,,,,H220,"IF(COUNTBLANK(G220)>0,"""",G220/1000)",,Cần xác nhận / Unresolved,I220,,Cần xác nhận / Unresolved,"Tờ 6
File 4",J220,,"Tờ 6
File 4",Ground plan,K220,,Ground plan,,L220,,,"Widths are dimensioned for selected openings; heights must come from elevations/details.
Cross-reference: Uploaded files8/9, printed sheets12/13, provide selected window and doorway heights/chains. See S088–S134 and derived S150–S155. Mapping every detail to each plan opening and exact curve profiles still requires confirmation; original plan-only status remains unchanged.",M220,,"Widths are dimensioned for selected openings; heights must come from elevations/details.
Cross-reference: Uploaded files8/9, printed sheets12/13, provide selected window and doorway heights/chains. See S088–S134 and derived S150–S155. Mapping every detail to each plan opening and exact curve profiles still requires confirmation; original plan-only status remains unchanged."
221,E001,A221,E001,A221,,E001,"Mặt sân
Courtyard grade",B221,,"Mặt sân
Courtyard grade",elevation,C221,,elevation,"Model: Y
Source: vertical
FFL ±0.000 → Courtyard grade",D221,,"Model: Y
Source: vertical
FFL ±0.000 → Courtyard grade",-2.08,E221,,-2.08,m,F221,,m,-2080,G221,"IF(COUNTBLANK(E221)>0,"""",E221*1000)",-2080,-2.08,H221,"IF(COUNTBLANK(G221)>0,"""",G221/1000)",-2.08,Ghi trên bản vẽ / Explicit,I221,,Ghi trên bản vẽ / Explicit,"Tờ 1
File 1",J221,,"Tờ 1
File 1",Left elevation markers,K221,,Left elevation markers,"-2,08M",L221,,"-2,08M",Same levels also shown on sheet 2. The drawing titles the twin-tower end MẶT ĐỨNG CUỐI.,M221,,Same levels also shown on sheet 2. The drawing titles the twin-tower end MẶT ĐỨNG CUỐI.
222,E002,A222,E002,A222,,E002,"Cốt sàn chuẩn
Floor datum",B222,,"Cốt sàn chuẩn
Floor datum",elevation,C222,,elevation,"Model: Y
Source: vertical
FFL ±0.000 → Floor datum",D222,,"Model: Y
Source: vertical
FFL ±0.000 → Floor datum",0,E222,,0,m,F222,,m,0,G222,"IF(COUNTBLANK(E222)>0,"""",E222*1000)",0,0,H222,"IF(COUNTBLANK(G222)>0,"""",G222/1000)",0,Ghi trên bản vẽ / Explicit,I222,,Ghi trên bản vẽ / Explicit,"Tờ 1
File 1",J222,,"Tờ 1
File 1",Left elevation markers,K222,,Left elevation markers,+00M,L222,,+00M,Same levels also shown on sheet 2. The drawing titles the twin-tower end MẶT ĐỨNG CUỐI.,M222,,Same levels also shown on sheet 2. The drawing titles the twin-tower end MẶT ĐỨNG CUỐI.
223,E003,A223,E003,A223,,E003,"Đỉnh tầng đế tháp
Tower base-stage upper level",B223,,"Đỉnh tầng đế tháp
Tower base-stage upper level",elevation,C223,,elevation,"Model: Y
Source: vertical
FFL ±0.000 → Tower base-stage upper level",D223,,"Model: Y
Source: vertical
FFL ±0.000 → Tower base-stage upper level",8.39,E223,,8.39,m,F223,,m,8390,G223,"IF(COUNTBLANK(E223)>0,"""",E223*1000)",8390,8.39,H223,"IF(COUNTBLANK(G223)>0,"""",G223/1000)",8.39,Ghi trên bản vẽ / Explicit,I223,,Ghi trên bản vẽ / Explicit,"Tờ 1
File 1",J223,,"Tờ 1
File 1",Left elevation markers,K223,,Left elevation markers,"+8,390M",L223,,"+8,390M",Same levels also shown on sheet 2. The drawing titles the twin-tower end MẶT ĐỨNG CUỐI.,M223,,Same levels also shown on sheet 2. The drawing titles the twin-tower end MẶT ĐỨNG CUỐI.
224,E004,A224,E004,A224,,E004,"Đỉnh tầng tháp 1
First upper tower stage level",B224,,"Đỉnh tầng tháp 1
First upper tower stage level",elevation,C224,,elevation,"Model: Y
Source: vertical
FFL ±0.000 → First upper tower stage level",D224,,"Model: Y
Source: vertical
FFL ±0.000 → First upper tower stage level",15.84,E224,,15.84,m,F224,,m,15840,G224,"IF(COUNTBLANK(E224)>0,"""",E224*1000)",15840,15.84,H224,"IF(COUNTBLANK(G224)>0,"""",G224/1000)",15.84,Ghi trên bản vẽ / Explicit,I224,,Ghi trên bản vẽ / Explicit,"Tờ 1
File 1",J224,,"Tờ 1
File 1",Left elevation markers,K224,,Left elevation markers,"+15,840M",L224,,"+15,840M",Same levels also shown on sheet 2. The drawing titles the twin-tower end MẶT ĐỨNG CUỐI.,M224,,Same levels also shown on sheet 2. The drawing titles the twin-tower end MẶT ĐỨNG CUỐI.
225,E005,A225,E005,A225,,E005,"Đỉnh tầng tháp 2
Second upper tower stage level",B225,,"Đỉnh tầng tháp 2
Second upper tower stage level",elevation,C225,,elevation,"Model: Y
Source: vertical
FFL ±0.000 → Second upper tower stage level",D225,,"Model: Y
Source: vertical
FFL ±0.000 → Second upper tower stage level",23.14,E225,,23.14,m,F225,,m,23140,G225,"IF(COUNTBLANK(E225)>0,"""",E225*1000)",23140,23.14,H225,"IF(COUNTBLANK(G225)>0,"""",G225/1000)",23.14,Ghi trên bản vẽ / Explicit,I225,,Ghi trên bản vẽ / Explicit,"Tờ 1
File 1",J225,,"Tờ 1
File 1",Left elevation markers,K225,,Left elevation markers,"+23,140M",L225,,"+23,140M",Same levels also shown on sheet 2. The drawing titles the twin-tower end MẶT ĐỨNG CUỐI.,M225,,Same levels also shown on sheet 2. The drawing titles the twin-tower end MẶT ĐỨNG CUỐI.
226,E006,A226,E006,A226,,E006,"Đáy mái cong tháp
Tower curved-cap base level",B226,,"Đáy mái cong tháp
Tower curved-cap base level",elevation,C226,,elevation,"Model: Y
Source: vertical
FFL ±0.000 → Tower curved-cap base level",D226,,"Model: Y
Source: vertical
FFL ±0.000 → Tower curved-cap base level",29.09,E226,,29.09,m,F226,,m,29090,G226,"IF(COUNTBLANK(E226)>0,"""",E226*1000)",29090,29.09,H226,"IF(COUNTBLANK(G226)>0,"""",G226/1000)",29.09,Ghi trên bản vẽ / Explicit,I226,,Ghi trên bản vẽ / Explicit,"Tờ 1
File 1",J226,,"Tờ 1
File 1",Left elevation markers,K226,,Left elevation markers,"+29,09M",L226,,"+29,09M",Same levels also shown on sheet 2. The drawing titles the twin-tower end MẶT ĐỨNG CUỐI.,M226,,Same levels also shown on sheet 2. The drawing titles the twin-tower end MẶT ĐỨNG CUỐI.
227,E007,A227,E007,A227,,E007,"Đỉnh thánh giá tháp
Tower cross top",B227,,"Đỉnh thánh giá tháp
Tower cross top",elevation,C227,,elevation,"Model: Y
Source: vertical
FFL ±0.000 → Tower cross top",D227,,"Model: Y
Source: vertical
FFL ±0.000 → Tower cross top",36.92,E227,,36.92,m,F227,,m,36920,G227,"IF(COUNTBLANK(E227)>0,"""",E227*1000)",36920,36.92,H227,"IF(COUNTBLANK(G227)>0,"""",G227/1000)",36.92,Ghi trên bản vẽ / Explicit,I227,,Ghi trên bản vẽ / Explicit,"Tờ 1
File 1",J227,,"Tờ 1
File 1",Left elevation markers,K227,,Left elevation markers,"+36,920M",L227,,"+36,920M",Same levels also shown on sheet 2. The drawing titles the twin-tower end MẶT ĐỨNG CUỐI.,M227,,Same levels also shown on sheet 2. The drawing titles the twin-tower end MẶT ĐỨNG CUỐI.
228,E008,A228,E008,A228,,E008,"Chiều cao nền sân lên sàn
Courtyard-to-floor height",B228,,"Chiều cao nền sân lên sàn
Courtyard-to-floor height",vertical segment,C228,,vertical segment,"Model: Y
Source: vertical
Courtyard grade → FFL ±0.000",D228,,"Model: Y
Source: vertical
Courtyard grade → FFL ±0.000",2080,E228,,2080,mm,F228,,mm,2080,G228,"IF(COUNTBLANK(E228)>0,"""",E228)",2080,2.08,H228,"IF(COUNTBLANK(G228)>0,"""",G228/1000)",2.08,Ghi trên bản vẽ / Explicit,I228,,Ghi trên bản vẽ / Explicit,"Tờ 1
File 1",J228,,"Tờ 1
File 1",Right vertical dimension chain,K228,,Right vertical dimension chain,2080,L228,,2080,,M228,,
229,E009,A229,E009,A229,,E009,"Tầng đế tháp
Tower base stage",B229,,"Tầng đế tháp
Tower base stage",vertical segment,C229,,vertical segment,"Model: Y
Source: vertical
FFL ±0.000 → Tower level +8.390",D229,,"Model: Y
Source: vertical
FFL ±0.000 → Tower level +8.390",8390,E229,,8390,mm,F229,,mm,8390,G229,"IF(COUNTBLANK(E229)>0,"""",E229)",8390,8.39,H229,"IF(COUNTBLANK(G229)>0,"""",G229/1000)",8.39,Ghi trên bản vẽ / Explicit,I229,,Ghi trên bản vẽ / Explicit,"Tờ 1
File 1",J229,,"Tờ 1
File 1",Right vertical dimension chain,K229,,Right vertical dimension chain,8390,L229,,8390,,M229,,
230,E010,A230,E010,A230,,E010,"Tầng tháp 1
First upper tower stage",B230,,"Tầng tháp 1
First upper tower stage",vertical segment,C230,,vertical segment,"Model: Y
Source: vertical
Tower level +8.390 → Tower level +15.840",D230,,"Model: Y
Source: vertical
Tower level +8.390 → Tower level +15.840",7450,E230,,7450,mm,F230,,mm,7450,G230,"IF(COUNTBLANK(E230)>0,"""",E230)",7450,7.45,H230,"IF(COUNTBLANK(G230)>0,"""",G230/1000)",7.45,Ghi trên bản vẽ / Explicit,I230,,Ghi trên bản vẽ / Explicit,"Tờ 1
File 1",J230,,"Tờ 1
File 1",Right vertical dimension chain,K230,,Right vertical dimension chain,7450,L230,,7450,,M230,,
231,E011,A231,E011,A231,,E011,"Tầng tháp 2
Second upper tower stage",B231,,"Tầng tháp 2
Second upper tower stage",vertical segment,C231,,vertical segment,"Model: Y
Source: vertical
Tower level +15.840 → Tower level +23.140",D231,,"Model: Y
Source: vertical
Tower level +15.840 → Tower level +23.140",7300,E231,,7300,mm,F231,,mm,7300,G231,"IF(COUNTBLANK(E231)>0,"""",E231)",7300,7.3,H231,"IF(COUNTBLANK(G231)>0,"""",G231/1000)",7.3,Ghi trên bản vẽ / Explicit,I231,,Ghi trên bản vẽ / Explicit,"Tờ 1
File 1",J231,,"Tờ 1
File 1",Right vertical dimension chain,K231,,Right vertical dimension chain,7300,L231,,7300,,M231,,
232,E012,A232,E012,A232,,E012,"Tầng tháp 3
Third upper tower stage",B232,,"Tầng tháp 3
Third upper tower stage",vertical segment,C232,,vertical segment,"Model: Y
Source: vertical
Tower level +23.140 → Tower level +29.090",D232,,"Model: Y
Source: vertical
Tower level +23.140 → Tower level +29.090",5950,E232,,5950,mm,F232,,mm,5950,G232,"IF(COUNTBLANK(E232)>0,"""",E232)",5950,5.95,H232,"IF(COUNTBLANK(G232)>0,"""",G232/1000)",5.95,Ghi trên bản vẽ / Explicit,I232,,Ghi trên bản vẽ / Explicit,"Tờ 1
File 1",J232,,"Tờ 1
File 1",Right vertical dimension chain,K232,,Right vertical dimension chain,5950,L232,,5950,,M232,,
233,E013,A233,E013,A233,,E013,"Phần mái cong tháp
Tower curved-cap segment",B233,,"Phần mái cong tháp
Tower curved-cap segment",vertical segment,C233,,vertical segment,"Model: Y
Source: vertical
Tower level +29.090 → Shown cap shoulder witness line",D233,,"Model: Y
Source: vertical
Tower level +29.090 → Shown cap shoulder witness line",4125,E233,,4125,mm,F233,,mm,4125,G233,"IF(COUNTBLANK(E233)>0,"""",E233)",4125,4.125,H233,"IF(COUNTBLANK(G233)>0,"""",G233/1000)",4.125,Ghi trên bản vẽ / Explicit,I233,,Ghi trên bản vẽ / Explicit,"Tờ 1
File 1",J233,,"Tờ 1
File 1",Right vertical dimension chain,K233,,Right vertical dimension chain,4125,L233,,4125,"Upper three segment dimensions sum to 7,831 mm; level markers give 7,830 mm. Preserve 1 mm drawing discrepancy.",M233,,"Upper three segment dimensions sum to 7,831 mm; level markers give 7,830 mm. Preserve 1 mm drawing discrepancy."
234,E014,A234,E014,A234,,E014,"Bệ đỉnh tháp
Tower upper pedestal segment",B234,,"Bệ đỉnh tháp
Tower upper pedestal segment",vertical segment,C234,,vertical segment,"Model: Y
Source: vertical
Shown cap shoulder witness line → Shown cross-base witness line",D234,,"Model: Y
Source: vertical
Shown cap shoulder witness line → Shown cross-base witness line",1814,E234,,1814,mm,F234,,mm,1814,G234,"IF(COUNTBLANK(E234)>0,"""",E234)",1814,1.814,H234,"IF(COUNTBLANK(G234)>0,"""",G234/1000)",1.814,Ghi trên bản vẽ / Explicit,I234,,Ghi trên bản vẽ / Explicit,"Tờ 1
File 1",J234,,"Tờ 1
File 1",Right vertical dimension chain,K234,,Right vertical dimension chain,1814,L234,,1814,"Upper three segment dimensions sum to 7,831 mm; level markers give 7,830 mm. Preserve 1 mm drawing discrepancy.",M234,,"Upper three segment dimensions sum to 7,831 mm; level markers give 7,830 mm. Preserve 1 mm drawing discrepancy."
235,E015,A235,E015,A235,,E015,"Đoạn đỉnh thánh giá
Top cross segment",B235,,"Đoạn đỉnh thánh giá
Top cross segment",vertical segment,C235,,vertical segment,"Model: Y
Source: vertical
Shown cross-base witness line → Top of tower cross",D235,,"Model: Y
Source: vertical
Shown cross-base witness line → Top of tower cross",1892,E235,,1892,mm,F235,,mm,1892,G235,"IF(COUNTBLANK(E235)>0,"""",E235)",1892,1.892,H235,"IF(COUNTBLANK(G235)>0,"""",G235/1000)",1.892,Ghi trên bản vẽ / Explicit,I235,,Ghi trên bản vẽ / Explicit,"Tờ 1
File 1",J235,,"Tờ 1
File 1",Right vertical dimension chain,K235,,Right vertical dimension chain,1892,L235,,1892,"Upper three segment dimensions sum to 7,831 mm; level markers give 7,830 mm. Preserve 1 mm drawing discrepancy.",M235,,"Upper three segment dimensions sum to 7,831 mm; level markers give 7,830 mm. Preserve 1 mm drawing discrepancy."
236,E016,A236,E016,A236,,E016,"Chiều cao toàn bộ tháp từ sân
Overall tower height from courtyard",B236,,"Chiều cao toàn bộ tháp từ sân
Overall tower height from courtyard",overall height,C236,,overall height,"Model: Y
Source: vertical
Courtyard -2.080 → Tower cross top +36.920",D236,,"Model: Y
Source: vertical
Courtyard -2.080 → Tower cross top +36.920",39000,E236,,39000,mm,F236,,mm,39000,G236,"IF(COUNTBLANK(E236)>0,"""",E236)",39000,39,H236,"IF(COUNTBLANK(G236)>0,"""",G236/1000)",39,Ghi trên bản vẽ / Explicit,I236,,Ghi trên bản vẽ / Explicit,"Tờ 1
File 1",J236,,"Tờ 1
File 1",Far-right overall vertical dimension,K236,,Far-right overall vertical dimension,39000,L236,,39000,"Legible in diagnostic render after reducing PDF line width; original PDF untouched. Corroborated by 36,920 - (-2,080).",M236,,"Legible in diagnostic render after reducing PDF line width; original PDF untouched. Corroborated by 36,920 - (-2,080)."
237,E017,A237,E017,A237,,E017,"Chuỗi kích thước ngang mặt hai tháp
Twin-tower facade transverse dimension chain",B237,,"Chuỗi kích thước ngang mặt hai tháp
Twin-tower facade transverse dimension chain",transverse span,C237,,transverse span,"Model: Z
Source: transverse
Left outer overall witness → Left outer tower witness",D237,,"Model: Z
Source: transverse
Left outer overall witness → Left outer tower witness",1024,E237,,1024,mm,F237,,mm,1024,G237,"IF(COUNTBLANK(E237)>0,"""",E237)",1024,1.024,H237,"IF(COUNTBLANK(G237)>0,"""",G237/1000)",1.024,Ghi trên bản vẽ / Explicit,I237,,Ghi trên bản vẽ / Explicit,"Tờ 1
File 1",J237,,"Tờ 1
File 1",Bottom middle dimension chain,K237,,Bottom middle dimension chain,1024,L237,,1024,Read left-to-right in sheet 1; opposite end sheet 3 reverses the visible grid order.,M237,,Read left-to-right in sheet 1; opposite end sheet 3 reverses the visible grid order.
238,E018,A238,E018,A238,,E018,"Chuỗi kích thước ngang mặt hai tháp
Twin-tower facade transverse dimension chain",B238,,"Chuỗi kích thước ngang mặt hai tháp
Twin-tower facade transverse dimension chain",transverse span,C238,,transverse span,"Model: Z
Source: transverse
Left outer tower witness → Grid H",D238,,"Model: Z
Source: transverse
Left outer tower witness → Grid H",2189,E238,,2189,mm,F238,,mm,2189,G238,"IF(COUNTBLANK(E238)>0,"""",E238)",2189,2.189,H238,"IF(COUNTBLANK(G238)>0,"""",G238/1000)",2.189,Ghi trên bản vẽ / Explicit,I238,,Ghi trên bản vẽ / Explicit,"Tờ 1
File 1",J238,,"Tờ 1
File 1",Bottom middle dimension chain,K238,,Bottom middle dimension chain,2189,L238,,2189,Read left-to-right in sheet 1; opposite end sheet 3 reverses the visible grid order.,M238,,Read left-to-right in sheet 1; opposite end sheet 3 reverses the visible grid order.
239,E019,A239,E019,A239,,E019,"Chuỗi kích thước ngang mặt hai tháp
Twin-tower facade transverse dimension chain",B239,,"Chuỗi kích thước ngang mặt hai tháp
Twin-tower facade transverse dimension chain",transverse span,C239,,transverse span,"Model: Z
Source: transverse
Grid H → Grid G",D239,,"Model: Z
Source: transverse
Grid H → Grid G",3054,E239,,3054,mm,F239,,mm,3054,G239,"IF(COUNTBLANK(E239)>0,"""",E239)",3054,3.054,H239,"IF(COUNTBLANK(G239)>0,"""",G239/1000)",3.054,Ghi trên bản vẽ / Explicit,I239,,Ghi trên bản vẽ / Explicit,"Tờ 1
File 1",J239,,"Tờ 1
File 1",Bottom middle dimension chain,K239,,Bottom middle dimension chain,3054,L239,,3054,Read left-to-right in sheet 1; opposite end sheet 3 reverses the visible grid order.,M239,,Read left-to-right in sheet 1; opposite end sheet 3 reverses the visible grid order.
240,E020,A240,E020,A240,,E020,"Chuỗi kích thước ngang mặt hai tháp
Twin-tower facade transverse dimension chain",B240,,"Chuỗi kích thước ngang mặt hai tháp
Twin-tower facade transverse dimension chain",transverse span,C240,,transverse span,"Model: Z
Source: transverse
Grid G → Grid E",D240,,"Model: Z
Source: transverse
Grid G → Grid E",3760,E240,,3760,mm,F240,,mm,3760,G240,"IF(COUNTBLANK(E240)>0,"""",E240)",3760,3.76,H240,"IF(COUNTBLANK(G240)>0,"""",G240/1000)",3.76,Ghi trên bản vẽ / Explicit,I240,,Ghi trên bản vẽ / Explicit,"Tờ 1
File 1",J240,,"Tờ 1
File 1",Bottom middle dimension chain,K240,,Bottom middle dimension chain,3760,L240,,3760,Read left-to-right in sheet 1; opposite end sheet 3 reverses the visible grid order.,M240,,Read left-to-right in sheet 1; opposite end sheet 3 reverses the visible grid order.
241,E021,A241,E021,A241,,E021,"Chuỗi kích thước ngang mặt hai tháp
Twin-tower facade transverse dimension chain",B241,,"Chuỗi kích thước ngang mặt hai tháp
Twin-tower facade transverse dimension chain",transverse span,C241,,transverse span,"Model: Z
Source: transverse
Grid E → Grid D",D241,,"Model: Z
Source: transverse
Grid E → Grid D",7200,E241,,7200,mm,F241,,mm,7200,G241,"IF(COUNTBLANK(E241)>0,"""",E241)",7200,7.2,H241,"IF(COUNTBLANK(G241)>0,"""",G241/1000)",7.2,Ghi trên bản vẽ / Explicit,I241,,Ghi trên bản vẽ / Explicit,"Tờ 1
File 1",J241,,"Tờ 1
File 1",Bottom middle dimension chain,K241,,Bottom middle dimension chain,7200,L241,,7200,Read left-to-right in sheet 1; opposite end sheet 3 reverses the visible grid order.,M241,,Read left-to-right in sheet 1; opposite end sheet 3 reverses the visible grid order.
242,E022,A242,E022,A242,,E022,"Chuỗi kích thước ngang mặt hai tháp
Twin-tower facade transverse dimension chain",B242,,"Chuỗi kích thước ngang mặt hai tháp
Twin-tower facade transverse dimension chain",transverse span,C242,,transverse span,"Model: Z
Source: transverse
Grid D → Grid C",D242,,"Model: Z
Source: transverse
Grid D → Grid C",3760,E242,,3760,mm,F242,,mm,3760,G242,"IF(COUNTBLANK(E242)>0,"""",E242)",3760,3.76,H242,"IF(COUNTBLANK(G242)>0,"""",G242/1000)",3.76,Ghi trên bản vẽ / Explicit,I242,,Ghi trên bản vẽ / Explicit,"Tờ 1
File 1",J242,,"Tờ 1
File 1",Bottom middle dimension chain,K242,,Bottom middle dimension chain,3760,L242,,3760,Read left-to-right in sheet 1; opposite end sheet 3 reverses the visible grid order.,M242,,Read left-to-right in sheet 1; opposite end sheet 3 reverses the visible grid order.
243,E023,A243,E023,A243,,E023,"Chuỗi kích thước ngang mặt hai tháp
Twin-tower facade transverse dimension chain",B243,,"Chuỗi kích thước ngang mặt hai tháp
Twin-tower facade transverse dimension chain",transverse span,C243,,transverse span,"Model: Z
Source: transverse
Grid C → Grid B",D243,,"Model: Z
Source: transverse
Grid C → Grid B",3054,E243,,3054,mm,F243,,mm,3054,G243,"IF(COUNTBLANK(E243)>0,"""",E243)",3054,3.054,H243,"IF(COUNTBLANK(G243)>0,"""",G243/1000)",3.054,Ghi trên bản vẽ / Explicit,I243,,Ghi trên bản vẽ / Explicit,"Tờ 1
File 1",J243,,"Tờ 1
File 1",Bottom middle dimension chain,K243,,Bottom middle dimension chain,3054,L243,,3054,Read left-to-right in sheet 1; opposite end sheet 3 reverses the visible grid order.,M243,,Read left-to-right in sheet 1; opposite end sheet 3 reverses the visible grid order.
244,E024,A244,E024,A244,,E024,"Chuỗi kích thước ngang mặt hai tháp
Twin-tower facade transverse dimension chain",B244,,"Chuỗi kích thước ngang mặt hai tháp
Twin-tower facade transverse dimension chain",transverse span,C244,,transverse span,"Model: Z
Source: transverse
Grid B → Right outer tower witness",D244,,"Model: Z
Source: transverse
Grid B → Right outer tower witness",2189,E244,,2189,mm,F244,,mm,2189,G244,"IF(COUNTBLANK(E244)>0,"""",E244)",2189,2.189,H244,"IF(COUNTBLANK(G244)>0,"""",G244/1000)",2.189,Ghi trên bản vẽ / Explicit,I244,,Ghi trên bản vẽ / Explicit,"Tờ 1
File 1",J244,,"Tờ 1
File 1",Bottom middle dimension chain,K244,,Bottom middle dimension chain,2189,L244,,2189,Read left-to-right in sheet 1; opposite end sheet 3 reverses the visible grid order.,M244,,Read left-to-right in sheet 1; opposite end sheet 3 reverses the visible grid order.
245,E025,A245,E025,A245,,E025,"Chuỗi kích thước ngang mặt hai tháp
Twin-tower facade transverse dimension chain",B245,,"Chuỗi kích thước ngang mặt hai tháp
Twin-tower facade transverse dimension chain",transverse span,C245,,transverse span,"Model: Z
Source: transverse
Right outer tower witness → Right outer overall witness",D245,,"Model: Z
Source: transverse
Right outer tower witness → Right outer overall witness",1024,E245,,1024,mm,F245,,mm,1024,G245,"IF(COUNTBLANK(E245)>0,"""",E245)",1024,1.024,H245,"IF(COUNTBLANK(G245)>0,"""",G245/1000)",1.024,Ghi trên bản vẽ / Explicit,I245,,Ghi trên bản vẽ / Explicit,"Tờ 1
File 1",J245,,"Tờ 1
File 1",Bottom middle dimension chain,K245,,Bottom middle dimension chain,1024,L245,,1024,Read left-to-right in sheet 1; opposite end sheet 3 reverses the visible grid order.,M245,,Read left-to-right in sheet 1; opposite end sheet 3 reverses the visible grid order.
246,E026,A246,E026,A246,,E026,"Bề rộng tổng mặt hai tháp
Twin-tower facade overall width",B246,,"Bề rộng tổng mặt hai tháp
Twin-tower facade overall width",overall width,C246,,overall width,"Model: Z
Source: transverse
Left outer overall witness → Right outer overall witness",D246,,"Model: Z
Source: transverse
Left outer overall witness → Right outer overall witness",27254,E246,,27254,mm,F246,,mm,27254,G246,"IF(COUNTBLANK(E246)>0,"""",E246)",27254,27.254,H246,"IF(COUNTBLANK(G246)>0,"""",G246/1000)",27.254,Ghi trên bản vẽ / Explicit,I246,,Ghi trên bản vẽ / Explicit,"Tờ 1
File 1",J246,,"Tờ 1
File 1",Bottom overall dimension,K246,,Bottom overall dimension,27254,L246,,27254,The width includes projections outside grids H and B. It is not the width of every building cross-section.,M246,,The width includes projections outside grids H and B. It is not the width of every building cross-section.
247,E027,A247,E027,A247,,E027,"Bề ngang tháp trái
Left tower facade dimension",B247,,"Bề ngang tháp trái
Left tower facade dimension",horizontal subdimension,C247,,horizontal subdimension,"Model: Z
Source: transverse
Left outer tower witness → Left inner tower witness",D247,,"Model: Z
Source: transverse
Left outer tower witness → Left inner tower witness",4900,E247,,4900,mm,F247,,mm,4900,G247,"IF(COUNTBLANK(E247)>0,"""",E247)",4900,4.9,H247,"IF(COUNTBLANK(G247)>0,"""",G247/1000)",4.9,Ghi trên bản vẽ / Explicit,I247,,Ghi trên bản vẽ / Explicit,"Tờ 1
File 1",J247,,"Tờ 1
File 1",Bottom upper partial dimension line,K247,,Bottom upper partial dimension line,4900,L247,,4900,Witness-line dimension; do not interpret as wall thickness or opening clear width without plan/detail.,M247,,Witness-line dimension; do not interpret as wall thickness or opening clear width without plan/detail.
248,E028,A248,E028,A248,,E028,"Lệch mép tháp trái tới G
Left tower edge-to-grid G offset",B248,,"Lệch mép tháp trái tới G
Left tower edge-to-grid G offset",horizontal subdimension,C248,,horizontal subdimension,"Model: Z
Source: transverse
Left inner tower witness → Grid G",D248,,"Model: Z
Source: transverse
Left inner tower witness → Grid G",343,E248,,343,mm,F248,,mm,343,G248,"IF(COUNTBLANK(E248)>0,"""",E248)",343,0.343,H248,"IF(COUNTBLANK(G248)>0,"""",G248/1000)",0.343,Ghi trên bản vẽ / Explicit,I248,,Ghi trên bản vẽ / Explicit,"Tờ 1
File 1",J248,,"Tờ 1
File 1",Bottom upper partial dimension line,K248,,Bottom upper partial dimension line,343,L248,,343,Witness-line dimension; do not interpret as wall thickness or opening clear width without plan/detail.,M248,,Witness-line dimension; do not interpret as wall thickness or opening clear width without plan/detail.
249,E029,A249,E029,A249,,E029,"Lệch trục E vào mặt giữa
Grid E inward central-facade offset",B249,,"Lệch trục E vào mặt giữa
Grid E inward central-facade offset",horizontal subdimension,C249,,horizontal subdimension,"Model: Z
Source: transverse
Grid E → Left central facade witness",D249,,"Model: Z
Source: transverse
Grid E → Left central facade witness",621,E249,,621,mm,F249,,mm,621,G249,"IF(COUNTBLANK(E249)>0,"""",E249)",621,0.621,H249,"IF(COUNTBLANK(G249)>0,"""",G249/1000)",0.621,Ghi trên bản vẽ / Explicit,I249,,Ghi trên bản vẽ / Explicit,"Tờ 1
File 1",J249,,"Tờ 1
File 1",Bottom upper partial dimension line,K249,,Bottom upper partial dimension line,621,L249,,621,"These are witness-line dimensions, not automatically clear door widths. Central 621 + 5,959 + 621 = 7,201 mm, differing by 1 mm from the E-D 7,200 mm span.",M249,,"These are witness-line dimensions, not automatically clear door widths. Central 621 + 5,959 + 621 = 7,201 mm, differing by 1 mm from the E-D 7,200 mm span."
250,E030,A250,E030,A250,,E030,"Bề ngang phần mặt giữa
Central facade witness-line span",B250,,"Bề ngang phần mặt giữa
Central facade witness-line span",horizontal subdimension,C250,,horizontal subdimension,"Model: Z
Source: transverse
Left central facade witness → Right central facade witness",D250,,"Model: Z
Source: transverse
Left central facade witness → Right central facade witness",5959,E250,,5959,mm,F250,,mm,5959,G250,"IF(COUNTBLANK(E250)>0,"""",E250)",5959,5.959,H250,"IF(COUNTBLANK(G250)>0,"""",G250/1000)",5.959,Ghi trên bản vẽ / Explicit,I250,,Ghi trên bản vẽ / Explicit,"Tờ 1
File 1",J250,,"Tờ 1
File 1",Bottom upper partial dimension line,K250,,Bottom upper partial dimension line,5959,L250,,5959,"These are witness-line dimensions, not automatically clear door widths. Central 621 + 5,959 + 621 = 7,201 mm, differing by 1 mm from the E-D 7,200 mm span.",M250,,"These are witness-line dimensions, not automatically clear door widths. Central 621 + 5,959 + 621 = 7,201 mm, differing by 1 mm from the E-D 7,200 mm span."
251,E031,A251,E031,A251,,E031,"Lệch mép mặt giữa tới D
Central-facade edge-to-grid D offset",B251,,"Lệch mép mặt giữa tới D
Central-facade edge-to-grid D offset",horizontal subdimension,C251,,horizontal subdimension,"Model: Z
Source: transverse
Right central facade witness → Grid D",D251,,"Model: Z
Source: transverse
Right central facade witness → Grid D",621,E251,,621,mm,F251,,mm,621,G251,"IF(COUNTBLANK(E251)>0,"""",E251)",621,0.621,H251,"IF(COUNTBLANK(G251)>0,"""",G251/1000)",0.621,Ghi trên bản vẽ / Explicit,I251,,Ghi trên bản vẽ / Explicit,"Tờ 1
File 1",J251,,"Tờ 1
File 1",Bottom upper partial dimension line,K251,,Bottom upper partial dimension line,621,L251,,621,"These are witness-line dimensions, not automatically clear door widths. Central 621 + 5,959 + 621 = 7,201 mm, differing by 1 mm from the E-D 7,200 mm span.",M251,,"These are witness-line dimensions, not automatically clear door widths. Central 621 + 5,959 + 621 = 7,201 mm, differing by 1 mm from the E-D 7,200 mm span."
252,E032,A252,E032,A252,,E032,"Lệch C tới mép tháp phải
Grid C-to-right tower edge offset",B252,,"Lệch C tới mép tháp phải
Grid C-to-right tower edge offset",horizontal subdimension,C252,,horizontal subdimension,"Model: Z
Source: transverse
Grid C → Right inner tower witness",D252,,"Model: Z
Source: transverse
Grid C → Right inner tower witness",343,E252,,343,mm,F252,,mm,343,G252,"IF(COUNTBLANK(E252)>0,"""",E252)",343,0.343,H252,"IF(COUNTBLANK(G252)>0,"""",G252/1000)",0.343,Ghi trên bản vẽ / Explicit,I252,,Ghi trên bản vẽ / Explicit,"Tờ 1
File 1",J252,,"Tờ 1
File 1",Bottom upper partial dimension line,K252,,Bottom upper partial dimension line,343,L252,,343,Witness-line dimension; do not interpret as wall thickness or opening clear width without plan/detail.,M252,,Witness-line dimension; do not interpret as wall thickness or opening clear width without plan/detail.
253,E033,A253,E033,A253,,E033,"Bề ngang tháp phải
Right tower facade dimension",B253,,"Bề ngang tháp phải
Right tower facade dimension",horizontal subdimension,C253,,horizontal subdimension,"Model: Z
Source: transverse
Right inner tower witness → Right outer tower witness",D253,,"Model: Z
Source: transverse
Right inner tower witness → Right outer tower witness",4900,E253,,4900,mm,F253,,mm,4900,G253,"IF(COUNTBLANK(E253)>0,"""",E253)",4900,4.9,H253,"IF(COUNTBLANK(G253)>0,"""",G253/1000)",4.9,Ghi trên bản vẽ / Explicit,I253,,Ghi trên bản vẽ / Explicit,"Tờ 1
File 1",J253,,"Tờ 1
File 1",Bottom upper partial dimension line,K253,,Bottom upper partial dimension line,4900,L253,,4900,Witness-line dimension; do not interpret as wall thickness or opening clear width without plan/detail.,M253,,Witness-line dimension; do not interpret as wall thickness or opening clear width without plan/detail.
254,E034,A254,E034,A254,,E034,"Chiều cao phần thẳng cửa giữa
Central entrance straight opening height",B254,,"Chiều cao phần thẳng cửa giữa
Central entrance straight opening height",height between shown witnesses,C254,,height between shown witnesses,"Model: Y
Source: vertical
FFL ±0.000 → Shown flat transom witness",D254,,"Model: Y
Source: vertical
FFL ±0.000 → Shown flat transom witness",4900,E254,,4900,mm,F254,,mm,4900,G254,"IF(COUNTBLANK(E254)>0,"""",E254)",4900,4.9,H254,"IF(COUNTBLANK(G254)>0,"""",G254/1000)",4.9,Ghi trên bản vẽ / Explicit,I254,,Ghi trên bản vẽ / Explicit,"Tờ 1
File 1",J254,,"Tờ 1
File 1",Central ground-level entrance,K254,,Central ground-level entrance,4900,L254,,4900,Read from tiny outlined numerals using diagnostic line-width-reduced rendering. The endpoints differ: central/intermediate dimensions end at a flat transom; tower dimension ends at the arch apex. Do not treat all as a door schedule.,M254,,Read from tiny outlined numerals using diagnostic line-width-reduced rendering. The endpoints differ: central/intermediate dimensions end at a flat transom; tower dimension ends at the arch apex. Do not treat all as a door schedule.
255,E035,A255,E035,A255,,E035,"Chiều cao phần thẳng cửa giữa và tháp
Intermediate entrance straight opening height",B255,,"Chiều cao phần thẳng cửa giữa và tháp
Intermediate entrance straight opening height",height between shown witnesses,C255,,height between shown witnesses,"Model: Y
Source: vertical
FFL ±0.000 → Shown flat transom witness",D255,,"Model: Y
Source: vertical
FFL ±0.000 → Shown flat transom witness",3756,E255,,3756,mm,F255,,mm,3756,G255,"IF(COUNTBLANK(E255)>0,"""",E255)",3756,3.756,H255,"IF(COUNTBLANK(G255)>0,"""",G255/1000)",3.756,Ghi trên bản vẽ / Explicit,I255,,Ghi trên bản vẽ / Explicit,"Tờ 1
File 1",J255,,"Tờ 1
File 1",Right intermediate ground-level arch,K255,,Right intermediate ground-level arch,3756,L255,,3756,Read from tiny outlined numerals using diagnostic line-width-reduced rendering. The endpoints differ: central/intermediate dimensions end at a flat transom; tower dimension ends at the arch apex. Do not treat all as a door schedule.,M255,,Read from tiny outlined numerals using diagnostic line-width-reduced rendering. The endpoints differ: central/intermediate dimensions end at a flat transom; tower dimension ends at the arch apex. Do not treat all as a door schedule.
256,E036,A256,E036,A256,,E036,"Chiều cao vòm dưới tháp
Outer tower portal arch height",B256,,"Chiều cao vòm dưới tháp
Outer tower portal arch height",height between shown witnesses,C256,,height between shown witnesses,"Model: Y
Source: vertical
FFL ±0.000 → Shown arch apex witness",D256,,"Model: Y
Source: vertical
FFL ±0.000 → Shown arch apex witness",5370,E256,,5370,mm,F256,,mm,5370,G256,"IF(COUNTBLANK(E256)>0,"""",E256)",5370,5.37,H256,"IF(COUNTBLANK(G256)>0,"""",G256/1000)",5.37,Ghi trên bản vẽ / Explicit,I256,,Ghi trên bản vẽ / Explicit,"Tờ 1
File 1",J256,,"Tờ 1
File 1",Right tower ground-level portal,K256,,Right tower ground-level portal,5370,L256,,5370,Read from tiny outlined numerals using diagnostic line-width-reduced rendering. The endpoints differ: central/intermediate dimensions end at a flat transom; tower dimension ends at the arch apex. Do not treat all as a door schedule.,M256,,Read from tiny outlined numerals using diagnostic line-width-reduced rendering. The endpoints differ: central/intermediate dimensions end at a flat transom; tower dimension ends at the arch apex. Do not treat all as a door schedule.
257,E037,A257,E037,A257,,E037,"Kích thước đứng hốc giữa
Central upper niche dimension",B257,,"Kích thước đứng hốc giữa
Central upper niche dimension",height between shown witnesses,C257,,height between shown witnesses,"Model: Y
Source: vertical
Top of shown pedestal witness → Upper shown niche witness",D257,,"Model: Y
Source: vertical
Top of shown pedestal witness → Upper shown niche witness",2930,E257,,2930,mm,F257,,mm,2930,G257,"IF(COUNTBLANK(E257)>0,"""",E257)",2930,2.93,H257,"IF(COUNTBLANK(G257)>0,"""",G257/1000)",2.93,Ghi trên bản vẽ / Explicit,I257,,Ghi trên bản vẽ / Explicit,"Tờ 1
File 1",J257,,"Tờ 1
File 1",Upper central ornamental niche,K257,,Upper central ornamental niche,2930,L257,,2930,Dimension line is inside the niche; record as shown witness-line height. It is not the full outside height of the ornamental assembly.,M257,,Dimension line is inside the niche; record as shown witness-line height. It is not the full outside height of the ornamental assembly.
258,E038,A258,E038,A258,,E038,"Kích thước đứng hốc trái
Left upper niche dimension",B258,,"Kích thước đứng hốc trái
Left upper niche dimension",height between shown witnesses,C258,,height between shown witnesses,"Model: Y
Source: vertical
Top of shown pedestal witness → Upper shown niche witness",D258,,"Model: Y
Source: vertical
Top of shown pedestal witness → Upper shown niche witness",1950,E258,,1950,mm,F258,,mm,1950,G258,"IF(COUNTBLANK(E258)>0,"""",E258)",1950,1.95,H258,"IF(COUNTBLANK(G258)>0,"""",G258/1000)",1.95,Ghi trên bản vẽ / Explicit,I258,,Ghi trên bản vẽ / Explicit,"Tờ 1
File 1",J258,,"Tờ 1
File 1",Upper left ornamental niche,K258,,Upper left ornamental niche,1950,L258,,1950,Dimension line is inside the niche; record as shown witness-line height. It is not the full outside height of the ornamental assembly.,M258,,Dimension line is inside the niche; record as shown witness-line height. It is not the full outside height of the ornamental assembly.
259,E039,A259,E039,A259,,E039,"Kích thước đứng hốc phải
Right upper niche dimension",B259,,"Kích thước đứng hốc phải
Right upper niche dimension",height between shown witnesses,C259,,height between shown witnesses,"Model: Y
Source: vertical
Top of shown pedestal witness → Upper shown niche witness",D259,,"Model: Y
Source: vertical
Top of shown pedestal witness → Upper shown niche witness",1950,E259,,1950,mm,F259,,mm,1950,G259,"IF(COUNTBLANK(E259)>0,"""",E259)",1950,1.95,H259,"IF(COUNTBLANK(G259)>0,"""",G259/1000)",1.95,Ghi trên bản vẽ / Explicit,I259,,Ghi trên bản vẽ / Explicit,"Tờ 1
File 1",J259,,"Tờ 1
File 1",Upper right ornamental niche,K259,,Upper right ornamental niche,1950,L259,,1950,Dimension line is inside the niche; record as shown witness-line height. It is not the full outside height of the ornamental assembly.,M259,,Dimension line is inside the niche; record as shown witness-line height. It is not the full outside height of the ornamental assembly.
260,E040,A260,E040,A260,,E040,"Mặt sân
Courtyard grade",B260,,"Mặt sân
Courtyard grade",elevation,C260,,elevation,"Model: Y
Source: vertical
FFL ±0.000 → Courtyard grade",D260,,"Model: Y
Source: vertical
FFL ±0.000 → Courtyard grade",-2.08,E260,,-2.08,m,F260,,m,-2080,G260,"IF(COUNTBLANK(E260)>0,"""",E260*1000)",-2080,-2.08,H260,"IF(COUNTBLANK(G260)>0,"""",G260/1000)",-2.08,Ghi trên bản vẽ / Explicit,I260,,Ghi trên bản vẽ / Explicit,"Tờ 2
File 2",J260,,"Tờ 2
File 2",Left elevation markers,K260,,Left elevation markers,"-2,08M",L260,,"-2,08M","Cross-check of sheet 1. Sheet 2 title is MẶT ĐỨNG HAI BÊN, a common elevation for both sides.",M260,,"Cross-check of sheet 1. Sheet 2 title is MẶT ĐỨNG HAI BÊN, a common elevation for both sides."
261,E041,A261,E041,A261,,E041,"Cốt sàn chuẩn
Floor datum",B261,,"Cốt sàn chuẩn
Floor datum",elevation,C261,,elevation,"Model: Y
Source: vertical
FFL ±0.000 → Floor datum",D261,,"Model: Y
Source: vertical
FFL ±0.000 → Floor datum",0,E261,,0,m,F261,,m,0,G261,"IF(COUNTBLANK(E261)>0,"""",E261*1000)",0,0,H261,"IF(COUNTBLANK(G261)>0,"""",G261/1000)",0,Ghi trên bản vẽ / Explicit,I261,,Ghi trên bản vẽ / Explicit,"Tờ 2
File 2",J261,,"Tờ 2
File 2",Left elevation markers,K261,,Left elevation markers,+00M,L261,,+00M,"Cross-check of sheet 1. Sheet 2 title is MẶT ĐỨNG HAI BÊN, a common elevation for both sides.",M261,,"Cross-check of sheet 1. Sheet 2 title is MẶT ĐỨNG HAI BÊN, a common elevation for both sides."
262,E042,A262,E042,A262,,E042,"Đỉnh tầng đế tháp
Tower base-stage upper level",B262,,"Đỉnh tầng đế tháp
Tower base-stage upper level",elevation,C262,,elevation,"Model: Y
Source: vertical
FFL ±0.000 → Tower base-stage upper level",D262,,"Model: Y
Source: vertical
FFL ±0.000 → Tower base-stage upper level",8.39,E262,,8.39,m,F262,,m,8390,G262,"IF(COUNTBLANK(E262)>0,"""",E262*1000)",8390,8.39,H262,"IF(COUNTBLANK(G262)>0,"""",G262/1000)",8.39,Ghi trên bản vẽ / Explicit,I262,,Ghi trên bản vẽ / Explicit,"Tờ 2
File 2",J262,,"Tờ 2
File 2",Left elevation markers,K262,,Left elevation markers,"+8,390M",L262,,"+8,390M","Cross-check of sheet 1. Sheet 2 title is MẶT ĐỨNG HAI BÊN, a common elevation for both sides.",M262,,"Cross-check of sheet 1. Sheet 2 title is MẶT ĐỨNG HAI BÊN, a common elevation for both sides."
263,E043,A263,E043,A263,,E043,"Đỉnh tầng tháp 1
First upper tower stage level",B263,,"Đỉnh tầng tháp 1
First upper tower stage level",elevation,C263,,elevation,"Model: Y
Source: vertical
FFL ±0.000 → First upper tower stage level",D263,,"Model: Y
Source: vertical
FFL ±0.000 → First upper tower stage level",15.84,E263,,15.84,m,F263,,m,15840,G263,"IF(COUNTBLANK(E263)>0,"""",E263*1000)",15840,15.84,H263,"IF(COUNTBLANK(G263)>0,"""",G263/1000)",15.84,Ghi trên bản vẽ / Explicit,I263,,Ghi trên bản vẽ / Explicit,"Tờ 2
File 2",J263,,"Tờ 2
File 2",Left elevation markers,K263,,Left elevation markers,"+15,840M",L263,,"+15,840M","Cross-check of sheet 1. Sheet 2 title is MẶT ĐỨNG HAI BÊN, a common elevation for both sides.",M263,,"Cross-check of sheet 1. Sheet 2 title is MẶT ĐỨNG HAI BÊN, a common elevation for both sides."
264,E044,A264,E044,A264,,E044,"Đỉnh tầng tháp 2
Second upper tower stage level",B264,,"Đỉnh tầng tháp 2
Second upper tower stage level",elevation,C264,,elevation,"Model: Y
Source: vertical
FFL ±0.000 → Second upper tower stage level",D264,,"Model: Y
Source: vertical
FFL ±0.000 → Second upper tower stage level",23.14,E264,,23.14,m,F264,,m,23140,G264,"IF(COUNTBLANK(E264)>0,"""",E264*1000)",23140,23.14,H264,"IF(COUNTBLANK(G264)>0,"""",G264/1000)",23.14,Ghi trên bản vẽ / Explicit,I264,,Ghi trên bản vẽ / Explicit,"Tờ 2
File 2",J264,,"Tờ 2
File 2",Left elevation markers,K264,,Left elevation markers,"+23,140M",L264,,"+23,140M","Cross-check of sheet 1. Sheet 2 title is MẶT ĐỨNG HAI BÊN, a common elevation for both sides.",M264,,"Cross-check of sheet 1. Sheet 2 title is MẶT ĐỨNG HAI BÊN, a common elevation for both sides."
265,E045,A265,E045,A265,,E045,"Đáy mái cong tháp
Tower curved-cap base level",B265,,"Đáy mái cong tháp
Tower curved-cap base level",elevation,C265,,elevation,"Model: Y
Source: vertical
FFL ±0.000 → Tower curved-cap base level",D265,,"Model: Y
Source: vertical
FFL ±0.000 → Tower curved-cap base level",29.09,E265,,29.09,m,F265,,m,29090,G265,"IF(COUNTBLANK(E265)>0,"""",E265*1000)",29090,29.09,H265,"IF(COUNTBLANK(G265)>0,"""",G265/1000)",29.09,Ghi trên bản vẽ / Explicit,I265,,Ghi trên bản vẽ / Explicit,"Tờ 2
File 2",J265,,"Tờ 2
File 2",Left elevation markers,K265,,Left elevation markers,"+29,09M",L265,,"+29,09M","Cross-check of sheet 1. Sheet 2 title is MẶT ĐỨNG HAI BÊN, a common elevation for both sides.",M265,,"Cross-check of sheet 1. Sheet 2 title is MẶT ĐỨNG HAI BÊN, a common elevation for both sides."
266,E046,A266,E046,A266,,E046,"Đỉnh thánh giá tháp
Tower cross top",B266,,"Đỉnh thánh giá tháp
Tower cross top",elevation,C266,,elevation,"Model: Y
Source: vertical
FFL ±0.000 → Tower cross top",D266,,"Model: Y
Source: vertical
FFL ±0.000 → Tower cross top",36.92,E266,,36.92,m,F266,,m,36920,G266,"IF(COUNTBLANK(E266)>0,"""",E266*1000)",36920,36.92,H266,"IF(COUNTBLANK(G266)>0,"""",G266/1000)",36.92,Ghi trên bản vẽ / Explicit,I266,,Ghi trên bản vẽ / Explicit,"Tờ 2
File 2",J266,,"Tờ 2
File 2",Left elevation markers,K266,,Left elevation markers,"+36,920M",L266,,"+36,920M","Cross-check of sheet 1. Sheet 2 title is MẶT ĐỨNG HAI BÊN, a common elevation for both sides.",M266,,"Cross-check of sheet 1. Sheet 2 title is MẶT ĐỨNG HAI BÊN, a common elevation for both sides."
267,E047,A267,E047,A267,,E047,"Cao độ diềm mái
Eaves/cornice reference",B267,,"Cao độ diềm mái
Eaves/cornice reference",elevation,C267,,elevation,"Model: Y
Source: vertical
FFL ±0.000 → Eaves/cornice reference",D267,,"Model: Y
Source: vertical
FFL ±0.000 → Eaves/cornice reference",6.324,E267,,6.324,m,F267,,m,6324,G267,"IF(COUNTBLANK(E267)>0,"""",E267*1000)",6324,6.324,H267,"IF(COUNTBLANK(G267)>0,"""",G267/1000)",6.324,Ghi trên bản vẽ / Explicit,I267,,Ghi trên bản vẽ / Explicit,"Tờ 2
File 2",J267,,"Tờ 2
File 2",Right elevation markers,K267,,Right elevation markers,"+6,324M",L267,,"+6,324M",Also explicitly labeled on sheet 3. Match exact architectural witness on original drawing; no decorative geometry inferred from level alone.,M267,,Also explicitly labeled on sheet 3. Match exact architectural witness on original drawing; no decorative geometry inferred from level alone.
268,E048,A268,E048,A268,,E048,"Cao độ mặt đầu trung gian
Opposite-end intermediate facade reference",B268,,"Cao độ mặt đầu trung gian
Opposite-end intermediate facade reference",elevation,C268,,elevation,"Model: Y
Source: vertical
FFL ±0.000 → Opposite-end intermediate facade reference",D268,,"Model: Y
Source: vertical
FFL ±0.000 → Opposite-end intermediate facade reference",8.575,E268,,8.575,m,F268,,m,8575,G268,"IF(COUNTBLANK(E268)>0,"""",E268*1000)",8575,8.575,H268,"IF(COUNTBLANK(G268)>0,"""",G268/1000)",8.575,Ghi trên bản vẽ / Explicit,I268,,Ghi trên bản vẽ / Explicit,"Tờ 2
File 2",J268,,"Tờ 2
File 2",Right elevation markers,K268,,Right elevation markers,"+8,575M",L268,,"+8,575M",Also explicitly labeled on sheet 3. Match exact architectural witness on original drawing; no decorative geometry inferred from level alone.,M268,,Also explicitly labeled on sheet 3. Match exact architectural witness on original drawing; no decorative geometry inferred from level alone.
269,E049,A269,E049,A269,,E049,"Cao độ đỉnh mái chính
Main roof ridge/reference",B269,,"Cao độ đỉnh mái chính
Main roof ridge/reference",elevation,C269,,elevation,"Model: Y
Source: vertical
FFL ±0.000 → Main roof ridge/reference",D269,,"Model: Y
Source: vertical
FFL ±0.000 → Main roof ridge/reference",12.472,E269,,12.472,m,F269,,m,12472,G269,"IF(COUNTBLANK(E269)>0,"""",E269*1000)",12472,12.472,H269,"IF(COUNTBLANK(G269)>0,"""",G269/1000)",12.472,Ghi trên bản vẽ / Explicit,I269,,Ghi trên bản vẽ / Explicit,"Tờ 2
File 2",J269,,"Tờ 2
File 2",Right elevation markers,K269,,Right elevation markers,"+12,472M",L269,,"+12,472M",Also explicitly labeled on sheet 3. Match exact architectural witness on original drawing; no decorative geometry inferred from level alone.,M269,,Also explicitly labeled on sheet 3. Match exact architectural witness on original drawing; no decorative geometry inferred from level alone.
270,E050,A270,E050,A270,,E050,"Đỉnh thánh giá đầu nhà
Opposite-end cross top",B270,,"Đỉnh thánh giá đầu nhà
Opposite-end cross top",elevation,C270,,elevation,"Model: Y
Source: vertical
FFL ±0.000 → Opposite-end cross top",D270,,"Model: Y
Source: vertical
FFL ±0.000 → Opposite-end cross top",17.829,E270,,17.829,m,F270,,m,17829,G270,"IF(COUNTBLANK(E270)>0,"""",E270*1000)",17829,17.829,H270,"IF(COUNTBLANK(G270)>0,"""",G270/1000)",17.829,Ghi trên bản vẽ / Explicit,I270,,Ghi trên bản vẽ / Explicit,"Tờ 2
File 2",J270,,"Tờ 2
File 2",Right elevation markers,K270,,Right elevation markers,"+17,829M",L270,,"+17,829M",Also explicitly labeled on sheet 3. Match exact architectural witness on original drawing; no decorative geometry inferred from level alone.,M270,,Also explicitly labeled on sheet 3. Match exact architectural witness on original drawing; no decorative geometry inferred from level alone.
271,E051,A271,E051,A271,,E051,"Chuỗi kích thước dọc nhà
Longitudinal elevation chain",B271,,"Chuỗi kích thước dọc nhà
Longitudinal elevation chain",longitudinal span,C271,,longitudinal span,"Model: X
Source: longitudinal
Front ramp/approach toe witness → Grid 1",D271,,"Model: X
Source: longitudinal
Front ramp/approach toe witness → Grid 1",13194,E271,,13194,mm,F271,,mm,13194,G271,"IF(COUNTBLANK(E271)>0,"""",E271)",13194,13.194,H271,"IF(COUNTBLANK(G271)>0,"""",G271/1000)",13.194,Ghi trên bản vẽ / Explicit,I271,,Ghi trên bản vẽ / Explicit,"Tờ 2
File 2",J271,,"Tờ 2
File 2",Bottom dimension chain,K271,,Bottom dimension chain,13194,L271,,13194,"13,194 mm is the approach/ramp segment outside grid 1, not a building room.",M271,,"13,194 mm is the approach/ramp segment outside grid 1, not a building room."
272,E052,A272,E052,A272,,E052,"Chuỗi kích thước dọc nhà
Longitudinal elevation chain",B272,,"Chuỗi kích thước dọc nhà
Longitudinal elevation chain",longitudinal span,C272,,longitudinal span,"Model: X
Source: longitudinal
Grid 1 → Grid 2",D272,,"Model: X
Source: longitudinal
Grid 1 → Grid 2",4900,E272,,4900,mm,F272,,mm,4900,G272,"IF(COUNTBLANK(E272)>0,"""",E272)",4900,4.9,H272,"IF(COUNTBLANK(G272)>0,"""",G272/1000)",4.9,Ghi trên bản vẽ / Explicit,I272,,Ghi trên bản vẽ / Explicit,"Tờ 2
File 2",J272,,"Tờ 2
File 2",Bottom dimension chain,K272,,Bottom dimension chain,4900,L272,,4900,,M272,,
273,E053,A273,E053,A273,,E053,"Chuỗi kích thước dọc nhà
Longitudinal elevation chain",B273,,"Chuỗi kích thước dọc nhà
Longitudinal elevation chain",longitudinal span,C273,,longitudinal span,"Model: X
Source: longitudinal
Grid 2 → Grid 2*",D273,,"Model: X
Source: longitudinal
Grid 2 → Grid 2*",575,E273,,575,mm,F273,,mm,575,G273,"IF(COUNTBLANK(E273)>0,"""",E273)",575,0.575,H273,"IF(COUNTBLANK(G273)>0,"""",G273/1000)",0.575,Ghi trên bản vẽ / Explicit,I273,,Ghi trên bản vẽ / Explicit,"Tờ 2
File 2",J273,,"Tờ 2
File 2",Bottom dimension chain,K273,,Bottom dimension chain,575,L273,,575,,M273,,
274,E054,A274,E054,A274,,E054,"Chuỗi kích thước dọc nhà
Longitudinal elevation chain",B274,,"Chuỗi kích thước dọc nhà
Longitudinal elevation chain",longitudinal span,C274,,longitudinal span,"Model: X
Source: longitudinal
Grid 2* → Grid 3",D274,,"Model: X
Source: longitudinal
Grid 2* → Grid 3",4500,E274,,4500,mm,F274,,mm,4500,G274,"IF(COUNTBLANK(E274)>0,"""",E274)",4500,4.5,H274,"IF(COUNTBLANK(G274)>0,"""",G274/1000)",4.5,Ghi trên bản vẽ / Explicit,I274,,Ghi trên bản vẽ / Explicit,"Tờ 2
File 2",J274,,"Tờ 2
File 2",Bottom dimension chain,K274,,Bottom dimension chain,4500,L274,,4500,,M274,,
275,E055,A275,E055,A275,,E055,"Chuỗi kích thước dọc nhà
Longitudinal elevation chain",B275,,"Chuỗi kích thước dọc nhà
Longitudinal elevation chain",longitudinal span,C275,,longitudinal span,"Model: X
Source: longitudinal
Grid 3 → Grid 4",D275,,"Model: X
Source: longitudinal
Grid 3 → Grid 4",4500,E275,,4500,mm,F275,,mm,4500,G275,"IF(COUNTBLANK(E275)>0,"""",E275)",4500,4.5,H275,"IF(COUNTBLANK(G275)>0,"""",G275/1000)",4.5,Ghi trên bản vẽ / Explicit,I275,,Ghi trên bản vẽ / Explicit,"Tờ 2
File 2",J275,,"Tờ 2
File 2",Bottom dimension chain,K275,,Bottom dimension chain,4500,L275,,4500,,M275,,
276,E056,A276,E056,A276,,E056,"Chuỗi kích thước dọc nhà
Longitudinal elevation chain",B276,,"Chuỗi kích thước dọc nhà
Longitudinal elevation chain",longitudinal span,C276,,longitudinal span,"Model: X
Source: longitudinal
Grid 4 → Grid 5",D276,,"Model: X
Source: longitudinal
Grid 4 → Grid 5",4500,E276,,4500,mm,F276,,mm,4500,G276,"IF(COUNTBLANK(E276)>0,"""",E276)",4500,4.5,H276,"IF(COUNTBLANK(G276)>0,"""",G276/1000)",4.5,Ghi trên bản vẽ / Explicit,I276,,Ghi trên bản vẽ / Explicit,"Tờ 2
File 2",J276,,"Tờ 2
File 2",Bottom dimension chain,K276,,Bottom dimension chain,4500,L276,,4500,,M276,,
277,E057,A277,E057,A277,,E057,"Chuỗi kích thước dọc nhà
Longitudinal elevation chain",B277,,"Chuỗi kích thước dọc nhà
Longitudinal elevation chain",longitudinal span,C277,,longitudinal span,"Model: X
Source: longitudinal
Grid 5 → Grid 6",D277,,"Model: X
Source: longitudinal
Grid 5 → Grid 6",4500,E277,,4500,mm,F277,,mm,4500,G277,"IF(COUNTBLANK(E277)>0,"""",E277)",4500,4.5,H277,"IF(COUNTBLANK(G277)>0,"""",G277/1000)",4.5,Ghi trên bản vẽ / Explicit,I277,,Ghi trên bản vẽ / Explicit,"Tờ 2
File 2",J277,,"Tờ 2
File 2",Bottom dimension chain,K277,,Bottom dimension chain,4500,L277,,4500,,M277,,
278,E058,A278,E058,A278,,E058,"Chuỗi kích thước dọc nhà
Longitudinal elevation chain",B278,,"Chuỗi kích thước dọc nhà
Longitudinal elevation chain",longitudinal span,C278,,longitudinal span,"Model: X
Source: longitudinal
Grid 6 → Grid 7",D278,,"Model: X
Source: longitudinal
Grid 6 → Grid 7",4500,E278,,4500,mm,F278,,mm,4500,G278,"IF(COUNTBLANK(E278)>0,"""",E278)",4500,4.5,H278,"IF(COUNTBLANK(G278)>0,"""",G278/1000)",4.5,Ghi trên bản vẽ / Explicit,I278,,Ghi trên bản vẽ / Explicit,"Tờ 2
File 2",J278,,"Tờ 2
File 2",Bottom dimension chain,K278,,Bottom dimension chain,4500,L278,,4500,,M278,,
279,E059,A279,E059,A279,,E059,"Chuỗi kích thước dọc nhà
Longitudinal elevation chain",B279,,"Chuỗi kích thước dọc nhà
Longitudinal elevation chain",longitudinal span,C279,,longitudinal span,"Model: X
Source: longitudinal
Grid 7 → Grid 8",D279,,"Model: X
Source: longitudinal
Grid 7 → Grid 8",4500,E279,,4500,mm,F279,,mm,4500,G279,"IF(COUNTBLANK(E279)>0,"""",E279)",4500,4.5,H279,"IF(COUNTBLANK(G279)>0,"""",G279/1000)",4.5,Ghi trên bản vẽ / Explicit,I279,,Ghi trên bản vẽ / Explicit,"Tờ 2
File 2",J279,,"Tờ 2
File 2",Bottom dimension chain,K279,,Bottom dimension chain,4500,L279,,4500,,M279,,
280,E060,A280,E060,A280,,E060,"Chuỗi kích thước dọc nhà
Longitudinal elevation chain",B280,,"Chuỗi kích thước dọc nhà
Longitudinal elevation chain",longitudinal span,C280,,longitudinal span,"Model: X
Source: longitudinal
Grid 8 → Grid 9",D280,,"Model: X
Source: longitudinal
Grid 8 → Grid 9",4500,E280,,4500,mm,F280,,mm,4500,G280,"IF(COUNTBLANK(E280)>0,"""",E280)",4500,4.5,H280,"IF(COUNTBLANK(G280)>0,"""",G280/1000)",4.5,Ghi trên bản vẽ / Explicit,I280,,Ghi trên bản vẽ / Explicit,"Tờ 2
File 2",J280,,"Tờ 2
File 2",Bottom dimension chain,K280,,Bottom dimension chain,4500,L280,,4500,,M280,,
281,E061,A281,E061,A281,,E061,"Chuỗi kích thước dọc nhà
Longitudinal elevation chain",B281,,"Chuỗi kích thước dọc nhà
Longitudinal elevation chain",longitudinal span,C281,,longitudinal span,"Model: X
Source: longitudinal
Grid 9 → Grid 10",D281,,"Model: X
Source: longitudinal
Grid 9 → Grid 10",7200,E281,,7200,mm,F281,,mm,7200,G281,"IF(COUNTBLANK(E281)>0,"""",E281)",7200,7.2,H281,"IF(COUNTBLANK(G281)>0,"""",G281/1000)",7.2,Ghi trên bản vẽ / Explicit,I281,,Ghi trên bản vẽ / Explicit,"Tờ 2
File 2",J281,,"Tờ 2
File 2",Bottom dimension chain,K281,,Bottom dimension chain,7200,L281,,7200,,M281,,
282,E062,A282,E062,A282,,E062,"Chuỗi kích thước dọc nhà
Longitudinal elevation chain",B282,,"Chuỗi kích thước dọc nhà
Longitudinal elevation chain",longitudinal span,C282,,longitudinal span,"Model: X
Source: longitudinal
Grid 10 → Grid 11",D282,,"Model: X
Source: longitudinal
Grid 10 → Grid 11",4500,E282,,4500,mm,F282,,mm,4500,G282,"IF(COUNTBLANK(E282)>0,"""",E282)",4500,4.5,H282,"IF(COUNTBLANK(G282)>0,"""",G282/1000)",4.5,Ghi trên bản vẽ / Explicit,I282,,Ghi trên bản vẽ / Explicit,"Tờ 2
File 2",J282,,"Tờ 2
File 2",Bottom dimension chain,K282,,Bottom dimension chain,4500,L282,,4500,,M282,,
283,E063,A283,E063,A283,,E063,"Chuỗi kích thước dọc nhà
Longitudinal elevation chain",B283,,"Chuỗi kích thước dọc nhà
Longitudinal elevation chain",longitudinal span,C283,,longitudinal span,"Model: X
Source: longitudinal
Grid 11 → Grid 12",D283,,"Model: X
Source: longitudinal
Grid 11 → Grid 12",4341,E283,,4341,mm,F283,,mm,4341,G283,"IF(COUNTBLANK(E283)>0,"""",E283)",4341,4.341,H283,"IF(COUNTBLANK(G283)>0,"""",G283/1000)",4.341,Ghi trên bản vẽ / Explicit,I283,,Ghi trên bản vẽ / Explicit,"Tờ 2
File 2",J283,,"Tờ 2
File 2",Bottom dimension chain,K283,,Bottom dimension chain,4341,L283,,4341,,M283,,
284,E064,A284,E064,A284,,E064,"Chuỗi kích thước dọc nhà
Longitudinal elevation chain",B284,,"Chuỗi kích thước dọc nhà
Longitudinal elevation chain",longitudinal span,C284,,longitudinal span,"Model: X
Source: longitudinal
Grid 12 → Far-end overall witness",D284,,"Model: X
Source: longitudinal
Grid 12 → Far-end overall witness",939,E284,,939,mm,F284,,mm,939,G284,"IF(COUNTBLANK(E284)>0,"""",E284)",939,0.939,H284,"IF(COUNTBLANK(G284)>0,"""",G284/1000)",0.939,Ghi trên bản vẽ / Explicit,I284,,Ghi trên bản vẽ / Explicit,"Tờ 2
File 2",J284,,"Tờ 2
File 2",Bottom dimension chain,K284,,Bottom dimension chain,939,L284,,939,,M284,,
285,E065,A285,E065,A285,,E065,"Chiều dài tổng gồm đoạn tiếp cận
Overall elevation length including approach",B285,,"Chiều dài tổng gồm đoạn tiếp cận
Overall elevation length including approach",overall length,C285,,overall length,"Model: X
Source: longitudinal
Front ramp/approach toe witness → Far-end overall witness",D285,,"Model: X
Source: longitudinal
Front ramp/approach toe witness → Far-end overall witness",67149,E285,,67149,mm,F285,,mm,67149,G285,"IF(COUNTBLANK(E285)>0,"""",E285)",67149,67.149,H285,"IF(COUNTBLANK(G285)>0,"""",G285/1000)",67.149,Ghi trên bản vẽ / Explicit,I285,,Ghi trên bản vẽ / Explicit,"Tờ 2
File 2",J285,,"Tờ 2
File 2",Bottom overall dimension,K285,,Bottom overall dimension,67149,L285,,67149,"14 chain segments sum exactly to 67,149 mm; includes 13,194 mm before grid 1 and 939 mm after grid 12.",M285,,"14 chain segments sum exactly to 67,149 mm; includes 13,194 mm before grid 1 and 939 mm after grid 12."
286,E066,A286,E066,A286,,E066,"Kích thước hốc trang trí bên
Side ornamental niche dimension",B286,,"Kích thước hốc trang trí bên
Side ornamental niche dimension",height between shown witnesses,C286,,height between shown witnesses,"Model: Y
Source: vertical
Top of shown pedestal witness → Upper shown niche witness",D286,,"Model: Y
Source: vertical
Top of shown pedestal witness → Upper shown niche witness",1730,E286,,1730,mm,F286,,mm,1730,G286,"IF(COUNTBLANK(E286)>0,"""",E286)",1730,1.73,H286,"IF(COUNTBLANK(G286)>0,"""",G286/1000)",1.73,Ghi trên bản vẽ / Explicit,I286,,Ghi trên bản vẽ / Explicit,"Tờ 2
File 2",J286,,"Tờ 2
File 2",Niche over gabled side bay between grids 9 and 10,K286,,Niche over gabled side bay between grids 9 and 10,1730,L286,,1730,Read with diagnostic thin-line rendering; not full outside assembly height.,M286,,Read with diagnostic thin-line rendering; not full outside assembly height.
287,E067,A287,E067,A287,,E067,"Mặt sân
Courtyard grade",B287,,"Mặt sân
Courtyard grade",elevation,C287,,elevation,"Model: Y
Source: vertical
FFL ±0.000 → Courtyard grade",D287,,"Model: Y
Source: vertical
FFL ±0.000 → Courtyard grade",-2.08,E287,,-2.08,m,F287,,m,-2080,G287,"IF(COUNTBLANK(E287)>0,"""",E287*1000)",-2080,-2.08,H287,"IF(COUNTBLANK(G287)>0,"""",G287/1000)",-2.08,Ghi trên bản vẽ / Explicit,I287,,Ghi trên bản vẽ / Explicit,"Tờ 3
File 3",J287,,"Tờ 3
File 3",Left elevation markers,K287,,Left elevation markers,"MẶT SÂN -2,08M",L287,,"MẶT SÂN -2,08M",The drawing titles this end MẶT ĐỨNG ĐẦU. This is the ornate gabled end opposite the twin towers.,M287,,The drawing titles this end MẶT ĐỨNG ĐẦU. This is the ornate gabled end opposite the twin towers.
288,E068,A288,E068,A288,,E068,"Cốt sàn chuẩn
Floor datum",B288,,"Cốt sàn chuẩn
Floor datum",elevation,C288,,elevation,"Model: Y
Source: vertical
FFL ±0.000 → Floor datum",D288,,"Model: Y
Source: vertical
FFL ±0.000 → Floor datum",0,E288,,0,m,F288,,m,0,G288,"IF(COUNTBLANK(E288)>0,"""",E288*1000)",0,0,H288,"IF(COUNTBLANK(G288)>0,"""",G288/1000)",0,Ghi trên bản vẽ / Explicit,I288,,Ghi trên bản vẽ / Explicit,"Tờ 3
File 3",J288,,"Tờ 3
File 3",Left elevation markers,K288,,Left elevation markers,+00,L288,,+00,The drawing titles this end MẶT ĐỨNG ĐẦU. This is the ornate gabled end opposite the twin towers.,M288,,The drawing titles this end MẶT ĐỨNG ĐẦU. This is the ornate gabled end opposite the twin towers.
289,E069,A289,E069,A289,,E069,"Cao độ diềm mái
Eaves/cornice reference",B289,,"Cao độ diềm mái
Eaves/cornice reference",elevation,C289,,elevation,"Model: Y
Source: vertical
FFL ±0.000 → Eaves/cornice reference",D289,,"Model: Y
Source: vertical
FFL ±0.000 → Eaves/cornice reference",6.324,E289,,6.324,m,F289,,m,6324,G289,"IF(COUNTBLANK(E289)>0,"""",E289*1000)",6324,6.324,H289,"IF(COUNTBLANK(G289)>0,"""",G289/1000)",6.324,Ghi trên bản vẽ / Explicit,I289,,Ghi trên bản vẽ / Explicit,"Tờ 3
File 3",J289,,"Tờ 3
File 3",Left elevation markers,K289,,Left elevation markers,"+6,324M",L289,,"+6,324M",The drawing titles this end MẶT ĐỨNG ĐẦU. This is the ornate gabled end opposite the twin towers.,M289,,The drawing titles this end MẶT ĐỨNG ĐẦU. This is the ornate gabled end opposite the twin towers.
290,E070,A290,E070,A290,,E070,"Cao độ mặt đầu trung gian
Opposite-end intermediate facade reference",B290,,"Cao độ mặt đầu trung gian
Opposite-end intermediate facade reference",elevation,C290,,elevation,"Model: Y
Source: vertical
FFL ±0.000 → Opposite-end intermediate facade reference",D290,,"Model: Y
Source: vertical
FFL ±0.000 → Opposite-end intermediate facade reference",8.575,E290,,8.575,m,F290,,m,8575,G290,"IF(COUNTBLANK(E290)>0,"""",E290*1000)",8575,8.575,H290,"IF(COUNTBLANK(G290)>0,"""",G290/1000)",8.575,Ghi trên bản vẽ / Explicit,I290,,Ghi trên bản vẽ / Explicit,"Tờ 3
File 3",J290,,"Tờ 3
File 3",Left elevation markers,K290,,Left elevation markers,"+8,575M",L290,,"+8,575M",The drawing titles this end MẶT ĐỨNG ĐẦU. This is the ornate gabled end opposite the twin towers.,M290,,The drawing titles this end MẶT ĐỨNG ĐẦU. This is the ornate gabled end opposite the twin towers.
291,E071,A291,E071,A291,,E071,"Cao độ đỉnh mái chính
Main roof ridge/reference",B291,,"Cao độ đỉnh mái chính
Main roof ridge/reference",elevation,C291,,elevation,"Model: Y
Source: vertical
FFL ±0.000 → Main roof ridge/reference",D291,,"Model: Y
Source: vertical
FFL ±0.000 → Main roof ridge/reference",12.472,E291,,12.472,m,F291,,m,12472,G291,"IF(COUNTBLANK(E291)>0,"""",E291*1000)",12472,12.472,H291,"IF(COUNTBLANK(G291)>0,"""",G291/1000)",12.472,Ghi trên bản vẽ / Explicit,I291,,Ghi trên bản vẽ / Explicit,"Tờ 3
File 3",J291,,"Tờ 3
File 3",Left elevation markers,K291,,Left elevation markers,"+12,472M",L291,,"+12,472M",The drawing titles this end MẶT ĐỨNG ĐẦU. This is the ornate gabled end opposite the twin towers.,M291,,The drawing titles this end MẶT ĐỨNG ĐẦU. This is the ornate gabled end opposite the twin towers.
292,E072,A292,E072,A292,,E072,"Đỉnh thánh giá đầu nhà
Opposite-end cross top",B292,,"Đỉnh thánh giá đầu nhà
Opposite-end cross top",elevation,C292,,elevation,"Model: Y
Source: vertical
FFL ±0.000 → Opposite-end cross top",D292,,"Model: Y
Source: vertical
FFL ±0.000 → Opposite-end cross top",17.829,E292,,17.829,m,F292,,m,17829,G292,"IF(COUNTBLANK(E292)>0,"""",E292*1000)",17829,17.829,H292,"IF(COUNTBLANK(G292)>0,"""",G292/1000)",17.829,Ghi trên bản vẽ / Explicit,I292,,Ghi trên bản vẽ / Explicit,"Tờ 3
File 3",J292,,"Tờ 3
File 3",Left elevation markers,K292,,Left elevation markers,"+17,829M",L292,,"+17,829M",The drawing titles this end MẶT ĐỨNG ĐẦU. This is the ornate gabled end opposite the twin towers.,M292,,The drawing titles this end MẶT ĐỨNG ĐẦU. This is the ornate gabled end opposite the twin towers.
293,E073,A293,E073,A293,,E073,"Chuỗi kích thước ngang mặt đầu
Opposite-end transverse dimension chain",B293,,"Chuỗi kích thước ngang mặt đầu
Opposite-end transverse dimension chain",transverse span,C293,,transverse span,"Model: Z
Source: transverse
Grid B → Grid C",D293,,"Model: Z
Source: transverse
Grid B → Grid C",3054,E293,,3054,mm,F293,,mm,3054,G293,"IF(COUNTBLANK(E293)>0,"""",E293)",3054,3.054,H293,"IF(COUNTBLANK(G293)>0,"""",G293/1000)",3.054,Ghi trên bản vẽ / Explicit,I293,,Ghi trên bản vẽ / Explicit,"Tờ 3
File 3",J293,,"Tờ 3
File 3",Bottom upper dimension chain,K293,,Bottom upper dimension chain,3054,L293,,3054,Looking at the opposite end reverses the horizontal order compared with sheet 1.,M293,,Looking at the opposite end reverses the horizontal order compared with sheet 1.
294,E074,A294,E074,A294,,E074,"Chuỗi kích thước ngang mặt đầu
Opposite-end transverse dimension chain",B294,,"Chuỗi kích thước ngang mặt đầu
Opposite-end transverse dimension chain",transverse span,C294,,transverse span,"Model: Z
Source: transverse
Grid C → Grid D",D294,,"Model: Z
Source: transverse
Grid C → Grid D",3760,E294,,3760,mm,F294,,mm,3760,G294,"IF(COUNTBLANK(E294)>0,"""",E294)",3760,3.76,H294,"IF(COUNTBLANK(G294)>0,"""",G294/1000)",3.76,Ghi trên bản vẽ / Explicit,I294,,Ghi trên bản vẽ / Explicit,"Tờ 3
File 3",J294,,"Tờ 3
File 3",Bottom upper dimension chain,K294,,Bottom upper dimension chain,3760,L294,,3760,Looking at the opposite end reverses the horizontal order compared with sheet 1.,M294,,Looking at the opposite end reverses the horizontal order compared with sheet 1.
295,E075,A295,E075,A295,,E075,"Chuỗi kích thước ngang mặt đầu
Opposite-end transverse dimension chain",B295,,"Chuỗi kích thước ngang mặt đầu
Opposite-end transverse dimension chain",transverse span,C295,,transverse span,"Model: Z
Source: transverse
Grid D → Grid E",D295,,"Model: Z
Source: transverse
Grid D → Grid E",7200,E295,,7200,mm,F295,,mm,7200,G295,"IF(COUNTBLANK(E295)>0,"""",E295)",7200,7.2,H295,"IF(COUNTBLANK(G295)>0,"""",G295/1000)",7.2,Ghi trên bản vẽ / Explicit,I295,,Ghi trên bản vẽ / Explicit,"Tờ 3
File 3",J295,,"Tờ 3
File 3",Bottom upper dimension chain,K295,,Bottom upper dimension chain,7200,L295,,7200,Looking at the opposite end reverses the horizontal order compared with sheet 1.,M295,,Looking at the opposite end reverses the horizontal order compared with sheet 1.
296,E076,A296,E076,A296,,E076,"Chuỗi kích thước ngang mặt đầu
Opposite-end transverse dimension chain",B296,,"Chuỗi kích thước ngang mặt đầu
Opposite-end transverse dimension chain",transverse span,C296,,transverse span,"Model: Z
Source: transverse
Grid E → Grid G",D296,,"Model: Z
Source: transverse
Grid E → Grid G",3760,E296,,3760,mm,F296,,mm,3760,G296,"IF(COUNTBLANK(E296)>0,"""",E296)",3760,3.76,H296,"IF(COUNTBLANK(G296)>0,"""",G296/1000)",3.76,Ghi trên bản vẽ / Explicit,I296,,Ghi trên bản vẽ / Explicit,"Tờ 3
File 3",J296,,"Tờ 3
File 3",Bottom upper dimension chain,K296,,Bottom upper dimension chain,3760,L296,,3760,Looking at the opposite end reverses the horizontal order compared with sheet 1.,M296,,Looking at the opposite end reverses the horizontal order compared with sheet 1.
297,E077,A297,E077,A297,,E077,"Chuỗi kích thước ngang mặt đầu
Opposite-end transverse dimension chain",B297,,"Chuỗi kích thước ngang mặt đầu
Opposite-end transverse dimension chain",transverse span,C297,,transverse span,"Model: Z
Source: transverse
Grid G → Grid H",D297,,"Model: Z
Source: transverse
Grid G → Grid H",3054,E297,,3054,mm,F297,,mm,3054,G297,"IF(COUNTBLANK(E297)>0,"""",E297)",3054,3.054,H297,"IF(COUNTBLANK(G297)>0,"""",G297/1000)",3.054,Ghi trên bản vẽ / Explicit,I297,,Ghi trên bản vẽ / Explicit,"Tờ 3
File 3",J297,,"Tờ 3
File 3",Bottom upper dimension chain,K297,,Bottom upper dimension chain,3054,L297,,3054,Looking at the opposite end reverses the horizontal order compared with sheet 1.,M297,,Looking at the opposite end reverses the horizontal order compared with sheet 1.
298,E078,A298,E078,A298,,E078,"Bề rộng tổng mặt đầu
Opposite-end overall width",B298,,"Bề rộng tổng mặt đầu
Opposite-end overall width",overall width,C298,,overall width,"Model: Z
Source: transverse
Left outer overall witness → Right outer overall witness",D298,,"Model: Z
Source: transverse
Left outer overall witness → Right outer overall witness",22486,E298,,22486,mm,F298,,mm,22486,G298,"IF(COUNTBLANK(E298)>0,"""",E298)",22486,22.486,H298,"IF(COUNTBLANK(G298)>0,"""",G298/1000)",22.486,Ghi trên bản vẽ / Explicit,I298,,Ghi trên bản vẽ / Explicit,"Tờ 3
File 3",J298,,"Tờ 3
File 3",Bottom overall dimension,K298,,Bottom overall dimension,22486,L298,,22486,"Exterior overall witness span differs from the 20,828 mm B-H grid span. Individual outer offsets are not dimensioned on this elevation; do not assume them symmetric without plan confirmation.",M298,,"Exterior overall witness span differs from the 20,828 mm B-H grid span. Individual outer offsets are not dimensioned on this elevation; do not assume them symmetric without plan confirmation."
299,E079,A299,E079,A299,,E079,"Chiều cao mặt đầu từ sân
Opposite-end total height above courtyard",B299,,"Chiều cao mặt đầu từ sân
Opposite-end total height above courtyard",overall height,C299,,overall height,"Model: Y
Source: vertical
Courtyard -2.080 → Opposite-end cross top +17.829",D299,,"Model: Y
Source: vertical
Courtyard -2.080 → Opposite-end cross top +17.829",19909,E299,,19909,mm,F299,,mm,19909,G299,"IF(COUNTBLANK(E299)>0,"""",E299)",19909,19.909,H299,"IF(COUNTBLANK(G299)>0,"""",G299/1000)",19.909,Ghi trên bản vẽ / Explicit,I299,,Ghi trên bản vẽ / Explicit,"Tờ 3
File 3",J299,,"Tờ 3
File 3",Right overall vertical dimension,K299,,Right overall vertical dimension,19909,L299,,19909,"Equals 17,829 - (-2,080).",M299,,"Equals 17,829 - (-2,080)."
300,E080,A300,E080,A300,,E080,"Kích thước hốc trên mặt đầu
Opposite-end upper niche dimension",B300,,"Kích thước hốc trên mặt đầu
Opposite-end upper niche dimension",height between shown witnesses,C300,,height between shown witnesses,"Model: Y
Source: vertical
Top of shown pedestal witness → Upper shown niche witness",D300,,"Model: Y
Source: vertical
Top of shown pedestal witness → Upper shown niche witness",1730,E300,,1730,mm,F300,,mm,1730,G300,"IF(COUNTBLANK(E300)>0,"""",E300)",1730,1.73,H300,"IF(COUNTBLANK(G300)>0,"""",G300/1000)",1.73,Ghi trên bản vẽ / Explicit,I300,,Ghi trên bản vẽ / Explicit,"Tờ 3
File 3",J300,,"Tờ 3
File 3",Central niche at top of gabled end,K300,,Central niche at top of gabled end,1730,L300,,1730,Not the total height of the exterior niche or cross assembly.,M300,,Not the total height of the exterior niche or cross assembly.
301,E081,A301,E081,A301,,E081,"Khoảng cách trục B-H
Transverse core grid span B-H",B301,,"Khoảng cách trục B-H
Transverse core grid span B-H",grid span,C301,,grid span,"Model: Z
Source: transverse
Grid B → Grid H",D301,,"Model: Z
Source: transverse
Grid B → Grid H",,E301,,,,F301,,,20828,G301,"IF(OR(COUNTBLANK('Dimensions'!G243)>0,COUNTBLANK('Dimensions'!G242)>0,COUNTBLANK('Dimensions'!G241)>0,COUNTBLANK('Dimensions'!G240)>0,COUNTBLANK('Dimensions'!G239)>0),"""",'Dimensions'!G243+'Dimensions'!G242+'Dimensions'!G241+'Dimensions'!G240+'Dimensions'!G239)",20828,20.828,H301,"IF(COUNTBLANK(G301)>0,"""",G301/1000)",20.828,Tính từ bản vẽ / Derived,I301,,Tính từ bản vẽ / Derived,"Tờ 1
File 1",J301,,"Tờ 1
File 1","Bottom chain, also sheet 3",K301,,"Bottom chain, also sheet 3",,L301,,,"Grid span only, not the outer building width.
Calculation: 3054 + 3760 + 7200 + 3760 + 3054 = 20828",M301,,"Grid span only, not the outer building width.
Calculation: 3054 + 3760 + 7200 + 3760 + 3054 = 20828"
302,E082,A302,E082,A302,,E082,"Khoảng cách trục 1-12
Longitudinal core grid span 1-12",B302,,"Khoảng cách trục 1-12
Longitudinal core grid span 1-12",grid span,C302,,grid span,"Model: X
Source: longitudinal
Grid 1 → Grid 12",D302,,"Model: X
Source: longitudinal
Grid 1 → Grid 12",,E302,,,,F302,,,53016,G302,"IF(OR(COUNTBLANK('Dimensions'!G272)>0,COUNTBLANK('Dimensions'!G273)>0,COUNTBLANK('Dimensions'!G274)>0,COUNTBLANK('Dimensions'!G275)>0,COUNTBLANK('Dimensions'!G276)>0,COUNTBLANK('Dimensions'!G277)>0,COUNTBLANK('Dimensions'!G278)>0,COUNTBLANK('Dimensions'!G279)>0,COUNTBLANK('Dimensions'!G280)>0,COUNTBLANK('Dimensions'!G281)>0,COUNTBLANK('Dimensions'!G282)>0,COUNTBLANK('Dimensions'!G283)>0),"""",'Dimensions'!G272+'Dimensions'!G273+'Dimensions'!G274+'Dimensions'!G275+'Dimensions'!G276+'Dimensions'!G277+'Dimensions'!G278+'Dimensions'!G279+'Dimensions'!G280+'Dimensions'!G281+'Dimensions'!G282+'Dimensions'!G283)",53016,53.016,H302,"IF(COUNTBLANK(G302)>0,"""",G302/1000)",53.016,Tính từ bản vẽ / Derived,I302,,Tính từ bản vẽ / Derived,"Tờ 2
File 2",J302,,"Tờ 2
File 2",Bottom chain,K302,,Bottom chain,,L302,,,"Dimension chain differs from the overall 67,149 mm extent because approach and rear projections lie outside these grids.
Calculation: 4900 + 575 + 7*4500 + 7200 + 4500 + 4341 = 53016",M302,,"Dimension chain differs from the overall 67,149 mm extent because approach and rear projections lie outside these grids.
Calculation: 4900 + 575 + 7*4500 + 7200 + 4500 + 4341 = 53016"
303,E083,A303,E083,A303,,E083,"Độ vươn cao mái theo cao độ
Roof vertical rise from labeled eaves to ridge",B303,,"Độ vươn cao mái theo cao độ
Roof vertical rise from labeled eaves to ridge",vertical rise,C303,,vertical rise,"Model: Y
Source: vertical
Labeled eaves +6.324 → Labeled ridge +12.472",D303,,"Model: Y
Source: vertical
Labeled eaves +6.324 → Labeled ridge +12.472",,E303,,,,F303,,,6148,G303,"IF(OR(COUNTBLANK('Dimensions'!G269)>0,COUNTBLANK('Dimensions'!G267)>0),"""",'Dimensions'!G269-'Dimensions'!G267)",6148,6.148,H303,"IF(COUNTBLANK(G303)>0,"""",G303/1000)",6.148,Tính từ bản vẽ / Derived,I303,,Tính từ bản vẽ / Derived,"Tờ 2
File 2",J303,,"Tờ 2
File 2","Right elevation markers, also sheet 3",K303,,"Right elevation markers, also sheet 3",,L303,,,"This alone does not define roof slope; horizontal run/roof section must also be confirmed.
Calculation: 12472 - 6324 = 6148",M303,,"This alone does not define roof slope; horizontal run/roof section must also be confirmed.
Calculation: 12472 - 6324 = 6148"
304,E084,A304,E084,A304,,E084,"Cao độ vai mái tháp theo chuỗi
Tower cap shoulder elevation from chain",B304,,"Cao độ vai mái tháp theo chuỗi
Tower cap shoulder elevation from chain",elevation,C304,,elevation,"Model: Y
Source: vertical
FFL ±0.000 → Cap shoulder witness",D304,,"Model: Y
Source: vertical
FFL ±0.000 → Cap shoulder witness",,E304,,,,F304,,,33215,G304,"IF(OR(COUNTBLANK('Dimensions'!G226)>0,COUNTBLANK('Dimensions'!G233)>0),"""",'Dimensions'!G226+'Dimensions'!G233)",33215,33.215,H304,"IF(COUNTBLANK(G304)>0,"""",G304/1000)",33.215,Tính từ bản vẽ / Derived,I304,,Tính từ bản vẽ / Derived,"Tờ 1
File 1",J304,,"Tờ 1
File 1",Right vertical chain,K304,,Right vertical chain,,L304,,,"Dependent on explicit chain; 1 mm top closure discrepancy is unresolved.
Calculation: 29090 + 4125 = 33215",M304,,"Dependent on explicit chain; 1 mm top closure discrepancy is unresolved.
Calculation: 29090 + 4125 = 33215"
305,E085,A305,E085,A305,,E085,"Cao độ bệ thánh giá theo chuỗi
Tower cross-base elevation from chain",B305,,"Cao độ bệ thánh giá theo chuỗi
Tower cross-base elevation from chain",elevation,C305,,elevation,"Model: Y
Source: vertical
FFL ±0.000 → Cross-base witness",D305,,"Model: Y
Source: vertical
FFL ±0.000 → Cross-base witness",,E305,,,,F305,,,35029,G305,"IF(OR(COUNTBLANK('Dimensions'!G226)>0,COUNTBLANK('Dimensions'!G233)>0,COUNTBLANK('Dimensions'!G234)>0),"""",'Dimensions'!G226+'Dimensions'!G233+'Dimensions'!G234)",35029,35.029,H305,"IF(COUNTBLANK(G305)>0,"""",G305/1000)",35.029,Tính từ bản vẽ / Derived,I305,,Tính từ bản vẽ / Derived,"Tờ 1
File 1",J305,,"Tờ 1
File 1",Right vertical chain,K305,,Right vertical chain,,L305,,,"Dependent on explicit chain; 1 mm top closure discrepancy is unresolved.
Calculation: 29090 + 4125 + 1814 = 35029",M305,,"Dependent on explicit chain; 1 mm top closure discrepancy is unresolved.
Calculation: 29090 + 4125 + 1814 = 35029"
306,S001,A306,S001,A306,,S001,"Cao độ mặt cắt thân nhà thờ
Nave section levels",B306,,"Cao độ mặt cắt thân nhà thờ
Nave section levels",ridge_elevation,C306,,ridge_elevation,"Model: Y
Source: Y
±0.000 → ridge decoration top",D306,,"Model: Y
Source: Y
±0.000 → ridge decoration top",12.472,E306,,12.472,m,F306,,m,12472,G306,"IF(COUNTBLANK(E306)>0,"""",E306*1000)",12472,12.472,H306,"IF(COUNTBLANK(G306)>0,"""",G306/1000)",12.472,Ghi trên bản vẽ / Explicit,I306,,Ghi trên bản vẽ / Explicit,"Tờ 4
File 6",J306,,"Tờ 4
File 6",left-side level symbols,K306,,left-side level symbols,"+ 12,472M",L306,,"+ 12,472M",,M306,,
307,S002,A307,S002,A307,,S002,"Cao độ mặt cắt thân nhà thờ
Nave section levels",B307,,"Cao độ mặt cắt thân nhà thờ
Nave section levels",intermediate_roof_level,C307,,intermediate_roof_level,"Model: Y
Source: Y
±0.000 → marked upper eave/roof level",D307,,"Model: Y
Source: Y
±0.000 → marked upper eave/roof level",7.13,E307,,7.13,m,F307,,m,7130,G307,"IF(COUNTBLANK(E307)>0,"""",E307*1000)",7130,7.13,H307,"IF(COUNTBLANK(G307)>0,"""",G307/1000)",7.13,Ghi trên bản vẽ / Explicit,I307,,Ghi trên bản vẽ / Explicit,"Tờ 4
File 6",J307,,"Tờ 4
File 6",left-side level symbols,K307,,left-side level symbols,"+ 7,13M",L307,,"+ 7,13M",Dimension is preserved as printed. +7.13 reference is a level marker near the main-roof eave; detailed contact surfaces need CAD confirmation.,M307,,Dimension is preserved as printed. +7.13 reference is a level marker near the main-roof eave; detailed contact surfaces need CAD confirmation.
308,S003,A308,S003,A308,,S003,"Cao độ mặt cắt thân nhà thờ
Nave section levels",B308,,"Cao độ mặt cắt thân nhà thờ
Nave section levels",outer_cornice_elevation,C308,,outer_cornice_elevation,"Model: Y
Source: Y
±0.000 → veranda exterior cornice",D308,,"Model: Y
Source: Y
±0.000 → veranda exterior cornice",6.325,E308,,6.325,m,F308,,m,6325,G308,"IF(COUNTBLANK(E308)>0,"""",E308*1000)",6325,6.325,H308,"IF(COUNTBLANK(G308)>0,"""",G308/1000)",6.325,Ghi trên bản vẽ / Explicit,I308,,Ghi trên bản vẽ / Explicit,"Tờ 4
File 6",J308,,"Tờ 4
File 6",left-side level symbols,K308,,left-side level symbols,"+ 6,325M",L308,,"+ 6,325M",,M308,,
309,S004,A309,S004,A309,,S004,"Cao độ mặt cắt thân nhà thờ
Nave section levels",B309,,"Cao độ mặt cắt thân nhà thờ
Nave section levels",finished_floor_elevation,C309,,finished_floor_elevation,"Model: Y
Source: Y
±0.000 → finished church floor",D309,,"Model: Y
Source: Y
±0.000 → finished church floor",0,E309,,0,m,F309,,m,0,G309,"IF(COUNTBLANK(E309)>0,"""",E309*1000)",0,0,H309,"IF(COUNTBLANK(G309)>0,"""",G309/1000)",0,Ghi trên bản vẽ / Explicit,I309,,Ghi trên bản vẽ / Explicit,"Tờ 4
File 6",J309,,"Tờ 4
File 6",left-side level symbols,K309,,left-side level symbols,+ 00,L309,,+ 00,,M309,,
310,S005,A310,S005,A310,,S005,"Cao độ mặt cắt thân nhà thờ
Nave section levels",B310,,"Cao độ mặt cắt thân nhà thờ
Nave section levels",courtyard_elevation,C310,,courtyard_elevation,"Model: Y
Source: Y
±0.000 → courtyard / MẶT SÂN",D310,,"Model: Y
Source: Y
±0.000 → courtyard / MẶT SÂN",-2.08,E310,,-2.08,m,F310,,m,-2080,G310,"IF(COUNTBLANK(E310)>0,"""",E310*1000)",-2080,-2.08,H310,"IF(COUNTBLANK(G310)>0,"""",G310/1000)",-2.08,Ghi trên bản vẽ / Explicit,I310,,Ghi trên bản vẽ / Explicit,"Tờ 4
File 6",J310,,"Tờ 4
File 6",left-side level symbols,K310,,left-side level symbols,"MẶT SÂN - 2,08M",L310,,"MẶT SÂN - 2,08M",,M310,,
311,S006,A311,S006,A311,,S006,"Tổng cao mặt cắt
Section overall height",B311,,"Tổng cao mặt cắt
Section overall height",overall_height,C311,,overall_height,"Model: Y
Source: Y
courtyard baseline → ridge top",D311,,"Model: Y
Source: Y
courtyard baseline → ridge top",14476,E311,,14476,mm,F311,,mm,14476,G311,"IF(COUNTBLANK(E311)>0,"""",E311)",14476,14.476,H311,"IF(COUNTBLANK(G311)>0,"""",G311/1000)",14.476,Ghi trên bản vẽ / Explicit,I311,,Ghi trên bản vẽ / Explicit,"Tờ 4
File 6",J311,,"Tờ 4
File 6",far right overall dimension,K311,,far right overall dimension,14476,L311,,14476,"Conflicts with elevation arithmetic: 12472 - (-2080) = 14552, a 76 mm discrepancy. Do not silently replace either value.",M311,,"Conflicts with elevation arithmetic: 12472 - (-2080) = 14552, a 76 mm discrepancy. Do not silently replace either value."
312,S007,A312,S007,A312,,S007,"Khoảng cách trục mặt cắt
Transverse section grid span",B312,,"Khoảng cách trục mặt cắt
Transverse section grid span",grid_B_C,C312,,grid_B_C,"Model: Z
Source: X
B → C",D312,,"Model: Z
Source: X
B → C",3054,E312,,3054,mm,F312,,mm,3054,G312,"IF(COUNTBLANK(E312)>0,"""",E312)",3054,3.054,H312,"IF(COUNTBLANK(G312)>0,"""",G312/1000)",3.054,Ghi trên bản vẽ / Explicit,I312,,Ghi trên bản vẽ / Explicit,"Tờ 4
File 6",J312,,"Tờ 4
File 6",bottom transverse dimension chain,K312,,bottom transverse dimension chain,3054,L312,,3054,"Printed sequence is B,C,D,E,G,H; no F axis is shown in this section.",M312,,"Printed sequence is B,C,D,E,G,H; no F axis is shown in this section."
313,S008,A313,S008,A313,,S008,"Khoảng cách trục mặt cắt
Transverse section grid span",B313,,"Khoảng cách trục mặt cắt
Transverse section grid span",grid_C_D,C313,,grid_C_D,"Model: Z
Source: X
C → D",D313,,"Model: Z
Source: X
C → D",3760,E313,,3760,mm,F313,,mm,3760,G313,"IF(COUNTBLANK(E313)>0,"""",E313)",3760,3.76,H313,"IF(COUNTBLANK(G313)>0,"""",G313/1000)",3.76,Ghi trên bản vẽ / Explicit,I313,,Ghi trên bản vẽ / Explicit,"Tờ 4
File 6",J313,,"Tờ 4
File 6",bottom transverse dimension chain,K313,,bottom transverse dimension chain,3760,L313,,3760,"Printed sequence is B,C,D,E,G,H; no F axis is shown in this section.",M313,,"Printed sequence is B,C,D,E,G,H; no F axis is shown in this section."
314,S009,A314,S009,A314,,S009,"Khoảng cách trục mặt cắt
Transverse section grid span",B314,,"Khoảng cách trục mặt cắt
Transverse section grid span",grid_D_E,C314,,grid_D_E,"Model: Z
Source: X
D → E",D314,,"Model: Z
Source: X
D → E",7200,E314,,7200,mm,F314,,mm,7200,G314,"IF(COUNTBLANK(E314)>0,"""",E314)",7200,7.2,H314,"IF(COUNTBLANK(G314)>0,"""",G314/1000)",7.2,Ghi trên bản vẽ / Explicit,I314,,Ghi trên bản vẽ / Explicit,"Tờ 4
File 6",J314,,"Tờ 4
File 6",bottom transverse dimension chain,K314,,bottom transverse dimension chain,7200,L314,,7200,"Printed sequence is B,C,D,E,G,H; no F axis is shown in this section.",M314,,"Printed sequence is B,C,D,E,G,H; no F axis is shown in this section."
315,S010,A315,S010,A315,,S010,"Khoảng cách trục mặt cắt
Transverse section grid span",B315,,"Khoảng cách trục mặt cắt
Transverse section grid span",grid_E_G,C315,,grid_E_G,"Model: Z
Source: X
E → G",D315,,"Model: Z
Source: X
E → G",3760,E315,,3760,mm,F315,,mm,3760,G315,"IF(COUNTBLANK(E315)>0,"""",E315)",3760,3.76,H315,"IF(COUNTBLANK(G315)>0,"""",G315/1000)",3.76,Ghi trên bản vẽ / Explicit,I315,,Ghi trên bản vẽ / Explicit,"Tờ 4
File 6",J315,,"Tờ 4
File 6",bottom transverse dimension chain,K315,,bottom transverse dimension chain,3760,L315,,3760,"Printed sequence is B,C,D,E,G,H; no F axis is shown in this section.",M315,,"Printed sequence is B,C,D,E,G,H; no F axis is shown in this section."
316,S011,A316,S011,A316,,S011,"Khoảng cách trục mặt cắt
Transverse section grid span",B316,,"Khoảng cách trục mặt cắt
Transverse section grid span",grid_G_H,C316,,grid_G_H,"Model: Z
Source: X
G → H",D316,,"Model: Z
Source: X
G → H",3054,E316,,3054,mm,F316,,mm,3054,G316,"IF(COUNTBLANK(E316)>0,"""",E316)",3054,3.054,H316,"IF(COUNTBLANK(G316)>0,"""",G316/1000)",3.054,Ghi trên bản vẽ / Explicit,I316,,Ghi trên bản vẽ / Explicit,"Tờ 4
File 6",J316,,"Tờ 4
File 6",bottom transverse dimension chain,K316,,bottom transverse dimension chain,3054,L316,,3054,"Printed sequence is B,C,D,E,G,H; no F axis is shown in this section.",M316,,"Printed sequence is B,C,D,E,G,H; no F axis is shown in this section."
317,S012,A317,S012,A317,,S012,"Tổng bề ngang mặt cắt
Overall transverse section width",B317,,"Tổng bề ngang mặt cắt
Overall transverse section width",outside_width,C317,,outside_width,"Model: Z
Source: X
left outer extent → right outer extent",D317,,"Model: Z
Source: X
left outer extent → right outer extent",22388,E317,,22388,mm,F317,,mm,22388,G317,"IF(COUNTBLANK(E317)>0,"""",E317)",22388,22.388,H317,"IF(COUNTBLANK(G317)>0,"""",G317/1000)",22.388,Ghi trên bản vẽ / Explicit,I317,,Ghi trên bản vẽ / Explicit,"Tờ 4
File 6",J317,,"Tờ 4
File 6",bottom overall dimension,K317,,bottom overall dimension,22388,L317,,22388,,M317,,
318,S013,A318,S013,A318,,S013,"Móng cột chính
Central column foundation",B318,,"Móng cột chính
Central column foundation",foundation_offset,C318,,foundation_offset,"Model: Z
Source: X
E foundation left face → E axis",D318,,"Model: Z
Source: X
E foundation left face → E axis",500,E318,,500,mm,F318,,mm,500,G318,"IF(COUNTBLANK(E318)>0,"""",E318)",500,0.5,H318,"IF(COUNTBLANK(G318)>0,"""",G318/1000)",0.5,Ghi trên bản vẽ / Explicit,I318,,Ghi trên bản vẽ / Explicit,"Tờ 4
File 6",J318,,"Tờ 4
File 6",bottom right local foundation dimension chain,K318,,bottom right local foundation dimension chain,500,L318,,500,"These dimensions describe foundation/section extents, not column shaft diameters.",M318,,"These dimensions describe foundation/section extents, not column shaft diameters."
319,S014,A319,S014,A319,,S014,"Móng cột chính
Central column foundation",B319,,"Móng cột chính
Central column foundation",foundation_offset,C319,,foundation_offset,"Model: Z
Source: X
E axis → E foundation right face",D319,,"Model: Z
Source: X
E axis → E foundation right face",500,E319,,500,mm,F319,,mm,500,G319,"IF(COUNTBLANK(E319)>0,"""",E319)",500,0.5,H319,"IF(COUNTBLANK(G319)>0,"""",G319/1000)",0.5,Ghi trên bản vẽ / Explicit,I319,,Ghi trên bản vẽ / Explicit,"Tờ 4
File 6",J319,,"Tờ 4
File 6",bottom right local foundation dimension chain,K319,,bottom right local foundation dimension chain,500,L319,,500,"These dimensions describe foundation/section extents, not column shaft diameters.",M319,,"These dimensions describe foundation/section extents, not column shaft diameters."
320,S015,A320,S015,A320,,S015,"Móng trục G
Inner side support foundation",B320,,"Móng trục G
Inner side support foundation",foundation_offset,C320,,foundation_offset,"Model: Z
Source: X
G foundation left face → G axis",D320,,"Model: Z
Source: X
G foundation left face → G axis",560,E320,,560,mm,F320,,mm,560,G320,"IF(COUNTBLANK(E320)>0,"""",E320)",560,0.56,H320,"IF(COUNTBLANK(G320)>0,"""",G320/1000)",0.56,Ghi trên bản vẽ / Explicit,I320,,Ghi trên bản vẽ / Explicit,"Tờ 4
File 6",J320,,"Tờ 4
File 6",bottom right local foundation dimension chain,K320,,bottom right local foundation dimension chain,560,L320,,560,"These dimensions describe foundation/section extents, not column shaft diameters.",M320,,"These dimensions describe foundation/section extents, not column shaft diameters."
321,S016,A321,S016,A321,,S016,"Móng trục G
Inner side support foundation",B321,,"Móng trục G
Inner side support foundation",foundation_offset,C321,,foundation_offset,"Model: Z
Source: X
G axis → G foundation right face",D321,,"Model: Z
Source: X
G axis → G foundation right face",330,E321,,330,mm,F321,,mm,330,G321,"IF(COUNTBLANK(E321)>0,"""",E321)",330,0.33,H321,"IF(COUNTBLANK(G321)>0,"""",G321/1000)",0.33,Ghi trên bản vẽ / Explicit,I321,,Ghi trên bản vẽ / Explicit,"Tờ 4
File 6",J321,,"Tờ 4
File 6",bottom right local foundation dimension chain,K321,,bottom right local foundation dimension chain,330,L321,,330,"These dimensions describe foundation/section extents, not column shaft diameters.",M321,,"These dimensions describe foundation/section extents, not column shaft diameters."
322,S017,A322,S017,A322,,S017,"Móng trục H
Exterior veranda foundation",B322,,"Móng trục H
Exterior veranda foundation",foundation_offset,C322,,foundation_offset,"Model: Z
Source: X
H foundation inner face → H axis",D322,,"Model: Z
Source: X
H foundation inner face → H axis",385,E322,,385,mm,F322,,mm,385,G322,"IF(COUNTBLANK(E322)>0,"""",E322)",385,0.385,H322,"IF(COUNTBLANK(G322)>0,"""",G322/1000)",0.385,Ghi trên bản vẽ / Explicit,I322,,Ghi trên bản vẽ / Explicit,"Tờ 4
File 6",J322,,"Tờ 4
File 6",bottom right local foundation dimension chain,K322,,bottom right local foundation dimension chain,385,L322,,385,"These dimensions describe foundation/section extents, not column shaft diameters.",M322,,"These dimensions describe foundation/section extents, not column shaft diameters."
323,S018,A323,S018,A323,,S018,"Móng trục H
Exterior veranda foundation",B323,,"Móng trục H
Exterior veranda foundation",foundation_offset,C323,,foundation_offset,"Model: Z
Source: X
H axis → H foundation outer face",D323,,"Model: Z
Source: X
H axis → H foundation outer face",780,E323,,780,mm,F323,,mm,780,G323,"IF(COUNTBLANK(E323)>0,"""",E323)",780,0.78,H323,"IF(COUNTBLANK(G323)>0,"""",G323/1000)",0.78,Ghi trên bản vẽ / Explicit,I323,,Ghi trên bản vẽ / Explicit,"Tờ 4
File 6",J323,,"Tờ 4
File 6",bottom right local foundation dimension chain,K323,,bottom right local foundation dimension chain,780,L323,,780,"These dimensions describe foundation/section extents, not column shaft diameters.",M323,,"These dimensions describe foundation/section extents, not column shaft diameters."
324,S019,A324,S019,A324,,S019,"Chân cột chính
Central column base",B324,,"Chân cột chính
Central column base",base_height,C324,,base_height,"Model: Y
Source: Y
finished floor → base top",D324,,"Model: Y
Source: Y
finished floor → base top",600,E324,,600,mm,F324,,mm,600,G324,"IF(COUNTBLANK(E324)>0,"""",E324)",600,0.6,H324,"IF(COUNTBLANK(G324)>0,"""",G324/1000)",0.6,Ghi trên bản vẽ / Explicit,I324,,Ghi trên bản vẽ / Explicit,"Tờ 4
File 6",J324,,"Tờ 4
File 6",right interior column vertical dimensions,K324,,right interior column vertical dimensions,600,L324,,600,,M324,,
325,S020,A325,S020,A325,,S020,"Thân cột chính
Central column shaft",B325,,"Thân cột chính
Central column shaft",shaft_height,C325,,shaft_height,"Model: Y
Source: Y
base top → dimensioned top of central post",D325,,"Model: Y
Source: Y
base top → dimensioned top of central post",8802,E325,,8802,mm,F325,,mm,8802,G325,"IF(COUNTBLANK(E325)>0,"""",E325)",8802,8.802,H325,"IF(COUNTBLANK(G325)>0,"""",G325/1000)",8.802,Ghi trên bản vẽ / Explicit,I325,,Ghi trên bản vẽ / Explicit,"Tờ 4
File 6",J325,,"Tờ 4
File 6",right interior column vertical dimensions,K325,,right interior column vertical dimensions,8802,L325,,8802,,M325,,
326,S021,A326,S021,A326,,S021,"Chân cột phụ
Side column base",B326,,"Chân cột phụ
Side column base",base_height,C326,,base_height,"Model: Y
Source: Y
finished floor → base top",D326,,"Model: Y
Source: Y
finished floor → base top",600,E326,,600,mm,F326,,mm,600,G326,"IF(COUNTBLANK(E326)>0,"""",E326)",600,0.6,H326,"IF(COUNTBLANK(G326)>0,"""",G326/1000)",0.6,Ghi trên bản vẽ / Explicit,I326,,Ghi trên bản vẽ / Explicit,"Tờ 4
File 6",J326,,"Tờ 4
File 6",right interior column vertical dimensions,K326,,right interior column vertical dimensions,600,L326,,600,,M326,,
327,S022,A327,S022,A327,,S022,"Thân cột phụ
Side column shaft",B327,,"Thân cột phụ
Side column shaft",shaft_height,C327,,shaft_height,"Model: Y
Source: Y
base top → dimensioned top of side post",D327,,"Model: Y
Source: Y
base top → dimensioned top of side post",6390,E327,,6390,mm,F327,,mm,6390,G327,"IF(COUNTBLANK(E327)>0,"""",E327)",6390,6.39,H327,"IF(COUNTBLANK(G327)>0,"""",G327/1000)",6.39,Ghi trên bản vẽ / Explicit,I327,,Ghi trên bản vẽ / Explicit,"Tờ 4
File 6",J327,,"Tờ 4
File 6",right interior column vertical dimensions,K327,,right interior column vertical dimensions,6390,L327,,6390,,M327,,
328,S023,A328,S023,A328,,S023,"Mái hiên BTCT
Reinforced concrete veranda roof",B328,,"Mái hiên BTCT
Reinforced concrete veranda roof",concrete_thickness,C328,,concrete_thickness,"Model: LOCAL_NORMAL
Source: NORMAL
concrete lower face → concrete upper face",D328,,"Model: LOCAL_NORMAL
Source: NORMAL
concrete lower face → concrete upper face",130,E328,,130,mm,F328,,mm,130,G328,"IF(COUNTBLANK(E328)>0,"""",E328)",130,0.13,H328,"IF(COUNTBLANK(G328)>0,"""",G328/1000)",0.13,Ghi trên bản vẽ / Explicit,I328,,Ghi trên bản vẽ / Explicit,"Tờ 4
File 6",J328,,"Tờ 4
File 6",right veranda roof diagonal thickness dimension,K328,,right veranda roof diagonal thickness dimension,130,L328,,130,Also written in material note: bt ct đổ dày 13cm.,M328,,Also written in material note: bt ct đổ dày 13cm.
329,S024,A329,S024,A329,,S024,"Khoảng dưới mái hiên
Veranda roof zone",B329,,"Khoảng dưới mái hiên
Veranda roof zone",sloping_reference_separation,C329,,sloping_reference_separation,"Model: LOCAL_NORMAL
Source: NORMAL
lower sloping arch/wall reference → upper sloping roof reference",D329,,"Model: LOCAL_NORMAL
Source: NORMAL
lower sloping arch/wall reference → upper sloping roof reference",461,E329,,461,mm,F329,,mm,461,G329,"IF(COUNTBLANK(E329)>0,"""",E329)",461,0.461,H329,"IF(COUNTBLANK(G329)>0,"""",G329/1000)",0.461,Ghi trên bản vẽ / Explicit,I329,,Ghi trên bản vẽ / Explicit,"Tờ 4
File 6",J329,,"Tờ 4
File 6",right veranda roof diagonal dimension,K329,,right veranda roof diagonal dimension,461,L329,,461,The two witness points are across the roof/upper arch zone. Layer attribution is not specified; do not treat this as insulation or a structural beam size.,M329,,The two witness points are across the roof/upper arch zone. Layer attribution is not specified; do not treat this as insulation or a structural beam size.
330,S025,A330,S025,A330,,S025,"Liên kết tường và mái hiên tại G
G wall/veranda roof junction",B330,,"Liên kết tường và mái hiên tại G
G wall/veranda roof junction",horizontal_junction_offset,C330,,horizontal_junction_offset,"Model: Z
Source: X
G-side wall inner reference → G support axis/reference",D330,,"Model: Z
Source: X
G-side wall inner reference → G support axis/reference",110,E330,,110,mm,F330,,mm,110,G330,"IF(COUNTBLANK(E330)>0,"""",E330)",110,0.11,H330,"IF(COUNTBLANK(G330)>0,"""",G330/1000)",0.11,Ghi trên bản vẽ / Explicit,I330,,Ghi trên bản vẽ / Explicit,"Tờ 4
File 6",J330,,"Tờ 4
File 6",right upper junction beside side post,K330,,right upper junction beside side post,110,L330,,110,These are horizontal dimensions; they are not vertical beam depths.,M330,,These are horizontal dimensions; they are not vertical beam depths.
331,S026,A331,S026,A331,,S026,"Liên kết tường và mái hiên tại G
G wall/veranda roof junction",B331,,"Liên kết tường và mái hiên tại G
G wall/veranda roof junction",horizontal_junction_offset,C331,,horizontal_junction_offset,"Model: Z
Source: X
G support axis/reference → G-side wall outer reference",D331,,"Model: Z
Source: X
G support axis/reference → G-side wall outer reference",220,E331,,220,mm,F331,,mm,220,G331,"IF(COUNTBLANK(E331)>0,"""",E331)",220,0.22,H331,"IF(COUNTBLANK(G331)>0,"""",G331/1000)",0.22,Ghi trên bản vẽ / Explicit,I331,,Ghi trên bản vẽ / Explicit,"Tờ 4
File 6",J331,,"Tờ 4
File 6",right upper junction beside side post,K331,,right upper junction beside side post,220,L331,,220,These are horizontal dimensions; they are not vertical beam depths.,M331,,These are horizontal dimensions; they are not vertical beam depths.
332,S027,A332,S027,A332,,S027,"Cuốn/tường hiên
Veranda arch wall",B332,,"Cuốn/tường hiên
Veranda arch wall",local_wall_return_width,C332,,local_wall_return_width,"Model: Z
Source: X
arch wall/return inner face → arch wall/return outer face",D332,,"Model: Z
Source: X
arch wall/return inner face → arch wall/return outer face",235,E332,,235,mm,F332,,mm,235,G332,"IF(COUNTBLANK(E332)>0,"""",E332)",235,0.235,H332,"IF(COUNTBLANK(G332)>0,"""",G332/1000)",0.235,Ghi trên bản vẽ / Explicit,I332,,Ghi trên bản vẽ / Explicit,"Tờ 4
File 6",J332,,"Tờ 4
File 6",left outer veranda roof junction,K332,,left outer veranda roof junction,235,L332,,235,235 is drawn horizontally across the local wall/return beneath the concrete roof.,M332,,235 is drawn horizontally across the local wall/return beneath the concrete roof.
333,S028,A333,S028,A333,,S028,"Cuốn/tường hiên
Veranda arch wall",B333,,"Cuốn/tường hiên
Veranda arch wall",local_wall_return_width,C333,,local_wall_return_width,"Model: Z
Source: X
arch wall/return inner face → arch wall/return outer face",D333,,"Model: Z
Source: X
arch wall/return inner face → arch wall/return outer face",235,E333,,235,mm,F333,,mm,235,G333,"IF(COUNTBLANK(E333)>0,"""",E333)",235,0.235,H333,"IF(COUNTBLANK(G333)>0,"""",G333/1000)",0.235,Ghi trên bản vẽ / Explicit,I333,,Ghi trên bản vẽ / Explicit,"Tờ 4
File 6",J333,,"Tờ 4
File 6",right outer veranda roof junction,K333,,right outer veranda roof junction,235,L333,,235,235 is drawn horizontally across the local wall/return beneath the concrete roof.,M333,,235 is drawn horizontally across the local wall/return beneath the concrete roof.
334,S029,A334,S029,A334,,S029,"Chân chóp trang trí hiên
Veranda pinnacle base",B334,,"Chân chóp trang trí hiên
Veranda pinnacle base",base_width,C334,,base_width,"Model: Z
Source: X
left base reference → right base reference",D334,,"Model: Z
Source: X
left base reference → right base reference",806,E334,,806,mm,F334,,mm,806,G334,"IF(COUNTBLANK(E334)>0,"""",E334)",806,0.806,H334,"IF(COUNTBLANK(G334)>0,"""",G334/1000)",0.806,Ghi trên bản vẽ / Explicit,I334,,Ghi trên bản vẽ / Explicit,"Tờ 4
File 6",J334,,"Tờ 4
File 6",right veranda finial near roof edge,K334,,right veranda finial near roof edge,806,L334,,806,,M334,,
335,S030,A335,S030,A335,,S030,"Chuỗi cao tường ngoài
Exterior wall vertical chain",B335,,"Chuỗi cao tường ngoài
Exterior wall vertical chain",vertical_segment,C335,,vertical_segment,"Model: Y
Source: Y
floor → rectangular opening head",D335,,"Model: Y
Source: Y
floor → rectangular opening head",2951,E335,,2951,mm,F335,,mm,2951,G335,"IF(COUNTBLANK(E335)>0,"""",E335)",2951,2.951,H335,"IF(COUNTBLANK(G335)>0,"""",G335/1000)",2.951,Ghi trên bản vẽ / Explicit,I335,,Ghi trên bản vẽ / Explicit,"Tờ 4
File 6",J335,,"Tờ 4
File 6",far left exterior vertical dimension chain,K335,,far left exterior vertical dimension chain,2951,L335,,2951,,M335,,
336,S031,A336,S031,A336,,S031,"Chuỗi cao tường ngoài
Exterior wall vertical chain",B336,,"Chuỗi cao tường ngoài
Exterior wall vertical chain",vertical_segment,C336,,vertical_segment,"Model: Y
Source: Y
rectangular opening head → arch spring reference",D336,,"Model: Y
Source: Y
rectangular opening head → arch spring reference",150,E336,,150,mm,F336,,mm,150,G336,"IF(COUNTBLANK(E336)>0,"""",E336)",150,0.15,H336,"IF(COUNTBLANK(G336)>0,"""",G336/1000)",0.15,Ghi trên bản vẽ / Explicit,I336,,Ghi trên bản vẽ / Explicit,"Tờ 4
File 6",J336,,"Tờ 4
File 6",far left exterior vertical dimension chain,K336,,far left exterior vertical dimension chain,150,L336,,150,,M336,,
337,S032,A337,S032,A337,,S032,"Chuỗi cao tường ngoài
Exterior wall vertical chain",B337,,"Chuỗi cao tường ngoài
Exterior wall vertical chain",vertical_segment,C337,,vertical_segment,"Model: Y
Source: Y
arch spring reference → inner arch crown",D337,,"Model: Y
Source: Y
arch spring reference → inner arch crown",507,E337,,507,mm,F337,,mm,507,G337,"IF(COUNTBLANK(E337)>0,"""",E337)",507,0.507,H337,"IF(COUNTBLANK(G337)>0,"""",G337/1000)",0.507,Ghi trên bản vẽ / Explicit,I337,,Ghi trên bản vẽ / Explicit,"Tờ 4
File 6",J337,,"Tờ 4
File 6",far left exterior vertical dimension chain,K337,,far left exterior vertical dimension chain,507,L337,,507,,M337,,
338,S033,A338,S033,A338,,S033,"Chuỗi cao tường ngoài
Exterior wall vertical chain",B338,,"Chuỗi cao tường ngoài
Exterior wall vertical chain",vertical_segment,C338,,vertical_segment,"Model: Y
Source: Y
inner arch crown → outer arch mold crown",D338,,"Model: Y
Source: Y
inner arch crown → outer arch mold crown",302,E338,,302,mm,F338,,mm,302,G338,"IF(COUNTBLANK(E338)>0,"""",E338)",302,0.302,H338,"IF(COUNTBLANK(G338)>0,"""",G338/1000)",0.302,Ghi trên bản vẽ / Explicit,I338,,Ghi trên bản vẽ / Explicit,"Tờ 4
File 6",J338,,"Tờ 4
File 6",far left exterior vertical dimension chain,K338,,far left exterior vertical dimension chain,302,L338,,302,,M338,,
339,S034,A339,S034,A339,,S034,"Chuỗi cao tường ngoài
Exterior wall vertical chain",B339,,"Chuỗi cao tường ngoài
Exterior wall vertical chain",vertical_segment,C339,,vertical_segment,"Model: Y
Source: Y
outer arch mold crown → upper circular/detail reference",D339,,"Model: Y
Source: Y
outer arch mold crown → upper circular/detail reference",837,E339,,837,mm,F339,,mm,837,G339,"IF(COUNTBLANK(E339)>0,"""",E339)",837,0.837,H339,"IF(COUNTBLANK(G339)>0,"""",G339/1000)",0.837,Ghi trên bản vẽ / Explicit,I339,,Ghi trên bản vẽ / Explicit,"Tờ 4
File 6",J339,,"Tờ 4
File 6",far left exterior vertical dimension chain,K339,,far left exterior vertical dimension chain,837,L339,,837,,M339,,
340,S035,A340,S035,A340,,S035,"Chuỗi cao tường ngoài
Exterior wall vertical chain",B340,,"Chuỗi cao tường ngoài
Exterior wall vertical chain",vertical_segment,C340,,vertical_segment,"Model: Y
Source: Y
upper circular/detail reference → upper wall/soffit reference",D340,,"Model: Y
Source: Y
upper circular/detail reference → upper wall/soffit reference",1178,E340,,1178,mm,F340,,mm,1178,G340,"IF(COUNTBLANK(E340)>0,"""",E340)",1178,1.178,H340,"IF(COUNTBLANK(G340)>0,"""",G340/1000)",1.178,Ghi trên bản vẽ / Explicit,I340,,Ghi trên bản vẽ / Explicit,"Tờ 4
File 6",J340,,"Tờ 4
File 6",far left exterior vertical dimension chain,K340,,far left exterior vertical dimension chain,1178,L340,,1178,,M340,,
341,S036,A341,S036,A341,,S036,"Chuỗi cao tường ngoài
Exterior wall vertical chain",B341,,"Chuỗi cao tường ngoài
Exterior wall vertical chain",vertical_segment,C341,,vertical_segment,"Model: Y
Source: Y
upper wall/soffit reference → cornice lower step",D341,,"Model: Y
Source: Y
upper wall/soffit reference → cornice lower step",304,E341,,304,mm,F341,,mm,304,G341,"IF(COUNTBLANK(E341)>0,"""",E341)",304,0.304,H341,"IF(COUNTBLANK(G341)>0,"""",G341/1000)",0.304,Ghi trên bản vẽ / Explicit,I341,,Ghi trên bản vẽ / Explicit,"Tờ 4
File 6",J341,,"Tờ 4
File 6",far left exterior vertical dimension chain,K341,,far left exterior vertical dimension chain,304,L341,,304,,M341,,
342,S037,A342,S037,A342,,S037,"Chuỗi cao tường ngoài
Exterior wall vertical chain",B342,,"Chuỗi cao tường ngoài
Exterior wall vertical chain",vertical_segment,C342,,vertical_segment,"Model: Y
Source: Y
cornice lower step → outer cornice top",D342,,"Model: Y
Source: Y
cornice lower step → outer cornice top",96,E342,,96,mm,F342,,mm,96,G342,"IF(COUNTBLANK(E342)>0,"""",E342)",96,0.096,H342,"IF(COUNTBLANK(G342)>0,"""",G342/1000)",0.096,Ghi trên bản vẽ / Explicit,I342,,Ghi trên bản vẽ / Explicit,"Tờ 4
File 6",J342,,"Tờ 4
File 6",far left exterior vertical dimension chain,K342,,far left exterior vertical dimension chain,96,L342,,96,,M342,,
343,S038,A343,S038,A343,,S038,"Chuỗi cao tường trong
Interior side wall vertical chain",B343,,"Chuỗi cao tường trong
Interior side wall vertical chain",vertical_segment,C343,,vertical_segment,"Model: Y
Source: Y
floor → window sill",D343,,"Model: Y
Source: Y
floor → window sill",650,E343,,650,mm,F343,,mm,650,G343,"IF(COUNTBLANK(E343)>0,"""",E343)",650,0.65,H343,"IF(COUNTBLANK(G343)>0,"""",G343/1000)",0.65,Ghi trên bản vẽ / Explicit,I343,,Ghi trên bản vẽ / Explicit,"Tờ 4
File 6",J343,,"Tờ 4
File 6",left inner support/window vertical dimension chain,K343,,left inner support/window vertical dimension chain,650,L343,,650,,M343,,
344,S039,A344,S039,A344,,S039,"Chuỗi cao tường trong
Interior side wall vertical chain",B344,,"Chuỗi cao tường trong
Interior side wall vertical chain",vertical_segment,C344,,vertical_segment,"Model: Y
Source: Y
window sill → rectangular opening head",D344,,"Model: Y
Source: Y
window sill → rectangular opening head",2301,E344,,2301,mm,F344,,mm,2301,G344,"IF(COUNTBLANK(E344)>0,"""",E344)",2301,2.301,H344,"IF(COUNTBLANK(G344)>0,"""",G344/1000)",2.301,Ghi trên bản vẽ / Explicit,I344,,Ghi trên bản vẽ / Explicit,"Tờ 4
File 6",J344,,"Tờ 4
File 6",left inner support/window vertical dimension chain,K344,,left inner support/window vertical dimension chain,2301,L344,,2301,,M344,,
345,S040,A345,S040,A345,,S040,"Chuỗi cao tường trong
Interior side wall vertical chain",B345,,"Chuỗi cao tường trong
Interior side wall vertical chain",vertical_segment,C345,,vertical_segment,"Model: Y
Source: Y
rectangular opening head → arch base",D345,,"Model: Y
Source: Y
rectangular opening head → arch base",220,E345,,220,mm,F345,,mm,220,G345,"IF(COUNTBLANK(E345)>0,"""",E345)",220,0.22,H345,"IF(COUNTBLANK(G345)>0,"""",G345/1000)",0.22,Ghi trên bản vẽ / Explicit,I345,,Ghi trên bản vẽ / Explicit,"Tờ 4
File 6",J345,,"Tờ 4
File 6",left inner support/window vertical dimension chain,K345,,left inner support/window vertical dimension chain,220,L345,,220,,M345,,
346,S041,A346,S041,A346,,S041,"Chuỗi cao tường trong
Interior side wall vertical chain",B346,,"Chuỗi cao tường trong
Interior side wall vertical chain",vertical_segment,C346,,vertical_segment,"Model: Y
Source: Y
arch base → arch crown",D346,,"Model: Y
Source: Y
arch base → arch crown",1140,E346,,1140,mm,F346,,mm,1140,G346,"IF(COUNTBLANK(E346)>0,"""",E346)",1140,1.14,H346,"IF(COUNTBLANK(G346)>0,"""",G346/1000)",1.14,Ghi trên bản vẽ / Explicit,I346,,Ghi trên bản vẽ / Explicit,"Tờ 4
File 6",J346,,"Tờ 4
File 6",left inner support/window vertical dimension chain,K346,,left inner support/window vertical dimension chain,1140,L346,,1140,,M346,,
347,S042,A347,S042,A347,,S042,"Chuỗi cao tường trong
Interior side wall vertical chain",B347,,"Chuỗi cao tường trong
Interior side wall vertical chain",vertical_segment,C347,,vertical_segment,"Model: Y
Source: Y
arch crown → upper wall reference",D347,,"Model: Y
Source: Y
arch crown → upper wall reference",2177,E347,,2177,mm,F347,,mm,2177,G347,"IF(COUNTBLANK(E347)>0,"""",E347)",2177,2.177,H347,"IF(COUNTBLANK(G347)>0,"""",G347/1000)",2.177,Ghi trên bản vẽ / Explicit,I347,,Ghi trên bản vẽ / Explicit,"Tờ 4
File 6",J347,,"Tờ 4
File 6",left inner support/window vertical dimension chain,K347,,left inner support/window vertical dimension chain,2177,L347,,2177,,M347,,
348,S043,A348,S043,A348,,S043,"Chuỗi cao tường trong
Interior side wall vertical chain",B348,,"Chuỗi cao tường trong
Interior side wall vertical chain",vertical_segment,C348,,vertical_segment,"Model: Y
Source: Y
upper wall reference → beam/top wall intermediate reference",D348,,"Model: Y
Source: Y
upper wall reference → beam/top wall intermediate reference",400,E348,,400,mm,F348,,mm,400,G348,"IF(COUNTBLANK(E348)>0,"""",E348)",400,0.4,H348,"IF(COUNTBLANK(G348)>0,"""",G348/1000)",0.4,Ghi trên bản vẽ / Explicit,I348,,Ghi trên bản vẽ / Explicit,"Tờ 4
File 6",J348,,"Tờ 4
File 6",left inner support/window vertical dimension chain,K348,,left inner support/window vertical dimension chain,400,L348,,400,,M348,,
349,S044,A349,S044,A349,,S044,"Chuỗi cao tường trong
Interior side wall vertical chain",B349,,"Chuỗi cao tường trong
Interior side wall vertical chain",vertical_segment,C349,,vertical_segment,"Model: Y
Source: Y
beam/top wall intermediate reference → top side-post reference",D349,,"Model: Y
Source: Y
beam/top wall intermediate reference → top side-post reference",102,E349,,102,mm,F349,,mm,102,G349,"IF(COUNTBLANK(E349)>0,"""",E349)",102,0.102,H349,"IF(COUNTBLANK(G349)>0,"""",G349/1000)",0.102,Ghi trên bản vẽ / Explicit,I349,,Ghi trên bản vẽ / Explicit,"Tờ 4
File 6",J349,,"Tờ 4
File 6",left inner support/window vertical dimension chain,K349,,left inner support/window vertical dimension chain,102,L349,,102,,M349,,
350,S045,A350,S045,A350,,S045,"Nền nhà thờ
Church floor",B350,,"Nền nhà thờ
Church floor",reinforced_concrete_floor_thickness,C350,,reinforced_concrete_floor_thickness,"Model: Y
Source: Y
concrete slab bottom → concrete slab top",D350,,"Model: Y
Source: Y
concrete slab bottom → concrete slab top",80,E350,,80,mm,F350,,mm,80,G350,"IF(COUNTBLANK(E350)>0,"""",E350)",80,0.08,H350,"IF(COUNTBLANK(G350)>0,"""",G350/1000)",0.08,Ghi trên bản vẽ / Explicit,I350,,Ghi trên bản vẽ / Explicit,"Tờ 4
File 6",J350,,"Tờ 4
File 6",center floor build-up note,K350,,center floor build-up note,bt ct dày 8cm,L350,,bt ct dày 8cm,Explicit 8 cm converted to 80 mm. Floor notes also specify natural stone paving and compacted sand fill; their thicknesses are not supplied.,M350,,Explicit 8 cm converted to 80 mm. Floor notes also specify natural stone paving and compacted sand fill; their thicknesses are not supplied.
351,S046,A351,S046,A351,,S046,"Cao độ mặt cắt cung thánh
Sanctuary section levels",B351,,"Cao độ mặt cắt cung thánh
Sanctuary section levels",ridge_elevation,C351,,ridge_elevation,"Model: Y
Source: Y
±0.000 → ridge decoration top",D351,,"Model: Y
Source: Y
±0.000 → ridge decoration top",12.472,E351,,12.472,m,F351,,m,12472,G351,"IF(COUNTBLANK(E351)>0,"""",E351*1000)",12472,12.472,H351,"IF(COUNTBLANK(G351)>0,"""",G351/1000)",12.472,Ghi trên bản vẽ / Explicit,I351,,Ghi trên bản vẽ / Explicit,"Tờ 5
File 7",J351,,"Tờ 5
File 7",left-side level symbols,K351,,left-side level symbols,"+ 12,472M",L351,,"+ 12,472M",,M351,,
352,S047,A352,S047,A352,,S047,"Cao độ mặt cắt cung thánh
Sanctuary section levels",B352,,"Cao độ mặt cắt cung thánh
Sanctuary section levels",intermediate_roof_level,C352,,intermediate_roof_level,"Model: Y
Source: Y
±0.000 → marked upper eave/roof level",D352,,"Model: Y
Source: Y
±0.000 → marked upper eave/roof level",7.13,E352,,7.13,m,F352,,m,7130,G352,"IF(COUNTBLANK(E352)>0,"""",E352*1000)",7130,7.13,H352,"IF(COUNTBLANK(G352)>0,"""",G352/1000)",7.13,Ghi trên bản vẽ / Explicit,I352,,Ghi trên bản vẽ / Explicit,"Tờ 5
File 7",J352,,"Tờ 5
File 7",left-side level symbols,K352,,left-side level symbols,"+ 7,13M",L352,,"+ 7,13M",,M352,,
353,S048,A353,S048,A353,,S048,"Cao độ mặt cắt cung thánh
Sanctuary section levels",B353,,"Cao độ mặt cắt cung thánh
Sanctuary section levels",outer_cornice_elevation,C353,,outer_cornice_elevation,"Model: Y
Source: Y
±0.000 → veranda exterior cornice",D353,,"Model: Y
Source: Y
±0.000 → veranda exterior cornice",6.325,E353,,6.325,m,F353,,m,6325,G353,"IF(COUNTBLANK(E353)>0,"""",E353*1000)",6325,6.325,H353,"IF(COUNTBLANK(G353)>0,"""",G353/1000)",6.325,Ghi trên bản vẽ / Explicit,I353,,Ghi trên bản vẽ / Explicit,"Tờ 5
File 7",J353,,"Tờ 5
File 7",left-side level symbols,K353,,left-side level symbols,"+ 6,325M",L353,,"+ 6,325M",,M353,,
354,S049,A354,S049,A354,,S049,"Cao độ mặt cắt cung thánh
Sanctuary section levels",B354,,"Cao độ mặt cắt cung thánh
Sanctuary section levels",finished_floor_elevation,C354,,finished_floor_elevation,"Model: Y
Source: Y
±0.000 → finished church floor",D354,,"Model: Y
Source: Y
±0.000 → finished church floor",0,E354,,0,m,F354,,m,0,G354,"IF(COUNTBLANK(E354)>0,"""",E354*1000)",0,0,H354,"IF(COUNTBLANK(G354)>0,"""",G354/1000)",0,Ghi trên bản vẽ / Explicit,I354,,Ghi trên bản vẽ / Explicit,"Tờ 5
File 7",J354,,"Tờ 5
File 7",left-side level symbols,K354,,left-side level symbols,+ 00,L354,,+ 00,,M354,,
355,S050,A355,S050,A355,,S050,"Cao độ mặt cắt cung thánh
Sanctuary section levels",B355,,"Cao độ mặt cắt cung thánh
Sanctuary section levels",courtyard_elevation,C355,,courtyard_elevation,"Model: Y
Source: Y
±0.000 → courtyard / MẶT SÂN",D355,,"Model: Y
Source: Y
±0.000 → courtyard / MẶT SÂN",-2.08,E355,,-2.08,m,F355,,m,-2080,G355,"IF(COUNTBLANK(E355)>0,"""",E355*1000)",-2080,-2.08,H355,"IF(COUNTBLANK(G355)>0,"""",G355/1000)",-2.08,Ghi trên bản vẽ / Explicit,I355,,Ghi trên bản vẽ / Explicit,"Tờ 5
File 7",J355,,"Tờ 5
File 7",left-side level symbols,K355,,left-side level symbols,"MẶT SÂN - 2,08M",L355,,"MẶT SÂN - 2,08M",,M355,,
356,S051,A356,S051,A356,,S051,"Tổng cao mặt cắt cung thánh
Sanctuary overall height",B356,,"Tổng cao mặt cắt cung thánh
Sanctuary overall height",overall_height,C356,,overall_height,"Model: Y
Source: Y
courtyard baseline → ridge top",D356,,"Model: Y
Source: Y
courtyard baseline → ridge top",14476,E356,,14476,mm,F356,,mm,14476,G356,"IF(COUNTBLANK(E356)>0,"""",E356)",14476,14.476,H356,"IF(COUNTBLANK(G356)>0,"""",G356/1000)",14.476,Ghi trên bản vẽ / Explicit,I356,,Ghi trên bản vẽ / Explicit,"Tờ 5
File 7",J356,,"Tờ 5
File 7",far right overall dimension,K356,,far right overall dimension,14476,L356,,14476,Same conflict as printed sheet 4: expected 14552 from labeled levels; difference76 mm.,M356,,Same conflict as printed sheet 4: expected 14552 from labeled levels; difference76 mm.
357,S052,A357,S052,A357,,S052,"Khoảng cách trục mặt cắt cung thánh
Sanctuary transverse grid span",B357,,"Khoảng cách trục mặt cắt cung thánh
Sanctuary transverse grid span",grid_B_C,C357,,grid_B_C,"Model: Z
Source: X
B → C",D357,,"Model: Z
Source: X
B → C",3054,E357,,3054,mm,F357,,mm,3054,G357,"IF(COUNTBLANK(E357)>0,"""",E357)",3054,3.054,H357,"IF(COUNTBLANK(G357)>0,"""",G357/1000)",3.054,Ghi trên bản vẽ / Explicit,I357,,Ghi trên bản vẽ / Explicit,"Tờ 5
File 7",J357,,"Tờ 5
File 7",bottom transverse dimension chain,K357,,bottom transverse dimension chain,3054,L357,,3054,,M357,,
358,S053,A358,S053,A358,,S053,"Khoảng cách trục mặt cắt cung thánh
Sanctuary transverse grid span",B358,,"Khoảng cách trục mặt cắt cung thánh
Sanctuary transverse grid span",grid_C_D,C358,,grid_C_D,"Model: Z
Source: X
C → D",D358,,"Model: Z
Source: X
C → D",3760,E358,,3760,mm,F358,,mm,3760,G358,"IF(COUNTBLANK(E358)>0,"""",E358)",3760,3.76,H358,"IF(COUNTBLANK(G358)>0,"""",G358/1000)",3.76,Ghi trên bản vẽ / Explicit,I358,,Ghi trên bản vẽ / Explicit,"Tờ 5
File 7",J358,,"Tờ 5
File 7",bottom transverse dimension chain,K358,,bottom transverse dimension chain,3760,L358,,3760,,M358,,
359,S054,A359,S054,A359,,S054,"Khoảng cách trục mặt cắt cung thánh
Sanctuary transverse grid span",B359,,"Khoảng cách trục mặt cắt cung thánh
Sanctuary transverse grid span",grid_D_E,C359,,grid_D_E,"Model: Z
Source: X
D → E",D359,,"Model: Z
Source: X
D → E",7200,E359,,7200,mm,F359,,mm,7200,G359,"IF(COUNTBLANK(E359)>0,"""",E359)",7200,7.2,H359,"IF(COUNTBLANK(G359)>0,"""",G359/1000)",7.2,Ghi trên bản vẽ / Explicit,I359,,Ghi trên bản vẽ / Explicit,"Tờ 5
File 7",J359,,"Tờ 5
File 7",bottom transverse dimension chain,K359,,bottom transverse dimension chain,7200,L359,,7200,,M359,,
360,S055,A360,S055,A360,,S055,"Khoảng cách trục mặt cắt cung thánh
Sanctuary transverse grid span",B360,,"Khoảng cách trục mặt cắt cung thánh
Sanctuary transverse grid span",grid_E_G,C360,,grid_E_G,"Model: Z
Source: X
E → G",D360,,"Model: Z
Source: X
E → G",3760,E360,,3760,mm,F360,,mm,3760,G360,"IF(COUNTBLANK(E360)>0,"""",E360)",3760,3.76,H360,"IF(COUNTBLANK(G360)>0,"""",G360/1000)",3.76,Ghi trên bản vẽ / Explicit,I360,,Ghi trên bản vẽ / Explicit,"Tờ 5
File 7",J360,,"Tờ 5
File 7",bottom transverse dimension chain,K360,,bottom transverse dimension chain,3760,L360,,3760,,M360,,
361,S056,A361,S056,A361,,S056,"Khoảng cách trục mặt cắt cung thánh
Sanctuary transverse grid span",B361,,"Khoảng cách trục mặt cắt cung thánh
Sanctuary transverse grid span",grid_G_H,C361,,grid_G_H,"Model: Z
Source: X
G → H",D361,,"Model: Z
Source: X
G → H",3054,E361,,3054,mm,F361,,mm,3054,G361,"IF(COUNTBLANK(E361)>0,"""",E361)",3054,3.054,H361,"IF(COUNTBLANK(G361)>0,"""",G361/1000)",3.054,Ghi trên bản vẽ / Explicit,I361,,Ghi trên bản vẽ / Explicit,"Tờ 5
File 7",J361,,"Tờ 5
File 7",bottom transverse dimension chain,K361,,bottom transverse dimension chain,3054,L361,,3054,,M361,,
362,S057,A362,S057,A362,,S057,"Tổng bề ngang mặt cắt cung thánh
Sanctuary overall transverse width",B362,,"Tổng bề ngang mặt cắt cung thánh
Sanctuary overall transverse width",outside_width,C362,,outside_width,"Model: Z
Source: X
left outer extent → right outer extent",D362,,"Model: Z
Source: X
left outer extent → right outer extent",22388,E362,,22388,mm,F362,,mm,22388,G362,"IF(COUNTBLANK(E362)>0,"""",E362)",22388,22.388,H362,"IF(COUNTBLANK(G362)>0,"""",G362/1000)",22.388,Ghi trên bản vẽ / Explicit,I362,,Ghi trên bản vẽ / Explicit,"Tờ 5
File 7",J362,,"Tờ 5
File 7",bottom overall dimension,K362,,bottom overall dimension,22388,L362,,22388,,M362,,
363,S058,A363,S058,A363,,S058,"Kích thước móng trên mặt cắt
Foundation section offsets",B363,,"Kích thước móng trên mặt cắt
Foundation section offsets",foundation_offset,C363,,foundation_offset,"Model: Z
Source: X
E foundation left face → E axis",D363,,"Model: Z
Source: X
E foundation left face → E axis",500,E363,,500,mm,F363,,mm,500,G363,"IF(COUNTBLANK(E363)>0,"""",E363)",500,0.5,H363,"IF(COUNTBLANK(G363)>0,"""",G363/1000)",0.5,Ghi trên bản vẽ / Explicit,I363,,Ghi trên bản vẽ / Explicit,"Tờ 5
File 7",J363,,"Tờ 5
File 7",bottom right local foundation dimension chain,K363,,bottom right local foundation dimension chain,500,L363,,500,Foundation/section extents; not column shaft size.,M363,,Foundation/section extents; not column shaft size.
364,S059,A364,S059,A364,,S059,"Kích thước móng trên mặt cắt
Foundation section offsets",B364,,"Kích thước móng trên mặt cắt
Foundation section offsets",foundation_offset,C364,,foundation_offset,"Model: Z
Source: X
E axis → E foundation right face",D364,,"Model: Z
Source: X
E axis → E foundation right face",500,E364,,500,mm,F364,,mm,500,G364,"IF(COUNTBLANK(E364)>0,"""",E364)",500,0.5,H364,"IF(COUNTBLANK(G364)>0,"""",G364/1000)",0.5,Ghi trên bản vẽ / Explicit,I364,,Ghi trên bản vẽ / Explicit,"Tờ 5
File 7",J364,,"Tờ 5
File 7",bottom right local foundation dimension chain,K364,,bottom right local foundation dimension chain,500,L364,,500,Foundation/section extents; not column shaft size.,M364,,Foundation/section extents; not column shaft size.
365,S060,A365,S060,A365,,S060,"Kích thước móng trên mặt cắt
Foundation section offsets",B365,,"Kích thước móng trên mặt cắt
Foundation section offsets",foundation_offset,C365,,foundation_offset,"Model: Z
Source: X
G foundation left face → G axis",D365,,"Model: Z
Source: X
G foundation left face → G axis",560,E365,,560,mm,F365,,mm,560,G365,"IF(COUNTBLANK(E365)>0,"""",E365)",560,0.56,H365,"IF(COUNTBLANK(G365)>0,"""",G365/1000)",0.56,Ghi trên bản vẽ / Explicit,I365,,Ghi trên bản vẽ / Explicit,"Tờ 5
File 7",J365,,"Tờ 5
File 7",bottom right local foundation dimension chain,K365,,bottom right local foundation dimension chain,560,L365,,560,Foundation/section extents; not column shaft size.,M365,,Foundation/section extents; not column shaft size.
366,S061,A366,S061,A366,,S061,"Kích thước móng trên mặt cắt
Foundation section offsets",B366,,"Kích thước móng trên mặt cắt
Foundation section offsets",foundation_offset,C366,,foundation_offset,"Model: Z
Source: X
G axis → G foundation right face",D366,,"Model: Z
Source: X
G axis → G foundation right face",330,E366,,330,mm,F366,,mm,330,G366,"IF(COUNTBLANK(E366)>0,"""",E366)",330,0.33,H366,"IF(COUNTBLANK(G366)>0,"""",G366/1000)",0.33,Ghi trên bản vẽ / Explicit,I366,,Ghi trên bản vẽ / Explicit,"Tờ 5
File 7",J366,,"Tờ 5
File 7",bottom right local foundation dimension chain,K366,,bottom right local foundation dimension chain,330,L366,,330,Foundation/section extents; not column shaft size.,M366,,Foundation/section extents; not column shaft size.
367,S062,A367,S062,A367,,S062,"Kích thước móng trên mặt cắt
Foundation section offsets",B367,,"Kích thước móng trên mặt cắt
Foundation section offsets",foundation_offset,C367,,foundation_offset,"Model: Z
Source: X
H foundation inner face → H axis",D367,,"Model: Z
Source: X
H foundation inner face → H axis",385,E367,,385,mm,F367,,mm,385,G367,"IF(COUNTBLANK(E367)>0,"""",E367)",385,0.385,H367,"IF(COUNTBLANK(G367)>0,"""",G367/1000)",0.385,Ghi trên bản vẽ / Explicit,I367,,Ghi trên bản vẽ / Explicit,"Tờ 5
File 7",J367,,"Tờ 5
File 7",bottom right local foundation dimension chain,K367,,bottom right local foundation dimension chain,385,L367,,385,Foundation/section extents; not column shaft size.,M367,,Foundation/section extents; not column shaft size.
368,S063,A368,S063,A368,,S063,"Kích thước móng trên mặt cắt
Foundation section offsets",B368,,"Kích thước móng trên mặt cắt
Foundation section offsets",foundation_offset,C368,,foundation_offset,"Model: Z
Source: X
H axis → H foundation outer face",D368,,"Model: Z
Source: X
H axis → H foundation outer face",780,E368,,780,mm,F368,,mm,780,G368,"IF(COUNTBLANK(E368)>0,"""",E368)",780,0.78,H368,"IF(COUNTBLANK(G368)>0,"""",G368/1000)",0.78,Ghi trên bản vẽ / Explicit,I368,,Ghi trên bản vẽ / Explicit,"Tờ 5
File 7",J368,,"Tờ 5
File 7",bottom right local foundation dimension chain,K368,,bottom right local foundation dimension chain,780,L368,,780,Foundation/section extents; not column shaft size.,M368,,Foundation/section extents; not column shaft size.
369,S064,A369,S064,A369,,S064,"Cốt sân và sàn
Floor and courtyard",B369,,"Cốt sân và sàn
Floor and courtyard",floor_to_courtyard,C369,,floor_to_courtyard,"Model: Y
Source: Y
courtyard baseline → finished floor",D369,,"Model: Y
Source: Y
courtyard baseline → finished floor",2080,E369,,2080,mm,F369,,mm,2080,G369,"IF(COUNTBLANK(E369)>0,"""",E369)",2080,2.08,H369,"IF(COUNTBLANK(G369)>0,"""",G369/1000)",2.08,Ghi trên bản vẽ / Explicit,I369,,Ghi trên bản vẽ / Explicit,"Tờ 5
File 7",J369,,"Tờ 5
File 7",left sanctuary aisle below floor,K369,,left sanctuary aisle below floor,2080,L369,,2080,,M369,,
370,S065,A370,S065,A370,,S065,"Bậc nền cung thánh
Sanctuary lower platform",B370,,"Bậc nền cung thánh
Sanctuary lower platform",lower_step_height,C370,,lower_step_height,"Model: Y
Source: Y
finished floor → raised aisle/platform",D370,,"Model: Y
Source: Y
finished floor → raised aisle/platform",150,E370,,150,mm,F370,,mm,150,G370,"IF(COUNTBLANK(E370)>0,"""",E370)",150,0.15,H370,"IF(COUNTBLANK(G370)>0,"""",G370/1000)",0.15,Ghi trên bản vẽ / Explicit,I370,,Ghi trên bản vẽ / Explicit,"Tờ 5
File 7",J370,,"Tờ 5
File 7",left sanctuary aisle floor,K370,,left sanctuary aisle floor,150,L370,,150,,M370,,
371,S066,A371,S066,A371,,S066,"Bệ cung thánh
Sanctuary dais",B371,,"Bệ cung thánh
Sanctuary dais",dais_rise_above_lower_platform,C371,,dais_rise_above_lower_platform,"Model: Y
Source: Y
raised aisle/platform → dais top",D371,,"Model: Y
Source: Y
raised aisle/platform → dais top",600,E371,,600,mm,F371,,mm,600,G371,"IF(COUNTBLANK(E371)>0,"""",E371)",600,0.6,H371,"IF(COUNTBLANK(G371)>0,"""",G371/1000)",0.6,Ghi trên bản vẽ / Explicit,I371,,Ghi trên bản vẽ / Explicit,"Tờ 5
File 7",J371,,"Tờ 5
File 7",left central column base,K371,,left central column base,600,L371,,600,,M371,,
372,S067,A372,S067,A372,,S067,"Bệ cung thánh
Sanctuary dais",B372,,"Bệ cung thánh
Sanctuary dais",dais_elevation_above_main_floor,C372,,dais_elevation_above_main_floor,"Model: Y
Source: Y
finished floor → dais top",D372,,"Model: Y
Source: Y
finished floor → dais top",750,E372,,750,mm,F372,,mm,750,G372,"IF(COUNTBLANK(E372)>0,"""",E372)",750,0.75,H372,"IF(COUNTBLANK(G372)>0,"""",G372/1000)",0.75,Ghi trên bản vẽ / Explicit,I372,,Ghi trên bản vẽ / Explicit,"Tờ 5
File 7",J372,,"Tờ 5
File 7",right central column base,K372,,right central column base,750,L372,,750,,M372,,
373,S068,A373,S068,A373,,S068,"Chân cột cung thánh trái
Left sanctuary column plinth",B373,,"Chân cột cung thánh trái
Left sanctuary column plinth",plinth_height,C373,,plinth_height,"Model: Y
Source: Y
dais top → plinth top",D373,,"Model: Y
Source: Y
dais top → plinth top",200,E373,,200,mm,F373,,mm,200,G373,"IF(COUNTBLANK(E373)>0,"""",E373)",200,0.2,H373,"IF(COUNTBLANK(G373)>0,"""",G373/1000)",0.2,Ghi trên bản vẽ / Explicit,I373,,Ghi trên bản vẽ / Explicit,"Tờ 5
File 7",J373,,"Tờ 5
File 7",left central column base,K373,,left central column base,200,L373,,200,,M373,,
374,S069,A374,S069,A374,,S069,"Chân cột cung thánh phải
Right sanctuary column plinth",B374,,"Chân cột cung thánh phải
Right sanctuary column plinth",plinth_height,C374,,plinth_height,"Model: Y
Source: Y
dais top → plinth top",D374,,"Model: Y
Source: Y
dais top → plinth top",200,E374,,200,mm,F374,,mm,200,G374,"IF(COUNTBLANK(E374)>0,"""",E374)",200,0.2,H374,"IF(COUNTBLANK(G374)>0,"""",G374/1000)",0.2,Ghi trên bản vẽ / Explicit,I374,,Ghi trên bản vẽ / Explicit,"Tờ 5
File 7",J374,,"Tờ 5
File 7",right central column base,K374,,right central column base,200,L374,,200,,M374,,
375,S070,A375,S070,A375,,S070,"Thân cột cung thánh
Sanctuary central column shaft",B375,,"Thân cột cung thánh
Sanctuary central column shaft",shaft_height,C375,,shaft_height,"Model: Y
Source: Y
plinth top → top central column reference",D375,,"Model: Y
Source: Y
plinth top → top central column reference",8452,E375,,8452,mm,F375,,mm,8452,G375,"IF(COUNTBLANK(E375)>0,"""",E375)",8452,8.452,H375,"IF(COUNTBLANK(G375)>0,"""",G375/1000)",8.452,Ghi trên bản vẽ / Explicit,I375,,Ghi trên bản vẽ / Explicit,"Tờ 5
File 7",J375,,"Tờ 5
File 7",right side of central sanctuary opening,K375,,right side of central sanctuary opening,8452,L375,,8452,,M375,,
376,S071,A376,S071,A376,,S071,"Phân đoạn cao cung thánh
Sanctuary column height chain",B376,,"Phân đoạn cao cung thánh
Sanctuary column height chain",lower_height_segment,C376,,lower_height_segment,"Model: Y
Source: Y
plinth top → horizontal intermediate line",D376,,"Model: Y
Source: Y
plinth top → horizontal intermediate line",2151,E376,,2151,mm,F376,,mm,2151,G376,"IF(COUNTBLANK(E376)>0,"""",E376)",2151,2.151,H376,"IF(COUNTBLANK(G376)>0,"""",G376/1000)",2.151,Ghi trên bản vẽ / Explicit,I376,,Ghi trên bản vẽ / Explicit,"Tờ 5
File 7",J376,,"Tờ 5
File 7",left side of central sanctuary opening,K376,,left side of central sanctuary opening,2151,L376,,2151,,M376,,
377,S072,A377,S072,A377,,S072,"Phân đoạn cao cung thánh
Sanctuary column height chain",B377,,"Phân đoạn cao cung thánh
Sanctuary column height chain",upper_height_segment,C377,,upper_height_segment,"Model: Y
Source: Y
horizontal intermediate line → top central column reference",D377,,"Model: Y
Source: Y
horizontal intermediate line → top central column reference",6301,E377,,6301,mm,F377,,mm,6301,G377,"IF(COUNTBLANK(E377)>0,"""",E377)",6301,6.301,H377,"IF(COUNTBLANK(G377)>0,"""",G377/1000)",6.301,Ghi trên bản vẽ / Explicit,I377,,Ghi trên bản vẽ / Explicit,"Tờ 5
File 7",J377,,"Tờ 5
File 7",left side of central sanctuary opening,K377,,left side of central sanctuary opening,6301,L377,,6301,,M377,,
378,S073,A378,S073,A378,,S073,"Vòm gian bên cung thánh
Sanctuary side-aisle arch",B378,,"Vòm gian bên cung thánh
Sanctuary side-aisle arch",arch_crown_relative_height,C378,,arch_crown_relative_height,"Model: Y
Source: Y
horizontal intermediate line → side arch crown",D378,,"Model: Y
Source: Y
horizontal intermediate line → side arch crown",4462,E378,,4462,mm,F378,,mm,4462,G378,"IF(COUNTBLANK(E378)>0,"""",E378)",4462,4.462,H378,"IF(COUNTBLANK(G378)>0,"""",G378/1000)",4.462,Ghi trên bản vẽ / Explicit,I378,,Ghi trên bản vẽ / Explicit,"Tờ 5
File 7",J378,,"Tờ 5
File 7",left sanctuary side-aisle arch,K378,,left sanctuary side-aisle arch,4462,L378,,4462,,M378,,
379,S074,A379,S074,A379,,S074,"Cửa sau cung thánh
Sanctuary rear side opening",B379,,"Cửa sau cung thánh
Sanctuary rear side opening",rectangular_opening_height,C379,,rectangular_opening_height,"Model: Y
Source: Y
raised aisle/platform → rectangular opening head",D379,,"Model: Y
Source: Y
raised aisle/platform → rectangular opening head",2554,E379,,2554,mm,F379,,mm,2554,G379,"IF(COUNTBLANK(E379)>0,"""",E379)",2554,2.554,H379,"IF(COUNTBLANK(G379)>0,"""",G379/1000)",2.554,Ghi trên bản vẽ / Explicit,I379,,Ghi trên bản vẽ / Explicit,"Tờ 5
File 7",J379,,"Tờ 5
File 7",left side aisle opening,K379,,left side aisle opening,2554,L379,,2554,,M379,,
380,S075,A380,S075,A380,,S075,"Khoảng trên cửa sau
Gap above sanctuary rear opening",B380,,"Khoảng trên cửa sau
Gap above sanctuary rear opening",vertical_clearance,C380,,vertical_clearance,"Model: Y
Source: Y
rectangular opening head → horizontal intermediate line",D380,,"Model: Y
Source: Y
rectangular opening head → horizontal intermediate line",396,E380,,396,mm,F380,,mm,396,G380,"IF(COUNTBLANK(E380)>0,"""",E380)",396,0.396,H380,"IF(COUNTBLANK(G380)>0,"""",G380/1000)",0.396,Ghi trên bản vẽ / Explicit,I380,,Ghi trên bản vẽ / Explicit,"Tờ 5
File 7",J380,,"Tờ 5
File 7",left side aisle opening,K380,,left side aisle opening,396,L380,,396,,M380,,
381,S076,A381,S076,A381,,S076,"Đường tham chiếu gian bên
Side-aisle reference height",B381,,"Đường tham chiếu gian bên
Side-aisle reference height",reference_height,C381,,reference_height,"Model: Y
Source: Y
raised aisle/platform → horizontal intermediate line",D381,,"Model: Y
Source: Y
raised aisle/platform → horizontal intermediate line",2951,E381,,2951,mm,F381,,mm,2951,G381,"IF(COUNTBLANK(E381)>0,"""",E381)",2951,2.951,H381,"IF(COUNTBLANK(G381)>0,"""",G381/1000)",2.951,Ghi trên bản vẽ / Explicit,I381,,Ghi trên bản vẽ / Explicit,"Tờ 5
File 7",J381,,"Tờ 5
File 7",right sanctuary side aisle,K381,,right sanctuary side aisle,2951,L381,,2951,,M381,,
382,S077,A382,S077,A382,,S077,"Đà chân tường hiên
Exterior wall footing/drop",B382,,"Đà chân tường hiên
Exterior wall footing/drop",upper_foundation_drop,C382,,upper_foundation_drop,"Model: Y
Source: Y
finished floor → foundation change reference",D382,,"Model: Y
Source: Y
finished floor → foundation change reference",380,E382,,380,mm,F382,,mm,380,G382,"IF(COUNTBLANK(E382)>0,"""",E382)",380,0.38,H382,"IF(COUNTBLANK(G382)>0,"""",G382/1000)",0.38,Ghi trên bản vẽ / Explicit,I382,,Ghi trên bản vẽ / Explicit,"Tờ 5
File 7",J382,,"Tờ 5
File 7",far right below floor,K382,,far right below floor,380,L382,,380,,M382,,
383,S078,A383,S078,A383,,S078,"Đế tường hiên
Exterior foundation base",B383,,"Đế tường hiên
Exterior foundation base",lower_foundation_height,C383,,lower_foundation_height,"Model: Y
Source: Y
courtyard baseline → foundation change reference",D383,,"Model: Y
Source: Y
courtyard baseline → foundation change reference",1700,E383,,1700,mm,F383,,mm,1700,G383,"IF(COUNTBLANK(E383)>0,"""",E383)",1700,1.7,H383,"IF(COUNTBLANK(G383)>0,"""",G383/1000)",1.7,Ghi trên bản vẽ / Explicit,I383,,Ghi trên bản vẽ / Explicit,"Tờ 5
File 7",J383,,"Tờ 5
File 7",far right foundation,K383,,far right foundation,1700,L383,,1700,,M383,,
384,S079,A384,S079,A384,,S079,"Cửa sau cung thánh
Sanctuary rear side opening",B384,,"Cửa sau cung thánh
Sanctuary rear side opening",opening_width,C384,,opening_width,"Model: Z
Source: X
opening left jamb → opening right jamb",D384,,"Model: Z
Source: X
opening left jamb → opening right jamb",1200,E384,,1200,mm,F384,,mm,1200,G384,"IF(COUNTBLANK(E384)>0,"""",E384)",1200,1.2,H384,"IF(COUNTBLANK(G384)>0,"""",G384/1000)",1.2,Ghi trên bản vẽ / Explicit,I384,,Ghi trên bản vẽ / Explicit,"Tờ 5
File 7",J384,,"Tờ 5
File 7",right side aisle opening at floor,K384,,right side aisle opening at floor,1200,L384,,1200,The opening is drawn as a plain rectangle; frame depth and door construction are not dimensioned.,M384,,The opening is drawn as a plain rectangle; frame depth and door construction are not dimensioned.
385,S080,A385,S080,A385,,S080,"Sàn bê tông
Concrete floor",B385,,"Sàn bê tông
Concrete floor",floor_thickness,C385,,floor_thickness,"Model: Y
Source: Y
floor slab bottom → floor slab top",D385,,"Model: Y
Source: Y
floor slab bottom → floor slab top",80,E385,,80,mm,F385,,mm,80,G385,"IF(COUNTBLANK(E385)>0,"""",E385)",80,0.08,H385,"IF(COUNTBLANK(G385)>0,"""",G385/1000)",0.08,Ghi trên bản vẽ / Explicit,I385,,Ghi trên bản vẽ / Explicit,"Tờ 5
File 7",J385,,"Tờ 5
File 7",right veranda floor local dimension,K385,,right veranda floor local dimension,80,L385,,80,,M385,,
386,S081,A386,S081,A386,,S081,"Mái hiên BTCT
Reinforced concrete veranda roof",B386,,"Mái hiên BTCT
Reinforced concrete veranda roof",concrete_thickness,C386,,concrete_thickness,"Model: LOCAL_NORMAL
Source: NORMAL
concrete lower face → concrete upper face",D386,,"Model: LOCAL_NORMAL
Source: NORMAL
concrete lower face → concrete upper face",130,E386,,130,mm,F386,,mm,130,G386,"IF(COUNTBLANK(E386)>0,"""",E386)",130,0.13,H386,"IF(COUNTBLANK(G386)>0,"""",G386/1000)",0.13,Ghi trên bản vẽ / Explicit,I386,,Ghi trên bản vẽ / Explicit,"Tờ 5
File 7",J386,,"Tờ 5
File 7",left and right veranda material note,K386,,left and right veranda material note,bt ct đổ dày 13cm,L386,,bt ct đổ dày 13cm,13 cm explicitly written; normalized to130 mm.,M386,,13 cm explicitly written; normalized to130 mm.
387,S082,A387,S082,A387,,S082,"Một gian cửa sổ ngoài
Exterior double-window bay",B387,,"Một gian cửa sổ ngoài
Exterior double-window bay",bay_width,C387,,bay_width,"Model: X
Source: Z
axis3 → axis4",D387,,"Model: X
Source: Z
axis3 → axis4",4500,E387,,4500,mm,F387,,mm,4500,G387,"IF(COUNTBLANK(E387)>0,"""",E387)",4500,4.5,H387,"IF(COUNTBLANK(G387)>0,"""",G387/1000)",4.5,Ghi trên bản vẽ / Explicit,I387,,Ghi trên bản vẽ / Explicit,"Tờ 12
File 8",J387,,"Tờ 12
File 8",left drawing bottom horizontal chain,K387,,left drawing bottom horizontal chain,4500,L387,,4500,,M387,,
388,S083,A388,S083,A388,,S083,"Một gian cửa sổ ngoài
Exterior double-window bay",B388,,"Một gian cửa sổ ngoài
Exterior double-window bay",left_margin,C388,,left_margin,"Model: X
Source: Z
axis3 → left opening left jamb",D388,,"Model: X
Source: Z
axis3 → left opening left jamb",750,E388,,750,mm,F388,,mm,750,G388,"IF(COUNTBLANK(E388)>0,"""",E388)",750,0.75,H388,"IF(COUNTBLANK(G388)>0,"""",G388/1000)",0.75,Ghi trên bản vẽ / Explicit,I388,,Ghi trên bản vẽ / Explicit,"Tờ 12
File 8",J388,,"Tờ 12
File 8",left drawing bottom horizontal chain,K388,,left drawing bottom horizontal chain,750,L388,,750,,M388,,
389,S084,A389,S084,A389,,S084,"Một gian cửa sổ ngoài
Exterior double-window bay",B389,,"Một gian cửa sổ ngoài
Exterior double-window bay",left_opening_width,C389,,left_opening_width,"Model: X
Source: Z
left opening left jamb → left opening right jamb",D389,,"Model: X
Source: Z
left opening left jamb → left opening right jamb",1000,E389,,1000,mm,F389,,mm,1000,G389,"IF(COUNTBLANK(E389)>0,"""",E389)",1000,1,H389,"IF(COUNTBLANK(G389)>0,"""",G389/1000)",1,Ghi trên bản vẽ / Explicit,I389,,Ghi trên bản vẽ / Explicit,"Tờ 12
File 8",J389,,"Tờ 12
File 8",left drawing bottom horizontal chain,K389,,left drawing bottom horizontal chain,1000,L389,,1000,,M389,,
390,S085,A390,S085,A390,,S085,"Một gian cửa sổ ngoài
Exterior double-window bay",B390,,"Một gian cửa sổ ngoài
Exterior double-window bay",between_openings,C390,,between_openings,"Model: X
Source: Z
left opening right jamb → right opening left jamb",D390,,"Model: X
Source: Z
left opening right jamb → right opening left jamb",1000,E390,,1000,mm,F390,,mm,1000,G390,"IF(COUNTBLANK(E390)>0,"""",E390)",1000,1,H390,"IF(COUNTBLANK(G390)>0,"""",G390/1000)",1,Ghi trên bản vẽ / Explicit,I390,,Ghi trên bản vẽ / Explicit,"Tờ 12
File 8",J390,,"Tờ 12
File 8",left drawing bottom horizontal chain,K390,,left drawing bottom horizontal chain,1000,L390,,1000,,M390,,
391,S086,A391,S086,A391,,S086,"Một gian cửa sổ ngoài
Exterior double-window bay",B391,,"Một gian cửa sổ ngoài
Exterior double-window bay",right_opening_width,C391,,right_opening_width,"Model: X
Source: Z
right opening left jamb → right opening right jamb",D391,,"Model: X
Source: Z
right opening left jamb → right opening right jamb",1000,E391,,1000,mm,F391,,mm,1000,G391,"IF(COUNTBLANK(E391)>0,"""",E391)",1000,1,H391,"IF(COUNTBLANK(G391)>0,"""",G391/1000)",1,Ghi trên bản vẽ / Explicit,I391,,Ghi trên bản vẽ / Explicit,"Tờ 12
File 8",J391,,"Tờ 12
File 8",left drawing bottom horizontal chain,K391,,left drawing bottom horizontal chain,1000,L391,,1000,,M391,,
392,S087,A392,S087,A392,,S087,"Một gian cửa sổ ngoài
Exterior double-window bay",B392,,"Một gian cửa sổ ngoài
Exterior double-window bay",right_margin,C392,,right_margin,"Model: X
Source: Z
right opening right jamb → axis4",D392,,"Model: X
Source: Z
right opening right jamb → axis4",750,E392,,750,mm,F392,,mm,750,G392,"IF(COUNTBLANK(E392)>0,"""",E392)",750,0.75,H392,"IF(COUNTBLANK(G392)>0,"""",G392/1000)",0.75,Ghi trên bản vẽ / Explicit,I392,,Ghi trên bản vẽ / Explicit,"Tờ 12
File 8",J392,,"Tờ 12
File 8",left drawing bottom horizontal chain,K392,,left drawing bottom horizontal chain,750,L392,,750,,M392,,
393,S088,A393,S088,A393,,S088,"Cột và đỉnh trang trí ngoài
Exterior pilaster and finial",B393,,"Cột và đỉnh trang trí ngoài
Exterior pilaster and finial",cornice_height,C393,,cornice_height,"Model: Y
Source: Y
floor → main exterior cornice top",D393,,"Model: Y
Source: Y
floor → main exterior cornice top",6324,E393,,6324,mm,F393,,mm,6324,G393,"IF(COUNTBLANK(E393)>0,"""",E393)",6324,6.324,H393,"IF(COUNTBLANK(G393)>0,"""",G393/1000)",6.324,Ghi trên bản vẽ / Explicit,I393,,Ghi trên bản vẽ / Explicit,"Tờ 12
File 8",J393,,"Tờ 12
File 8",left drawing far left vertical chain,K393,,left drawing far left vertical chain,6324,L393,,6324,6324 conflicts by1 mm with detailed sum6325 and section level+6.325 m.,M393,,6324 conflicts by1 mm with detailed sum6325 and section level+6.325 m.
394,S089,A394,S089,A394,,S089,"Cột và đỉnh trang trí ngoài
Exterior pilaster and finial",B394,,"Cột và đỉnh trang trí ngoài
Exterior pilaster and finial",pinnacle_lower_segment,C394,,pinnacle_lower_segment,"Model: Y
Source: Y
main exterior cornice top → pinnacle lower-head/top railing reference",D394,,"Model: Y
Source: Y
main exterior cornice top → pinnacle lower-head/top railing reference",750,E394,,750,mm,F394,,mm,750,G394,"IF(COUNTBLANK(E394)>0,"""",E394)",750,0.75,H394,"IF(COUNTBLANK(G394)>0,"""",G394/1000)",0.75,Ghi trên bản vẽ / Explicit,I394,,Ghi trên bản vẽ / Explicit,"Tờ 12
File 8",J394,,"Tờ 12
File 8",left drawing far left vertical chain,K394,,left drawing far left vertical chain,750,L394,,750,,M394,,
395,S090,A395,S090,A395,,S090,"Cột và đỉnh trang trí ngoài
Exterior pilaster and finial",B395,,"Cột và đỉnh trang trí ngoài
Exterior pilaster and finial",pinnacle_upper_segment,C395,,pinnacle_upper_segment,"Model: Y
Source: Y
pinnacle lower-head/top railing reference → finial tip",D395,,"Model: Y
Source: Y
pinnacle lower-head/top railing reference → finial tip",952,E395,,952,mm,F395,,mm,952,G395,"IF(COUNTBLANK(E395)>0,"""",E395)",952,0.952,H395,"IF(COUNTBLANK(G395)>0,"""",G395/1000)",0.952,Ghi trên bản vẽ / Explicit,I395,,Ghi trên bản vẽ / Explicit,"Tờ 12
File 8",J395,,"Tờ 12
File 8",left drawing far left vertical chain,K395,,left drawing far left vertical chain,952,L395,,952,,M395,,
396,S091,A396,S091,A396,,S091,"Chi tiết cửa sổ ngoài
Exterior window and ornament",B396,,"Chi tiết cửa sổ ngoài
Exterior window and ornament",sill_height,C396,,sill_height,"Model: Y
Source: Y
floor → window sill",D396,,"Model: Y
Source: Y
floor → window sill",850,E396,,850,mm,F396,,mm,850,G396,"IF(COUNTBLANK(E396)>0,"""",E396)",850,0.85,H396,"IF(COUNTBLANK(G396)>0,"""",G396/1000)",0.85,Ghi trên bản vẽ / Explicit,I396,,Ghi trên bản vẽ / Explicit,"Tờ 12
File 8",J396,,"Tờ 12
File 8",left drawing center vertical detail chain,K396,,left drawing center vertical detail chain,850,L396,,850,,M396,,
397,S092,A397,S092,A397,,S092,"Chi tiết cửa sổ ngoài
Exterior window and ornament",B397,,"Chi tiết cửa sổ ngoài
Exterior window and ornament",rectangular_opening_height,C397,,rectangular_opening_height,"Model: Y
Source: Y
window sill → rectangular opening head",D397,,"Model: Y
Source: Y
window sill → rectangular opening head",2101,E397,,2101,mm,F397,,mm,2101,G397,"IF(COUNTBLANK(E397)>0,"""",E397)",2101,2.101,H397,"IF(COUNTBLANK(G397)>0,"""",G397/1000)",2.101,Ghi trên bản vẽ / Explicit,I397,,Ghi trên bản vẽ / Explicit,"Tờ 12
File 8",J397,,"Tờ 12
File 8",left drawing center vertical detail chain,K397,,left drawing center vertical detail chain,2101,L397,,2101,,M397,,
398,S093,A398,S093,A398,,S093,"Chi tiết cửa sổ ngoài
Exterior window and ornament",B398,,"Chi tiết cửa sổ ngoài
Exterior window and ornament",arch_head_band,C398,,arch_head_band,"Model: Y
Source: Y
rectangular opening head → arch spring",D398,,"Model: Y
Source: Y
rectangular opening head → arch spring",150,E398,,150,mm,F398,,mm,150,G398,"IF(COUNTBLANK(E398)>0,"""",E398)",150,0.15,H398,"IF(COUNTBLANK(G398)>0,"""",G398/1000)",0.15,Ghi trên bản vẽ / Explicit,I398,,Ghi trên bản vẽ / Explicit,"Tờ 12
File 8",J398,,"Tờ 12
File 8",left drawing center vertical detail chain,K398,,left drawing center vertical detail chain,150,L398,,150,,M398,,
399,S094,A399,S094,A399,,S094,"Chi tiết cửa sổ ngoài
Exterior window and ornament",B399,,"Chi tiết cửa sổ ngoài
Exterior window and ornament",arch_rise,C399,,arch_rise,"Model: Y
Source: Y
arch spring → inner arch crown",D399,,"Model: Y
Source: Y
arch spring → inner arch crown",507,E399,,507,mm,F399,,mm,507,G399,"IF(COUNTBLANK(E399)>0,"""",E399)",507,0.507,H399,"IF(COUNTBLANK(G399)>0,"""",G399/1000)",0.507,Ghi trên bản vẽ / Explicit,I399,,Ghi trên bản vẽ / Explicit,"Tờ 12
File 8",J399,,"Tờ 12
File 8",left drawing center vertical detail chain,K399,,left drawing center vertical detail chain,507,L399,,507,,M399,,
400,S095,A400,S095,A400,,S095,"Chi tiết cửa sổ ngoài
Exterior window and ornament",B400,,"Chi tiết cửa sổ ngoài
Exterior window and ornament",arch_molding_height,C400,,arch_molding_height,"Model: Y
Source: Y
inner arch crown → outer arch molding crown",D400,,"Model: Y
Source: Y
inner arch crown → outer arch molding crown",302,E400,,302,mm,F400,,mm,302,G400,"IF(COUNTBLANK(E400)>0,"""",E400)",302,0.302,H400,"IF(COUNTBLANK(G400)>0,"""",G400/1000)",0.302,Ghi trên bản vẽ / Explicit,I400,,Ghi trên bản vẽ / Explicit,"Tờ 12
File 8",J400,,"Tờ 12
File 8",left drawing center vertical detail chain,K400,,left drawing center vertical detail chain,302,L400,,302,,M400,,
401,S096,A401,S096,A401,,S096,"Chi tiết cửa sổ ngoài
Exterior window and ornament",B401,,"Chi tiết cửa sổ ngoài
Exterior window and ornament",roundel_vertical_reference_span,C401,,roundel_vertical_reference_span,"Model: Y
Source: Y
outer arch molding crown/lower roundel reference → upper roundel reference",D401,,"Model: Y
Source: Y
outer arch molding crown/lower roundel reference → upper roundel reference",837,E401,,837,mm,F401,,mm,837,G401,"IF(COUNTBLANK(E401)>0,"""",E401)",837,0.837,H401,"IF(COUNTBLANK(G401)>0,"""",G401/1000)",0.837,Ghi trên bản vẽ / Explicit,I401,,Ghi trên bản vẽ / Explicit,"Tờ 12
File 8",J401,,"Tờ 12
File 8",left drawing center vertical detail chain,K401,,left drawing center vertical detail chain,837,L401,,837,837 spans the inner roundel/rose reference lines; no diameter symbol or ring thickness is printed. Do not assume this is the outermost rosette diameter.,M401,,837 spans the inner roundel/rose reference lines; no diameter symbol or ring thickness is printed. Do not assume this is the outermost rosette diameter.
402,S097,A402,S097,A402,,S097,"Chi tiết cửa sổ ngoài
Exterior window and ornament",B402,,"Chi tiết cửa sổ ngoài
Exterior window and ornament",gap_to_corbel,C402,,gap_to_corbel,"Model: Y
Source: Y
upper roundel reference → corbel bottom",D402,,"Model: Y
Source: Y
upper roundel reference → corbel bottom",288,E402,,288,mm,F402,,mm,288,G402,"IF(COUNTBLANK(E402)>0,"""",E402)",288,0.288,H402,"IF(COUNTBLANK(G402)>0,"""",G402/1000)",0.288,Ghi trên bản vẽ / Explicit,I402,,Ghi trên bản vẽ / Explicit,"Tờ 12
File 8",J402,,"Tờ 12
File 8",left drawing center vertical detail chain,K402,,left drawing center vertical detail chain,288,L402,,288,,M402,,
403,S098,A403,S098,A403,,S098,"Chi tiết cửa sổ ngoài
Exterior window and ornament",B403,,"Chi tiết cửa sổ ngoài
Exterior window and ornament",corbel_height,C403,,corbel_height,"Model: Y
Source: Y
corbel bottom → corbel top",D403,,"Model: Y
Source: Y
corbel bottom → corbel top",343,E403,,343,mm,F403,,mm,343,G403,"IF(COUNTBLANK(E403)>0,"""",E403)",343,0.343,H403,"IF(COUNTBLANK(G403)>0,"""",G403/1000)",0.343,Ghi trên bản vẽ / Explicit,I403,,Ghi trên bản vẽ / Explicit,"Tờ 12
File 8",J403,,"Tờ 12
File 8",left drawing center vertical detail chain,K403,,left drawing center vertical detail chain,343,L403,,343,,M403,,
404,S099,A404,S099,A404,,S099,"Chi tiết cửa sổ ngoài
Exterior window and ornament",B404,,"Chi tiết cửa sổ ngoài
Exterior window and ornament",lower_band_height,C404,,lower_band_height,"Model: Y
Source: Y
corbel top → lower cornice band top",D404,,"Model: Y
Source: Y
corbel top → lower cornice band top",140,E404,,140,mm,F404,,mm,140,G404,"IF(COUNTBLANK(E404)>0,"""",E404)",140,0.14,H404,"IF(COUNTBLANK(G404)>0,"""",G404/1000)",0.14,Ghi trên bản vẽ / Explicit,I404,,Ghi trên bản vẽ / Explicit,"Tờ 12
File 8",J404,,"Tờ 12
File 8",left drawing center vertical detail chain,K404,,left drawing center vertical detail chain,140,L404,,140,,M404,,
405,S100,A405,S100,A405,,S100,"Chi tiết cửa sổ ngoài
Exterior window and ornament",B405,,"Chi tiết cửa sổ ngoài
Exterior window and ornament",frieze_height,C405,,frieze_height,"Model: Y
Source: Y
lower cornice band top → frieze top",D405,,"Model: Y
Source: Y
lower cornice band top → frieze top",250,E405,,250,mm,F405,,mm,250,G405,"IF(COUNTBLANK(E405)>0,"""",E405)",250,0.25,H405,"IF(COUNTBLANK(G405)>0,"""",G405/1000)",0.25,Ghi trên bản vẽ / Explicit,I405,,Ghi trên bản vẽ / Explicit,"Tờ 12
File 8",J405,,"Tờ 12
File 8",left drawing center vertical detail chain,K405,,left drawing center vertical detail chain,250,L405,,250,,M405,,
406,S101,A406,S101,A406,,S101,"Chi tiết cửa sổ ngoài
Exterior window and ornament",B406,,"Chi tiết cửa sổ ngoài
Exterior window and ornament",upper_cornice_height,C406,,upper_cornice_height,"Model: Y
Source: Y
frieze top → main exterior cornice top",D406,,"Model: Y
Source: Y
frieze top → main exterior cornice top",557,E406,,557,mm,F406,,mm,557,G406,"IF(COUNTBLANK(E406)>0,"""",E406)",557,0.557,H406,"IF(COUNTBLANK(G406)>0,"""",G406/1000)",0.557,Ghi trên bản vẽ / Explicit,I406,,Ghi trên bản vẽ / Explicit,"Tờ 12
File 8",J406,,"Tờ 12
File 8",left drawing center vertical detail chain,K406,,left drawing center vertical detail chain,557,L406,,557,,M406,,
407,S102,A407,S102,A407,,S102,"Cửa sổ tường trong
Interior window opening",B407,,"Cửa sổ tường trong
Interior window opening",left_margin,C407,,left_margin,"Model: X
Source: Z
axis3 → interior opening left jamb",D407,,"Model: X
Source: Z
axis3 → interior opening left jamb",1125,E407,,1125,mm,F407,,mm,1125,G407,"IF(COUNTBLANK(E407)>0,"""",E407)",1125,1.125,H407,"IF(COUNTBLANK(G407)>0,"""",G407/1000)",1.125,Ghi trên bản vẽ / Explicit,I407,,Ghi trên bản vẽ / Explicit,"Tờ 12
File 8",J407,,"Tờ 12
File 8",right drawing bottom horizontal dimension chain,K407,,right drawing bottom horizontal dimension chain,1125,L407,,1125,,M407,,
408,S103,A408,S103,A408,,S103,"Cửa sổ tường trong
Interior window opening",B408,,"Cửa sổ tường trong
Interior window opening",opening_width,C408,,opening_width,"Model: X
Source: Z
interior opening left jamb → interior opening right jamb",D408,,"Model: X
Source: Z
interior opening left jamb → interior opening right jamb",2250,E408,,2250,mm,F408,,mm,2250,G408,"IF(COUNTBLANK(E408)>0,"""",E408)",2250,2.25,H408,"IF(COUNTBLANK(G408)>0,"""",G408/1000)",2.25,Ghi trên bản vẽ / Explicit,I408,,Ghi trên bản vẽ / Explicit,"Tờ 12
File 8",J408,,"Tờ 12
File 8",right drawing bottom horizontal dimension chain,K408,,right drawing bottom horizontal dimension chain,2250,L408,,2250,,M408,,
409,S104,A409,S104,A409,,S104,"Cửa sổ tường trong
Interior window opening",B409,,"Cửa sổ tường trong
Interior window opening",right_margin,C409,,right_margin,"Model: X
Source: Z
interior opening right jamb → axis4",D409,,"Model: X
Source: Z
interior opening right jamb → axis4",1125,E409,,1125,mm,F409,,mm,1125,G409,"IF(COUNTBLANK(E409)>0,"""",E409)",1125,1.125,H409,"IF(COUNTBLANK(G409)>0,"""",G409/1000)",1.125,Ghi trên bản vẽ / Explicit,I409,,Ghi trên bản vẽ / Explicit,"Tờ 12
File 8",J409,,"Tờ 12
File 8",right drawing bottom horizontal dimension chain,K409,,right drawing bottom horizontal dimension chain,1125,L409,,1125,,M409,,
410,S105,A410,S105,A410,,S105,"Cửa sổ tường trong
Interior window opening",B410,,"Cửa sổ tường trong
Interior window opening",sill_height,C410,,sill_height,"Model: Y
Source: Y
floor → rectangular opening sill",D410,,"Model: Y
Source: Y
floor → rectangular opening sill",650,E410,,650,mm,F410,,mm,650,G410,"IF(COUNTBLANK(E410)>0,"""",E410)",650,0.65,H410,"IF(COUNTBLANK(G410)>0,"""",G410/1000)",0.65,Ghi trên bản vẽ / Explicit,I410,,Ghi trên bản vẽ / Explicit,"Tờ 12
File 8",J410,,"Tờ 12
File 8",right drawing center vertical chain,K410,,right drawing center vertical chain,650,L410,,650,,M410,,
411,S106,A411,S106,A411,,S106,"Cửa sổ tường trong
Interior window opening",B411,,"Cửa sổ tường trong
Interior window opening",rectangular_opening_height,C411,,rectangular_opening_height,"Model: Y
Source: Y
rectangular opening sill → rectangular opening head",D411,,"Model: Y
Source: Y
rectangular opening sill → rectangular opening head",2301,E411,,2301,mm,F411,,mm,2301,G411,"IF(COUNTBLANK(E411)>0,"""",E411)",2301,2.301,H411,"IF(COUNTBLANK(G411)>0,"""",G411/1000)",2.301,Ghi trên bản vẽ / Explicit,I411,,Ghi trên bản vẽ / Explicit,"Tờ 12
File 8",J411,,"Tờ 12
File 8",right drawing center vertical chain,K411,,right drawing center vertical chain,2301,L411,,2301,,M411,,
412,S107,A412,S107,A412,,S107,"Cửa sổ tường trong
Interior window opening",B412,,"Cửa sổ tường trong
Interior window opening",head_band_height,C412,,head_band_height,"Model: Y
Source: Y
rectangular opening head → fanlight base",D412,,"Model: Y
Source: Y
rectangular opening head → fanlight base",220,E412,,220,mm,F412,,mm,220,G412,"IF(COUNTBLANK(E412)>0,"""",E412)",220,0.22,H412,"IF(COUNTBLANK(G412)>0,"""",G412/1000)",0.22,Ghi trên bản vẽ / Explicit,I412,,Ghi trên bản vẽ / Explicit,"Tờ 12
File 8",J412,,"Tờ 12
File 8",right drawing center vertical chain,K412,,right drawing center vertical chain,220,L412,,220,,M412,,
413,S108,A413,S108,A413,,S108,"Cửa sổ tường trong
Interior window opening",B413,,"Cửa sổ tường trong
Interior window opening",arch_rise,C413,,arch_rise,"Model: Y
Source: Y
fanlight base → fanlight arch crown",D413,,"Model: Y
Source: Y
fanlight base → fanlight arch crown",1140,E413,,1140,mm,F413,,mm,1140,G413,"IF(COUNTBLANK(E413)>0,"""",E413)",1140,1.14,H413,"IF(COUNTBLANK(G413)>0,"""",G413/1000)",1.14,Ghi trên bản vẽ / Explicit,I413,,Ghi trên bản vẽ / Explicit,"Tờ 12
File 8",J413,,"Tờ 12
File 8",right drawing center vertical chain,K413,,right drawing center vertical chain,1140,L413,,1140,,M413,,
414,S109,A414,S109,A414,,S109,"Cửa sổ tường trong
Interior window opening",B414,,"Cửa sổ tường trong
Interior window opening",gap_above_arch,C414,,gap_above_arch,"Model: Y
Source: Y
fanlight arch crown → upper wall horizontal reference",D414,,"Model: Y
Source: Y
fanlight arch crown → upper wall horizontal reference",394,E414,,394,mm,F414,,mm,394,G414,"IF(COUNTBLANK(E414)>0,"""",E414)",394,0.394,H414,"IF(COUNTBLANK(G414)>0,"""",G414/1000)",0.394,Ghi trên bản vẽ / Explicit,I414,,Ghi trên bản vẽ / Explicit,"Tờ 12
File 8",J414,,"Tờ 12
File 8",right drawing center vertical chain,K414,,right drawing center vertical chain,394,L414,,394,,M414,,
415,S110,A415,S110,A415,,S110,"Cửa sổ tường trong
Interior window opening",B415,,"Cửa sổ tường trong
Interior window opening",upper_wall_height,C415,,upper_wall_height,"Model: Y
Source: Y
upper wall horizontal reference → wall top",D415,,"Model: Y
Source: Y
upper wall horizontal reference → wall top",2352,E415,,2352,mm,F415,,mm,2352,G415,"IF(COUNTBLANK(E415)>0,"""",E415)",2352,2.352,H415,"IF(COUNTBLANK(G415)>0,"""",G415/1000)",2.352,Ghi trên bản vẽ / Explicit,I415,,Ghi trên bản vẽ / Explicit,"Tờ 12
File 8",J415,,"Tờ 12
File 8",right drawing center vertical chain,K415,,right drawing center vertical chain,2352,L415,,2352,,M415,,
416,S111,A416,S111,A416,,S111,"Chuỗi cao tường trong
Interior wall outer dimension chain",B416,,"Chuỗi cao tường trong
Interior wall outer dimension chain",sill_height_repeat,C416,,sill_height_repeat,"Model: Y
Source: Y
floor → rectangular opening sill",D416,,"Model: Y
Source: Y
floor → rectangular opening sill",650,E416,,650,mm,F416,,mm,650,G416,"IF(COUNTBLANK(E416)>0,"""",E416)",650,0.65,H416,"IF(COUNTBLANK(G416)>0,"""",G416/1000)",0.65,Ghi trên bản vẽ / Explicit,I416,,Ghi trên bản vẽ / Explicit,"Tờ 12
File 8",J416,,"Tờ 12
File 8",right drawing left-side vertical chain,K416,,right drawing left-side vertical chain,650,L416,,650,,M416,,
417,S112,A417,S112,A417,,S112,"Chuỗi cao tường trong
Interior wall outer dimension chain",B417,,"Chuỗi cao tường trong
Interior wall outer dimension chain",rectangular_height_repeat,C417,,rectangular_height_repeat,"Model: Y
Source: Y
rectangular opening sill → rectangular opening head",D417,,"Model: Y
Source: Y
rectangular opening sill → rectangular opening head",2301,E417,,2301,mm,F417,,mm,2301,G417,"IF(COUNTBLANK(E417)>0,"""",E417)",2301,2.301,H417,"IF(COUNTBLANK(G417)>0,"""",G417/1000)",2.301,Ghi trên bản vẽ / Explicit,I417,,Ghi trên bản vẽ / Explicit,"Tờ 12
File 8",J417,,"Tờ 12
File 8",right drawing left-side vertical chain,K417,,right drawing left-side vertical chain,2301,L417,,2301,,M417,,
418,S113,A418,S113,A418,,S113,"Chuỗi cao tường trong
Interior wall outer dimension chain",B418,,"Chuỗi cao tường trong
Interior wall outer dimension chain",head_band_repeat,C418,,head_band_repeat,"Model: Y
Source: Y
rectangular opening head → fanlight base",D418,,"Model: Y
Source: Y
rectangular opening head → fanlight base",220,E418,,220,mm,F418,,mm,220,G418,"IF(COUNTBLANK(E418)>0,"""",E418)",220,0.22,H418,"IF(COUNTBLANK(G418)>0,"""",G418/1000)",0.22,Ghi trên bản vẽ / Explicit,I418,,Ghi trên bản vẽ / Explicit,"Tờ 12
File 8",J418,,"Tờ 12
File 8",right drawing left-side vertical chain,K418,,right drawing left-side vertical chain,220,L418,,220,,M418,,
419,S114,A419,S114,A419,,S114,"Chuỗi cao tường trong
Interior wall outer dimension chain",B419,,"Chuỗi cao tường trong
Interior wall outer dimension chain",arch_and_gap_height,C419,,arch_and_gap_height,"Model: Y
Source: Y
fanlight base → upper wall horizontal reference",D419,,"Model: Y
Source: Y
fanlight base → upper wall horizontal reference",1534,E419,,1534,mm,F419,,mm,1534,G419,"IF(COUNTBLANK(E419)>0,"""",E419)",1534,1.534,H419,"IF(COUNTBLANK(G419)>0,"""",G419/1000)",1.534,Ghi trên bản vẽ / Explicit,I419,,Ghi trên bản vẽ / Explicit,"Tờ 12
File 8",J419,,"Tờ 12
File 8",right drawing left-side vertical chain,K419,,right drawing left-side vertical chain,1534,L419,,1534,,M419,,
420,S115,A420,S115,A420,,S115,"Chuỗi cao tường trong
Interior wall outer dimension chain",B420,,"Chuỗi cao tường trong
Interior wall outer dimension chain",upper_wall_lower_segment,C420,,upper_wall_lower_segment,"Model: Y
Source: Y
upper wall horizontal reference → upper band reference",D420,,"Model: Y
Source: Y
upper wall horizontal reference → upper band reference",1280,E420,,1280,mm,F420,,mm,1280,G420,"IF(COUNTBLANK(E420)>0,"""",E420)",1280,1.28,H420,"IF(COUNTBLANK(G420)>0,"""",G420/1000)",1.28,Ghi trên bản vẽ / Explicit,I420,,Ghi trên bản vẽ / Explicit,"Tờ 12
File 8",J420,,"Tờ 12
File 8",right drawing left-side vertical chain,K420,,right drawing left-side vertical chain,1280,L420,,1280,,M420,,
421,S116,A421,S116,A421,,S116,"Chuỗi cao tường trong
Interior wall outer dimension chain",B421,,"Chuỗi cao tường trong
Interior wall outer dimension chain",upper_wall_upper_segment,C421,,upper_wall_upper_segment,"Model: Y
Source: Y
upper band reference → wall top",D421,,"Model: Y
Source: Y
upper band reference → wall top",1072,E421,,1072,mm,F421,,mm,1072,G421,"IF(COUNTBLANK(E421)>0,"""",E421)",1072,1.072,H421,"IF(COUNTBLANK(G421)>0,"""",G421/1000)",1.072,Ghi trên bản vẽ / Explicit,I421,,Ghi trên bản vẽ / Explicit,"Tờ 12
File 8",J421,,"Tờ 12
File 8",right drawing left-side vertical chain,K421,,right drawing left-side vertical chain,1072,L421,,1072,,M421,,
422,S117,A422,S117,A422,,S117,"Một gian cửa đi ngoài
Exterior doorway bay",B422,,"Một gian cửa đi ngoài
Exterior doorway bay",bay_width,C422,,bay_width,"Model: X
Source: Z
axis3 → axis4",D422,,"Model: X
Source: Z
axis3 → axis4",4500,E422,,4500,mm,F422,,mm,4500,G422,"IF(COUNTBLANK(E422)>0,"""",E422)",4500,4.5,H422,"IF(COUNTBLANK(G422)>0,"""",G422/1000)",4.5,Ghi trên bản vẽ / Explicit,I422,,Ghi trên bản vẽ / Explicit,"Tờ 13
File 9",J422,,"Tờ 13
File 9",left drawing bottom horizontal dimension chain,K422,,left drawing bottom horizontal dimension chain,4500,L422,,4500,,M422,,
423,S118,A423,S118,A423,,S118,"Một gian cửa đi ngoài
Exterior doorway bay",B423,,"Một gian cửa đi ngoài
Exterior doorway bay",left_margin,C423,,left_margin,"Model: X
Source: Z
axis3 → door left jamb",D423,,"Model: X
Source: Z
axis3 → door left jamb",1125,E423,,1125,mm,F423,,mm,1125,G423,"IF(COUNTBLANK(E423)>0,"""",E423)",1125,1.125,H423,"IF(COUNTBLANK(G423)>0,"""",G423/1000)",1.125,Ghi trên bản vẽ / Explicit,I423,,Ghi trên bản vẽ / Explicit,"Tờ 13
File 9",J423,,"Tờ 13
File 9",left drawing bottom horizontal dimension chain,K423,,left drawing bottom horizontal dimension chain,1125,L423,,1125,,M423,,
424,S119,A424,S119,A424,,S119,"Một gian cửa đi ngoài
Exterior doorway bay",B424,,"Một gian cửa đi ngoài
Exterior doorway bay",opening_width,C424,,opening_width,"Model: X
Source: Z
door left jamb → door right jamb",D424,,"Model: X
Source: Z
door left jamb → door right jamb",2250,E424,,2250,mm,F424,,mm,2250,G424,"IF(COUNTBLANK(E424)>0,"""",E424)",2250,2.25,H424,"IF(COUNTBLANK(G424)>0,"""",G424/1000)",2.25,Ghi trên bản vẽ / Explicit,I424,,Ghi trên bản vẽ / Explicit,"Tờ 13
File 9",J424,,"Tờ 13
File 9",left drawing bottom horizontal dimension chain,K424,,left drawing bottom horizontal dimension chain,2250,L424,,2250,,M424,,
425,S120,A425,S120,A425,,S120,"Một gian cửa đi ngoài
Exterior doorway bay",B425,,"Một gian cửa đi ngoài
Exterior doorway bay",right_margin,C425,,right_margin,"Model: X
Source: Z
door right jamb → axis4",D425,,"Model: X
Source: Z
door right jamb → axis4",1125,E425,,1125,mm,F425,,mm,1125,G425,"IF(COUNTBLANK(E425)>0,"""",E425)",1125,1.125,H425,"IF(COUNTBLANK(G425)>0,"""",G425/1000)",1.125,Ghi trên bản vẽ / Explicit,I425,,Ghi trên bản vẽ / Explicit,"Tờ 13
File 9",J425,,"Tờ 13
File 9",left drawing bottom horizontal dimension chain,K425,,left drawing bottom horizontal dimension chain,1125,L425,,1125,,M425,,
426,S121,A426,S121,A426,,S121,"Một gian cửa đi ngoài
Exterior doorway bay",B426,,"Một gian cửa đi ngoài
Exterior doorway bay",cornice_height,C426,,cornice_height,"Model: Y
Source: Y
floor → main exterior cornice top",D426,,"Model: Y
Source: Y
floor → main exterior cornice top",6324,E426,,6324,mm,F426,,mm,6324,G426,"IF(COUNTBLANK(E426)>0,"""",E426)",6324,6.324,H426,"IF(COUNTBLANK(G426)>0,"""",G426/1000)",6.324,Ghi trên bản vẽ / Explicit,I426,,Ghi trên bản vẽ / Explicit,"Tờ 13
File 9",J426,,"Tờ 13
File 9",left drawing vertical dimension chains,K426,,left drawing vertical dimension chains,6324,L426,,6324,6324 conflicts by1 mm with the detailed exterior cornice sum6325 on printed sheet12.,M426,,6324 conflicts by1 mm with the detailed exterior cornice sum6325 on printed sheet12.
427,S122,A427,S122,A427,,S122,"Một gian cửa đi ngoài
Exterior doorway bay",B427,,"Một gian cửa đi ngoài
Exterior doorway bay",pinnacle_lower_segment,C427,,pinnacle_lower_segment,"Model: Y
Source: Y
main exterior cornice top → pinnacle lower-head/top railing reference",D427,,"Model: Y
Source: Y
main exterior cornice top → pinnacle lower-head/top railing reference",750,E427,,750,mm,F427,,mm,750,G427,"IF(COUNTBLANK(E427)>0,"""",E427)",750,0.75,H427,"IF(COUNTBLANK(G427)>0,"""",G427/1000)",0.75,Ghi trên bản vẽ / Explicit,I427,,Ghi trên bản vẽ / Explicit,"Tờ 13
File 9",J427,,"Tờ 13
File 9",left drawing vertical dimension chains,K427,,left drawing vertical dimension chains,750,L427,,750,,M427,,
428,S123,A428,S123,A428,,S123,"Một gian cửa đi ngoài
Exterior doorway bay",B428,,"Một gian cửa đi ngoài
Exterior doorway bay",pinnacle_upper_segment,C428,,pinnacle_upper_segment,"Model: Y
Source: Y
pinnacle lower-head/top railing reference → finial tip",D428,,"Model: Y
Source: Y
pinnacle lower-head/top railing reference → finial tip",952,E428,,952,mm,F428,,mm,952,G428,"IF(COUNTBLANK(E428)>0,"""",E428)",952,0.952,H428,"IF(COUNTBLANK(G428)>0,"""",G428/1000)",0.952,Ghi trên bản vẽ / Explicit,I428,,Ghi trên bản vẽ / Explicit,"Tờ 13
File 9",J428,,"Tờ 13
File 9",left drawing vertical dimension chains,K428,,left drawing vertical dimension chains,952,L428,,952,,M428,,
429,S124,A429,S124,A429,,S124,"Một gian cửa đi ngoài
Exterior doorway bay",B429,,"Một gian cửa đi ngoài
Exterior doorway bay",springline_height,C429,,springline_height,"Model: Y
Source: Y
floor → door arch spring",D429,,"Model: Y
Source: Y
floor → door arch spring",3101,E429,,3101,mm,F429,,mm,3101,G429,"IF(COUNTBLANK(E429)>0,"""",E429)",3101,3.101,H429,"IF(COUNTBLANK(G429)>0,"""",G429/1000)",3.101,Ghi trên bản vẽ / Explicit,I429,,Ghi trên bản vẽ / Explicit,"Tờ 13
File 9",J429,,"Tờ 13
File 9",left drawing vertical dimension chains,K429,,left drawing vertical dimension chains,3101,L429,,3101,,M429,,
430,S125,A430,S125,A430,,S125,"Một gian cửa đi ngoài
Exterior doorway bay",B430,,"Một gian cửa đi ngoài
Exterior doorway bay",arch_rise,C430,,arch_rise,"Model: Y
Source: Y
door arch spring → door arch crown",D430,,"Model: Y
Source: Y
door arch spring → door arch crown",1140,E430,,1140,mm,F430,,mm,1140,G430,"IF(COUNTBLANK(E430)>0,"""",E430)",1140,1.14,H430,"IF(COUNTBLANK(G430)>0,"""",G430/1000)",1.14,Ghi trên bản vẽ / Explicit,I430,,Ghi trên bản vẽ / Explicit,"Tờ 13
File 9",J430,,"Tờ 13
File 9",left drawing vertical dimension chains,K430,,left drawing vertical dimension chains,1140,L430,,1140,,M430,,
431,S126,A431,S126,A431,,S126,"Một gian cửa đi trong
Interior doorway bay",B431,,"Một gian cửa đi trong
Interior doorway bay",bay_width,C431,,bay_width,"Model: X
Source: Z
axis3 → axis4",D431,,"Model: X
Source: Z
axis3 → axis4",4500,E431,,4500,mm,F431,,mm,4500,G431,"IF(COUNTBLANK(E431)>0,"""",E431)",4500,4.5,H431,"IF(COUNTBLANK(G431)>0,"""",G431/1000)",4.5,Ghi trên bản vẽ / Explicit,I431,,Ghi trên bản vẽ / Explicit,"Tờ 13
File 9",J431,,"Tờ 13
File 9",right drawing bottom horizontal dimension chain,K431,,right drawing bottom horizontal dimension chain,4500,L431,,4500,,M431,,
432,S127,A432,S127,A432,,S127,"Một gian cửa đi trong
Interior doorway bay",B432,,"Một gian cửa đi trong
Interior doorway bay",left_margin,C432,,left_margin,"Model: X
Source: Z
axis3 → door left jamb",D432,,"Model: X
Source: Z
axis3 → door left jamb",1125,E432,,1125,mm,F432,,mm,1125,G432,"IF(COUNTBLANK(E432)>0,"""",E432)",1125,1.125,H432,"IF(COUNTBLANK(G432)>0,"""",G432/1000)",1.125,Ghi trên bản vẽ / Explicit,I432,,Ghi trên bản vẽ / Explicit,"Tờ 13
File 9",J432,,"Tờ 13
File 9",right drawing bottom horizontal dimension chain,K432,,right drawing bottom horizontal dimension chain,1125,L432,,1125,,M432,,
433,S128,A433,S128,A433,,S128,"Một gian cửa đi trong
Interior doorway bay",B433,,"Một gian cửa đi trong
Interior doorway bay",opening_width,C433,,opening_width,"Model: X
Source: Z
door left jamb → door right jamb",D433,,"Model: X
Source: Z
door left jamb → door right jamb",2250,E433,,2250,mm,F433,,mm,2250,G433,"IF(COUNTBLANK(E433)>0,"""",E433)",2250,2.25,H433,"IF(COUNTBLANK(G433)>0,"""",G433/1000)",2.25,Ghi trên bản vẽ / Explicit,I433,,Ghi trên bản vẽ / Explicit,"Tờ 13
File 9",J433,,"Tờ 13
File 9",right drawing bottom horizontal dimension chain,K433,,right drawing bottom horizontal dimension chain,2250,L433,,2250,,M433,,
434,S129,A434,S129,A434,,S129,"Một gian cửa đi trong
Interior doorway bay",B434,,"Một gian cửa đi trong
Interior doorway bay",right_margin,C434,,right_margin,"Model: X
Source: Z
door right jamb → axis4",D434,,"Model: X
Source: Z
door right jamb → axis4",1125,E434,,1125,mm,F434,,mm,1125,G434,"IF(COUNTBLANK(E434)>0,"""",E434)",1125,1.125,H434,"IF(COUNTBLANK(G434)>0,"""",G434/1000)",1.125,Ghi trên bản vẽ / Explicit,I434,,Ghi trên bản vẽ / Explicit,"Tờ 13
File 9",J434,,"Tờ 13
File 9",right drawing bottom horizontal dimension chain,K434,,right drawing bottom horizontal dimension chain,1125,L434,,1125,,M434,,
435,S130,A435,S130,A435,,S130,"Một gian cửa đi trong
Interior doorway bay",B435,,"Một gian cửa đi trong
Interior doorway bay",rectangular_door_height,C435,,rectangular_door_height,"Model: Y
Source: Y
floor → rectangular door head",D435,,"Model: Y
Source: Y
floor → rectangular door head",2951,E435,,2951,mm,F435,,mm,2951,G435,"IF(COUNTBLANK(E435)>0,"""",E435)",2951,2.951,H435,"IF(COUNTBLANK(G435)>0,"""",G435/1000)",2.951,Ghi trên bản vẽ / Explicit,I435,,Ghi trên bản vẽ / Explicit,"Tờ 13
File 9",J435,,"Tờ 13
File 9",right drawing vertical dimension chain,K435,,right drawing vertical dimension chain,2951,L435,,2951,,M435,,
436,S131,A436,S131,A436,,S131,"Một gian cửa đi trong
Interior doorway bay",B436,,"Một gian cửa đi trong
Interior doorway bay",head_band_height,C436,,head_band_height,"Model: Y
Source: Y
rectangular door head → fanlight base",D436,,"Model: Y
Source: Y
rectangular door head → fanlight base",220,E436,,220,mm,F436,,mm,220,G436,"IF(COUNTBLANK(E436)>0,"""",E436)",220,0.22,H436,"IF(COUNTBLANK(G436)>0,"""",G436/1000)",0.22,Ghi trên bản vẽ / Explicit,I436,,Ghi trên bản vẽ / Explicit,"Tờ 13
File 9",J436,,"Tờ 13
File 9",right drawing vertical dimension chain,K436,,right drawing vertical dimension chain,220,L436,,220,,M436,,
437,S132,A437,S132,A437,,S132,"Một gian cửa đi trong
Interior doorway bay",B437,,"Một gian cửa đi trong
Interior doorway bay",arch_rise,C437,,arch_rise,"Model: Y
Source: Y
fanlight base → fanlight crown",D437,,"Model: Y
Source: Y
fanlight base → fanlight crown",1140,E437,,1140,mm,F437,,mm,1140,G437,"IF(COUNTBLANK(E437)>0,"""",E437)",1140,1.14,H437,"IF(COUNTBLANK(G437)>0,"""",G437/1000)",1.14,Ghi trên bản vẽ / Explicit,I437,,Ghi trên bản vẽ / Explicit,"Tờ 13
File 9",J437,,"Tờ 13
File 9",right drawing vertical dimension chain,K437,,right drawing vertical dimension chain,1140,L437,,1140,,M437,,
438,S133,A438,S133,A438,,S133,"Một gian cửa đi trong
Interior doorway bay",B438,,"Một gian cửa đi trong
Interior doorway bay",gap_above_arch,C438,,gap_above_arch,"Model: Y
Source: Y
fanlight crown → upper wall horizontal reference",D438,,"Model: Y
Source: Y
fanlight crown → upper wall horizontal reference",394,E438,,394,mm,F438,,mm,394,G438,"IF(COUNTBLANK(E438)>0,"""",E438)",394,0.394,H438,"IF(COUNTBLANK(G438)>0,"""",G438/1000)",0.394,Ghi trên bản vẽ / Explicit,I438,,Ghi trên bản vẽ / Explicit,"Tờ 13
File 9",J438,,"Tờ 13
File 9",right drawing vertical dimension chain,K438,,right drawing vertical dimension chain,394,L438,,394,,M438,,
439,S134,A439,S134,A439,,S134,"Một gian cửa đi trong
Interior doorway bay",B439,,"Một gian cửa đi trong
Interior doorway bay",upper_wall_height,C439,,upper_wall_height,"Model: Y
Source: Y
upper wall horizontal reference → wall top",D439,,"Model: Y
Source: Y
upper wall horizontal reference → wall top",2352,E439,,2352,mm,F439,,mm,2352,G439,"IF(COUNTBLANK(E439)>0,"""",E439)",2352,2.352,H439,"IF(COUNTBLANK(G439)>0,"""",G439/1000)",2.352,Ghi trên bản vẽ / Explicit,I439,,Ghi trên bản vẽ / Explicit,"Tờ 13
File 9",J439,,"Tờ 13
File 9",right drawing vertical dimension chain,K439,,right drawing vertical dimension chain,2352,L439,,2352,,M439,,
440,S135,A440,S135,A440,,S135,"Bề ngang trục B-H
Grid B-H width",B440,,"Bề ngang trục B-H
Grid B-H width",grid_total,C440,,grid_total,"Model: Z
Source: X
B → H",D440,,"Model: Z
Source: X
B → H",,E440,,,,F440,,,20828,G440,"IF(OR(COUNTBLANK('Dimensions'!G312)>0,COUNTBLANK('Dimensions'!G313)>0,COUNTBLANK('Dimensions'!G314)>0,COUNTBLANK('Dimensions'!G315)>0,COUNTBLANK('Dimensions'!G316)>0),"""",'Dimensions'!G312+'Dimensions'!G313+'Dimensions'!G314+'Dimensions'!G315+'Dimensions'!G316)",20828,20.828,H440,"IF(COUNTBLANK(G440)>0,"""",G440/1000)",20.828,Tính từ bản vẽ / Derived,I440,,Tính từ bản vẽ / Derived,"Tờ 4
File 6",J440,,"Tờ 4
File 6",calculated from printed dimensions,K440,,calculated from printed dimensions,,L440,,,"Dimensions are grid distances, not clear room widths.
Calculation: 3054+3760+7200+3760+3054",M440,,"Dimensions are grid distances, not clear room widths.
Calculation: 3054+3760+7200+3760+3054"
441,S136,A441,S136,A441,,S136,"Bề ngang mái chính theo trục
Main-roof support grid span",B441,,"Bề ngang mái chính theo trục
Main-roof support grid span",main_roof_grid_span,C441,,main_roof_grid_span,"Model: Z
Source: X
C → G",D441,,"Model: Z
Source: X
C → G",,E441,,,,F441,,,14720,G441,"IF(OR(COUNTBLANK('Dimensions'!G313)>0,COUNTBLANK('Dimensions'!G314)>0,COUNTBLANK('Dimensions'!G315)>0),"""",'Dimensions'!G313+'Dimensions'!G314+'Dimensions'!G315)",14720,14.72,H441,"IF(COUNTBLANK(G441)>0,"""",G441/1000)",14.72,Tính từ bản vẽ / Derived,I441,,Tính từ bản vẽ / Derived,"Tờ 4
File 6",J441,,"Tờ 4
File 6",calculated from printed dimensions,K441,,calculated from printed dimensions,,L441,,,"C/G are support axes. Roof edge/overhang location is not fully specified.
Calculation: 3760+7200+3760",M441,,"C/G are support axes. Roof edge/overhang location is not fully specified.
Calculation: 3760+7200+3760"
442,S137,A442,S137,A442,,S137,"Độ vươn biên đối xứng
Symmetric outer extent",B442,,"Độ vươn biên đối xứng
Symmetric outer extent",symmetric_outer_offset,C442,,symmetric_outer_offset,"Model: Z
Source: X
B/H grid → corresponding outermost edge",D442,,"Model: Z
Source: X
B/H grid → corresponding outermost edge",,E442,,,,F442,,,780,G442,"IF(OR(COUNTBLANK('Dimensions'!G317)>0,COUNTBLANK('Dimensions'!G440)>0),"""",('Dimensions'!G317-'Dimensions'!G440)/2)",780,0.78,H442,"IF(COUNTBLANK(G442)>0,"""",G442/1000)",0.78,Tính từ bản vẽ / Derived,I442,,Tính từ bản vẽ / Derived,"Tờ 4
File 6",J442,,"Tờ 4
File 6",calculated from printed dimensions,K442,,calculated from printed dimensions,,L442,,,"Symmetry assumption supported by right-side explicit780; verify against ground plan.
Calculation: (22388-20828)/2",M442,,"Symmetry assumption supported by right-side explicit780; verify against ground plan.
Calculation: (22388-20828)/2"
443,S138,A443,S138,A443,,S138,"Chiều cao cột chính tổng
Central column total",B443,,"Chiều cao cột chính tổng
Central column total",column_top_height,C443,,column_top_height,"Model: Y
Source: Y
finished floor → dimensioned central post top",D443,,"Model: Y
Source: Y
finished floor → dimensioned central post top",,E443,,,,F443,,,9402,G443,"IF(OR(COUNTBLANK('Dimensions'!G324)>0,COUNTBLANK('Dimensions'!G325)>0),"""",'Dimensions'!G324+'Dimensions'!G325)",9402,9.402,H443,"IF(COUNTBLANK(G443)>0,"""",G443/1000)",9.402,Tính từ bản vẽ / Derived,I443,,Tính từ bản vẽ / Derived,"Tờ 4
File 6",J443,,"Tờ 4
File 6",calculated from printed dimensions,K443,,calculated from printed dimensions,,L443,,,"Structural contact/ridge relationships still need original CAD details.
Calculation: 600+8802",M443,,"Structural contact/ridge relationships still need original CAD details.
Calculation: 600+8802"
444,S139,A444,S139,A444,,S139,"Chiều cao cột phụ tổng
Side column total",B444,,"Chiều cao cột phụ tổng
Side column total",side_column_top_height,C444,,side_column_top_height,"Model: Y
Source: Y
finished floor → dimensioned side post top",D444,,"Model: Y
Source: Y
finished floor → dimensioned side post top",,E444,,,,F444,,,6990,G444,"IF(OR(COUNTBLANK('Dimensions'!G326)>0,COUNTBLANK('Dimensions'!G327)>0),"""",'Dimensions'!G326+'Dimensions'!G327)",6990,6.99,H444,"IF(COUNTBLANK(G444)>0,"""",G444/1000)",6.99,Tính từ bản vẽ / Derived,I444,,Tính từ bản vẽ / Derived,"Tờ 4
File 6",J444,,"Tờ 4
File 6",calculated from printed dimensions,K444,,calculated from printed dimensions,,L444,,,"Matches left side vertical chain650+2301+220+1140+2177+400+102.
Calculation: 600+6390",M444,,"Matches left side vertical chain650+2301+220+1140+2177+400+102.
Calculation: 600+6390"
445,S140,A445,S140,A445,,S140,"Bề rộng móng chính
Central foundation width",B445,,"Bề rộng móng chính
Central foundation width",foundation_width,C445,,foundation_width,"Model: Z
Source: X
foundation left → foundation right",D445,,"Model: Z
Source: X
foundation left → foundation right",,E445,,,,F445,,,1000,G445,"IF(OR(COUNTBLANK('Dimensions'!G318)>0,COUNTBLANK('Dimensions'!G319)>0),"""",'Dimensions'!G318+'Dimensions'!G319)",1000,1,H445,"IF(COUNTBLANK(G445)>0,"""",G445/1000)",1,Tính từ bản vẽ / Derived,I445,,Tính từ bản vẽ / Derived,"Tờ 4
File 6",J445,,"Tờ 4
File 6",calculated from printed dimensions,K445,,calculated from printed dimensions,,L445,,,"Not column shaft width.
Calculation: 500+500",M445,,"Not column shaft width.
Calculation: 500+500"
446,S141,A446,S141,A446,,S141,"Bề rộng móng trục G
G foundation width",B446,,"Bề rộng móng trục G
G foundation width",foundation_width,C446,,foundation_width,"Model: Z
Source: X
foundation left → foundation right",D446,,"Model: Z
Source: X
foundation left → foundation right",,E446,,,,F446,,,890,G446,"IF(OR(COUNTBLANK('Dimensions'!G320)>0,COUNTBLANK('Dimensions'!G321)>0),"""",'Dimensions'!G320+'Dimensions'!G321)",890,0.89,H446,"IF(COUNTBLANK(G446)>0,"""",G446/1000)",0.89,Tính từ bản vẽ / Derived,I446,,Tính từ bản vẽ / Derived,"Tờ 4
File 6",J446,,"Tờ 4
File 6",calculated from printed dimensions,K446,,calculated from printed dimensions,,L446,,,"Not column shaft width.
Calculation: 560+330",M446,,"Not column shaft width.
Calculation: 560+330"
447,S142,A447,S142,A447,,S142,"Bề rộng móng trục H
H foundation width",B447,,"Bề rộng móng trục H
H foundation width",foundation_width,C447,,foundation_width,"Model: Z
Source: X
foundation inner → foundation outer",D447,,"Model: Z
Source: X
foundation inner → foundation outer",,E447,,,,F447,,,1165,G447,"IF(OR(COUNTBLANK('Dimensions'!G322)>0,COUNTBLANK('Dimensions'!G323)>0),"""",'Dimensions'!G322+'Dimensions'!G323)",1165,1.165,H447,"IF(COUNTBLANK(G447)>0,"""",G447/1000)",1.165,Tính từ bản vẽ / Derived,I447,,Tính từ bản vẽ / Derived,"Tờ 4
File 6",J447,,"Tờ 4
File 6",calculated from printed dimensions,K447,,calculated from printed dimensions,,L447,,,"Section drawing local width; foundation depth and reinforcement unspecified.
Calculation: 385+780",M447,,"Section drawing local width; foundation depth and reinforcement unspecified.
Calculation: 385+780"
448,S143,A448,S143,A448,,S143,"Cao đỉnh so với sân theo cao độ
Ridge-to-courtyard from levels",B448,,"Cao đỉnh so với sân theo cao độ
Ridge-to-courtyard from levels",ridge_height_from_level_arithmetic,C448,,ridge_height_from_level_arithmetic,"Model: Y
Source: Y
courtyard -2.080 m → ridge +12.472 m",D448,,"Model: Y
Source: Y
courtyard -2.080 m → ridge +12.472 m",,E448,,,,F448,,,14552,G448,"IF(OR(COUNTBLANK('Dimensions'!G306)>0,COUNTBLANK('Dimensions'!G310)>0),"""",'Dimensions'!G306-'Dimensions'!G310)",14552,14.552,H448,"IF(COUNTBLANK(G448)>0,"""",G448/1000)",14.552,Tính từ bản vẽ / Derived,I448,,Tính từ bản vẽ / Derived,"Tờ 4
File 6",J448,,"Tờ 4
File 6",calculated from printed dimensions,K448,,calculated from printed dimensions,,L448,,,"Conflicts with explicit14476 by76 mm; not approved replacement.
Calculation: 12472-(-2080)",M448,,"Conflicts with explicit14476 by76 mm; not approved replacement.
Calculation: 12472-(-2080)"
449,S144,A449,S144,A449,,S144,"Cốt đỉnh chân cột cung thánh
Sanctuary plinth top",B449,,"Cốt đỉnh chân cột cung thánh
Sanctuary plinth top",plinth_top_elevation,C449,,plinth_top_elevation,"Model: Y
Source: Y
finished floor → plinth top",D449,,"Model: Y
Source: Y
finished floor → plinth top",,E449,,,,F449,,,950,G449,"IF(OR(COUNTBLANK('Dimensions'!G370)>0,COUNTBLANK('Dimensions'!G371)>0,COUNTBLANK('Dimensions'!G373)>0),"""",'Dimensions'!G370+'Dimensions'!G371+'Dimensions'!G373)",950,0.95,H449,"IF(COUNTBLANK(G449)>0,"""",G449/1000)",0.95,Tính từ bản vẽ / Derived,I449,,Tính từ bản vẽ / Derived,"Tờ 5
File 7",J449,,"Tờ 5
File 7",calculated from printed dimensions,K449,,calculated from printed dimensions,,L449,,,"Also750+200.
Calculation: 150+600+200",M449,,"Also750+200.
Calculation: 150+600+200"
450,S145,A450,S145,A450,,S145,"Đỉnh cột cung thánh
Sanctuary post top",B450,,"Đỉnh cột cung thánh
Sanctuary post top",column_top_elevation,C450,,column_top_elevation,"Model: Y
Source: Y
finished floor → central post top",D450,,"Model: Y
Source: Y
finished floor → central post top",,E450,,,,F450,,,9402,G450,"IF(OR(COUNTBLANK('Dimensions'!G372)>0,COUNTBLANK('Dimensions'!G374)>0,COUNTBLANK('Dimensions'!G375)>0),"""",'Dimensions'!G372+'Dimensions'!G374+'Dimensions'!G375)",9402,9.402,H450,"IF(COUNTBLANK(G450)>0,"""",G450/1000)",9.402,Tính từ bản vẽ / Derived,I450,,Tính từ bản vẽ / Derived,"Tờ 5
File 7",J450,,"Tờ 5
File 7",calculated from printed dimensions,K450,,calculated from printed dimensions,,L450,,,"Matches nave section600+8802.
Calculation: 750+200+8452",M450,,"Matches nave section600+8802.
Calculation: 750+200+8452"
451,S146,A451,S146,A451,,S146,"Đường tham chiếu gian bên
Sanctuary horizontal reference",B451,,"Đường tham chiếu gian bên
Sanctuary horizontal reference",reference_elevation,C451,,reference_elevation,"Model: Y
Source: Y
finished floor → horizontal intermediate line",D451,,"Model: Y
Source: Y
finished floor → horizontal intermediate line",,E451,,,,F451,,,3101,G451,"IF(OR(COUNTBLANK('Dimensions'!G370)>0,COUNTBLANK('Dimensions'!G381)>0),"""",'Dimensions'!G370+'Dimensions'!G381)",3101,3.101,H451,"IF(COUNTBLANK(G451)>0,"""",G451/1000)",3.101,Tính từ bản vẽ / Derived,I451,,Tính từ bản vẽ / Derived,"Tờ 5
File 7",J451,,"Tờ 5
File 7",calculated from printed dimensions,K451,,calculated from printed dimensions,,L451,,,"Left side door2554+396+150=3100 differs1 mm.
Calculation: 150+2951",M451,,"Left side door2554+396+150=3100 differs1 mm.
Calculation: 150+2951"
452,S147,A452,S147,A452,,S147,"Đỉnh vòm gian bên
Sanctuary side arch crown",B452,,"Đỉnh vòm gian bên
Sanctuary side arch crown",arch_crown_elevation,C452,,arch_crown_elevation,"Model: Y
Source: Y
finished floor → side arch crown",D452,,"Model: Y
Source: Y
finished floor → side arch crown",,E452,,,,F452,,,7563,G452,"IF(OR(COUNTBLANK('Dimensions'!G370)>0,COUNTBLANK('Dimensions'!G381)>0,COUNTBLANK('Dimensions'!G378)>0),"""",'Dimensions'!G370+'Dimensions'!G381+'Dimensions'!G378)",7563,7.563,H452,"IF(COUNTBLANK(G452)>0,"""",G452/1000)",7.563,Tính từ bản vẽ / Derived,I452,,Tính từ bản vẽ / Derived,"Tờ 5
File 7",J452,,"Tờ 5
File 7",calculated from printed dimensions,K452,,calculated from printed dimensions,,L452,,,"One-mm uncertainty from adjacent left door2554+396 chain.
Calculation: 150+2951+4462",M452,,"One-mm uncertainty from adjacent left door2554+396 chain.
Calculation: 150+2951+4462"
453,S148,A453,S148,A453,,S148,"Tổng chuỗi cao tường ngoài
Exterior detailed cornice sum",B453,,"Tổng chuỗi cao tường ngoài
Exterior detailed cornice sum",cornice_height_from_chain,C453,,cornice_height_from_chain,"Model: Y
Source: Y
floor → cornice top",D453,,"Model: Y
Source: Y
floor → cornice top",,E453,,,,F453,,,6325,G453,"IF(OR(COUNTBLANK('Dimensions'!G396)>0,COUNTBLANK('Dimensions'!G397)>0,COUNTBLANK('Dimensions'!G398)>0,COUNTBLANK('Dimensions'!G399)>0,COUNTBLANK('Dimensions'!G400)>0,COUNTBLANK('Dimensions'!G401)>0,COUNTBLANK('Dimensions'!G402)>0,COUNTBLANK('Dimensions'!G403)>0,COUNTBLANK('Dimensions'!G404)>0,COUNTBLANK('Dimensions'!G405)>0,COUNTBLANK('Dimensions'!G406)>0),"""",'Dimensions'!G396+'Dimensions'!G397+'Dimensions'!G398+'Dimensions'!G399+'Dimensions'!G400+'Dimensions'!G401+'Dimensions'!G402+'Dimensions'!G403+'Dimensions'!G404+'Dimensions'!G405+'Dimensions'!G406)",6325,6.325,H453,"IF(COUNTBLANK(G453)>0,"""",G453/1000)",6.325,Tính từ bản vẽ / Derived,I453,,Tính từ bản vẽ / Derived,"Tờ 12
File 8",J453,,"Tờ 12
File 8",calculated from printed dimensions,K453,,calculated from printed dimensions,,L453,,,"Overall label6324; section level6325. Requires designer resolution.
Calculation: 850+2101+150+507+302+837+288+343+140+250+557",M453,,"Overall label6324; section level6325. Requires designer resolution.
Calculation: 850+2101+150+507+302+837+288+343+140+250+557"
454,S149,A454,S149,A454,,S149,"Đỉnh trang trí theo tổng cao
Finial tip from labeled total",B454,,"Đỉnh trang trí theo tổng cao
Finial tip from labeled total",finial_top_elevation,C454,,finial_top_elevation,"Model: Y
Source: Y
floor → finial tip",D454,,"Model: Y
Source: Y
floor → finial tip",,E454,,,,F454,,,8026,G454,"IF(OR(COUNTBLANK('Dimensions'!G393)>0,COUNTBLANK('Dimensions'!G394)>0,COUNTBLANK('Dimensions'!G395)>0),"""",'Dimensions'!G393+'Dimensions'!G394+'Dimensions'!G395)",8026,8.026,H454,"IF(COUNTBLANK(G454)>0,"""",G454/1000)",8.026,Tính từ bản vẽ / Derived,I454,,Tính từ bản vẽ / Derived,"Tờ 12
File 8",J454,,"Tờ 12
File 8",calculated from printed dimensions,K454,,calculated from printed dimensions,,L454,,,"If6325 cornice is used, tip becomes8027. Neither should override the source conflict.
Calculation: 6324+750+952",M454,,"If6325 cornice is used, tip becomes8027. Neither should override the source conflict.
Calculation: 6324+750+952"
455,S150,A455,S150,A455,,S150,"Đỉnh vòm cửa sổ ngoài
Exterior window inner arch crown",B455,,"Đỉnh vòm cửa sổ ngoài
Exterior window inner arch crown",arch_crown_height,C455,,arch_crown_height,"Model: Y
Source: Y
floor → inner arch crown",D455,,"Model: Y
Source: Y
floor → inner arch crown",,E455,,,,F455,,,3608,G455,"IF(OR(COUNTBLANK('Dimensions'!G396)>0,COUNTBLANK('Dimensions'!G397)>0,COUNTBLANK('Dimensions'!G398)>0,COUNTBLANK('Dimensions'!G399)>0),"""",'Dimensions'!G396+'Dimensions'!G397+'Dimensions'!G398+'Dimensions'!G399)",3608,3.608,H455,"IF(COUNTBLANK(G455)>0,"""",G455/1000)",3.608,Tính từ bản vẽ / Derived,I455,,Tính từ bản vẽ / Derived,"Tờ 12
File 8",J455,,"Tờ 12
File 8",calculated from printed dimensions,K455,,calculated from printed dimensions,,L455,,,"Exterior veranda opening; not same opening geometry as interior2250-wide window.
Calculation: 850+2101+150+507",M455,,"Exterior veranda opening; not same opening geometry as interior2250-wide window.
Calculation: 850+2101+150+507"
456,S151,A456,S151,A456,,S151,"Cao đỉnh vòm cửa sổ trong
Interior window fanlight crown",B456,,"Cao đỉnh vòm cửa sổ trong
Interior window fanlight crown",fanlight_crown_height,C456,,fanlight_crown_height,"Model: Y
Source: Y
floor → fanlight crown",D456,,"Model: Y
Source: Y
floor → fanlight crown",,E456,,,,F456,,,4311,G456,"IF(OR(COUNTBLANK('Dimensions'!G410)>0,COUNTBLANK('Dimensions'!G411)>0,COUNTBLANK('Dimensions'!G412)>0,COUNTBLANK('Dimensions'!G413)>0),"""",'Dimensions'!G410+'Dimensions'!G411+'Dimensions'!G412+'Dimensions'!G413)",4311,4.311,H456,"IF(COUNTBLANK(G456)>0,"""",G456/1000)",4.311,Tính từ bản vẽ / Derived,I456,,Tính từ bản vẽ / Derived,"Tờ 12
File 8",J456,,"Tờ 12
File 8",calculated from printed dimensions,K456,,calculated from printed dimensions,,L456,,,"Arch curve radii are not supplied.
Calculation: 650+2301+220+1140",M456,,"Arch curve radii are not supplied.
Calculation: 650+2301+220+1140"
457,S152,A457,S152,A457,,S152,"Cao đỉnh tường trong
Interior side wall top",B457,,"Cao đỉnh tường trong
Interior side wall top",wall_top_height,C457,,wall_top_height,"Model: Y
Source: Y
floor → wall top",D457,,"Model: Y
Source: Y
floor → wall top",,E457,,,,F457,,,7057,G457,"IF(OR(COUNTBLANK('Dimensions'!G410)>0,COUNTBLANK('Dimensions'!G411)>0,COUNTBLANK('Dimensions'!G412)>0,COUNTBLANK('Dimensions'!G413)>0,COUNTBLANK('Dimensions'!G414)>0,COUNTBLANK('Dimensions'!G415)>0),"""",'Dimensions'!G410+'Dimensions'!G411+'Dimensions'!G412+'Dimensions'!G413+'Dimensions'!G414+'Dimensions'!G415)",7057,7.057,H457,"IF(COUNTBLANK(G457)>0,"""",G457/1000)",7.057,Tính từ bản vẽ / Derived,I457,,Tính từ bản vẽ / Derived,"Tờ 12
File 8",J457,,"Tờ 12
File 8",calculated from printed dimensions,K457,,calculated from printed dimensions,,L457,,,"Top of wall in detail; do not conflate with exterior cornice6324/6325 or section roof level7130.
Calculation: 650+2301+220+1140+394+2352",M457,,"Top of wall in detail; do not conflate with exterior cornice6324/6325 or section roof level7130.
Calculation: 650+2301+220+1140+394+2352"
458,S153,A458,S153,A458,,S153,"Đỉnh vòm cửa đi ngoài
Exterior doorway crown",B458,,"Đỉnh vòm cửa đi ngoài
Exterior doorway crown",arch_crown_height,C458,,arch_crown_height,"Model: Y
Source: Y
floor → arch crown",D458,,"Model: Y
Source: Y
floor → arch crown",,E458,,,,F458,,,4241,G458,"IF(OR(COUNTBLANK('Dimensions'!G429)>0,COUNTBLANK('Dimensions'!G430)>0),"""",'Dimensions'!G429+'Dimensions'!G430)",4241,4.241,H458,"IF(COUNTBLANK(G458)>0,"""",G458/1000)",4.241,Tính từ bản vẽ / Derived,I458,,Tính từ bản vẽ / Derived,"Tờ 13
File 9",J458,,"Tờ 13
File 9",calculated from printed dimensions,K458,,calculated from printed dimensions,,L458,,,"Interior fanlight crown is4311:70 mm difference; surfaces/details must be reconciled.
Calculation: 3101+1140",M458,,"Interior fanlight crown is4311:70 mm difference; surfaces/details must be reconciled.
Calculation: 3101+1140"
459,S154,A459,S154,A459,,S154,"Đỉnh vòm cửa đi trong
Interior doorway fanlight crown",B459,,"Đỉnh vòm cửa đi trong
Interior doorway fanlight crown",arch_crown_height,C459,,arch_crown_height,"Model: Y
Source: Y
floor → fanlight crown",D459,,"Model: Y
Source: Y
floor → fanlight crown",,E459,,,,F459,,,4311,G459,"IF(OR(COUNTBLANK('Dimensions'!G435)>0,COUNTBLANK('Dimensions'!G436)>0,COUNTBLANK('Dimensions'!G437)>0),"""",'Dimensions'!G435+'Dimensions'!G436+'Dimensions'!G437)",4311,4.311,H459,"IF(COUNTBLANK(G459)>0,"""",G459/1000)",4.311,Tính từ bản vẽ / Derived,I459,,Tính từ bản vẽ / Derived,"Tờ 13
File 9",J459,,"Tờ 13
File 9",calculated from printed dimensions,K459,,calculated from printed dimensions,,L459,,,"Exterior arch crown is4241. Retain the separate source dimensions.
Calculation: 2951+220+1140",M459,,"Exterior arch crown is4241. Retain the separate source dimensions.
Calculation: 2951+220+1140"
460,S155,A460,S155,A460,,S155,"Đỉnh tường trong cửa đi
Interior doorway wall top",B460,,"Đỉnh tường trong cửa đi
Interior doorway wall top",wall_top_height,C460,,wall_top_height,"Model: Y
Source: Y
floor → wall top",D460,,"Model: Y
Source: Y
floor → wall top",,E460,,,,F460,,,7057,G460,"IF(OR(COUNTBLANK('Dimensions'!G435)>0,COUNTBLANK('Dimensions'!G436)>0,COUNTBLANK('Dimensions'!G437)>0,COUNTBLANK('Dimensions'!G438)>0,COUNTBLANK('Dimensions'!G439)>0),"""",'Dimensions'!G435+'Dimensions'!G436+'Dimensions'!G437+'Dimensions'!G438+'Dimensions'!G439)",7057,7.057,H460,"IF(COUNTBLANK(G460)>0,"""",G460/1000)",7.057,Tính từ bản vẽ / Derived,I460,,Tính từ bản vẽ / Derived,"Tờ 13
File 9",J460,,"Tờ 13
File 9",calculated from printed dimensions,K460,,calculated from printed dimensions,,L460,,,"Agrees with the window interior detail sum.
Calculation: 2951+220+1140+394+2352",M460,,"Agrees with the window interior detail sum.
Calculation: 2951+220+1140+394+2352"
461,S156,A461,S156,A461,,S156,"Cần xác nhận thiết kế
Designer clarification required",B461,,"Cần xác nhận thiết kế
Designer clarification required",RFI-S01,C461,,RFI-S01,source drawing → designer confirmation,D461,,source drawing → designer confirmation,,E461,,,mm,F461,,mm,,G461,,,,H461,"IF(COUNTBLANK(G461)>0,"""",G461/1000)",,Cần xác nhận / Unresolved,I461,,Cần xác nhận / Unresolved,"Tờ 4
File 6",J461,,"Tờ 4
File 6",see RFI register,K461,,see RFI register,,L461,,,"76 mm section height conflict: Both section sheets label ridge +12.472 m and courtyard −2.08 m, giving14552 mm; overall dimension14476 mm differs76 mm. Obtain corrected level/overall dimension from designer.",M461,,"76 mm section height conflict: Both section sheets label ridge +12.472 m and courtyard −2.08 m, giving14552 mm; overall dimension14476 mm differs76 mm. Obtain corrected level/overall dimension from designer."
462,S157,A462,S157,A462,,S157,"Cần xác nhận thiết kế
Designer clarification required",B462,,"Cần xác nhận thiết kế
Designer clarification required",RFI-S02,C462,,RFI-S02,source drawing → designer confirmation,D462,,source drawing → designer confirmation,,E462,,,mm,F462,,mm,,G462,,,,H462,"IF(COUNTBLANK(G462)>0,"""",G462/1000)",,Cần xác nhận / Unresolved,I462,,Cần xác nhận / Unresolved,"Tờ 4
File 6",J462,,"Tờ 4
File 6",see RFI register,K462,,see RFI register,,L462,,,1 mm exterior cornice conflict: Section +6.325 m and exterior detail chain6325 mm conflict with overall6324 mm on printed sheets12/13.,M462,,1 mm exterior cornice conflict: Section +6.325 m and exterior detail chain6325 mm conflict with overall6324 mm on printed sheets12/13.
463,S158,A463,S158,A463,,S158,"Cần xác nhận thiết kế
Designer clarification required",B463,,"Cần xác nhận thiết kế
Designer clarification required",RFI-S03,C463,,RFI-S03,source drawing → designer confirmation,D463,,source drawing → designer confirmation,,E463,,,mm,F463,,mm,,G463,,,,H463,"IF(COUNTBLANK(G463)>0,"""",G463/1000)",,Cần xác nhận / Unresolved,I463,,Cần xác nhận / Unresolved,"Tờ 4
File 6",J463,,"Tờ 4
File 6",see RFI register,K463,,see RFI register,,L463,,,"1 mm sanctuary doorway chain conflict: Printed2554+396=2950 mm, while aligned right-side dimension is2951 mm. Verify reference surfaces/tolerance.",M463,,"1 mm sanctuary doorway chain conflict: Printed2554+396=2950 mm, while aligned right-side dimension is2951 mm. Verify reference surfaces/tolerance."
464,S159,A464,S159,A464,,S159,"Cần xác nhận thiết kế
Designer clarification required",B464,,"Cần xác nhận thiết kế
Designer clarification required",RFI-S04,C464,,RFI-S04,source drawing → designer confirmation,D464,,source drawing → designer confirmation,,E464,,,mm,F464,,mm,,G464,,,,H464,"IF(COUNTBLANK(G464)>0,"""",G464/1000)",,Cần xác nhận / Unresolved,I464,,Cần xác nhận / Unresolved,"Tờ 4
File 6",J464,,"Tờ 4
File 6",see RFI register,K464,,see RFI register,,L464,,,Interior/exterior door head relationship: Exterior doorway springline3101+rise1140 gives4241 mm; interior doorway2951+band220+rise1140 gives4311 mm. Clarify70 mm offset and wall locations before modeling a shared opening.,M464,,Interior/exterior door head relationship: Exterior doorway springline3101+rise1140 gives4241 mm; interior doorway2951+band220+rise1140 gives4311 mm. Clarify70 mm offset and wall locations before modeling a shared opening.
465,S160,A465,S160,A465,,S160,"Cần xác nhận thiết kế
Designer clarification required",B465,,"Cần xác nhận thiết kế
Designer clarification required",RFI-S05,C465,,RFI-S05,source drawing → designer confirmation,D465,,source drawing → designer confirmation,,E465,,,mm,F465,,mm,,G465,,,,H465,"IF(COUNTBLANK(G465)>0,"""",G465/1000)",,Cần xác nhận / Unresolved,I465,,Cần xác nhận / Unresolved,"Tờ 4
File 6",J465,,"Tờ 4
File 6",see RFI register,K465,,see RFI register,,L465,,,"Roof pitch, member sections and overhang: Roof form and material notes are supplied, but no pitch angle, purlin spacing/section, truss joints, tile thickness, roof overhang dimensions, or complete support contact elevations are given in these four sheets. Need roof framing/details or CAD geometry.",M465,,"Roof pitch, member sections and overhang: Roof form and material notes are supplied, but no pitch angle, purlin spacing/section, truss joints, tile thickness, roof overhang dimensions, or complete support contact elevations are given in these four sheets. Need roof framing/details or CAD geometry."
466,S161,A466,S161,A466,,S161,"Cần xác nhận thiết kế
Designer clarification required",B466,,"Cần xác nhận thiết kế
Designer clarification required",RFI-S06,C466,,RFI-S06,source drawing → designer confirmation,D466,,source drawing → designer confirmation,,E466,,,mm,F466,,mm,,G466,,,,H466,"IF(COUNTBLANK(G466)>0,"""",G466/1000)",,Cần xác nhận / Unresolved,I466,,Cần xác nhận / Unresolved,"Tờ 4
File 6",J466,,"Tờ 4
File 6",see RFI register,K466,,see RFI register,,L466,,,"Arches, rosette and ornament surfaces: Arch bounding widths/rises exist, but radii/centres, curve control points, molding widths/depths, column flutes/capitals, rosette outer diameter/thickness, finial cross-sections and ornamental relief depths are absent. Use original DWG/DXF curves or architect-approved tracing, tagged traced not exact.",M466,,"Arches, rosette and ornament surfaces: Arch bounding widths/rises exist, but radii/centres, curve control points, molding widths/depths, column flutes/capitals, rosette outer diameter/thickness, finial cross-sections and ornamental relief depths are absent. Use original DWG/DXF curves or architect-approved tracing, tagged traced not exact."
467,S162,A467,S162,A467,,S162,"Cần xác nhận thiết kế
Designer clarification required",B467,,"Cần xác nhận thiết kế
Designer clarification required",RFI-S07,C467,,RFI-S07,source drawing → designer confirmation,D467,,source drawing → designer confirmation,,E467,,,mm,F467,,mm,,G467,,,,H467,"IF(COUNTBLANK(G467)>0,"""",G467/1000)",,Cần xác nhận / Unresolved,I467,,Cần xác nhận / Unresolved,"Tờ 4
File 6",J467,,"Tờ 4
File 6",see RFI register,K467,,see RFI register,,L467,,,"Column and foundation engineering details: Shown foundation offsets are not column shaft sizes; exact post cross-sections, taper, footing depth, concrete grades and reinforcing details are absent from these architectural sections.",M467,,"Column and foundation engineering details: Shown foundation offsets are not column shaft sizes; exact post cross-sections, taper, footing depth, concrete grades and reinforcing details are absent from these architectural sections."
468,S163,A468,S163,A468,,S163,"Cần xác nhận thiết kế
Designer clarification required",B468,,"Cần xác nhận thiết kế
Designer clarification required",RFI-S08,C468,,RFI-S08,source drawing → designer confirmation,D468,,source drawing → designer confirmation,,E468,,,mm,F468,,mm,,G468,,,,H468,"IF(COUNTBLANK(G468)>0,"""",G468/1000)",,Cần xác nhận / Unresolved,I468,,Cần xác nhận / Unresolved,"Tờ 4
File 6",J468,,"Tờ 4
File 6",see RFI register,K468,,see RFI register,,L468,,,"Floor and finish thicknesses: Concrete floor slab8 cm, veranda roof RC13 cm and material descriptions exist, but natural-stone thickness, sand-fill depth, waterproofing, roof-tile thickness and finish buildup are unspecified.",M468,,"Floor and finish thicknesses: Concrete floor slab8 cm, veranda roof RC13 cm and material descriptions exist, but natural-stone thickness, sand-fill depth, waterproofing, roof-tile thickness and finish buildup are unspecified."
469,S164,A469,S164,A469,,S164,"Cần xác nhận thiết kế
Designer clarification required",B469,,"Cần xác nhận thiết kế
Designer clarification required",RFI-S09,C469,,RFI-S09,source drawing → designer confirmation,D469,,source drawing → designer confirmation,,E469,,,mm,F469,,mm,,G469,,,,H469,"IF(COUNTBLANK(G469)>0,"""",G469/1000)",,Cần xác nhận / Unresolved,I469,,Cần xác nhận / Unresolved,"Tờ 4
File 6",J469,,"Tờ 4
File 6",see RFI register,K469,,see RFI register,,L469,,,"Sanctuary steps and altar furniture: Dais elevations are supplied; stair width/run/treads, altar dimensions/location, liturgical furniture and detailed handrails are not dimensioned in these four sheets.
Cross-reference: Ground plan contains selected stage offsets and a1900×870 unlabeled feature in P111–P127. Exact furniture identity, all step details and handrails remain unspecified.",M469,,"Sanctuary steps and altar furniture: Dais elevations are supplied; stair width/run/treads, altar dimensions/location, liturgical furniture and detailed handrails are not dimensioned in these four sheets.
Cross-reference: Ground plan contains selected stage offsets and a1900×870 unlabeled feature in P111–P127. Exact furniture identity, all step details and handrails remain unspecified."
470,S165,A470,S165,A470,,S165,"Cần xác nhận thiết kế
Designer clarification required",B470,,"Cần xác nhận thiết kế
Designer clarification required",RFI-S10,C470,,RFI-S10,source drawing → designer confirmation,D470,,source drawing → designer confirmation,,E470,,,mm,F470,,mm,,G470,,,,H470,"IF(COUNTBLANK(G470)>0,"""",G470/1000)",,Cần xác nhận / Unresolved,I470,,Cần xác nhận / Unresolved,"Tờ 4
File 6",J470,,"Tờ 4
File 6",see RFI register,K470,,see RFI register,,L470,,,Interior versus exterior window identity: Printed sheet12 exterior is a pair of1000-wide openings with850 sill; interior is one2250-wide opening with650 sill. They correspond to different wall/arcade planes. Do not fuse them into one window without plan confirmation.,M470,,Interior versus exterior window identity: Printed sheet12 exterior is a pair of1000-wide openings with850 sill; interior is one2250-wide opening with650 sill. They correspond to different wall/arcade planes. Do not fuse them into one window without plan confirmation.
