category,sheet,id,vertex,row,id_cell,record_state
lighting,Equipment,L1,,7,A7,Current
lighting,Equipment,L2,,8,A8,Current
lighting,Equipment,L3,,9,A9,Current
lighting,Equipment,L4,,10,A10,Current
lighting,Equipment,L5,,11,A11,Current
lighting,Equipment,L6,,12,A12,Current
lighting,Equipment,L7,,13,A13,Current
lighting,Equipment,L8,,14,A14,Current
lighting,Equipment,L9,,15,A15,Current
lighting,Equipment,L10,,16,A16,Current
lighting,Equipment,L11,,17,A17,Current
lighting,Equipment,L12,,18,A18,Current
lighting,Equipment,L13,,19,A19,Current
lighting,Equipment,L14,,20,A20,Current
lighting,Equipment,L15,,21,A21,Current
lighting,Equipment,L16,,22,A22,Current
lighting,Equipment,L17,,23,A23,Current
lighting,Equipment,L18,,24,A24,Current
lighting,Equipment,L19,,25,A25,Current
lighting,Equipment,L20,,26,A26,Current
lighting,Equipment,L21,,27,A27,Current
lighting,Equipment,L22,,28,A28,Current
lighting,Equipment,L23,,29,A29,Current
lighting,Equipment,L24,,30,A30,Current
lighting,Equipment,L25,,31,A31,Current
lighting,Equipment,L26,,32,A32,Current
lighting,Equipment,L27,,33,A33,Current
lighting,Equipment,L28,,34,A34,Current
lighting,Equipment,L29,,35,A35,Current
lighting,Equipment,L30,,36,A36,Current
lighting,Equipment,L31,,37,A37,Current
lighting,Equipment,L32,,38,A38,Current
lighting,Equipment,L33,,39,A39,Current
lighting,Equipment,L34,,40,A40,Current
lighting,Equipment,L35,,41,A41,Current
lighting,Equipment,L36,,42,A42,Current
lighting,Equipment,L37,,43,A43,Current
lighting,Equipment,L38,,44,A44,Current
lighting,Equipment,L39,,45,A45,Current
lighting,Equipment,L40,,46,A46,Current
lighting,Equipment,L41,,47,A47,Current
lighting,Equipment,L42,,48,A48,Current
lighting,Equipment,L43,,49,A49,Current
lighting,Equipment,L44,,50,A50,Current
lighting,Equipment,L45,,51,A51,Current
lighting,Equipment,L46,,52,A52,Current
lighting,Equipment,L47,,53,A53,Current
lighting,Equipment,L48,,54,A54,Current
lighting,Equipment,L49,,55,A55,Current
lighting,Equipment,L50,,56,A56,Current
lighting,Equipment,L51,,57,A57,Current
lighting,Equipment,L52,,58,A58,Current
lighting,Equipment,L53,,59,A59,Current
lighting,Equipment,L54,,60,A60,Current
lighting,Equipment,L55,,61,A61,Current
lighting,Equipment,L56,,62,A62,Current
lighting,Equipment,L57,,63,A63,Current
lighting,Equipment,L58,,64,A64,Current
lighting,Equipment,L59,,65,A65,Current
lighting,Equipment,L60,,66,A66,Current
lighting,Equipment,L61,,67,A67,Current
lighting,Equipment,L62,,68,A68,Current
lighting,Equipment,L63,,69,A69,Current
lighting,Equipment,L64,,70,A70,Current
lighting,Equipment,L65,,71,A71,Current
lighting,Equipment,L66,,72,A72,Current
lighting,Equipment,L67,,73,A73,Current
lighting,Equipment,L68,,74,A74,Current
lighting,Equipment,L69,,75,A75,Current
lighting,Equipment,L70,,76,A76,Current
lighting,Equipment,L71,,77,A77,Current
lighting,Equipment,L72,,78,A78,Current
lighting,Equipment,L73,,79,A79,Current
lighting,Equipment,L74,,80,A80,Current
lighting,Equipment,L75,,81,A81,Current
lighting,Equipment,L76,,82,A82,Current
lighting,Equipment,L77,,83,A83,Current
lighting,Equipment,L78,,84,A84,Current
lighting,Equipment,L79,,85,A85,Current
lighting,Equipment,L80,,86,A86,Current
lighting,Equipment,L81,,87,A87,Current
lighting,Equipment,L82,,88,A88,Current
lighting,Equipment,L83,,89,A89,Current
lighting,Equipment,L84,,90,A90,Current
lighting,Equipment,L85,,91,A91,Current
lighting,Equipment,L86,,92,A92,Current
lighting,Equipment,L87,,93,A93,Current
lighting,Equipment,L88,,94,A94,Current
lighting,Equipment,L89,,95,A95,Current
lighting,Equipment,L90,,96,A96,Current
lighting,Equipment,L91,,97,A97,Current
lighting,Equipment,L92,,98,A98,Current
lighting,Equipment,L93,,99,A99,Current
lighting,Equipment,L94,,100,A100,Current
lighting,Equipment,L95,,101,A101,Current
lighting,Equipment,L96,,102,A102,Current
lighting,Equipment,L97,,103,A103,Current
lighting,Equipment,L98,,104,A104,Current
lighting,Equipment,L99,,105,A105,Current
lighting,Equipment,L100,,106,A106,Current
lighting,Equipment,L101,,107,A107,Current
lighting,Equipment,L102,,108,A108,Current
lighting,Equipment,L103,,109,A109,Current
lighting,Equipment,L104,,110,A110,Current
lighting,Equipment,L105,,111,A111,Current
lighting,Equipment,L106,,112,A112,Current
lighting,Equipment,L107,,113,A113,Current
lighting,Equipment,L108,,114,A114,Current
lighting,Equipment,L109,,115,A115,Current
lighting,Equipment,L110,,116,A116,Current
lighting,Equipment,L111,,117,A117,Current
lighting,Equipment,L112,,118,A118,Current
lighting,Equipment,L113,,119,A119,Current
lighting,Equipment,L114,,120,A120,Current
lighting,Equipment,L115,,121,A121,Current
lighting,Equipment,L116,,122,A122,Current
lighting,Equipment,L117,,123,A123,Current
lighting,Equipment,L118,,124,A124,Current
lighting,Equipment,L119,,125,A125,Current
lighting,Equipment,L120,,126,A126,Current
lighting,Equipment,L121,,127,A127,Current
lighting,Equipment,L122,,128,A128,Current
lighting,Equipment,L123,,129,A129,Current
lighting,Equipment,L124,,130,A130,Current
lighting,Equipment,L125,,131,A131,Current
lighting,Equipment,L126,,132,A132,Current
lighting,Equipment,L127,,133,A133,Current
lighting,Equipment,L128,,134,A134,Current
lighting,Equipment,L129,,135,A135,Current
lighting,Equipment,L130,,136,A136,Current
lighting,Equipment,L131,,137,A137,Current
lighting,Equipment,L132,,138,A138,Current
lighting,Equipment,L133,,139,A139,Current
lighting,Equipment,L134,,140,A140,Current
lighting,Equipment,L135,,141,A141,Current
lighting,Equipment,L136,,142,A142,Current
lighting,Equipment,L137,,143,A143,Current
lighting,Equipment,L138,,144,A144,Current
lighting,Equipment,L139,,145,A145,Current
lighting,Equipment,L140,,146,A146,Current
lighting,Equipment,L141,,147,A147,Current
lighting,Equipment,L142,,148,A148,Current
lighting,Equipment,L143,,149,A149,Current
lighting,Equipment,L144,,150,A150,Current
lighting,Equipment,L145,,151,A151,Current
lighting,Equipment,L146,,152,A152,Current
lighting,Equipment,L147,,153,A153,Current
lighting,Equipment,L148,,154,A154,Current
lighting,Equipment,L149,,155,A155,Current
lighting,Equipment,L150,,156,A156,Current
lighting,Equipment,L151,,157,A157,Current
lighting,Equipment,L152,,158,A158,Current
lighting,Equipment,L153,,159,A159,Current
lighting,Equipment,L154,,160,A160,Current
lighting,Equipment,L160,,161,A161,Current
lighting,Equipment,L161,,162,A162,Current
lighting,Equipment,L162,,163,A163,Current
lighting,Equipment,L163,,164,A164,Current
lighting,Equipment,L164,,165,A165,Current
lighting,Equipment,L165,,166,A166,Current
lighting,Equipment,L166,,167,A167,Current
lighting,Equipment,L167,,168,A168,Current
lighting,Equipment,L168,,169,A169,Current
lighting,Equipment,L169,,170,A170,Current
lighting,Equipment,L170,,171,A171,Current
lighting,Equipment,L171,,172,A172,Current
lighting,Equipment,L172,,173,A173,Current
lighting,Equipment,L173,,174,A174,Current
lighting,Equipment,L174,,175,A175,Current
lighting,Equipment,L175,,176,A176,Current
lighting,Equipment,L176,,177,A177,Current
lighting,Equipment,L177,,178,A178,Current
lighting,Equipment,L178,,179,A179,Current
lighting,Equipment,L179,,180,A180,Current
lighting,Equipment,L180,,181,A181,Current
lighting,Equipment,L181,,182,A182,Current
lighting,Equipment,L182,,183,A183,Current
lighting,Equipment,L183,,184,A184,Current
lighting,Equipment,L184,,185,A185,Current
lighting,Equipment,L185,,186,A186,Current
lighting,Equipment,L186,,187,A187,Current
lighting,Equipment,L187,,188,A188,Current
lighting,Equipment,L188,,189,A189,Current
lighting,Equipment,L189,,190,A190,Current
lighting,Equipment,L190,,191,A191,Current
lighting,Equipment,L191,,192,A192,Current
lighting,Equipment,L192,,193,A193,Current
lighting,Equipment,L193,,194,A194,Current
lighting,Equipment,L194,,195,A195,Current
lighting,Equipment,L195,,196,A196,Current
lighting,Equipment,L196,,197,A197,Current
lighting,Equipment,L197,,198,A198,Current
lighting,Equipment,L198,,199,A199,Current
lighting,Equipment,L199,,200,A200,Current
lighting,Equipment,L200,,201,A201,Current
lighting,Equipment,L201,,202,A202,Current
lighting,Equipment,L202,,203,A203,Current
lighting,Equipment,L203,,204,A204,Current
lighting,Equipment,L204,,205,A205,Current
lighting,Equipment,L205,,206,A206,Current
lighting,Equipment,L206,,207,A207,Current
lighting,Equipment,L207,,208,A208,Current
lighting,Equipment,L208,,209,A209,Current
lighting,Equipment,L209,,210,A210,Current
lighting,Equipment,L210,,211,A211,Current
lighting,Equipment,L211,,212,A212,Current
lighting,Equipment,L212,,213,A213,Current
lighting,Equipment,L213,,214,A214,Current
lighting,Equipment,L214,,215,A215,Current
lighting,Equipment,L215,,216,A216,Current
lighting,Equipment,L216,,217,A217,Current
lighting,Equipment,L217,,218,A218,Current
lighting,Equipment,L218,,219,A219,Current
lighting,Equipment,L219,,220,A220,Current
lighting,Equipment,L220,,221,A221,Current
lighting,Equipment,L221,,222,A222,Current
lighting,Equipment,L222,,223,A223,Current
lighting,Equipment,L223,,224,A224,Current
lighting,Equipment,L224,,225,A225,Current
lighting,Equipment,L225,,226,A226,Current
lighting,Electrical Lines,local:L1,,7,A7,Current
lighting,Electrical Lines,local:L2,,8,A8,Current
lighting,Electrical Lines,trunk:LC1:L1:light:-1,,9,A9,Current
lighting,Electrical Lines,drop:LC1:L1:light:-1:L3,,10,A10,Current
lighting,Electrical Lines,drop:LC1:L1:light:-1:L4,,11,A11,Current
lighting,Electrical Lines,drop:LC1:L1:light:-1:L7,,12,A12,Current
lighting,Electrical Lines,drop:LC1:L1:light:-1:L8,,13,A13,Current
lighting,Electrical Lines,drop:LC1:L1:light:-1:L11,,14,A14,Current
lighting,Electrical Lines,drop:LC1:L1:light:-1:L12,,15,A15,Current
lighting,Electrical Lines,drop:LC1:L1:light:-1:L15,,16,A16,Current
lighting,Electrical Lines,drop:LC1:L1:light:-1:L16,,17,A17,Current
lighting,Electrical Lines,drop:LC1:L1:light:-1:L19,,18,A18,Current
lighting,Electrical Lines,drop:LC1:L1:light:-1:L20,,19,A19,Current
lighting,Electrical Lines,drop:LC1:L1:light:-1:L23,,20,A20,Current
lighting,Electrical Lines,drop:LC1:L1:light:-1:L24,,21,A21,Current
lighting,Electrical Lines,drop:LC1:L1:light:-1:L27,,22,A22,Current
lighting,Electrical Lines,drop:LC1:L1:light:-1:L28,,23,A23,Current
lighting,Electrical Lines,drop:LC1:L1:light:-1:L59,,24,A24,Current
lighting,Electrical Lines,drop:LC1:L1:light:-1:L60,,25,A25,Current
lighting,Electrical Lines,trunk:LC1:L1:light:1,,26,A26,Current
lighting,Electrical Lines,drop:LC1:L1:light:1:L5,,27,A27,Current
lighting,Electrical Lines,drop:LC1:L1:light:1:L6,,28,A28,Current
lighting,Electrical Lines,drop:LC1:L1:light:1:L9,,29,A29,Current
lighting,Electrical Lines,drop:LC1:L1:light:1:L10,,30,A30,Current
lighting,Electrical Lines,drop:LC1:L1:light:1:L13,,31,A31,Current
lighting,Electrical Lines,drop:LC1:L1:light:1:L14,,32,A32,Current
lighting,Electrical Lines,drop:LC1:L1:light:1:L17,,33,A33,Current
lighting,Electrical Lines,drop:LC1:L1:light:1:L18,,34,A34,Current
lighting,Electrical Lines,drop:LC1:L1:light:1:L21,,35,A35,Current
lighting,Electrical Lines,drop:LC1:L1:light:1:L22,,36,A36,Current
lighting,Electrical Lines,drop:LC1:L1:light:1:L25,,37,A37,Current
lighting,Electrical Lines,drop:LC1:L1:light:1:L26,,38,A38,Current
lighting,Electrical Lines,drop:LC1:L1:light:1:L29,,39,A39,Current
lighting,Electrical Lines,drop:LC1:L1:light:1:L30,,40,A40,Current
lighting,Electrical Lines,drop:LC1:L1:light:1:L61,,41,A41,Current
lighting,Electrical Lines,drop:LC1:L1:light:1:L62,,42,A42,Current
lighting,Electrical Lines,trunk:LC1:L2:light:-1,,43,A43,Current
lighting,Electrical Lines,drop:LC1:L2:light:-1:L31,,44,A44,Current
lighting,Electrical Lines,drop:LC1:L2:light:-1:L32,,45,A45,Current
lighting,Electrical Lines,drop:LC1:L2:light:-1:L35,,46,A46,Current
lighting,Electrical Lines,drop:LC1:L2:light:-1:L36,,47,A47,Current
lighting,Electrical Lines,drop:LC1:L2:light:-1:L39,,48,A48,Current
lighting,Electrical Lines,drop:LC1:L2:light:-1:L40,,49,A49,Current
lighting,Electrical Lines,drop:LC1:L2:light:-1:L43,,50,A50,Current
lighting,Electrical Lines,drop:LC1:L2:light:-1:L44,,51,A51,Current
lighting,Electrical Lines,drop:LC1:L2:light:-1:L47,,52,A52,Current
lighting,Electrical Lines,drop:LC1:L2:light:-1:L48,,53,A53,Current
lighting,Electrical Lines,drop:LC1:L2:light:-1:L51,,54,A54,Current
lighting,Electrical Lines,drop:LC1:L2:light:-1:L52,,55,A55,Current
lighting,Electrical Lines,drop:LC1:L2:light:-1:L55,,56,A56,Current
lighting,Electrical Lines,drop:LC1:L2:light:-1:L56,,57,A57,Current
lighting,Electrical Lines,trunk:LC1:L2:light:1,,58,A58,Current
lighting,Electrical Lines,drop:LC1:L2:light:1:L33,,59,A59,Current
lighting,Electrical Lines,drop:LC1:L2:light:1:L34,,60,A60,Current
lighting,Electrical Lines,drop:LC1:L2:light:1:L37,,61,A61,Current
lighting,Electrical Lines,drop:LC1:L2:light:1:L38,,62,A62,Current
lighting,Electrical Lines,drop:LC1:L2:light:1:L41,,63,A63,Current
lighting,Electrical Lines,drop:LC1:L2:light:1:L42,,64,A64,Current
lighting,Electrical Lines,drop:LC1:L2:light:1:L45,,65,A65,Current
lighting,Electrical Lines,drop:LC1:L2:light:1:L46,,66,A66,Current
lighting,Electrical Lines,drop:LC1:L2:light:1:L49,,67,A67,Current
lighting,Electrical Lines,drop:LC1:L2:light:1:L50,,68,A68,Current
lighting,Electrical Lines,drop:LC1:L2:light:1:L53,,69,A69,Current
lighting,Electrical Lines,drop:LC1:L2:light:1:L54,,70,A70,Current
lighting,Electrical Lines,drop:LC1:L2:light:1:L57,,71,A71,Current
lighting,Electrical Lines,drop:LC1:L2:light:1:L58,,72,A72,Current
lighting,Electrical Lines,trunk:LC1:L8:light:-1,,73,A73,Current
lighting,Electrical Lines,drop:LC1:L8:light:-1:L63,,74,A74,Current
lighting,Electrical Lines,drop:LC1:L8:light:-1:L64,,75,A75,Current
lighting,Electrical Lines,drop:LC1:L8:light:-1:L65,,76,A76,Current
lighting,Electrical Lines,drop:LC1:L8:light:-1:L66,,77,A77,Current
lighting,Electrical Lines,trunk:LC1:L8:light:1,,78,A78,Current
lighting,Electrical Lines,drop:LC1:L8:light:1:L67,,79,A79,Current
lighting,Electrical Lines,drop:LC1:L8:light:1:L68,,80,A80,Current
lighting,Electrical Lines,drop:LC1:L8:light:1:L69,,81,A81,Current
lighting,Electrical Lines,drop:LC1:L8:light:1:L70,,82,A82,Current
lighting,Electrical Lines,trunk:LC1:LA:light:-1,,83,A83,Current
lighting,Electrical Lines,drop:LC1:LA:light:-1:L71,,84,A84,Current
lighting,Electrical Lines,drop:LC1:LA:light:-1:L72,,85,A85,Current
lighting,Electrical Lines,drop:LC1:LA:light:-1:L73,,86,A86,Current
lighting,Electrical Lines,drop:LC1:LA:light:-1:L74,,87,A87,Current
lighting,Electrical Lines,drop:LC1:LA:light:-1:L75,,88,A88,Current
lighting,Electrical Lines,drop:LC1:LA:light:-1:L76,,89,A89,Current
lighting,Electrical Lines,drop:LC1:LA:light:-1:L77,,90,A90,Current
lighting,Electrical Lines,trunk:LC1:LD:light:-1,,91,A91,Current
lighting,Electrical Lines,drop:LC1:LD:light:-1:L78,,92,A92,Current
lighting,Electrical Lines,drop:LC1:LD:light:-1:L79,,93,A93,Current
lighting,Electrical Lines,drop:LC1:LD:light:-1:L80,,94,A94,Current
lighting,Electrical Lines,drop:LC1:LD:light:-1:L81,,95,A95,Current
lighting,Electrical Lines,drop:LC1:LD:light:-1:L82,,96,A96,Current
lighting,Electrical Lines,drop:LC1:LD:light:-1:L84,,97,A97,Current
lighting,Electrical Lines,drop:LC1:LD:light:-1:L86,,98,A98,Current
lighting,Electrical Lines,drop:LC1:LD:light:-1:L88,,99,A99,Current
lighting,Electrical Lines,drop:LC1:LD:light:-1:L90,,100,A100,Current
lighting,Electrical Lines,drop:LC1:LD:light:-1:L92,,101,A101,Current
lighting,Electrical Lines,drop:LC1:LD:light:-1:L94,,102,A102,Current
lighting,Electrical Lines,drop:LC1:LD:light:-1:L96,,103,A103,Current
lighting,Electrical Lines,trunk:LC1:LD:light:1,,104,A104,Current
lighting,Electrical Lines,drop:LC1:LD:light:1:L83,,105,A105,Current
lighting,Electrical Lines,drop:LC1:LD:light:1:L85,,106,A106,Current
lighting,Electrical Lines,drop:LC1:LD:light:1:L87,,107,A107,Current
lighting,Electrical Lines,drop:LC1:LD:light:1:L89,,108,A108,Current
lighting,Electrical Lines,drop:LC1:LD:light:1:L91,,109,A109,Current
lighting,Electrical Lines,drop:LC1:LD:light:1:L93,,110,A110,Current
lighting,Electrical Lines,drop:LC1:LD:light:1:L95,,111,A111,Current
lighting,Electrical Lines,drop:LC1:LD:light:1:L97,,112,A112,Current
lighting,Electrical Lines,trunk:LC1:L3:light:-1,,113,A113,Current
lighting,Electrical Lines,drop:LC1:L3:light:-1:L98,,114,A114,Current
lighting,Electrical Lines,drop:LC1:L3:light:-1:L100,,115,A115,Current
lighting,Electrical Lines,drop:LC1:L3:light:-1:L101,,116,A116,Current
lighting,Electrical Lines,drop:LC1:L3:light:-1:L104,,117,A117,Current
lighting,Electrical Lines,drop:LC1:L3:light:-1:L106,,118,A118,Current
lighting,Electrical Lines,drop:LC1:L3:light:-1:L107,,119,A119,Current
lighting,Electrical Lines,drop:LC1:L3:light:-1:L108,,120,A120,Current
lighting,Electrical Lines,drop:LC1:L3:light:-1:L109,,121,A121,Current
lighting,Electrical Lines,drop:LC1:L3:light:-1:L114,,122,A122,Current
lighting,Electrical Lines,drop:LC1:L3:light:-1:L115,,123,A123,Current
lighting,Electrical Lines,drop:LC1:L3:light:-1:L116,,124,A124,Current
lighting,Electrical Lines,drop:LC1:L3:light:-1:L151,,125,A125,Current
lighting,Electrical Lines,drop:LC1:L3:light:-1:L152,,126,A126,Current
lighting,Electrical Lines,trunk:LC1:L3:light:1,,127,A127,Current
lighting,Electrical Lines,drop:LC1:L3:light:1:L99,,128,A128,Current
lighting,Electrical Lines,drop:LC1:L3:light:1:L102,,129,A129,Current
lighting,Electrical Lines,drop:LC1:L3:light:1:L103,,130,A130,Current
lighting,Electrical Lines,drop:LC1:L3:light:1:L105,,131,A131,Current
lighting,Electrical Lines,drop:LC1:L3:light:1:L110,,132,A132,Current
lighting,Electrical Lines,drop:LC1:L3:light:1:L111,,133,A133,Current
lighting,Electrical Lines,drop:LC1:L3:light:1:L112,,134,A134,Current
lighting,Electrical Lines,drop:LC1:L3:light:1:L113,,135,A135,Current
lighting,Electrical Lines,drop:LC1:L3:light:1:L117,,136,A136,Current
lighting,Electrical Lines,drop:LC1:L3:light:1:L118,,137,A137,Current
lighting,Electrical Lines,drop:LC1:L3:light:1:L153,,138,A138,Current
lighting,Electrical Lines,drop:LC1:L3:light:1:L154,,139,A139,Current
lighting,Electrical Lines,trunk:LC1:L4:light:-1,,140,A140,Current
lighting,Electrical Lines,drop:LC1:L4:light:-1:L119,,141,A141,Current
lighting,Electrical Lines,drop:LC1:L4:light:-1:L120,,142,A142,Current
lighting,Electrical Lines,drop:LC1:L4:light:-1:L121,,143,A143,Current
lighting,Electrical Lines,drop:LC1:L4:light:-1:L122,,144,A144,Current
lighting,Electrical Lines,drop:LC1:L4:light:-1:L123,,145,A145,Current
lighting,Electrical Lines,drop:LC1:L4:light:-1:L124,,146,A146,Current
lighting,Electrical Lines,drop:LC1:L4:light:-1:L125,,147,A147,Current
lighting,Electrical Lines,drop:LC1:L4:light:-1:L126,,148,A148,Current
lighting,Electrical Lines,drop:LC1:L4:light:-1:L127,,149,A149,Current
lighting,Electrical Lines,trunk:LC1:L4:light:1,,150,A150,Current
lighting,Electrical Lines,drop:LC1:L4:light:1:L128,,151,A151,Current
lighting,Electrical Lines,drop:LC1:L4:light:1:L129,,152,A152,Current
lighting,Electrical Lines,drop:LC1:L4:light:1:L130,,153,A153,Current
lighting,Electrical Lines,drop:LC1:L4:light:1:L131,,154,A154,Current
lighting,Electrical Lines,drop:LC1:L4:light:1:L132,,155,A155,Current
lighting,Electrical Lines,drop:LC1:L4:light:1:L133,,156,A156,Current
lighting,Electrical Lines,drop:LC1:L4:light:1:L134,,157,A157,Current
lighting,Electrical Lines,drop:LC1:L4:light:1:L135,,158,A158,Current
lighting,Electrical Lines,drop:LC1:L4:light:1:L136,,159,A159,Current
lighting,Electrical Lines,trunk:DB2:L9:light:-1,,160,A160,Current
lighting,Electrical Lines,drop:DB2:L9:light:-1:L137,,161,A161,Current
lighting,Electrical Lines,drop:DB2:L9:light:-1:L182,,162,A162,Current
lighting,Electrical Lines,drop:DB2:L9:light:-1:L183,,163,A163,Current
lighting,Electrical Lines,trunk:DB2:L9:light:1,,164,A164,Current
lighting,Electrical Lines,drop:DB2:L9:light:1:L138,,165,A165,Current
lighting,Electrical Lines,drop:DB2:L9:light:1:L189,,166,A166,Current
lighting,Electrical Lines,drop:DB2:L9:light:1:L190,,167,A167,Current
lighting,Electrical Lines,trunk:LC1:L5:light:-1,,168,A168,Current
lighting,Electrical Lines,drop:LC1:L5:light:-1:L139,,169,A169,Current
lighting,Electrical Lines,drop:LC1:L5:light:-1:L140,,170,A170,Current
lighting,Electrical Lines,drop:LC1:L5:light:-1:L141,,171,A171,Current
lighting,Electrical Lines,drop:LC1:L5:light:-1:L142,,172,A172,Current
lighting,Electrical Lines,drop:LC1:L5:light:-1:L143,,173,A173,Current
lighting,Electrical Lines,drop:LC1:L5:light:-1:L144,,174,A174,Current
lighting,Electrical Lines,drop:LC1:L5:light:-1:L184,,175,A175,Current
lighting,Electrical Lines,drop:LC1:L5:light:-1:L185,,176,A176,Current
lighting,Electrical Lines,drop:LC1:L5:light:-1:L186,,177,A177,Current
lighting,Electrical Lines,drop:LC1:L5:light:-1:L187,,178,A178,Current
lighting,Electrical Lines,drop:LC1:L5:light:-1:L188,,179,A179,Current
lighting,Electrical Lines,trunk:LC1:L5:light:1,,180,A180,Current
lighting,Electrical Lines,drop:LC1:L5:light:1:L145,,181,A181,Current
lighting,Electrical Lines,drop:LC1:L5:light:1:L146,,182,A182,Current
lighting,Electrical Lines,drop:LC1:L5:light:1:L147,,183,A183,Current
lighting,Electrical Lines,drop:LC1:L5:light:1:L148,,184,A184,Current
lighting,Electrical Lines,drop:LC1:L5:light:1:L149,,185,A185,Current
lighting,Electrical Lines,drop:LC1:L5:light:1:L150,,186,A186,Current
lighting,Electrical Lines,drop:LC1:L5:light:1:L191,,187,A187,Current
lighting,Electrical Lines,drop:LC1:L5:light:1:L192,,188,A188,Current
lighting,Electrical Lines,drop:LC1:L5:light:1:L193,,189,A189,Current
lighting,Electrical Lines,drop:LC1:L5:light:1:L194,,190,A190,Current
lighting,Electrical Lines,drop:LC1:L5:light:1:L195,,191,A191,Current
lighting,Electrical Lines,trunk:DB2:L6:light:-1,,192,A192,Current
lighting,Electrical Lines,drop:DB2:L6:light:-1:L160,,193,A193,Current
lighting,Electrical Lines,drop:DB2:L6:light:-1:L161,,194,A194,Current
lighting,Electrical Lines,drop:DB2:L6:light:-1:L162,,195,A195,Current
lighting,Electrical Lines,drop:DB2:L6:light:-1:L163,,196,A196,Current
lighting,Electrical Lines,drop:DB2:L6:light:-1:L164,,197,A197,Current
lighting,Electrical Lines,drop:DB2:L6:light:-1:L165,,198,A198,Current
lighting,Electrical Lines,drop:DB2:L6:light:-1:L166,,199,A199,Current
lighting,Electrical Lines,drop:DB2:L6:light:-1:L167,,200,A200,Current
lighting,Electrical Lines,drop:DB2:L6:light:-1:L168,,201,A201,Current
lighting,Electrical Lines,drop:DB2:L6:light:-1:L169,,202,A202,Current
lighting,Electrical Lines,drop:DB2:L6:light:-1:L170,,203,A203,Current
lighting,Electrical Lines,drop:DB2:L6:light:-1:L222,,204,A204,Current
lighting,Electrical Lines,drop:DB2:L6:light:-1:L223,,205,A205,Current
lighting,Electrical Lines,trunk:DB2:L6:light:1,,206,A206,Current
lighting,Electrical Lines,drop:DB2:L6:light:1:L171,,207,A207,Current
lighting,Electrical Lines,drop:DB2:L6:light:1:L172,,208,A208,Current
lighting,Electrical Lines,drop:DB2:L6:light:1:L173,,209,A209,Current
lighting,Electrical Lines,drop:DB2:L6:light:1:L174,,210,A210,Current
lighting,Electrical Lines,drop:DB2:L6:light:1:L175,,211,A211,Current
lighting,Electrical Lines,drop:DB2:L6:light:1:L176,,212,A212,Current
lighting,Electrical Lines,drop:DB2:L6:light:1:L177,,213,A213,Current
lighting,Electrical Lines,drop:DB2:L6:light:1:L178,,214,A214,Current
lighting,Electrical Lines,drop:DB2:L6:light:1:L179,,215,A215,Current
lighting,Electrical Lines,drop:DB2:L6:light:1:L180,,216,A216,Current
lighting,Electrical Lines,drop:DB2:L6:light:1:L181,,217,A217,Current
lighting,Electrical Lines,drop:DB2:L6:light:1:L224,,218,A218,Current
lighting,Electrical Lines,drop:DB2:L6:light:1:L225,,219,A219,Current
lighting,Electrical Lines,trunk:DB2:L7:light:-1,,220,A220,Current
lighting,Electrical Lines,drop:DB2:L7:light:-1:L196,,221,A221,Current
lighting,Electrical Lines,drop:DB2:L7:light:-1:L197,,222,A222,Current
lighting,Electrical Lines,drop:DB2:L7:light:-1:L198,,223,A223,Current
lighting,Electrical Lines,drop:DB2:L7:light:-1:L199,,224,A224,Current
lighting,Electrical Lines,drop:DB2:L7:light:-1:L200,,225,A225,Current
lighting,Electrical Lines,drop:DB2:L7:light:-1:L201,,226,A226,Current
lighting,Electrical Lines,drop:DB2:L7:light:-1:L202,,227,A227,Current
lighting,Electrical Lines,drop:DB2:L7:light:-1:L203,,228,A228,Current
lighting,Electrical Lines,drop:DB2:L7:light:-1:L204,,229,A229,Current
lighting,Electrical Lines,drop:DB2:L7:light:-1:L205,,230,A230,Current
lighting,Electrical Lines,drop:DB2:L7:light:-1:L206,,231,A231,Current
lighting,Electrical Lines,drop:DB2:L7:light:-1:L207,,232,A232,Current
lighting,Electrical Lines,drop:DB2:L7:light:-1:L219,,233,A233,Current
lighting,Electrical Lines,drop:DB2:L7:light:-1:L220,,234,A234,Current
lighting,Electrical Lines,trunk:DB2:L7:light:1,,235,A235,Current
lighting,Electrical Lines,drop:DB2:L7:light:1:L208,,236,A236,Current
lighting,Electrical Lines,drop:DB2:L7:light:1:L209,,237,A237,Current
lighting,Electrical Lines,drop:DB2:L7:light:1:L210,,238,A238,Current
lighting,Electrical Lines,drop:DB2:L7:light:1:L211,,239,A239,Current
lighting,Electrical Lines,drop:DB2:L7:light:1:L212,,240,A240,Current
lighting,Electrical Lines,drop:DB2:L7:light:1:L213,,241,A241,Current
lighting,Electrical Lines,drop:DB2:L7:light:1:L214,,242,A242,Current
lighting,Electrical Lines,drop:DB2:L7:light:1:L215,,243,A243,Current
lighting,Electrical Lines,drop:DB2:L7:light:1:L216,,244,A244,Current
lighting,Electrical Lines,drop:DB2:L7:light:1:L217,,245,A245,Current
lighting,Electrical Lines,drop:DB2:L7:light:1:L218,,246,A246,Current
lighting,Electrical Lines,drop:DB2:L7:light:1:L221,,247,A247,Current
lighting,Route Points,local:L1,1,7,A7,Current
lighting,Route Points,local:L1,2,8,A8,Current
lighting,Route Points,local:L1,3,9,A9,Current
lighting,Route Points,local:L1,4,10,A10,Current
lighting,Route Points,local:L1,5,11,A11,Current
lighting,Route Points,local:L1,6,12,A12,Current
lighting,Route Points,local:L1,7,13,A13,Current
lighting,Route Points,local:L2,1,14,A14,Current
lighting,Route Points,local:L2,2,15,A15,Current
lighting,Route Points,local:L2,3,16,A16,Current
lighting,Route Points,local:L2,4,17,A17,Current
lighting,Route Points,local:L2,5,18,A18,Current
lighting,Route Points,local:L2,6,19,A19,Current
lighting,Route Points,local:L2,7,20,A20,Current
lighting,Route Points,trunk:LC1:L1:light:-1,1,21,A21,Current
lighting,Route Points,trunk:LC1:L1:light:-1,2,22,A22,Current
lighting,Route Points,trunk:LC1:L1:light:-1,3,23,A23,Current
lighting,Route Points,trunk:LC1:L1:light:-1,4,24,A24,Current
lighting,Route Points,trunk:LC1:L1:light:-1,5,25,A25,Current
lighting,Route Points,trunk:LC1:L1:light:-1,6,26,A26,Current
lighting,Route Points,trunk:LC1:L1:light:-1,7,27,A27,Current
lighting,Route Points,trunk:LC1:L1:light:-1,8,28,A28,Current
lighting,Route Points,trunk:LC1:L1:light:-1,9,29,A29,Current
lighting,Route Points,trunk:LC1:L1:light:-1,10,30,A30,Current
lighting,Route Points,trunk:LC1:L1:light:-1,11,31,A31,Current
lighting,Route Points,trunk:LC1:L1:light:-1,12,32,A32,Current
lighting,Route Points,trunk:LC1:L1:light:-1,13,33,A33,Current
lighting,Route Points,trunk:LC1:L1:light:-1,14,34,A34,Current
lighting,Route Points,trunk:LC1:L1:light:-1,15,35,A35,Current
lighting,Route Points,trunk:LC1:L1:light:-1,16,36,A36,Current
lighting,Route Points,trunk:LC1:L1:light:-1,17,37,A37,Current
lighting,Route Points,trunk:LC1:L1:light:-1,18,38,A38,Current
lighting,Route Points,trunk:LC1:L1:light:-1,19,39,A39,Current
lighting,Route Points,drop:LC1:L1:light:-1:L3,1,40,A40,Current
lighting,Route Points,drop:LC1:L1:light:-1:L3,2,41,A41,Current
lighting,Route Points,drop:LC1:L1:light:-1:L3,3,42,A42,Current
lighting,Route Points,drop:LC1:L1:light:-1:L3,4,43,A43,Current
lighting,Route Points,drop:LC1:L1:light:-1:L3,5,44,A44,Current
lighting,Route Points,drop:LC1:L1:light:-1:L3,6,45,A45,Current
lighting,Route Points,drop:LC1:L1:light:-1:L3,7,46,A46,Current
lighting,Route Points,drop:LC1:L1:light:-1:L3,8,47,A47,Current
lighting,Route Points,drop:LC1:L1:light:-1:L3,9,48,A48,Current
lighting,Route Points,drop:LC1:L1:light:-1:L3,10,49,A49,Current
lighting,Route Points,drop:LC1:L1:light:-1:L3,11,50,A50,Current
lighting,Route Points,drop:LC1:L1:light:-1:L3,12,51,A51,Current
lighting,Route Points,drop:LC1:L1:light:-1:L4,1,52,A52,Current
lighting,Route Points,drop:LC1:L1:light:-1:L4,2,53,A53,Current
lighting,Route Points,drop:LC1:L1:light:-1:L4,3,54,A54,Current
lighting,Route Points,drop:LC1:L1:light:-1:L4,4,55,A55,Current
lighting,Route Points,drop:LC1:L1:light:-1:L4,5,56,A56,Current
lighting,Route Points,drop:LC1:L1:light:-1:L4,6,57,A57,Current
lighting,Route Points,drop:LC1:L1:light:-1:L4,7,58,A58,Current
lighting,Route Points,drop:LC1:L1:light:-1:L4,8,59,A59,Current
lighting,Route Points,drop:LC1:L1:light:-1:L4,9,60,A60,Current
lighting,Route Points,drop:LC1:L1:light:-1:L4,10,61,A61,Current
lighting,Route Points,drop:LC1:L1:light:-1:L4,11,62,A62,Current
lighting,Route Points,drop:LC1:L1:light:-1:L4,12,63,A63,Current
lighting,Route Points,drop:LC1:L1:light:-1:L7,1,64,A64,Current
lighting,Route Points,drop:LC1:L1:light:-1:L7,2,65,A65,Current
lighting,Route Points,drop:LC1:L1:light:-1:L7,3,66,A66,Current
lighting,Route Points,drop:LC1:L1:light:-1:L7,4,67,A67,Current
lighting,Route Points,drop:LC1:L1:light:-1:L7,5,68,A68,Current
lighting,Route Points,drop:LC1:L1:light:-1:L7,6,69,A69,Current
lighting,Route Points,drop:LC1:L1:light:-1:L7,7,70,A70,Current
lighting,Route Points,drop:LC1:L1:light:-1:L7,8,71,A71,Current
lighting,Route Points,drop:LC1:L1:light:-1:L7,9,72,A72,Current
lighting,Route Points,drop:LC1:L1:light:-1:L7,10,73,A73,Current
lighting,Route Points,drop:LC1:L1:light:-1:L7,11,74,A74,Current
lighting,Route Points,drop:LC1:L1:light:-1:L7,12,75,A75,Current
lighting,Route Points,drop:LC1:L1:light:-1:L8,1,76,A76,Current
lighting,Route Points,drop:LC1:L1:light:-1:L8,2,77,A77,Current
lighting,Route Points,drop:LC1:L1:light:-1:L8,3,78,A78,Current
lighting,Route Points,drop:LC1:L1:light:-1:L8,4,79,A79,Current
lighting,Route Points,drop:LC1:L1:light:-1:L8,5,80,A80,Current
lighting,Route Points,drop:LC1:L1:light:-1:L8,6,81,A81,Current
lighting,Route Points,drop:LC1:L1:light:-1:L8,7,82,A82,Current
lighting,Route Points,drop:LC1:L1:light:-1:L8,8,83,A83,Current
lighting,Route Points,drop:LC1:L1:light:-1:L8,9,84,A84,Current
lighting,Route Points,drop:LC1:L1:light:-1:L8,10,85,A85,Current
lighting,Route Points,drop:LC1:L1:light:-1:L8,11,86,A86,Current
lighting,Route Points,drop:LC1:L1:light:-1:L8,12,87,A87,Current
lighting,Route Points,drop:LC1:L1:light:-1:L11,1,88,A88,Current
lighting,Route Points,drop:LC1:L1:light:-1:L11,2,89,A89,Current
lighting,Route Points,drop:LC1:L1:light:-1:L11,3,90,A90,Current
lighting,Route Points,drop:LC1:L1:light:-1:L11,4,91,A91,Current
lighting,Route Points,drop:LC1:L1:light:-1:L11,5,92,A92,Current
lighting,Route Points,drop:LC1:L1:light:-1:L11,6,93,A93,Current
lighting,Route Points,drop:LC1:L1:light:-1:L11,7,94,A94,Current
lighting,Route Points,drop:LC1:L1:light:-1:L11,8,95,A95,Current
lighting,Route Points,drop:LC1:L1:light:-1:L11,9,96,A96,Current
lighting,Route Points,drop:LC1:L1:light:-1:L11,10,97,A97,Current
lighting,Route Points,drop:LC1:L1:light:-1:L11,11,98,A98,Current
lighting,Route Points,drop:LC1:L1:light:-1:L11,12,99,A99,Current
lighting,Route Points,drop:LC1:L1:light:-1:L12,1,100,A100,Current
lighting,Route Points,drop:LC1:L1:light:-1:L12,2,101,A101,Current
lighting,Route Points,drop:LC1:L1:light:-1:L12,3,102,A102,Current
lighting,Route Points,drop:LC1:L1:light:-1:L12,4,103,A103,Current
lighting,Route Points,drop:LC1:L1:light:-1:L12,5,104,A104,Current
lighting,Route Points,drop:LC1:L1:light:-1:L12,6,105,A105,Current
lighting,Route Points,drop:LC1:L1:light:-1:L12,7,106,A106,Current
lighting,Route Points,drop:LC1:L1:light:-1:L12,8,107,A107,Current
lighting,Route Points,drop:LC1:L1:light:-1:L12,9,108,A108,Current
lighting,Route Points,drop:LC1:L1:light:-1:L12,10,109,A109,Current
lighting,Route Points,drop:LC1:L1:light:-1:L12,11,110,A110,Current
lighting,Route Points,drop:LC1:L1:light:-1:L12,12,111,A111,Current
lighting,Route Points,drop:LC1:L1:light:-1:L15,1,112,A112,Current
lighting,Route Points,drop:LC1:L1:light:-1:L15,2,113,A113,Current
lighting,Route Points,drop:LC1:L1:light:-1:L15,3,114,A114,Current
lighting,Route Points,drop:LC1:L1:light:-1:L15,4,115,A115,Current
lighting,Route Points,drop:LC1:L1:light:-1:L15,5,116,A116,Current
lighting,Route Points,drop:LC1:L1:light:-1:L15,6,117,A117,Current
lighting,Route Points,drop:LC1:L1:light:-1:L15,7,118,A118,Current
lighting,Route Points,drop:LC1:L1:light:-1:L15,8,119,A119,Current
lighting,Route Points,drop:LC1:L1:light:-1:L15,9,120,A120,Current
lighting,Route Points,drop:LC1:L1:light:-1:L15,10,121,A121,Current
lighting,Route Points,drop:LC1:L1:light:-1:L15,11,122,A122,Current
lighting,Route Points,drop:LC1:L1:light:-1:L15,12,123,A123,Current
lighting,Route Points,drop:LC1:L1:light:-1:L16,1,124,A124,Current
lighting,Route Points,drop:LC1:L1:light:-1:L16,2,125,A125,Current
lighting,Route Points,drop:LC1:L1:light:-1:L16,3,126,A126,Current
lighting,Route Points,drop:LC1:L1:light:-1:L16,4,127,A127,Current
lighting,Route Points,drop:LC1:L1:light:-1:L16,5,128,A128,Current
lighting,Route Points,drop:LC1:L1:light:-1:L16,6,129,A129,Current
lighting,Route Points,drop:LC1:L1:light:-1:L16,7,130,A130,Current
lighting,Route Points,drop:LC1:L1:light:-1:L16,8,131,A131,Current
lighting,Route Points,drop:LC1:L1:light:-1:L16,9,132,A132,Current
lighting,Route Points,drop:LC1:L1:light:-1:L16,10,133,A133,Current
lighting,Route Points,drop:LC1:L1:light:-1:L16,11,134,A134,Current
lighting,Route Points,drop:LC1:L1:light:-1:L16,12,135,A135,Current
lighting,Route Points,drop:LC1:L1:light:-1:L19,1,136,A136,Current
lighting,Route Points,drop:LC1:L1:light:-1:L19,2,137,A137,Current
lighting,Route Points,drop:LC1:L1:light:-1:L19,3,138,A138,Current
lighting,Route Points,drop:LC1:L1:light:-1:L19,4,139,A139,Current
lighting,Route Points,drop:LC1:L1:light:-1:L19,5,140,A140,Current
lighting,Route Points,drop:LC1:L1:light:-1:L19,6,141,A141,Current
lighting,Route Points,drop:LC1:L1:light:-1:L19,7,142,A142,Current
lighting,Route Points,drop:LC1:L1:light:-1:L19,8,143,A143,Current
lighting,Route Points,drop:LC1:L1:light:-1:L19,9,144,A144,Current
lighting,Route Points,drop:LC1:L1:light:-1:L19,10,145,A145,Current
lighting,Route Points,drop:LC1:L1:light:-1:L19,11,146,A146,Current
lighting,Route Points,drop:LC1:L1:light:-1:L19,12,147,A147,Current
lighting,Route Points,drop:LC1:L1:light:-1:L20,1,148,A148,Current
lighting,Route Points,drop:LC1:L1:light:-1:L20,2,149,A149,Current
lighting,Route Points,drop:LC1:L1:light:-1:L20,3,150,A150,Current
lighting,Route Points,drop:LC1:L1:light:-1:L20,4,151,A151,Current
lighting,Route Points,drop:LC1:L1:light:-1:L20,5,152,A152,Current
lighting,Route Points,drop:LC1:L1:light:-1:L20,6,153,A153,Current
lighting,Route Points,drop:LC1:L1:light:-1:L20,7,154,A154,Current
lighting,Route Points,drop:LC1:L1:light:-1:L20,8,155,A155,Current
lighting,Route Points,drop:LC1:L1:light:-1:L20,9,156,A156,Current
lighting,Route Points,drop:LC1:L1:light:-1:L20,10,157,A157,Current
lighting,Route Points,drop:LC1:L1:light:-1:L20,11,158,A158,Current
lighting,Route Points,drop:LC1:L1:light:-1:L20,12,159,A159,Current
lighting,Route Points,drop:LC1:L1:light:-1:L23,1,160,A160,Current
lighting,Route Points,drop:LC1:L1:light:-1:L23,2,161,A161,Current
lighting,Route Points,drop:LC1:L1:light:-1:L23,3,162,A162,Current
lighting,Route Points,drop:LC1:L1:light:-1:L23,4,163,A163,Current
lighting,Route Points,drop:LC1:L1:light:-1:L23,5,164,A164,Current
lighting,Route Points,drop:LC1:L1:light:-1:L23,6,165,A165,Current
lighting,Route Points,drop:LC1:L1:light:-1:L23,7,166,A166,Current
lighting,Route Points,drop:LC1:L1:light:-1:L23,8,167,A167,Current
lighting,Route Points,drop:LC1:L1:light:-1:L23,9,168,A168,Current
lighting,Route Points,drop:LC1:L1:light:-1:L23,10,169,A169,Current
lighting,Route Points,drop:LC1:L1:light:-1:L23,11,170,A170,Current
lighting,Route Points,drop:LC1:L1:light:-1:L23,12,171,A171,Current
lighting,Route Points,drop:LC1:L1:light:-1:L24,1,172,A172,Current
lighting,Route Points,drop:LC1:L1:light:-1:L24,2,173,A173,Current
lighting,Route Points,drop:LC1:L1:light:-1:L24,3,174,A174,Current
lighting,Route Points,drop:LC1:L1:light:-1:L24,4,175,A175,Current
lighting,Route Points,drop:LC1:L1:light:-1:L24,5,176,A176,Current
lighting,Route Points,drop:LC1:L1:light:-1:L24,6,177,A177,Current
lighting,Route Points,drop:LC1:L1:light:-1:L24,7,178,A178,Current
lighting,Route Points,drop:LC1:L1:light:-1:L24,8,179,A179,Current
lighting,Route Points,drop:LC1:L1:light:-1:L24,9,180,A180,Current
lighting,Route Points,drop:LC1:L1:light:-1:L24,10,181,A181,Current
lighting,Route Points,drop:LC1:L1:light:-1:L24,11,182,A182,Current
lighting,Route Points,drop:LC1:L1:light:-1:L24,12,183,A183,Current
lighting,Route Points,drop:LC1:L1:light:-1:L27,1,184,A184,Current
lighting,Route Points,drop:LC1:L1:light:-1:L27,2,185,A185,Current
lighting,Route Points,drop:LC1:L1:light:-1:L27,3,186,A186,Current
lighting,Route Points,drop:LC1:L1:light:-1:L27,4,187,A187,Current
lighting,Route Points,drop:LC1:L1:light:-1:L27,5,188,A188,Current
lighting,Route Points,drop:LC1:L1:light:-1:L27,6,189,A189,Current
lighting,Route Points,drop:LC1:L1:light:-1:L27,7,190,A190,Current
lighting,Route Points,drop:LC1:L1:light:-1:L27,8,191,A191,Current
lighting,Route Points,drop:LC1:L1:light:-1:L27,9,192,A192,Current
lighting,Route Points,drop:LC1:L1:light:-1:L27,10,193,A193,Current
lighting,Route Points,drop:LC1:L1:light:-1:L27,11,194,A194,Current
lighting,Route Points,drop:LC1:L1:light:-1:L27,12,195,A195,Current
lighting,Route Points,drop:LC1:L1:light:-1:L28,1,196,A196,Current
lighting,Route Points,drop:LC1:L1:light:-1:L28,2,197,A197,Current
lighting,Route Points,drop:LC1:L1:light:-1:L28,3,198,A198,Current
lighting,Route Points,drop:LC1:L1:light:-1:L28,4,199,A199,Current
lighting,Route Points,drop:LC1:L1:light:-1:L28,5,200,A200,Current
lighting,Route Points,drop:LC1:L1:light:-1:L28,6,201,A201,Current
lighting,Route Points,drop:LC1:L1:light:-1:L28,7,202,A202,Current
lighting,Route Points,drop:LC1:L1:light:-1:L28,8,203,A203,Current
lighting,Route Points,drop:LC1:L1:light:-1:L28,9,204,A204,Current
lighting,Route Points,drop:LC1:L1:light:-1:L28,10,205,A205,Current
lighting,Route Points,drop:LC1:L1:light:-1:L28,11,206,A206,Current
lighting,Route Points,drop:LC1:L1:light:-1:L28,12,207,A207,Current
lighting,Route Points,drop:LC1:L1:light:-1:L59,1,208,A208,Current
lighting,Route Points,drop:LC1:L1:light:-1:L59,2,209,A209,Current
lighting,Route Points,drop:LC1:L1:light:-1:L59,3,210,A210,Current
lighting,Route Points,drop:LC1:L1:light:-1:L59,4,211,A211,Current
lighting,Route Points,drop:LC1:L1:light:-1:L59,5,212,A212,Current
lighting,Route Points,drop:LC1:L1:light:-1:L60,1,213,A213,Current
lighting,Route Points,drop:LC1:L1:light:-1:L60,2,214,A214,Current
lighting,Route Points,drop:LC1:L1:light:-1:L60,3,215,A215,Current
lighting,Route Points,drop:LC1:L1:light:-1:L60,4,216,A216,Current
lighting,Route Points,drop:LC1:L1:light:-1:L60,5,217,A217,Current
lighting,Route Points,trunk:LC1:L1:light:1,1,218,A218,Current
lighting,Route Points,trunk:LC1:L1:light:1,2,219,A219,Current
lighting,Route Points,trunk:LC1:L1:light:1,3,220,A220,Current
lighting,Route Points,trunk:LC1:L1:light:1,4,221,A221,Current
lighting,Route Points,trunk:LC1:L1:light:1,5,222,A222,Current
lighting,Route Points,trunk:LC1:L1:light:1,6,223,A223,Current
lighting,Route Points,trunk:LC1:L1:light:1,7,224,A224,Current
lighting,Route Points,trunk:LC1:L1:light:1,8,225,A225,Current
lighting,Route Points,trunk:LC1:L1:light:1,9,226,A226,Current
lighting,Route Points,trunk:LC1:L1:light:1,10,227,A227,Current
lighting,Route Points,trunk:LC1:L1:light:1,11,228,A228,Current
lighting,Route Points,trunk:LC1:L1:light:1,12,229,A229,Current
lighting,Route Points,trunk:LC1:L1:light:1,13,230,A230,Current
lighting,Route Points,trunk:LC1:L1:light:1,14,231,A231,Current
lighting,Route Points,trunk:LC1:L1:light:1,15,232,A232,Current
lighting,Route Points,trunk:LC1:L1:light:1,16,233,A233,Current
lighting,Route Points,trunk:LC1:L1:light:1,17,234,A234,Current
lighting,Route Points,trunk:LC1:L1:light:1,18,235,A235,Current
lighting,Route Points,trunk:LC1:L1:light:1,19,236,A236,Current
lighting,Route Points,drop:LC1:L1:light:1:L5,1,237,A237,Current
lighting,Route Points,drop:LC1:L1:light:1:L5,2,238,A238,Current
lighting,Route Points,drop:LC1:L1:light:1:L5,3,239,A239,Current
lighting,Route Points,drop:LC1:L1:light:1:L5,4,240,A240,Current
lighting,Route Points,drop:LC1:L1:light:1:L5,5,241,A241,Current
lighting,Route Points,drop:LC1:L1:light:1:L5,6,242,A242,Current
lighting,Route Points,drop:LC1:L1:light:1:L5,7,243,A243,Current
lighting,Route Points,drop:LC1:L1:light:1:L5,8,244,A244,Current
lighting,Route Points,drop:LC1:L1:light:1:L5,9,245,A245,Current
lighting,Route Points,drop:LC1:L1:light:1:L5,10,246,A246,Current
lighting,Route Points,drop:LC1:L1:light:1:L5,11,247,A247,Current
lighting,Route Points,drop:LC1:L1:light:1:L5,12,248,A248,Current
lighting,Route Points,drop:LC1:L1:light:1:L6,1,249,A249,Current
lighting,Route Points,drop:LC1:L1:light:1:L6,2,250,A250,Current
lighting,Route Points,drop:LC1:L1:light:1:L6,3,251,A251,Current
lighting,Route Points,drop:LC1:L1:light:1:L6,4,252,A252,Current
lighting,Route Points,drop:LC1:L1:light:1:L6,5,253,A253,Current
lighting,Route Points,drop:LC1:L1:light:1:L6,6,254,A254,Current
lighting,Route Points,drop:LC1:L1:light:1:L6,7,255,A255,Current
lighting,Route Points,drop:LC1:L1:light:1:L6,8,256,A256,Current
lighting,Route Points,drop:LC1:L1:light:1:L6,9,257,A257,Current
lighting,Route Points,drop:LC1:L1:light:1:L6,10,258,A258,Current
lighting,Route Points,drop:LC1:L1:light:1:L6,11,259,A259,Current
lighting,Route Points,drop:LC1:L1:light:1:L6,12,260,A260,Current
lighting,Route Points,drop:LC1:L1:light:1:L9,1,261,A261,Current
lighting,Route Points,drop:LC1:L1:light:1:L9,2,262,A262,Current
lighting,Route Points,drop:LC1:L1:light:1:L9,3,263,A263,Current
lighting,Route Points,drop:LC1:L1:light:1:L9,4,264,A264,Current
lighting,Route Points,drop:LC1:L1:light:1:L9,5,265,A265,Current
lighting,Route Points,drop:LC1:L1:light:1:L9,6,266,A266,Current
lighting,Route Points,drop:LC1:L1:light:1:L9,7,267,A267,Current
lighting,Route Points,drop:LC1:L1:light:1:L9,8,268,A268,Current
lighting,Route Points,drop:LC1:L1:light:1:L9,9,269,A269,Current
lighting,Route Points,drop:LC1:L1:light:1:L9,10,270,A270,Current
lighting,Route Points,drop:LC1:L1:light:1:L9,11,271,A271,Current
lighting,Route Points,drop:LC1:L1:light:1:L9,12,272,A272,Current
lighting,Route Points,drop:LC1:L1:light:1:L10,1,273,A273,Current
lighting,Route Points,drop:LC1:L1:light:1:L10,2,274,A274,Current
lighting,Route Points,drop:LC1:L1:light:1:L10,3,275,A275,Current
lighting,Route Points,drop:LC1:L1:light:1:L10,4,276,A276,Current
lighting,Route Points,drop:LC1:L1:light:1:L10,5,277,A277,Current
lighting,Route Points,drop:LC1:L1:light:1:L10,6,278,A278,Current
lighting,Route Points,drop:LC1:L1:light:1:L10,7,279,A279,Current
lighting,Route Points,drop:LC1:L1:light:1:L10,8,280,A280,Current
lighting,Route Points,drop:LC1:L1:light:1:L10,9,281,A281,Current
lighting,Route Points,drop:LC1:L1:light:1:L10,10,282,A282,Current
lighting,Route Points,drop:LC1:L1:light:1:L10,11,283,A283,Current
lighting,Route Points,drop:LC1:L1:light:1:L10,12,284,A284,Current
lighting,Route Points,drop:LC1:L1:light:1:L13,1,285,A285,Current
lighting,Route Points,drop:LC1:L1:light:1:L13,2,286,A286,Current
lighting,Route Points,drop:LC1:L1:light:1:L13,3,287,A287,Current
lighting,Route Points,drop:LC1:L1:light:1:L13,4,288,A288,Current
lighting,Route Points,drop:LC1:L1:light:1:L13,5,289,A289,Current
lighting,Route Points,drop:LC1:L1:light:1:L13,6,290,A290,Current
lighting,Route Points,drop:LC1:L1:light:1:L13,7,291,A291,Current
lighting,Route Points,drop:LC1:L1:light:1:L13,8,292,A292,Current
lighting,Route Points,drop:LC1:L1:light:1:L13,9,293,A293,Current
lighting,Route Points,drop:LC1:L1:light:1:L13,10,294,A294,Current
lighting,Route Points,drop:LC1:L1:light:1:L13,11,295,A295,Current
lighting,Route Points,drop:LC1:L1:light:1:L13,12,296,A296,Current
lighting,Route Points,drop:LC1:L1:light:1:L14,1,297,A297,Current
lighting,Route Points,drop:LC1:L1:light:1:L14,2,298,A298,Current
lighting,Route Points,drop:LC1:L1:light:1:L14,3,299,A299,Current
lighting,Route Points,drop:LC1:L1:light:1:L14,4,300,A300,Current
lighting,Route Points,drop:LC1:L1:light:1:L14,5,301,A301,Current
lighting,Route Points,drop:LC1:L1:light:1:L14,6,302,A302,Current
lighting,Route Points,drop:LC1:L1:light:1:L14,7,303,A303,Current
lighting,Route Points,drop:LC1:L1:light:1:L14,8,304,A304,Current
lighting,Route Points,drop:LC1:L1:light:1:L14,9,305,A305,Current
lighting,Route Points,drop:LC1:L1:light:1:L14,10,306,A306,Current
lighting,Route Points,drop:LC1:L1:light:1:L14,11,307,A307,Current
lighting,Route Points,drop:LC1:L1:light:1:L14,12,308,A308,Current
lighting,Route Points,drop:LC1:L1:light:1:L17,1,309,A309,Current
lighting,Route Points,drop:LC1:L1:light:1:L17,2,310,A310,Current
lighting,Route Points,drop:LC1:L1:light:1:L17,3,311,A311,Current
lighting,Route Points,drop:LC1:L1:light:1:L17,4,312,A312,Current
lighting,Route Points,drop:LC1:L1:light:1:L17,5,313,A313,Current
lighting,Route Points,drop:LC1:L1:light:1:L17,6,314,A314,Current
lighting,Route Points,drop:LC1:L1:light:1:L17,7,315,A315,Current
lighting,Route Points,drop:LC1:L1:light:1:L17,8,316,A316,Current
lighting,Route Points,drop:LC1:L1:light:1:L17,9,317,A317,Current
lighting,Route Points,drop:LC1:L1:light:1:L17,10,318,A318,Current
lighting,Route Points,drop:LC1:L1:light:1:L17,11,319,A319,Current
lighting,Route Points,drop:LC1:L1:light:1:L17,12,320,A320,Current
lighting,Route Points,drop:LC1:L1:light:1:L18,1,321,A321,Current
lighting,Route Points,drop:LC1:L1:light:1:L18,2,322,A322,Current
lighting,Route Points,drop:LC1:L1:light:1:L18,3,323,A323,Current
lighting,Route Points,drop:LC1:L1:light:1:L18,4,324,A324,Current
lighting,Route Points,drop:LC1:L1:light:1:L18,5,325,A325,Current
lighting,Route Points,drop:LC1:L1:light:1:L18,6,326,A326,Current
lighting,Route Points,drop:LC1:L1:light:1:L18,7,327,A327,Current
lighting,Route Points,drop:LC1:L1:light:1:L18,8,328,A328,Current
lighting,Route Points,drop:LC1:L1:light:1:L18,9,329,A329,Current
lighting,Route Points,drop:LC1:L1:light:1:L18,10,330,A330,Current
lighting,Route Points,drop:LC1:L1:light:1:L18,11,331,A331,Current
lighting,Route Points,drop:LC1:L1:light:1:L18,12,332,A332,Current
lighting,Route Points,drop:LC1:L1:light:1:L21,1,333,A333,Current
lighting,Route Points,drop:LC1:L1:light:1:L21,2,334,A334,Current
lighting,Route Points,drop:LC1:L1:light:1:L21,3,335,A335,Current
lighting,Route Points,drop:LC1:L1:light:1:L21,4,336,A336,Current
lighting,Route Points,drop:LC1:L1:light:1:L21,5,337,A337,Current
lighting,Route Points,drop:LC1:L1:light:1:L21,6,338,A338,Current
lighting,Route Points,drop:LC1:L1:light:1:L21,7,339,A339,Current
lighting,Route Points,drop:LC1:L1:light:1:L21,8,340,A340,Current
lighting,Route Points,drop:LC1:L1:light:1:L21,9,341,A341,Current
lighting,Route Points,drop:LC1:L1:light:1:L21,10,342,A342,Current
lighting,Route Points,drop:LC1:L1:light:1:L21,11,343,A343,Current
lighting,Route Points,drop:LC1:L1:light:1:L21,12,344,A344,Current
lighting,Route Points,drop:LC1:L1:light:1:L22,1,345,A345,Current
lighting,Route Points,drop:LC1:L1:light:1:L22,2,346,A346,Current
lighting,Route Points,drop:LC1:L1:light:1:L22,3,347,A347,Current
lighting,Route Points,drop:LC1:L1:light:1:L22,4,348,A348,Current
lighting,Route Points,drop:LC1:L1:light:1:L22,5,349,A349,Current
lighting,Route Points,drop:LC1:L1:light:1:L22,6,350,A350,Current
lighting,Route Points,drop:LC1:L1:light:1:L22,7,351,A351,Current
lighting,Route Points,drop:LC1:L1:light:1:L22,8,352,A352,Current
lighting,Route Points,drop:LC1:L1:light:1:L22,9,353,A353,Current
lighting,Route Points,drop:LC1:L1:light:1:L22,10,354,A354,Current
lighting,Route Points,drop:LC1:L1:light:1:L22,11,355,A355,Current
lighting,Route Points,drop:LC1:L1:light:1:L22,12,356,A356,Current
lighting,Route Points,drop:LC1:L1:light:1:L25,1,357,A357,Current
lighting,Route Points,drop:LC1:L1:light:1:L25,2,358,A358,Current
lighting,Route Points,drop:LC1:L1:light:1:L25,3,359,A359,Current
lighting,Route Points,drop:LC1:L1:light:1:L25,4,360,A360,Current
lighting,Route Points,drop:LC1:L1:light:1:L25,5,361,A361,Current
lighting,Route Points,drop:LC1:L1:light:1:L25,6,362,A362,Current
lighting,Route Points,drop:LC1:L1:light:1:L25,7,363,A363,Current
lighting,Route Points,drop:LC1:L1:light:1:L25,8,364,A364,Current
lighting,Route Points,drop:LC1:L1:light:1:L25,9,365,A365,Current
lighting,Route Points,drop:LC1:L1:light:1:L25,10,366,A366,Current
lighting,Route Points,drop:LC1:L1:light:1:L25,11,367,A367,Current
lighting,Route Points,drop:LC1:L1:light:1:L25,12,368,A368,Current
lighting,Route Points,drop:LC1:L1:light:1:L26,1,369,A369,Current
lighting,Route Points,drop:LC1:L1:light:1:L26,2,370,A370,Current
lighting,Route Points,drop:LC1:L1:light:1:L26,3,371,A371,Current
lighting,Route Points,drop:LC1:L1:light:1:L26,4,372,A372,Current
lighting,Route Points,drop:LC1:L1:light:1:L26,5,373,A373,Current
lighting,Route Points,drop:LC1:L1:light:1:L26,6,374,A374,Current
lighting,Route Points,drop:LC1:L1:light:1:L26,7,375,A375,Current
lighting,Route Points,drop:LC1:L1:light:1:L26,8,376,A376,Current
lighting,Route Points,drop:LC1:L1:light:1:L26,9,377,A377,Current
lighting,Route Points,drop:LC1:L1:light:1:L26,10,378,A378,Current
lighting,Route Points,drop:LC1:L1:light:1:L26,11,379,A379,Current
lighting,Route Points,drop:LC1:L1:light:1:L26,12,380,A380,Current
lighting,Route Points,drop:LC1:L1:light:1:L29,1,381,A381,Current
lighting,Route Points,drop:LC1:L1:light:1:L29,2,382,A382,Current
lighting,Route Points,drop:LC1:L1:light:1:L29,3,383,A383,Current
lighting,Route Points,drop:LC1:L1:light:1:L29,4,384,A384,Current
lighting,Route Points,drop:LC1:L1:light:1:L29,5,385,A385,Current
lighting,Route Points,drop:LC1:L1:light:1:L29,6,386,A386,Current
lighting,Route Points,drop:LC1:L1:light:1:L29,7,387,A387,Current
lighting,Route Points,drop:LC1:L1:light:1:L29,8,388,A388,Current
lighting,Route Points,drop:LC1:L1:light:1:L29,9,389,A389,Current
lighting,Route Points,drop:LC1:L1:light:1:L29,10,390,A390,Current
lighting,Route Points,drop:LC1:L1:light:1:L29,11,391,A391,Current
lighting,Route Points,drop:LC1:L1:light:1:L29,12,392,A392,Current
lighting,Route Points,drop:LC1:L1:light:1:L30,1,393,A393,Current
lighting,Route Points,drop:LC1:L1:light:1:L30,2,394,A394,Current
lighting,Route Points,drop:LC1:L1:light:1:L30,3,395,A395,Current
lighting,Route Points,drop:LC1:L1:light:1:L30,4,396,A396,Current
lighting,Route Points,drop:LC1:L1:light:1:L30,5,397,A397,Current
lighting,Route Points,drop:LC1:L1:light:1:L30,6,398,A398,Current
lighting,Route Points,drop:LC1:L1:light:1:L30,7,399,A399,Current
lighting,Route Points,drop:LC1:L1:light:1:L30,8,400,A400,Current
lighting,Route Points,drop:LC1:L1:light:1:L30,9,401,A401,Current
lighting,Route Points,drop:LC1:L1:light:1:L30,10,402,A402,Current
lighting,Route Points,drop:LC1:L1:light:1:L30,11,403,A403,Current
lighting,Route Points,drop:LC1:L1:light:1:L30,12,404,A404,Current
lighting,Route Points,drop:LC1:L1:light:1:L61,1,405,A405,Current
lighting,Route Points,drop:LC1:L1:light:1:L61,2,406,A406,Current
lighting,Route Points,drop:LC1:L1:light:1:L61,3,407,A407,Current
lighting,Route Points,drop:LC1:L1:light:1:L61,4,408,A408,Current
lighting,Route Points,drop:LC1:L1:light:1:L61,5,409,A409,Current
lighting,Route Points,drop:LC1:L1:light:1:L62,1,410,A410,Current
lighting,Route Points,drop:LC1:L1:light:1:L62,2,411,A411,Current
lighting,Route Points,drop:LC1:L1:light:1:L62,3,412,A412,Current
lighting,Route Points,drop:LC1:L1:light:1:L62,4,413,A413,Current
lighting,Route Points,drop:LC1:L1:light:1:L62,5,414,A414,Current
lighting,Route Points,trunk:LC1:L2:light:-1,1,415,A415,Current
lighting,Route Points,trunk:LC1:L2:light:-1,2,416,A416,Current
lighting,Route Points,trunk:LC1:L2:light:-1,3,417,A417,Current
lighting,Route Points,trunk:LC1:L2:light:-1,4,418,A418,Current
lighting,Route Points,trunk:LC1:L2:light:-1,5,419,A419,Current
lighting,Route Points,trunk:LC1:L2:light:-1,6,420,A420,Current
lighting,Route Points,trunk:LC1:L2:light:-1,7,421,A421,Current
lighting,Route Points,trunk:LC1:L2:light:-1,8,422,A422,Current
lighting,Route Points,trunk:LC1:L2:light:-1,9,423,A423,Current
lighting,Route Points,trunk:LC1:L2:light:-1,10,424,A424,Current
lighting,Route Points,trunk:LC1:L2:light:-1,11,425,A425,Current
lighting,Route Points,trunk:LC1:L2:light:-1,12,426,A426,Current
lighting,Route Points,trunk:LC1:L2:light:-1,13,427,A427,Current
lighting,Route Points,trunk:LC1:L2:light:-1,14,428,A428,Current
lighting,Route Points,trunk:LC1:L2:light:-1,15,429,A429,Current
lighting,Route Points,trunk:LC1:L2:light:-1,16,430,A430,Current
lighting,Route Points,trunk:LC1:L2:light:-1,17,431,A431,Current
lighting,Route Points,trunk:LC1:L2:light:-1,18,432,A432,Current
lighting,Route Points,drop:LC1:L2:light:-1:L31,1,433,A433,Current
lighting,Route Points,drop:LC1:L2:light:-1:L31,2,434,A434,Current
lighting,Route Points,drop:LC1:L2:light:-1:L31,3,435,A435,Current
lighting,Route Points,drop:LC1:L2:light:-1:L31,4,436,A436,Current
lighting,Route Points,drop:LC1:L2:light:-1:L31,5,437,A437,Current
lighting,Route Points,drop:LC1:L2:light:-1:L31,6,438,A438,Current
lighting,Route Points,drop:LC1:L2:light:-1:L31,7,439,A439,Current
lighting,Route Points,drop:LC1:L2:light:-1:L32,1,440,A440,Current
lighting,Route Points,drop:LC1:L2:light:-1:L32,2,441,A441,Current
lighting,Route Points,drop:LC1:L2:light:-1:L32,3,442,A442,Current
lighting,Route Points,drop:LC1:L2:light:-1:L32,4,443,A443,Current
lighting,Route Points,drop:LC1:L2:light:-1:L32,5,444,A444,Current
lighting,Route Points,drop:LC1:L2:light:-1:L32,6,445,A445,Current
lighting,Route Points,drop:LC1:L2:light:-1:L32,7,446,A446,Current
lighting,Route Points,drop:LC1:L2:light:-1:L35,1,447,A447,Current
lighting,Route Points,drop:LC1:L2:light:-1:L35,2,448,A448,Current
lighting,Route Points,drop:LC1:L2:light:-1:L35,3,449,A449,Current
lighting,Route Points,drop:LC1:L2:light:-1:L35,4,450,A450,Current
lighting,Route Points,drop:LC1:L2:light:-1:L35,5,451,A451,Current
lighting,Route Points,drop:LC1:L2:light:-1:L35,6,452,A452,Current
lighting,Route Points,drop:LC1:L2:light:-1:L35,7,453,A453,Current
lighting,Route Points,drop:LC1:L2:light:-1:L36,1,454,A454,Current
lighting,Route Points,drop:LC1:L2:light:-1:L36,2,455,A455,Current
lighting,Route Points,drop:LC1:L2:light:-1:L36,3,456,A456,Current
lighting,Route Points,drop:LC1:L2:light:-1:L36,4,457,A457,Current
lighting,Route Points,drop:LC1:L2:light:-1:L36,5,458,A458,Current
lighting,Route Points,drop:LC1:L2:light:-1:L36,6,459,A459,Current
lighting,Route Points,drop:LC1:L2:light:-1:L36,7,460,A460,Current
lighting,Route Points,drop:LC1:L2:light:-1:L39,1,461,A461,Current
lighting,Route Points,drop:LC1:L2:light:-1:L39,2,462,A462,Current
lighting,Route Points,drop:LC1:L2:light:-1:L39,3,463,A463,Current
lighting,Route Points,drop:LC1:L2:light:-1:L39,4,464,A464,Current
lighting,Route Points,drop:LC1:L2:light:-1:L39,5,465,A465,Current
lighting,Route Points,drop:LC1:L2:light:-1:L39,6,466,A466,Current
lighting,Route Points,drop:LC1:L2:light:-1:L39,7,467,A467,Current
lighting,Route Points,drop:LC1:L2:light:-1:L40,1,468,A468,Current
lighting,Route Points,drop:LC1:L2:light:-1:L40,2,469,A469,Current
lighting,Route Points,drop:LC1:L2:light:-1:L40,3,470,A470,Current
lighting,Route Points,drop:LC1:L2:light:-1:L40,4,471,A471,Current
lighting,Route Points,drop:LC1:L2:light:-1:L40,5,472,A472,Current
lighting,Route Points,drop:LC1:L2:light:-1:L40,6,473,A473,Current
lighting,Route Points,drop:LC1:L2:light:-1:L40,7,474,A474,Current
lighting,Route Points,drop:LC1:L2:light:-1:L43,1,475,A475,Current
lighting,Route Points,drop:LC1:L2:light:-1:L43,2,476,A476,Current
lighting,Route Points,drop:LC1:L2:light:-1:L43,3,477,A477,Current
lighting,Route Points,drop:LC1:L2:light:-1:L43,4,478,A478,Current
lighting,Route Points,drop:LC1:L2:light:-1:L43,5,479,A479,Current
lighting,Route Points,drop:LC1:L2:light:-1:L43,6,480,A480,Current
lighting,Route Points,drop:LC1:L2:light:-1:L43,7,481,A481,Current
lighting,Route Points,drop:LC1:L2:light:-1:L44,1,482,A482,Current
lighting,Route Points,drop:LC1:L2:light:-1:L44,2,483,A483,Current
lighting,Route Points,drop:LC1:L2:light:-1:L44,3,484,A484,Current
lighting,Route Points,drop:LC1:L2:light:-1:L44,4,485,A485,Current
lighting,Route Points,drop:LC1:L2:light:-1:L44,5,486,A486,Current
lighting,Route Points,drop:LC1:L2:light:-1:L44,6,487,A487,Current
lighting,Route Points,drop:LC1:L2:light:-1:L44,7,488,A488,Current
lighting,Route Points,drop:LC1:L2:light:-1:L47,1,489,A489,Current
lighting,Route Points,drop:LC1:L2:light:-1:L47,2,490,A490,Current
lighting,Route Points,drop:LC1:L2:light:-1:L47,3,491,A491,Current
lighting,Route Points,drop:LC1:L2:light:-1:L47,4,492,A492,Current
lighting,Route Points,drop:LC1:L2:light:-1:L47,5,493,A493,Current
lighting,Route Points,drop:LC1:L2:light:-1:L47,6,494,A494,Current
lighting,Route Points,drop:LC1:L2:light:-1:L47,7,495,A495,Current
lighting,Route Points,drop:LC1:L2:light:-1:L48,1,496,A496,Current
lighting,Route Points,drop:LC1:L2:light:-1:L48,2,497,A497,Current
lighting,Route Points,drop:LC1:L2:light:-1:L48,3,498,A498,Current
lighting,Route Points,drop:LC1:L2:light:-1:L48,4,499,A499,Current
lighting,Route Points,drop:LC1:L2:light:-1:L48,5,500,A500,Current
lighting,Route Points,drop:LC1:L2:light:-1:L48,6,501,A501,Current
lighting,Route Points,drop:LC1:L2:light:-1:L48,7,502,A502,Current
lighting,Route Points,drop:LC1:L2:light:-1:L51,1,503,A503,Current
lighting,Route Points,drop:LC1:L2:light:-1:L51,2,504,A504,Current
lighting,Route Points,drop:LC1:L2:light:-1:L51,3,505,A505,Current
lighting,Route Points,drop:LC1:L2:light:-1:L51,4,506,A506,Current
lighting,Route Points,drop:LC1:L2:light:-1:L51,5,507,A507,Current
lighting,Route Points,drop:LC1:L2:light:-1:L51,6,508,A508,Current
lighting,Route Points,drop:LC1:L2:light:-1:L51,7,509,A509,Current
lighting,Route Points,drop:LC1:L2:light:-1:L52,1,510,A510,Current
lighting,Route Points,drop:LC1:L2:light:-1:L52,2,511,A511,Current
lighting,Route Points,drop:LC1:L2:light:-1:L52,3,512,A512,Current
lighting,Route Points,drop:LC1:L2:light:-1:L52,4,513,A513,Current
lighting,Route Points,drop:LC1:L2:light:-1:L52,5,514,A514,Current
lighting,Route Points,drop:LC1:L2:light:-1:L52,6,515,A515,Current
lighting,Route Points,drop:LC1:L2:light:-1:L52,7,516,A516,Current
lighting,Route Points,drop:LC1:L2:light:-1:L55,1,517,A517,Current
lighting,Route Points,drop:LC1:L2:light:-1:L55,2,518,A518,Current
lighting,Route Points,drop:LC1:L2:light:-1:L55,3,519,A519,Current
lighting,Route Points,drop:LC1:L2:light:-1:L55,4,520,A520,Current
lighting,Route Points,drop:LC1:L2:light:-1:L55,5,521,A521,Current
lighting,Route Points,drop:LC1:L2:light:-1:L55,6,522,A522,Current
lighting,Route Points,drop:LC1:L2:light:-1:L55,7,523,A523,Current
lighting,Route Points,drop:LC1:L2:light:-1:L56,1,524,A524,Current
lighting,Route Points,drop:LC1:L2:light:-1:L56,2,525,A525,Current
lighting,Route Points,drop:LC1:L2:light:-1:L56,3,526,A526,Current
lighting,Route Points,drop:LC1:L2:light:-1:L56,4,527,A527,Current
lighting,Route Points,drop:LC1:L2:light:-1:L56,5,528,A528,Current
lighting,Route Points,drop:LC1:L2:light:-1:L56,6,529,A529,Current
lighting,Route Points,drop:LC1:L2:light:-1:L56,7,530,A530,Current
lighting,Route Points,trunk:LC1:L2:light:1,1,531,A531,Current
lighting,Route Points,trunk:LC1:L2:light:1,2,532,A532,Current
lighting,Route Points,trunk:LC1:L2:light:1,3,533,A533,Current
lighting,Route Points,trunk:LC1:L2:light:1,4,534,A534,Current
lighting,Route Points,trunk:LC1:L2:light:1,5,535,A535,Current
lighting,Route Points,trunk:LC1:L2:light:1,6,536,A536,Current
lighting,Route Points,trunk:LC1:L2:light:1,7,537,A537,Current
lighting,Route Points,trunk:LC1:L2:light:1,8,538,A538,Current
lighting,Route Points,trunk:LC1:L2:light:1,9,539,A539,Current
lighting,Route Points,trunk:LC1:L2:light:1,10,540,A540,Current
lighting,Route Points,trunk:LC1:L2:light:1,11,541,A541,Current
lighting,Route Points,trunk:LC1:L2:light:1,12,542,A542,Current
lighting,Route Points,trunk:LC1:L2:light:1,13,543,A543,Current
lighting,Route Points,trunk:LC1:L2:light:1,14,544,A544,Current
lighting,Route Points,trunk:LC1:L2:light:1,15,545,A545,Current
lighting,Route Points,trunk:LC1:L2:light:1,16,546,A546,Current
lighting,Route Points,trunk:LC1:L2:light:1,17,547,A547,Current
lighting,Route Points,trunk:LC1:L2:light:1,18,548,A548,Current
lighting,Route Points,drop:LC1:L2:light:1:L33,1,549,A549,Current
lighting,Route Points,drop:LC1:L2:light:1:L33,2,550,A550,Current
lighting,Route Points,drop:LC1:L2:light:1:L33,3,551,A551,Current
lighting,Route Points,drop:LC1:L2:light:1:L33,4,552,A552,Current
lighting,Route Points,drop:LC1:L2:light:1:L33,5,553,A553,Current
lighting,Route Points,drop:LC1:L2:light:1:L33,6,554,A554,Current
lighting,Route Points,drop:LC1:L2:light:1:L33,7,555,A555,Current
lighting,Route Points,drop:LC1:L2:light:1:L34,1,556,A556,Current
lighting,Route Points,drop:LC1:L2:light:1:L34,2,557,A557,Current
lighting,Route Points,drop:LC1:L2:light:1:L34,3,558,A558,Current
lighting,Route Points,drop:LC1:L2:light:1:L34,4,559,A559,Current
lighting,Route Points,drop:LC1:L2:light:1:L34,5,560,A560,Current
lighting,Route Points,drop:LC1:L2:light:1:L34,6,561,A561,Current
lighting,Route Points,drop:LC1:L2:light:1:L34,7,562,A562,Current
lighting,Route Points,drop:LC1:L2:light:1:L37,1,563,A563,Current
lighting,Route Points,drop:LC1:L2:light:1:L37,2,564,A564,Current
lighting,Route Points,drop:LC1:L2:light:1:L37,3,565,A565,Current
lighting,Route Points,drop:LC1:L2:light:1:L37,4,566,A566,Current
lighting,Route Points,drop:LC1:L2:light:1:L37,5,567,A567,Current
lighting,Route Points,drop:LC1:L2:light:1:L37,6,568,A568,Current
lighting,Route Points,drop:LC1:L2:light:1:L37,7,569,A569,Current
lighting,Route Points,drop:LC1:L2:light:1:L38,1,570,A570,Current
lighting,Route Points,drop:LC1:L2:light:1:L38,2,571,A571,Current
lighting,Route Points,drop:LC1:L2:light:1:L38,3,572,A572,Current
lighting,Route Points,drop:LC1:L2:light:1:L38,4,573,A573,Current
lighting,Route Points,drop:LC1:L2:light:1:L38,5,574,A574,Current
lighting,Route Points,drop:LC1:L2:light:1:L38,6,575,A575,Current
lighting,Route Points,drop:LC1:L2:light:1:L38,7,576,A576,Current
lighting,Route Points,drop:LC1:L2:light:1:L41,1,577,A577,Current
lighting,Route Points,drop:LC1:L2:light:1:L41,2,578,A578,Current
lighting,Route Points,drop:LC1:L2:light:1:L41,3,579,A579,Current
lighting,Route Points,drop:LC1:L2:light:1:L41,4,580,A580,Current
lighting,Route Points,drop:LC1:L2:light:1:L41,5,581,A581,Current
lighting,Route Points,drop:LC1:L2:light:1:L41,6,582,A582,Current
lighting,Route Points,drop:LC1:L2:light:1:L41,7,583,A583,Current
lighting,Route Points,drop:LC1:L2:light:1:L42,1,584,A584,Current
lighting,Route Points,drop:LC1:L2:light:1:L42,2,585,A585,Current
lighting,Route Points,drop:LC1:L2:light:1:L42,3,586,A586,Current
lighting,Route Points,drop:LC1:L2:light:1:L42,4,587,A587,Current
lighting,Route Points,drop:LC1:L2:light:1:L42,5,588,A588,Current
lighting,Route Points,drop:LC1:L2:light:1:L42,6,589,A589,Current
lighting,Route Points,drop:LC1:L2:light:1:L42,7,590,A590,Current
lighting,Route Points,drop:LC1:L2:light:1:L45,1,591,A591,Current
lighting,Route Points,drop:LC1:L2:light:1:L45,2,592,A592,Current
lighting,Route Points,drop:LC1:L2:light:1:L45,3,593,A593,Current
lighting,Route Points,drop:LC1:L2:light:1:L45,4,594,A594,Current
lighting,Route Points,drop:LC1:L2:light:1:L45,5,595,A595,Current
lighting,Route Points,drop:LC1:L2:light:1:L45,6,596,A596,Current
lighting,Route Points,drop:LC1:L2:light:1:L45,7,597,A597,Current
lighting,Route Points,drop:LC1:L2:light:1:L46,1,598,A598,Current
lighting,Route Points,drop:LC1:L2:light:1:L46,2,599,A599,Current
lighting,Route Points,drop:LC1:L2:light:1:L46,3,600,A600,Current
lighting,Route Points,drop:LC1:L2:light:1:L46,4,601,A601,Current
lighting,Route Points,drop:LC1:L2:light:1:L46,5,602,A602,Current
lighting,Route Points,drop:LC1:L2:light:1:L46,6,603,A603,Current
lighting,Route Points,drop:LC1:L2:light:1:L46,7,604,A604,Current
lighting,Route Points,drop:LC1:L2:light:1:L49,1,605,A605,Current
lighting,Route Points,drop:LC1:L2:light:1:L49,2,606,A606,Current
lighting,Route Points,drop:LC1:L2:light:1:L49,3,607,A607,Current
lighting,Route Points,drop:LC1:L2:light:1:L49,4,608,A608,Current
lighting,Route Points,drop:LC1:L2:light:1:L49,5,609,A609,Current
lighting,Route Points,drop:LC1:L2:light:1:L49,6,610,A610,Current
lighting,Route Points,drop:LC1:L2:light:1:L49,7,611,A611,Current
lighting,Route Points,drop:LC1:L2:light:1:L50,1,612,A612,Current
lighting,Route Points,drop:LC1:L2:light:1:L50,2,613,A613,Current
lighting,Route Points,drop:LC1:L2:light:1:L50,3,614,A614,Current
lighting,Route Points,drop:LC1:L2:light:1:L50,4,615,A615,Current
lighting,Route Points,drop:LC1:L2:light:1:L50,5,616,A616,Current
lighting,Route Points,drop:LC1:L2:light:1:L50,6,617,A617,Current
lighting,Route Points,drop:LC1:L2:light:1:L50,7,618,A618,Current
lighting,Route Points,drop:LC1:L2:light:1:L53,1,619,A619,Current
lighting,Route Points,drop:LC1:L2:light:1:L53,2,620,A620,Current
lighting,Route Points,drop:LC1:L2:light:1:L53,3,621,A621,Current
lighting,Route Points,drop:LC1:L2:light:1:L53,4,622,A622,Current
lighting,Route Points,drop:LC1:L2:light:1:L53,5,623,A623,Current
lighting,Route Points,drop:LC1:L2:light:1:L53,6,624,A624,Current
lighting,Route Points,drop:LC1:L2:light:1:L53,7,625,A625,Current
lighting,Route Points,drop:LC1:L2:light:1:L54,1,626,A626,Current
lighting,Route Points,drop:LC1:L2:light:1:L54,2,627,A627,Current
lighting,Route Points,drop:LC1:L2:light:1:L54,3,628,A628,Current
lighting,Route Points,drop:LC1:L2:light:1:L54,4,629,A629,Current
lighting,Route Points,drop:LC1:L2:light:1:L54,5,630,A630,Current
lighting,Route Points,drop:LC1:L2:light:1:L54,6,631,A631,Current
lighting,Route Points,drop:LC1:L2:light:1:L54,7,632,A632,Current
lighting,Route Points,drop:LC1:L2:light:1:L57,1,633,A633,Current
lighting,Route Points,drop:LC1:L2:light:1:L57,2,634,A634,Current
lighting,Route Points,drop:LC1:L2:light:1:L57,3,635,A635,Current
lighting,Route Points,drop:LC1:L2:light:1:L57,4,636,A636,Current
lighting,Route Points,drop:LC1:L2:light:1:L57,5,637,A637,Current
lighting,Route Points,drop:LC1:L2:light:1:L57,6,638,A638,Current
lighting,Route Points,drop:LC1:L2:light:1:L57,7,639,A639,Current
lighting,Route Points,drop:LC1:L2:light:1:L58,1,640,A640,Current
lighting,Route Points,drop:LC1:L2:light:1:L58,2,641,A641,Current
lighting,Route Points,drop:LC1:L2:light:1:L58,3,642,A642,Current
lighting,Route Points,drop:LC1:L2:light:1:L58,4,643,A643,Current
lighting,Route Points,drop:LC1:L2:light:1:L58,5,644,A644,Current
lighting,Route Points,drop:LC1:L2:light:1:L58,6,645,A645,Current
lighting,Route Points,drop:LC1:L2:light:1:L58,7,646,A646,Current
lighting,Route Points,trunk:LC1:L8:light:-1,1,647,A647,Current
lighting,Route Points,trunk:LC1:L8:light:-1,2,648,A648,Current
lighting,Route Points,trunk:LC1:L8:light:-1,3,649,A649,Current
lighting,Route Points,trunk:LC1:L8:light:-1,4,650,A650,Current
lighting,Route Points,trunk:LC1:L8:light:-1,5,651,A651,Current
lighting,Route Points,trunk:LC1:L8:light:-1,6,652,A652,Current
lighting,Route Points,trunk:LC1:L8:light:-1,7,653,A653,Current
lighting,Route Points,trunk:LC1:L8:light:-1,8,654,A654,Current
lighting,Route Points,trunk:LC1:L8:light:-1,9,655,A655,Current
lighting,Route Points,trunk:LC1:L8:light:-1,10,656,A656,Current
lighting,Route Points,trunk:LC1:L8:light:-1,11,657,A657,Current
lighting,Route Points,trunk:LC1:L8:light:-1,12,658,A658,Current
lighting,Route Points,trunk:LC1:L8:light:-1,13,659,A659,Current
lighting,Route Points,trunk:LC1:L8:light:-1,14,660,A660,Current
lighting,Route Points,drop:LC1:L8:light:-1:L63,1,661,A661,Current
lighting,Route Points,drop:LC1:L8:light:-1:L63,2,662,A662,Current
lighting,Route Points,drop:LC1:L8:light:-1:L63,3,663,A663,Current
lighting,Route Points,drop:LC1:L8:light:-1:L63,4,664,A664,Current
lighting,Route Points,drop:LC1:L8:light:-1:L64,1,665,A665,Current
lighting,Route Points,drop:LC1:L8:light:-1:L64,2,666,A666,Current
lighting,Route Points,drop:LC1:L8:light:-1:L64,3,667,A667,Current
lighting,Route Points,drop:LC1:L8:light:-1:L64,4,668,A668,Current
lighting,Route Points,drop:LC1:L8:light:-1:L65,1,669,A669,Current
lighting,Route Points,drop:LC1:L8:light:-1:L65,2,670,A670,Current
lighting,Route Points,drop:LC1:L8:light:-1:L65,3,671,A671,Current
lighting,Route Points,drop:LC1:L8:light:-1:L65,4,672,A672,Current
lighting,Route Points,drop:LC1:L8:light:-1:L66,1,673,A673,Current
lighting,Route Points,drop:LC1:L8:light:-1:L66,2,674,A674,Current
lighting,Route Points,drop:LC1:L8:light:-1:L66,3,675,A675,Current
lighting,Route Points,drop:LC1:L8:light:-1:L66,4,676,A676,Current
lighting,Route Points,trunk:LC1:L8:light:1,1,677,A677,Current
lighting,Route Points,trunk:LC1:L8:light:1,2,678,A678,Current
lighting,Route Points,trunk:LC1:L8:light:1,3,679,A679,Current
lighting,Route Points,trunk:LC1:L8:light:1,4,680,A680,Current
lighting,Route Points,trunk:LC1:L8:light:1,5,681,A681,Current
lighting,Route Points,trunk:LC1:L8:light:1,6,682,A682,Current
lighting,Route Points,trunk:LC1:L8:light:1,7,683,A683,Current
lighting,Route Points,trunk:LC1:L8:light:1,8,684,A684,Current
lighting,Route Points,trunk:LC1:L8:light:1,9,685,A685,Current
lighting,Route Points,trunk:LC1:L8:light:1,10,686,A686,Current
lighting,Route Points,trunk:LC1:L8:light:1,11,687,A687,Current
lighting,Route Points,trunk:LC1:L8:light:1,12,688,A688,Current
lighting,Route Points,trunk:LC1:L8:light:1,13,689,A689,Current
lighting,Route Points,trunk:LC1:L8:light:1,14,690,A690,Current
lighting,Route Points,drop:LC1:L8:light:1:L67,1,691,A691,Current
lighting,Route Points,drop:LC1:L8:light:1:L67,2,692,A692,Current
lighting,Route Points,drop:LC1:L8:light:1:L67,3,693,A693,Current
lighting,Route Points,drop:LC1:L8:light:1:L67,4,694,A694,Current
lighting,Route Points,drop:LC1:L8:light:1:L68,1,695,A695,Current
lighting,Route Points,drop:LC1:L8:light:1:L68,2,696,A696,Current
lighting,Route Points,drop:LC1:L8:light:1:L68,3,697,A697,Current
lighting,Route Points,drop:LC1:L8:light:1:L68,4,698,A698,Current
lighting,Route Points,drop:LC1:L8:light:1:L69,1,699,A699,Current
lighting,Route Points,drop:LC1:L8:light:1:L69,2,700,A700,Current
lighting,Route Points,drop:LC1:L8:light:1:L69,3,701,A701,Current
lighting,Route Points,drop:LC1:L8:light:1:L69,4,702,A702,Current
lighting,Route Points,drop:LC1:L8:light:1:L70,1,703,A703,Current
lighting,Route Points,drop:LC1:L8:light:1:L70,2,704,A704,Current
lighting,Route Points,drop:LC1:L8:light:1:L70,3,705,A705,Current
lighting,Route Points,drop:LC1:L8:light:1:L70,4,706,A706,Current
lighting,Route Points,trunk:LC1:LA:light:-1,1,707,A707,Current
lighting,Route Points,trunk:LC1:LA:light:-1,2,708,A708,Current
lighting,Route Points,trunk:LC1:LA:light:-1,3,709,A709,Current
lighting,Route Points,trunk:LC1:LA:light:-1,4,710,A710,Current
lighting,Route Points,trunk:LC1:LA:light:-1,5,711,A711,Current
lighting,Route Points,trunk:LC1:LA:light:-1,6,712,A712,Current
lighting,Route Points,trunk:LC1:LA:light:-1,7,713,A713,Current
lighting,Route Points,trunk:LC1:LA:light:-1,8,714,A714,Current
lighting,Route Points,trunk:LC1:LA:light:-1,9,715,A715,Current
lighting,Route Points,trunk:LC1:LA:light:-1,10,716,A716,Current
lighting,Route Points,trunk:LC1:LA:light:-1,11,717,A717,Current
lighting,Route Points,trunk:LC1:LA:light:-1,12,718,A718,Current
lighting,Route Points,trunk:LC1:LA:light:-1,13,719,A719,Current
lighting,Route Points,trunk:LC1:LA:light:-1,14,720,A720,Current
lighting,Route Points,trunk:LC1:LA:light:-1,15,721,A721,Current
lighting,Route Points,trunk:LC1:LA:light:-1,16,722,A722,Current
lighting,Route Points,trunk:LC1:LA:light:-1,17,723,A723,Current
lighting,Route Points,trunk:LC1:LA:light:-1,18,724,A724,Current
lighting,Route Points,drop:LC1:LA:light:-1:L71,1,725,A725,Current
lighting,Route Points,drop:LC1:LA:light:-1:L71,2,726,A726,Current
lighting,Route Points,drop:LC1:LA:light:-1:L71,3,727,A727,Current
lighting,Route Points,drop:LC1:LA:light:-1:L71,4,728,A728,Current
lighting,Route Points,drop:LC1:LA:light:-1:L71,5,729,A729,Current
lighting,Route Points,drop:LC1:LA:light:-1:L71,6,730,A730,Current
lighting,Route Points,drop:LC1:LA:light:-1:L71,7,731,A731,Current
lighting,Route Points,drop:LC1:LA:light:-1:L71,8,732,A732,Current
lighting,Route Points,drop:LC1:LA:light:-1:L71,9,733,A733,Current
lighting,Route Points,drop:LC1:LA:light:-1:L72,1,734,A734,Current
lighting,Route Points,drop:LC1:LA:light:-1:L72,2,735,A735,Current
lighting,Route Points,drop:LC1:LA:light:-1:L72,3,736,A736,Current
lighting,Route Points,drop:LC1:LA:light:-1:L72,4,737,A737,Current
lighting,Route Points,drop:LC1:LA:light:-1:L72,5,738,A738,Current
lighting,Route Points,drop:LC1:LA:light:-1:L72,6,739,A739,Current
lighting,Route Points,drop:LC1:LA:light:-1:L72,7,740,A740,Current
lighting,Route Points,drop:LC1:LA:light:-1:L72,8,741,A741,Current
lighting,Route Points,drop:LC1:LA:light:-1:L72,9,742,A742,Current
lighting,Route Points,drop:LC1:LA:light:-1:L73,1,743,A743,Current
lighting,Route Points,drop:LC1:LA:light:-1:L73,2,744,A744,Current
lighting,Route Points,drop:LC1:LA:light:-1:L73,3,745,A745,Current
lighting,Route Points,drop:LC1:LA:light:-1:L73,4,746,A746,Current
lighting,Route Points,drop:LC1:LA:light:-1:L73,5,747,A747,Current
lighting,Route Points,drop:LC1:LA:light:-1:L73,6,748,A748,Current
lighting,Route Points,drop:LC1:LA:light:-1:L73,7,749,A749,Current
lighting,Route Points,drop:LC1:LA:light:-1:L73,8,750,A750,Current
lighting,Route Points,drop:LC1:LA:light:-1:L73,9,751,A751,Current
lighting,Route Points,drop:LC1:LA:light:-1:L74,1,752,A752,Current
lighting,Route Points,drop:LC1:LA:light:-1:L74,2,753,A753,Current
lighting,Route Points,drop:LC1:LA:light:-1:L74,3,754,A754,Current
lighting,Route Points,drop:LC1:LA:light:-1:L74,4,755,A755,Current
lighting,Route Points,drop:LC1:LA:light:-1:L74,5,756,A756,Current
lighting,Route Points,drop:LC1:LA:light:-1:L74,6,757,A757,Current
lighting,Route Points,drop:LC1:LA:light:-1:L74,7,758,A758,Current
lighting,Route Points,drop:LC1:LA:light:-1:L74,8,759,A759,Current
lighting,Route Points,drop:LC1:LA:light:-1:L74,9,760,A760,Current
lighting,Route Points,drop:LC1:LA:light:-1:L75,1,761,A761,Current
lighting,Route Points,drop:LC1:LA:light:-1:L75,2,762,A762,Current
lighting,Route Points,drop:LC1:LA:light:-1:L75,3,763,A763,Current
lighting,Route Points,drop:LC1:LA:light:-1:L75,4,764,A764,Current
lighting,Route Points,drop:LC1:LA:light:-1:L75,5,765,A765,Current
lighting,Route Points,drop:LC1:LA:light:-1:L75,6,766,A766,Current
lighting,Route Points,drop:LC1:LA:light:-1:L75,7,767,A767,Current
lighting,Route Points,drop:LC1:LA:light:-1:L75,8,768,A768,Current
lighting,Route Points,drop:LC1:LA:light:-1:L75,9,769,A769,Current
lighting,Route Points,drop:LC1:LA:light:-1:L76,1,770,A770,Current
lighting,Route Points,drop:LC1:LA:light:-1:L76,2,771,A771,Current
lighting,Route Points,drop:LC1:LA:light:-1:L76,3,772,A772,Current
lighting,Route Points,drop:LC1:LA:light:-1:L76,4,773,A773,Current
lighting,Route Points,drop:LC1:LA:light:-1:L76,5,774,A774,Current
lighting,Route Points,drop:LC1:LA:light:-1:L76,6,775,A775,Current
lighting,Route Points,drop:LC1:LA:light:-1:L76,7,776,A776,Current
lighting,Route Points,drop:LC1:LA:light:-1:L76,8,777,A777,Current
lighting,Route Points,drop:LC1:LA:light:-1:L76,9,778,A778,Current
lighting,Route Points,drop:LC1:LA:light:-1:L77,1,779,A779,Current
lighting,Route Points,drop:LC1:LA:light:-1:L77,2,780,A780,Current
lighting,Route Points,drop:LC1:LA:light:-1:L77,3,781,A781,Current
lighting,Route Points,drop:LC1:LA:light:-1:L77,4,782,A782,Current
lighting,Route Points,drop:LC1:LA:light:-1:L77,5,783,A783,Current
lighting,Route Points,drop:LC1:LA:light:-1:L77,6,784,A784,Current
lighting,Route Points,drop:LC1:LA:light:-1:L77,7,785,A785,Current
lighting,Route Points,drop:LC1:LA:light:-1:L77,8,786,A786,Current
lighting,Route Points,drop:LC1:LA:light:-1:L77,9,787,A787,Current
lighting,Route Points,trunk:LC1:LD:light:-1,1,788,A788,Current
lighting,Route Points,trunk:LC1:LD:light:-1,2,789,A789,Current
lighting,Route Points,trunk:LC1:LD:light:-1,3,790,A790,Current
lighting,Route Points,trunk:LC1:LD:light:-1,4,791,A791,Current
lighting,Route Points,trunk:LC1:LD:light:-1,5,792,A792,Current
lighting,Route Points,trunk:LC1:LD:light:-1,6,793,A793,Current
lighting,Route Points,trunk:LC1:LD:light:-1,7,794,A794,Current
lighting,Route Points,trunk:LC1:LD:light:-1,8,795,A795,Current
lighting,Route Points,trunk:LC1:LD:light:-1,9,796,A796,Current
lighting,Route Points,trunk:LC1:LD:light:-1,10,797,A797,Current
lighting,Route Points,trunk:LC1:LD:light:-1,11,798,A798,Current
lighting,Route Points,trunk:LC1:LD:light:-1,12,799,A799,Current
lighting,Route Points,trunk:LC1:LD:light:-1,13,800,A800,Current
lighting,Route Points,trunk:LC1:LD:light:-1,14,801,A801,Current
lighting,Route Points,trunk:LC1:LD:light:-1,15,802,A802,Current
lighting,Route Points,trunk:LC1:LD:light:-1,16,803,A803,Current
lighting,Route Points,trunk:LC1:LD:light:-1,17,804,A804,Current
lighting,Route Points,trunk:LC1:LD:light:-1,18,805,A805,Current
lighting,Route Points,drop:LC1:LD:light:-1:L78,1,806,A806,Current
lighting,Route Points,drop:LC1:LD:light:-1:L78,2,807,A807,Current
lighting,Route Points,drop:LC1:LD:light:-1:L78,3,808,A808,Current
lighting,Route Points,drop:LC1:LD:light:-1:L78,4,809,A809,Current
lighting,Route Points,drop:LC1:LD:light:-1:L78,5,810,A810,Current
lighting,Route Points,drop:LC1:LD:light:-1:L79,1,811,A811,Current
lighting,Route Points,drop:LC1:LD:light:-1:L79,2,812,A812,Current
lighting,Route Points,drop:LC1:LD:light:-1:L79,3,813,A813,Current
lighting,Route Points,drop:LC1:LD:light:-1:L79,4,814,A814,Current
lighting,Route Points,drop:LC1:LD:light:-1:L79,5,815,A815,Current
lighting,Route Points,drop:LC1:LD:light:-1:L80,1,816,A816,Current
lighting,Route Points,drop:LC1:LD:light:-1:L80,2,817,A817,Current
lighting,Route Points,drop:LC1:LD:light:-1:L80,3,818,A818,Current
lighting,Route Points,drop:LC1:LD:light:-1:L80,4,819,A819,Current
lighting,Route Points,drop:LC1:LD:light:-1:L80,5,820,A820,Current
lighting,Route Points,drop:LC1:LD:light:-1:L81,1,821,A821,Current
lighting,Route Points,drop:LC1:LD:light:-1:L81,2,822,A822,Current
lighting,Route Points,drop:LC1:LD:light:-1:L81,3,823,A823,Current
lighting,Route Points,drop:LC1:LD:light:-1:L81,4,824,A824,Current
lighting,Route Points,drop:LC1:LD:light:-1:L81,5,825,A825,Current
lighting,Route Points,drop:LC1:LD:light:-1:L81,6,826,A826,Current
lighting,Route Points,drop:LC1:LD:light:-1:L82,1,827,A827,Current
lighting,Route Points,drop:LC1:LD:light:-1:L82,2,828,A828,Current
lighting,Route Points,drop:LC1:LD:light:-1:L82,3,829,A829,Current
lighting,Route Points,drop:LC1:LD:light:-1:L84,1,830,A830,Current
lighting,Route Points,drop:LC1:LD:light:-1:L84,2,831,A831,Current
lighting,Route Points,drop:LC1:LD:light:-1:L84,3,832,A832,Current
lighting,Route Points,drop:LC1:LD:light:-1:L86,1,833,A833,Current
lighting,Route Points,drop:LC1:LD:light:-1:L86,2,834,A834,Current
lighting,Route Points,drop:LC1:LD:light:-1:L86,3,835,A835,Current
lighting,Route Points,drop:LC1:LD:light:-1:L88,1,836,A836,Current
lighting,Route Points,drop:LC1:LD:light:-1:L88,2,837,A837,Current
lighting,Route Points,drop:LC1:LD:light:-1:L88,3,838,A838,Current
lighting,Route Points,drop:LC1:LD:light:-1:L90,1,839,A839,Current
lighting,Route Points,drop:LC1:LD:light:-1:L90,2,840,A840,Current
lighting,Route Points,drop:LC1:LD:light:-1:L90,3,841,A841,Current
lighting,Route Points,drop:LC1:LD:light:-1:L92,1,842,A842,Current
lighting,Route Points,drop:LC1:LD:light:-1:L92,2,843,A843,Current
lighting,Route Points,drop:LC1:LD:light:-1:L92,3,844,A844,Current
lighting,Route Points,drop:LC1:LD:light:-1:L94,1,845,A845,Current
lighting,Route Points,drop:LC1:LD:light:-1:L94,2,846,A846,Current
lighting,Route Points,drop:LC1:LD:light:-1:L94,3,847,A847,Current
lighting,Route Points,drop:LC1:LD:light:-1:L96,1,848,A848,Current
lighting,Route Points,drop:LC1:LD:light:-1:L96,2,849,A849,Current
lighting,Route Points,drop:LC1:LD:light:-1:L96,3,850,A850,Current
lighting,Route Points,drop:LC1:LD:light:-1:L96,4,851,A851,Current
lighting,Route Points,drop:LC1:LD:light:-1:L96,5,852,A852,Current
lighting,Route Points,trunk:LC1:LD:light:1,1,853,A853,Current
lighting,Route Points,trunk:LC1:LD:light:1,2,854,A854,Current
lighting,Route Points,trunk:LC1:LD:light:1,3,855,A855,Current
lighting,Route Points,trunk:LC1:LD:light:1,4,856,A856,Current
lighting,Route Points,trunk:LC1:LD:light:1,5,857,A857,Current
lighting,Route Points,trunk:LC1:LD:light:1,6,858,A858,Current
lighting,Route Points,trunk:LC1:LD:light:1,7,859,A859,Current
lighting,Route Points,trunk:LC1:LD:light:1,8,860,A860,Current
lighting,Route Points,trunk:LC1:LD:light:1,9,861,A861,Current
lighting,Route Points,trunk:LC1:LD:light:1,10,862,A862,Current
lighting,Route Points,trunk:LC1:LD:light:1,11,863,A863,Current
lighting,Route Points,trunk:LC1:LD:light:1,12,864,A864,Current
lighting,Route Points,trunk:LC1:LD:light:1,13,865,A865,Current
lighting,Route Points,trunk:LC1:LD:light:1,14,866,A866,Current
lighting,Route Points,trunk:LC1:LD:light:1,15,867,A867,Current
lighting,Route Points,trunk:LC1:LD:light:1,16,868,A868,Current
lighting,Route Points,trunk:LC1:LD:light:1,17,869,A869,Current
lighting,Route Points,trunk:LC1:LD:light:1,18,870,A870,Current
lighting,Route Points,drop:LC1:LD:light:1:L83,1,871,A871,Current
lighting,Route Points,drop:LC1:LD:light:1:L83,2,872,A872,Current
lighting,Route Points,drop:LC1:LD:light:1:L83,3,873,A873,Current
lighting,Route Points,drop:LC1:LD:light:1:L85,1,874,A874,Current
lighting,Route Points,drop:LC1:LD:light:1:L85,2,875,A875,Current
lighting,Route Points,drop:LC1:LD:light:1:L85,3,876,A876,Current
lighting,Route Points,drop:LC1:LD:light:1:L87,1,877,A877,Current
lighting,Route Points,drop:LC1:LD:light:1:L87,2,878,A878,Current
lighting,Route Points,drop:LC1:LD:light:1:L87,3,879,A879,Current
lighting,Route Points,drop:LC1:LD:light:1:L89,1,880,A880,Current
lighting,Route Points,drop:LC1:LD:light:1:L89,2,881,A881,Current
lighting,Route Points,drop:LC1:LD:light:1:L89,3,882,A882,Current
lighting,Route Points,drop:LC1:LD:light:1:L91,1,883,A883,Current
lighting,Route Points,drop:LC1:LD:light:1:L91,2,884,A884,Current
lighting,Route Points,drop:LC1:LD:light:1:L91,3,885,A885,Current
lighting,Route Points,drop:LC1:LD:light:1:L93,1,886,A886,Current
lighting,Route Points,drop:LC1:LD:light:1:L93,2,887,A887,Current
lighting,Route Points,drop:LC1:LD:light:1:L93,3,888,A888,Current
lighting,Route Points,drop:LC1:LD:light:1:L95,1,889,A889,Current
lighting,Route Points,drop:LC1:LD:light:1:L95,2,890,A890,Current
lighting,Route Points,drop:LC1:LD:light:1:L95,3,891,A891,Current
lighting,Route Points,drop:LC1:LD:light:1:L97,1,892,A892,Current
lighting,Route Points,drop:LC1:LD:light:1:L97,2,893,A893,Current
lighting,Route Points,drop:LC1:LD:light:1:L97,3,894,A894,Current
lighting,Route Points,drop:LC1:LD:light:1:L97,4,895,A895,Current
lighting,Route Points,drop:LC1:LD:light:1:L97,5,896,A896,Current
lighting,Route Points,trunk:LC1:L3:light:-1,1,897,A897,Current
lighting,Route Points,trunk:LC1:L3:light:-1,2,898,A898,Current
lighting,Route Points,trunk:LC1:L3:light:-1,3,899,A899,Current
lighting,Route Points,trunk:LC1:L3:light:-1,4,900,A900,Current
lighting,Route Points,trunk:LC1:L3:light:-1,5,901,A901,Current
lighting,Route Points,trunk:LC1:L3:light:-1,6,902,A902,Current
lighting,Route Points,trunk:LC1:L3:light:-1,7,903,A903,Current
lighting,Route Points,trunk:LC1:L3:light:-1,8,904,A904,Current
lighting,Route Points,trunk:LC1:L3:light:-1,9,905,A905,Current
lighting,Route Points,trunk:LC1:L3:light:-1,10,906,A906,Current
lighting,Route Points,trunk:LC1:L3:light:-1,11,907,A907,Current
lighting,Route Points,trunk:LC1:L3:light:-1,12,908,A908,Current
lighting,Route Points,trunk:LC1:L3:light:-1,13,909,A909,Current
lighting,Route Points,trunk:LC1:L3:light:-1,14,910,A910,Current
lighting,Route Points,trunk:LC1:L3:light:-1,15,911,A911,Current
lighting,Route Points,trunk:LC1:L3:light:-1,16,912,A912,Current
lighting,Route Points,trunk:LC1:L3:light:-1,17,913,A913,Current
lighting,Route Points,drop:LC1:L3:light:-1:L98,1,914,A914,Current
lighting,Route Points,drop:LC1:L3:light:-1:L98,2,915,A915,Current
lighting,Route Points,drop:LC1:L3:light:-1:L98,3,916,A916,Current
lighting,Route Points,drop:LC1:L3:light:-1:L98,4,917,A917,Current
lighting,Route Points,drop:LC1:L3:light:-1:L98,5,918,A918,Current
lighting,Route Points,drop:LC1:L3:light:-1:L98,6,919,A919,Current
lighting,Route Points,drop:LC1:L3:light:-1:L98,7,920,A920,Current
lighting,Route Points,drop:LC1:L3:light:-1:L98,8,921,A921,Current
lighting,Route Points,drop:LC1:L3:light:-1:L98,9,922,A922,Current
lighting,Route Points,drop:LC1:L3:light:-1:L98,10,923,A923,Current
lighting,Route Points,drop:LC1:L3:light:-1:L98,11,924,A924,Current
lighting,Route Points,drop:LC1:L3:light:-1:L98,12,925,A925,Current
lighting,Route Points,drop:LC1:L3:light:-1:L100,1,926,A926,Current
lighting,Route Points,drop:LC1:L3:light:-1:L100,2,927,A927,Current
lighting,Route Points,drop:LC1:L3:light:-1:L100,3,928,A928,Current
lighting,Route Points,drop:LC1:L3:light:-1:L100,4,929,A929,Current
lighting,Route Points,drop:LC1:L3:light:-1:L100,5,930,A930,Current
lighting,Route Points,drop:LC1:L3:light:-1:L100,6,931,A931,Current
lighting,Route Points,drop:LC1:L3:light:-1:L100,7,932,A932,Current
lighting,Route Points,drop:LC1:L3:light:-1:L100,8,933,A933,Current
lighting,Route Points,drop:LC1:L3:light:-1:L100,9,934,A934,Current
lighting,Route Points,drop:LC1:L3:light:-1:L100,10,935,A935,Current
lighting,Route Points,drop:LC1:L3:light:-1:L100,11,936,A936,Current
lighting,Route Points,drop:LC1:L3:light:-1:L100,12,937,A937,Current
lighting,Route Points,drop:LC1:L3:light:-1:L100,13,938,A938,Current
lighting,Route Points,drop:LC1:L3:light:-1:L101,1,939,A939,Current
lighting,Route Points,drop:LC1:L3:light:-1:L101,2,940,A940,Current
lighting,Route Points,drop:LC1:L3:light:-1:L101,3,941,A941,Current
lighting,Route Points,drop:LC1:L3:light:-1:L101,4,942,A942,Current
lighting,Route Points,drop:LC1:L3:light:-1:L101,5,943,A943,Current
lighting,Route Points,drop:LC1:L3:light:-1:L101,6,944,A944,Current
lighting,Route Points,drop:LC1:L3:light:-1:L101,7,945,A945,Current
lighting,Route Points,drop:LC1:L3:light:-1:L101,8,946,A946,Current
lighting,Route Points,drop:LC1:L3:light:-1:L101,9,947,A947,Current
lighting,Route Points,drop:LC1:L3:light:-1:L101,10,948,A948,Current
lighting,Route Points,drop:LC1:L3:light:-1:L101,11,949,A949,Current
lighting,Route Points,drop:LC1:L3:light:-1:L101,12,950,A950,Current
lighting,Route Points,drop:LC1:L3:light:-1:L104,1,951,A951,Current
lighting,Route Points,drop:LC1:L3:light:-1:L104,2,952,A952,Current
lighting,Route Points,drop:LC1:L3:light:-1:L104,3,953,A953,Current
lighting,Route Points,drop:LC1:L3:light:-1:L104,4,954,A954,Current
lighting,Route Points,drop:LC1:L3:light:-1:L104,5,955,A955,Current
lighting,Route Points,drop:LC1:L3:light:-1:L104,6,956,A956,Current
lighting,Route Points,drop:LC1:L3:light:-1:L104,7,957,A957,Current
lighting,Route Points,drop:LC1:L3:light:-1:L104,8,958,A958,Current
lighting,Route Points,drop:LC1:L3:light:-1:L104,9,959,A959,Current
lighting,Route Points,drop:LC1:L3:light:-1:L104,10,960,A960,Current
lighting,Route Points,drop:LC1:L3:light:-1:L104,11,961,A961,Current
lighting,Route Points,drop:LC1:L3:light:-1:L104,12,962,A962,Current
lighting,Route Points,drop:LC1:L3:light:-1:L106,1,963,A963,Current
lighting,Route Points,drop:LC1:L3:light:-1:L106,2,964,A964,Current
lighting,Route Points,drop:LC1:L3:light:-1:L106,3,965,A965,Current
lighting,Route Points,drop:LC1:L3:light:-1:L106,4,966,A966,Current
lighting,Route Points,drop:LC1:L3:light:-1:L106,5,967,A967,Current
lighting,Route Points,drop:LC1:L3:light:-1:L107,1,968,A968,Current
lighting,Route Points,drop:LC1:L3:light:-1:L107,2,969,A969,Current
lighting,Route Points,drop:LC1:L3:light:-1:L107,3,970,A970,Current
lighting,Route Points,drop:LC1:L3:light:-1:L107,4,971,A971,Current
lighting,Route Points,drop:LC1:L3:light:-1:L107,5,972,A972,Current
lighting,Route Points,drop:LC1:L3:light:-1:L108,1,973,A973,Current
lighting,Route Points,drop:LC1:L3:light:-1:L108,2,974,A974,Current
lighting,Route Points,drop:LC1:L3:light:-1:L108,3,975,A975,Current
lighting,Route Points,drop:LC1:L3:light:-1:L108,4,976,A976,Current
lighting,Route Points,drop:LC1:L3:light:-1:L108,5,977,A977,Current
lighting,Route Points,drop:LC1:L3:light:-1:L109,1,978,A978,Current
lighting,Route Points,drop:LC1:L3:light:-1:L109,2,979,A979,Current
lighting,Route Points,drop:LC1:L3:light:-1:L109,3,980,A980,Current
lighting,Route Points,drop:LC1:L3:light:-1:L109,4,981,A981,Current
lighting,Route Points,drop:LC1:L3:light:-1:L109,5,982,A982,Current
lighting,Route Points,drop:LC1:L3:light:-1:L114,1,983,A983,Current
lighting,Route Points,drop:LC1:L3:light:-1:L114,2,984,A984,Current
lighting,Route Points,drop:LC1:L3:light:-1:L114,3,985,A985,Current
lighting,Route Points,drop:LC1:L3:light:-1:L114,4,986,A986,Current
lighting,Route Points,drop:LC1:L3:light:-1:L114,5,987,A987,Current
lighting,Route Points,drop:LC1:L3:light:-1:L115,1,988,A988,Current
lighting,Route Points,drop:LC1:L3:light:-1:L115,2,989,A989,Current
lighting,Route Points,drop:LC1:L3:light:-1:L115,3,990,A990,Current
lighting,Route Points,drop:LC1:L3:light:-1:L115,4,991,A991,Current
lighting,Route Points,drop:LC1:L3:light:-1:L115,5,992,A992,Current
lighting,Route Points,drop:LC1:L3:light:-1:L115,6,993,A993,Current
lighting,Route Points,drop:LC1:L3:light:-1:L115,7,994,A994,Current
lighting,Route Points,drop:LC1:L3:light:-1:L116,1,995,A995,Current
lighting,Route Points,drop:LC1:L3:light:-1:L116,2,996,A996,Current
lighting,Route Points,drop:LC1:L3:light:-1:L116,3,997,A997,Current
lighting,Route Points,drop:LC1:L3:light:-1:L116,4,998,A998,Current
lighting,Route Points,drop:LC1:L3:light:-1:L116,5,999,A999,Current
lighting,Route Points,drop:LC1:L3:light:-1:L116,6,1000,A1000,Current
lighting,Route Points,drop:LC1:L3:light:-1:L116,7,1001,A1001,Current
lighting,Route Points,drop:LC1:L3:light:-1:L151,1,1002,A1002,Current
lighting,Route Points,drop:LC1:L3:light:-1:L151,2,1003,A1003,Current
lighting,Route Points,drop:LC1:L3:light:-1:L151,3,1004,A1004,Current
lighting,Route Points,drop:LC1:L3:light:-1:L151,4,1005,A1005,Current
lighting,Route Points,drop:LC1:L3:light:-1:L151,5,1006,A1006,Current
lighting,Route Points,drop:LC1:L3:light:-1:L152,1,1007,A1007,Current
lighting,Route Points,drop:LC1:L3:light:-1:L152,2,1008,A1008,Current
lighting,Route Points,drop:LC1:L3:light:-1:L152,3,1009,A1009,Current
lighting,Route Points,drop:LC1:L3:light:-1:L152,4,1010,A1010,Current
lighting,Route Points,drop:LC1:L3:light:-1:L152,5,1011,A1011,Current
lighting,Route Points,trunk:LC1:L3:light:1,1,1012,A1012,Current
lighting,Route Points,trunk:LC1:L3:light:1,2,1013,A1013,Current
lighting,Route Points,trunk:LC1:L3:light:1,3,1014,A1014,Current
lighting,Route Points,trunk:LC1:L3:light:1,4,1015,A1015,Current
lighting,Route Points,trunk:LC1:L3:light:1,5,1016,A1016,Current
lighting,Route Points,trunk:LC1:L3:light:1,6,1017,A1017,Current
lighting,Route Points,trunk:LC1:L3:light:1,7,1018,A1018,Current
lighting,Route Points,trunk:LC1:L3:light:1,8,1019,A1019,Current
lighting,Route Points,trunk:LC1:L3:light:1,9,1020,A1020,Current
lighting,Route Points,trunk:LC1:L3:light:1,10,1021,A1021,Current
lighting,Route Points,trunk:LC1:L3:light:1,11,1022,A1022,Current
lighting,Route Points,trunk:LC1:L3:light:1,12,1023,A1023,Current
lighting,Route Points,trunk:LC1:L3:light:1,13,1024,A1024,Current
lighting,Route Points,trunk:LC1:L3:light:1,14,1025,A1025,Current
lighting,Route Points,trunk:LC1:L3:light:1,15,1026,A1026,Current
lighting,Route Points,trunk:LC1:L3:light:1,16,1027,A1027,Current
lighting,Route Points,trunk:LC1:L3:light:1,17,1028,A1028,Current
lighting,Route Points,drop:LC1:L3:light:1:L99,1,1029,A1029,Current
lighting,Route Points,drop:LC1:L3:light:1:L99,2,1030,A1030,Current
lighting,Route Points,drop:LC1:L3:light:1:L99,3,1031,A1031,Current
lighting,Route Points,drop:LC1:L3:light:1:L99,4,1032,A1032,Current
lighting,Route Points,drop:LC1:L3:light:1:L99,5,1033,A1033,Current
lighting,Route Points,drop:LC1:L3:light:1:L99,6,1034,A1034,Current
lighting,Route Points,drop:LC1:L3:light:1:L99,7,1035,A1035,Current
lighting,Route Points,drop:LC1:L3:light:1:L99,8,1036,A1036,Current
lighting,Route Points,drop:LC1:L3:light:1:L99,9,1037,A1037,Current
lighting,Route Points,drop:LC1:L3:light:1:L99,10,1038,A1038,Current
lighting,Route Points,drop:LC1:L3:light:1:L99,11,1039,A1039,Current
lighting,Route Points,drop:LC1:L3:light:1:L99,12,1040,A1040,Current
lighting,Route Points,drop:LC1:L3:light:1:L102,1,1041,A1041,Current
lighting,Route Points,drop:LC1:L3:light:1:L102,2,1042,A1042,Current
lighting,Route Points,drop:LC1:L3:light:1:L102,3,1043,A1043,Current
lighting,Route Points,drop:LC1:L3:light:1:L102,4,1044,A1044,Current
lighting,Route Points,drop:LC1:L3:light:1:L102,5,1045,A1045,Current
lighting,Route Points,drop:LC1:L3:light:1:L102,6,1046,A1046,Current
lighting,Route Points,drop:LC1:L3:light:1:L102,7,1047,A1047,Current
lighting,Route Points,drop:LC1:L3:light:1:L102,8,1048,A1048,Current
lighting,Route Points,drop:LC1:L3:light:1:L102,9,1049,A1049,Current
lighting,Route Points,drop:LC1:L3:light:1:L102,10,1050,A1050,Current
lighting,Route Points,drop:LC1:L3:light:1:L102,11,1051,A1051,Current
lighting,Route Points,drop:LC1:L3:light:1:L102,12,1052,A1052,Current
lighting,Route Points,drop:LC1:L3:light:1:L103,1,1053,A1053,Current
lighting,Route Points,drop:LC1:L3:light:1:L103,2,1054,A1054,Current
lighting,Route Points,drop:LC1:L3:light:1:L103,3,1055,A1055,Current
lighting,Route Points,drop:LC1:L3:light:1:L103,4,1056,A1056,Current
lighting,Route Points,drop:LC1:L3:light:1:L103,5,1057,A1057,Current
lighting,Route Points,drop:LC1:L3:light:1:L103,6,1058,A1058,Current
lighting,Route Points,drop:LC1:L3:light:1:L103,7,1059,A1059,Current
lighting,Route Points,drop:LC1:L3:light:1:L103,8,1060,A1060,Current
lighting,Route Points,drop:LC1:L3:light:1:L103,9,1061,A1061,Current
lighting,Route Points,drop:LC1:L3:light:1:L103,10,1062,A1062,Current
lighting,Route Points,drop:LC1:L3:light:1:L103,11,1063,A1063,Current
lighting,Route Points,drop:LC1:L3:light:1:L105,1,1064,A1064,Current
lighting,Route Points,drop:LC1:L3:light:1:L105,2,1065,A1065,Current
lighting,Route Points,drop:LC1:L3:light:1:L105,3,1066,A1066,Current
lighting,Route Points,drop:LC1:L3:light:1:L105,4,1067,A1067,Current
lighting,Route Points,drop:LC1:L3:light:1:L105,5,1068,A1068,Current
lighting,Route Points,drop:LC1:L3:light:1:L105,6,1069,A1069,Current
lighting,Route Points,drop:LC1:L3:light:1:L105,7,1070,A1070,Current
lighting,Route Points,drop:LC1:L3:light:1:L105,8,1071,A1071,Current
lighting,Route Points,drop:LC1:L3:light:1:L105,9,1072,A1072,Current
lighting,Route Points,drop:LC1:L3:light:1:L105,10,1073,A1073,Current
lighting,Route Points,drop:LC1:L3:light:1:L105,11,1074,A1074,Current
lighting,Route Points,drop:LC1:L3:light:1:L105,12,1075,A1075,Current
lighting,Route Points,drop:LC1:L3:light:1:L110,1,1076,A1076,Current
lighting,Route Points,drop:LC1:L3:light:1:L110,2,1077,A1077,Current
lighting,Route Points,drop:LC1:L3:light:1:L110,3,1078,A1078,Current
lighting,Route Points,drop:LC1:L3:light:1:L110,4,1079,A1079,Current
lighting,Route Points,drop:LC1:L3:light:1:L110,5,1080,A1080,Current
lighting,Route Points,drop:LC1:L3:light:1:L111,1,1081,A1081,Current
lighting,Route Points,drop:LC1:L3:light:1:L111,2,1082,A1082,Current
lighting,Route Points,drop:LC1:L3:light:1:L111,3,1083,A1083,Current
lighting,Route Points,drop:LC1:L3:light:1:L111,4,1084,A1084,Current
lighting,Route Points,drop:LC1:L3:light:1:L111,5,1085,A1085,Current
lighting,Route Points,drop:LC1:L3:light:1:L112,1,1086,A1086,Current
lighting,Route Points,drop:LC1:L3:light:1:L112,2,1087,A1087,Current
lighting,Route Points,drop:LC1:L3:light:1:L112,3,1088,A1088,Current
lighting,Route Points,drop:LC1:L3:light:1:L112,4,1089,A1089,Current
lighting,Route Points,drop:LC1:L3:light:1:L112,5,1090,A1090,Current
lighting,Route Points,drop:LC1:L3:light:1:L113,1,1091,A1091,Current
lighting,Route Points,drop:LC1:L3:light:1:L113,2,1092,A1092,Current
lighting,Route Points,drop:LC1:L3:light:1:L113,3,1093,A1093,Current
lighting,Route Points,drop:LC1:L3:light:1:L113,4,1094,A1094,Current
lighting,Route Points,drop:LC1:L3:light:1:L113,5,1095,A1095,Current
lighting,Route Points,drop:LC1:L3:light:1:L117,1,1096,A1096,Current
lighting,Route Points,drop:LC1:L3:light:1:L117,2,1097,A1097,Current
lighting,Route Points,drop:LC1:L3:light:1:L117,3,1098,A1098,Current
lighting,Route Points,drop:LC1:L3:light:1:L117,4,1099,A1099,Current
lighting,Route Points,drop:LC1:L3:light:1:L117,5,1100,A1100,Current
lighting,Route Points,drop:LC1:L3:light:1:L117,6,1101,A1101,Current
lighting,Route Points,drop:LC1:L3:light:1:L117,7,1102,A1102,Current
lighting,Route Points,drop:LC1:L3:light:1:L118,1,1103,A1103,Current
lighting,Route Points,drop:LC1:L3:light:1:L118,2,1104,A1104,Current
lighting,Route Points,drop:LC1:L3:light:1:L118,3,1105,A1105,Current
lighting,Route Points,drop:LC1:L3:light:1:L118,4,1106,A1106,Current
lighting,Route Points,drop:LC1:L3:light:1:L118,5,1107,A1107,Current
lighting,Route Points,drop:LC1:L3:light:1:L118,6,1108,A1108,Current
lighting,Route Points,drop:LC1:L3:light:1:L118,7,1109,A1109,Current
lighting,Route Points,drop:LC1:L3:light:1:L153,1,1110,A1110,Current
lighting,Route Points,drop:LC1:L3:light:1:L153,2,1111,A1111,Current
lighting,Route Points,drop:LC1:L3:light:1:L153,3,1112,A1112,Current
lighting,Route Points,drop:LC1:L3:light:1:L153,4,1113,A1113,Current
lighting,Route Points,drop:LC1:L3:light:1:L153,5,1114,A1114,Current
lighting,Route Points,drop:LC1:L3:light:1:L154,1,1115,A1115,Current
lighting,Route Points,drop:LC1:L3:light:1:L154,2,1116,A1116,Current
lighting,Route Points,drop:LC1:L3:light:1:L154,3,1117,A1117,Current
lighting,Route Points,drop:LC1:L3:light:1:L154,4,1118,A1118,Current
lighting,Route Points,drop:LC1:L3:light:1:L154,5,1119,A1119,Current
lighting,Route Points,trunk:LC1:L4:light:-1,1,1120,A1120,Current
lighting,Route Points,trunk:LC1:L4:light:-1,2,1121,A1121,Current
lighting,Route Points,trunk:LC1:L4:light:-1,3,1122,A1122,Current
lighting,Route Points,trunk:LC1:L4:light:-1,4,1123,A1123,Current
lighting,Route Points,trunk:LC1:L4:light:-1,5,1124,A1124,Current
lighting,Route Points,trunk:LC1:L4:light:-1,6,1125,A1125,Current
lighting,Route Points,trunk:LC1:L4:light:-1,7,1126,A1126,Current
lighting,Route Points,trunk:LC1:L4:light:-1,8,1127,A1127,Current
lighting,Route Points,trunk:LC1:L4:light:-1,9,1128,A1128,Current
lighting,Route Points,trunk:LC1:L4:light:-1,10,1129,A1129,Current
lighting,Route Points,trunk:LC1:L4:light:-1,11,1130,A1130,Current
lighting,Route Points,trunk:LC1:L4:light:-1,12,1131,A1131,Current
lighting,Route Points,trunk:LC1:L4:light:-1,13,1132,A1132,Current
lighting,Route Points,trunk:LC1:L4:light:-1,14,1133,A1133,Current
lighting,Route Points,trunk:LC1:L4:light:-1,15,1134,A1134,Current
lighting,Route Points,trunk:LC1:L4:light:-1,16,1135,A1135,Current
lighting,Route Points,trunk:LC1:L4:light:-1,17,1136,A1136,Current
lighting,Route Points,trunk:LC1:L4:light:-1,18,1137,A1137,Current
lighting,Route Points,drop:LC1:L4:light:-1:L119,1,1138,A1138,Current
lighting,Route Points,drop:LC1:L4:light:-1:L119,2,1139,A1139,Current
lighting,Route Points,drop:LC1:L4:light:-1:L119,3,1140,A1140,Current
lighting,Route Points,drop:LC1:L4:light:-1:L119,4,1141,A1141,Current
lighting,Route Points,drop:LC1:L4:light:-1:L119,5,1142,A1142,Current
lighting,Route Points,drop:LC1:L4:light:-1:L120,1,1143,A1143,Current
lighting,Route Points,drop:LC1:L4:light:-1:L120,2,1144,A1144,Current
lighting,Route Points,drop:LC1:L4:light:-1:L120,3,1145,A1145,Current
lighting,Route Points,drop:LC1:L4:light:-1:L120,4,1146,A1146,Current
lighting,Route Points,drop:LC1:L4:light:-1:L120,5,1147,A1147,Current
lighting,Route Points,drop:LC1:L4:light:-1:L121,1,1148,A1148,Current
lighting,Route Points,drop:LC1:L4:light:-1:L121,2,1149,A1149,Current
lighting,Route Points,drop:LC1:L4:light:-1:L121,3,1150,A1150,Current
lighting,Route Points,drop:LC1:L4:light:-1:L121,4,1151,A1151,Current
lighting,Route Points,drop:LC1:L4:light:-1:L121,5,1152,A1152,Current
lighting,Route Points,drop:LC1:L4:light:-1:L122,1,1153,A1153,Current
lighting,Route Points,drop:LC1:L4:light:-1:L122,2,1154,A1154,Current
lighting,Route Points,drop:LC1:L4:light:-1:L122,3,1155,A1155,Current
lighting,Route Points,drop:LC1:L4:light:-1:L122,4,1156,A1156,Current
lighting,Route Points,drop:LC1:L4:light:-1:L122,5,1157,A1157,Current
lighting,Route Points,drop:LC1:L4:light:-1:L123,1,1158,A1158,Current
lighting,Route Points,drop:LC1:L4:light:-1:L123,2,1159,A1159,Current
lighting,Route Points,drop:LC1:L4:light:-1:L123,3,1160,A1160,Current
lighting,Route Points,drop:LC1:L4:light:-1:L123,4,1161,A1161,Current
lighting,Route Points,drop:LC1:L4:light:-1:L123,5,1162,A1162,Current
lighting,Route Points,drop:LC1:L4:light:-1:L124,1,1163,A1163,Current
lighting,Route Points,drop:LC1:L4:light:-1:L124,2,1164,A1164,Current
lighting,Route Points,drop:LC1:L4:light:-1:L124,3,1165,A1165,Current
lighting,Route Points,drop:LC1:L4:light:-1:L124,4,1166,A1166,Current
lighting,Route Points,drop:LC1:L4:light:-1:L124,5,1167,A1167,Current
lighting,Route Points,drop:LC1:L4:light:-1:L125,1,1168,A1168,Current
lighting,Route Points,drop:LC1:L4:light:-1:L125,2,1169,A1169,Current
lighting,Route Points,drop:LC1:L4:light:-1:L125,3,1170,A1170,Current
lighting,Route Points,drop:LC1:L4:light:-1:L125,4,1171,A1171,Current
lighting,Route Points,drop:LC1:L4:light:-1:L125,5,1172,A1172,Current
lighting,Route Points,drop:LC1:L4:light:-1:L126,1,1173,A1173,Current
lighting,Route Points,drop:LC1:L4:light:-1:L126,2,1174,A1174,Current
lighting,Route Points,drop:LC1:L4:light:-1:L126,3,1175,A1175,Current
lighting,Route Points,drop:LC1:L4:light:-1:L126,4,1176,A1176,Current
lighting,Route Points,drop:LC1:L4:light:-1:L126,5,1177,A1177,Current
lighting,Route Points,drop:LC1:L4:light:-1:L127,1,1178,A1178,Current
lighting,Route Points,drop:LC1:L4:light:-1:L127,2,1179,A1179,Current
lighting,Route Points,drop:LC1:L4:light:-1:L127,3,1180,A1180,Current
lighting,Route Points,drop:LC1:L4:light:-1:L127,4,1181,A1181,Current
lighting,Route Points,drop:LC1:L4:light:-1:L127,5,1182,A1182,Current
lighting,Route Points,trunk:LC1:L4:light:1,1,1183,A1183,Current
lighting,Route Points,trunk:LC1:L4:light:1,2,1184,A1184,Current
lighting,Route Points,trunk:LC1:L4:light:1,3,1185,A1185,Current
lighting,Route Points,trunk:LC1:L4:light:1,4,1186,A1186,Current
lighting,Route Points,trunk:LC1:L4:light:1,5,1187,A1187,Current
lighting,Route Points,trunk:LC1:L4:light:1,6,1188,A1188,Current
lighting,Route Points,trunk:LC1:L4:light:1,7,1189,A1189,Current
lighting,Route Points,trunk:LC1:L4:light:1,8,1190,A1190,Current
lighting,Route Points,trunk:LC1:L4:light:1,9,1191,A1191,Current
lighting,Route Points,trunk:LC1:L4:light:1,10,1192,A1192,Current
lighting,Route Points,trunk:LC1:L4:light:1,11,1193,A1193,Current
lighting,Route Points,trunk:LC1:L4:light:1,12,1194,A1194,Current
lighting,Route Points,trunk:LC1:L4:light:1,13,1195,A1195,Current
lighting,Route Points,trunk:LC1:L4:light:1,14,1196,A1196,Current
lighting,Route Points,trunk:LC1:L4:light:1,15,1197,A1197,Current
lighting,Route Points,trunk:LC1:L4:light:1,16,1198,A1198,Current
lighting,Route Points,trunk:LC1:L4:light:1,17,1199,A1199,Current
lighting,Route Points,trunk:LC1:L4:light:1,18,1200,A1200,Current
lighting,Route Points,drop:LC1:L4:light:1:L128,1,1201,A1201,Current
lighting,Route Points,drop:LC1:L4:light:1:L128,2,1202,A1202,Current
lighting,Route Points,drop:LC1:L4:light:1:L128,3,1203,A1203,Current
lighting,Route Points,drop:LC1:L4:light:1:L128,4,1204,A1204,Current
lighting,Route Points,drop:LC1:L4:light:1:L128,5,1205,A1205,Current
lighting,Route Points,drop:LC1:L4:light:1:L129,1,1206,A1206,Current
lighting,Route Points,drop:LC1:L4:light:1:L129,2,1207,A1207,Current
lighting,Route Points,drop:LC1:L4:light:1:L129,3,1208,A1208,Current
lighting,Route Points,drop:LC1:L4:light:1:L129,4,1209,A1209,Current
lighting,Route Points,drop:LC1:L4:light:1:L129,5,1210,A1210,Current
lighting,Route Points,drop:LC1:L4:light:1:L130,1,1211,A1211,Current
lighting,Route Points,drop:LC1:L4:light:1:L130,2,1212,A1212,Current
lighting,Route Points,drop:LC1:L4:light:1:L130,3,1213,A1213,Current
lighting,Route Points,drop:LC1:L4:light:1:L130,4,1214,A1214,Current
lighting,Route Points,drop:LC1:L4:light:1:L130,5,1215,A1215,Current
lighting,Route Points,drop:LC1:L4:light:1:L131,1,1216,A1216,Current
lighting,Route Points,drop:LC1:L4:light:1:L131,2,1217,A1217,Current
lighting,Route Points,drop:LC1:L4:light:1:L131,3,1218,A1218,Current
lighting,Route Points,drop:LC1:L4:light:1:L131,4,1219,A1219,Current
lighting,Route Points,drop:LC1:L4:light:1:L131,5,1220,A1220,Current
lighting,Route Points,drop:LC1:L4:light:1:L132,1,1221,A1221,Current
lighting,Route Points,drop:LC1:L4:light:1:L132,2,1222,A1222,Current
lighting,Route Points,drop:LC1:L4:light:1:L132,3,1223,A1223,Current
lighting,Route Points,drop:LC1:L4:light:1:L132,4,1224,A1224,Current
lighting,Route Points,drop:LC1:L4:light:1:L132,5,1225,A1225,Current
lighting,Route Points,drop:LC1:L4:light:1:L133,1,1226,A1226,Current
lighting,Route Points,drop:LC1:L4:light:1:L133,2,1227,A1227,Current
lighting,Route Points,drop:LC1:L4:light:1:L133,3,1228,A1228,Current
lighting,Route Points,drop:LC1:L4:light:1:L133,4,1229,A1229,Current
lighting,Route Points,drop:LC1:L4:light:1:L133,5,1230,A1230,Current
lighting,Route Points,drop:LC1:L4:light:1:L134,1,1231,A1231,Current
lighting,Route Points,drop:LC1:L4:light:1:L134,2,1232,A1232,Current
lighting,Route Points,drop:LC1:L4:light:1:L134,3,1233,A1233,Current
lighting,Route Points,drop:LC1:L4:light:1:L134,4,1234,A1234,Current
lighting,Route Points,drop:LC1:L4:light:1:L134,5,1235,A1235,Current
lighting,Route Points,drop:LC1:L4:light:1:L135,1,1236,A1236,Current
lighting,Route Points,drop:LC1:L4:light:1:L135,2,1237,A1237,Current
lighting,Route Points,drop:LC1:L4:light:1:L135,3,1238,A1238,Current
lighting,Route Points,drop:LC1:L4:light:1:L135,4,1239,A1239,Current
lighting,Route Points,drop:LC1:L4:light:1:L135,5,1240,A1240,Current
lighting,Route Points,drop:LC1:L4:light:1:L136,1,1241,A1241,Current
lighting,Route Points,drop:LC1:L4:light:1:L136,2,1242,A1242,Current
lighting,Route Points,drop:LC1:L4:light:1:L136,3,1243,A1243,Current
lighting,Route Points,drop:LC1:L4:light:1:L136,4,1244,A1244,Current
lighting,Route Points,drop:LC1:L4:light:1:L136,5,1245,A1245,Current
lighting,Route Points,trunk:DB2:L9:light:-1,1,1246,A1246,Current
lighting,Route Points,trunk:DB2:L9:light:-1,2,1247,A1247,Current
lighting,Route Points,trunk:DB2:L9:light:-1,3,1248,A1248,Current
lighting,Route Points,trunk:DB2:L9:light:-1,4,1249,A1249,Current
lighting,Route Points,trunk:DB2:L9:light:-1,5,1250,A1250,Current
lighting,Route Points,drop:DB2:L9:light:-1:L137,1,1251,A1251,Current
lighting,Route Points,drop:DB2:L9:light:-1:L137,2,1252,A1252,Current
lighting,Route Points,drop:DB2:L9:light:-1:L137,3,1253,A1253,Current
lighting,Route Points,drop:DB2:L9:light:-1:L137,4,1254,A1254,Current
lighting,Route Points,drop:DB2:L9:light:-1:L137,5,1255,A1255,Current
lighting,Route Points,drop:DB2:L9:light:-1:L182,1,1256,A1256,Current
lighting,Route Points,drop:DB2:L9:light:-1:L182,2,1257,A1257,Current
lighting,Route Points,drop:DB2:L9:light:-1:L182,3,1258,A1258,Current
lighting,Route Points,drop:DB2:L9:light:-1:L182,4,1259,A1259,Current
lighting,Route Points,drop:DB2:L9:light:-1:L182,5,1260,A1260,Current
lighting,Route Points,drop:DB2:L9:light:-1:L182,6,1261,A1261,Current
lighting,Route Points,drop:DB2:L9:light:-1:L182,7,1262,A1262,Current
lighting,Route Points,drop:DB2:L9:light:-1:L182,8,1263,A1263,Current
lighting,Route Points,drop:DB2:L9:light:-1:L182,9,1264,A1264,Current
lighting,Route Points,drop:DB2:L9:light:-1:L182,10,1265,A1265,Current
lighting,Route Points,drop:DB2:L9:light:-1:L183,1,1266,A1266,Current
lighting,Route Points,drop:DB2:L9:light:-1:L183,2,1267,A1267,Current
lighting,Route Points,drop:DB2:L9:light:-1:L183,3,1268,A1268,Current
lighting,Route Points,drop:DB2:L9:light:-1:L183,4,1269,A1269,Current
lighting,Route Points,drop:DB2:L9:light:-1:L183,5,1270,A1270,Current
lighting,Route Points,drop:DB2:L9:light:-1:L183,6,1271,A1271,Current
lighting,Route Points,drop:DB2:L9:light:-1:L183,7,1272,A1272,Current
lighting,Route Points,drop:DB2:L9:light:-1:L183,8,1273,A1273,Current
lighting,Route Points,drop:DB2:L9:light:-1:L183,9,1274,A1274,Current
lighting,Route Points,drop:DB2:L9:light:-1:L183,10,1275,A1275,Current
lighting,Route Points,trunk:DB2:L9:light:1,1,1276,A1276,Current
lighting,Route Points,trunk:DB2:L9:light:1,2,1277,A1277,Current
lighting,Route Points,trunk:DB2:L9:light:1,3,1278,A1278,Current
lighting,Route Points,trunk:DB2:L9:light:1,4,1279,A1279,Current
lighting,Route Points,trunk:DB2:L9:light:1,5,1280,A1280,Current
lighting,Route Points,drop:DB2:L9:light:1:L138,1,1281,A1281,Current
lighting,Route Points,drop:DB2:L9:light:1:L138,2,1282,A1282,Current
lighting,Route Points,drop:DB2:L9:light:1:L138,3,1283,A1283,Current
lighting,Route Points,drop:DB2:L9:light:1:L138,4,1284,A1284,Current
lighting,Route Points,drop:DB2:L9:light:1:L138,5,1285,A1285,Current
lighting,Route Points,drop:DB2:L9:light:1:L189,1,1286,A1286,Current
lighting,Route Points,drop:DB2:L9:light:1:L189,2,1287,A1287,Current
lighting,Route Points,drop:DB2:L9:light:1:L189,3,1288,A1288,Current
lighting,Route Points,drop:DB2:L9:light:1:L189,4,1289,A1289,Current
lighting,Route Points,drop:DB2:L9:light:1:L189,5,1290,A1290,Current
lighting,Route Points,drop:DB2:L9:light:1:L189,6,1291,A1291,Current
lighting,Route Points,drop:DB2:L9:light:1:L189,7,1292,A1292,Current
lighting,Route Points,drop:DB2:L9:light:1:L189,8,1293,A1293,Current
lighting,Route Points,drop:DB2:L9:light:1:L189,9,1294,A1294,Current
lighting,Route Points,drop:DB2:L9:light:1:L189,10,1295,A1295,Current
lighting,Route Points,drop:DB2:L9:light:1:L190,1,1296,A1296,Current
lighting,Route Points,drop:DB2:L9:light:1:L190,2,1297,A1297,Current
lighting,Route Points,drop:DB2:L9:light:1:L190,3,1298,A1298,Current
lighting,Route Points,drop:DB2:L9:light:1:L190,4,1299,A1299,Current
lighting,Route Points,drop:DB2:L9:light:1:L190,5,1300,A1300,Current
lighting,Route Points,drop:DB2:L9:light:1:L190,6,1301,A1301,Current
lighting,Route Points,drop:DB2:L9:light:1:L190,7,1302,A1302,Current
lighting,Route Points,drop:DB2:L9:light:1:L190,8,1303,A1303,Current
lighting,Route Points,drop:DB2:L9:light:1:L190,9,1304,A1304,Current
lighting,Route Points,drop:DB2:L9:light:1:L190,10,1305,A1305,Current
lighting,Route Points,trunk:LC1:L5:light:-1,1,1306,A1306,Current
lighting,Route Points,trunk:LC1:L5:light:-1,2,1307,A1307,Current
lighting,Route Points,trunk:LC1:L5:light:-1,3,1308,A1308,Current
lighting,Route Points,trunk:LC1:L5:light:-1,4,1309,A1309,Current
lighting,Route Points,trunk:LC1:L5:light:-1,5,1310,A1310,Current
lighting,Route Points,trunk:LC1:L5:light:-1,6,1311,A1311,Current
lighting,Route Points,trunk:LC1:L5:light:-1,7,1312,A1312,Current
lighting,Route Points,trunk:LC1:L5:light:-1,8,1313,A1313,Current
lighting,Route Points,trunk:LC1:L5:light:-1,9,1314,A1314,Current
lighting,Route Points,trunk:LC1:L5:light:-1,10,1315,A1315,Current
lighting,Route Points,trunk:LC1:L5:light:-1,11,1316,A1316,Current
lighting,Route Points,trunk:LC1:L5:light:-1,12,1317,A1317,Current
lighting,Route Points,trunk:LC1:L5:light:-1,13,1318,A1318,Current
lighting,Route Points,trunk:LC1:L5:light:-1,14,1319,A1319,Current
lighting,Route Points,trunk:LC1:L5:light:-1,15,1320,A1320,Current
lighting,Route Points,trunk:LC1:L5:light:-1,16,1321,A1321,Current
lighting,Route Points,trunk:LC1:L5:light:-1,17,1322,A1322,Current
lighting,Route Points,trunk:LC1:L5:light:-1,18,1323,A1323,Current
lighting,Route Points,drop:LC1:L5:light:-1:L139,1,1324,A1324,Current
lighting,Route Points,drop:LC1:L5:light:-1:L139,2,1325,A1325,Current
lighting,Route Points,drop:LC1:L5:light:-1:L139,3,1326,A1326,Current
lighting,Route Points,drop:LC1:L5:light:-1:L139,4,1327,A1327,Current
lighting,Route Points,drop:LC1:L5:light:-1:L139,5,1328,A1328,Current
lighting,Route Points,drop:LC1:L5:light:-1:L139,6,1329,A1329,Current
lighting,Route Points,drop:LC1:L5:light:-1:L140,1,1330,A1330,Current
lighting,Route Points,drop:LC1:L5:light:-1:L140,2,1331,A1331,Current
lighting,Route Points,drop:LC1:L5:light:-1:L140,3,1332,A1332,Current
lighting,Route Points,drop:LC1:L5:light:-1:L140,4,1333,A1333,Current
lighting,Route Points,drop:LC1:L5:light:-1:L140,5,1334,A1334,Current
lighting,Route Points,drop:LC1:L5:light:-1:L140,6,1335,A1335,Current
lighting,Route Points,drop:LC1:L5:light:-1:L141,1,1336,A1336,Current
lighting,Route Points,drop:LC1:L5:light:-1:L141,2,1337,A1337,Current
lighting,Route Points,drop:LC1:L5:light:-1:L141,3,1338,A1338,Current
lighting,Route Points,drop:LC1:L5:light:-1:L141,4,1339,A1339,Current
lighting,Route Points,drop:LC1:L5:light:-1:L141,5,1340,A1340,Current
lighting,Route Points,drop:LC1:L5:light:-1:L141,6,1341,A1341,Current
lighting,Route Points,drop:LC1:L5:light:-1:L142,1,1342,A1342,Current
lighting,Route Points,drop:LC1:L5:light:-1:L142,2,1343,A1343,Current
lighting,Route Points,drop:LC1:L5:light:-1:L142,3,1344,A1344,Current
lighting,Route Points,drop:LC1:L5:light:-1:L142,4,1345,A1345,Current
lighting,Route Points,drop:LC1:L5:light:-1:L142,5,1346,A1346,Current
lighting,Route Points,drop:LC1:L5:light:-1:L142,6,1347,A1347,Current
lighting,Route Points,drop:LC1:L5:light:-1:L143,1,1348,A1348,Current
lighting,Route Points,drop:LC1:L5:light:-1:L143,2,1349,A1349,Current
lighting,Route Points,drop:LC1:L5:light:-1:L143,3,1350,A1350,Current
lighting,Route Points,drop:LC1:L5:light:-1:L143,4,1351,A1351,Current
lighting,Route Points,drop:LC1:L5:light:-1:L143,5,1352,A1352,Current
lighting,Route Points,drop:LC1:L5:light:-1:L143,6,1353,A1353,Current
lighting,Route Points,drop:LC1:L5:light:-1:L144,1,1354,A1354,Current
lighting,Route Points,drop:LC1:L5:light:-1:L144,2,1355,A1355,Current
lighting,Route Points,drop:LC1:L5:light:-1:L144,3,1356,A1356,Current
lighting,Route Points,drop:LC1:L5:light:-1:L144,4,1357,A1357,Current
lighting,Route Points,drop:LC1:L5:light:-1:L144,5,1358,A1358,Current
lighting,Route Points,drop:LC1:L5:light:-1:L144,6,1359,A1359,Current
lighting,Route Points,drop:LC1:L5:light:-1:L184,1,1360,A1360,Current
lighting,Route Points,drop:LC1:L5:light:-1:L184,2,1361,A1361,Current
lighting,Route Points,drop:LC1:L5:light:-1:L184,3,1362,A1362,Current
lighting,Route Points,drop:LC1:L5:light:-1:L184,4,1363,A1363,Current
lighting,Route Points,drop:LC1:L5:light:-1:L184,5,1364,A1364,Current
lighting,Route Points,drop:LC1:L5:light:-1:L184,6,1365,A1365,Current
lighting,Route Points,drop:LC1:L5:light:-1:L185,1,1366,A1366,Current
lighting,Route Points,drop:LC1:L5:light:-1:L185,2,1367,A1367,Current
lighting,Route Points,drop:LC1:L5:light:-1:L185,3,1368,A1368,Current
lighting,Route Points,drop:LC1:L5:light:-1:L185,4,1369,A1369,Current
lighting,Route Points,drop:LC1:L5:light:-1:L185,5,1370,A1370,Current
lighting,Route Points,drop:LC1:L5:light:-1:L185,6,1371,A1371,Current
lighting,Route Points,drop:LC1:L5:light:-1:L186,1,1372,A1372,Current
lighting,Route Points,drop:LC1:L5:light:-1:L186,2,1373,A1373,Current
lighting,Route Points,drop:LC1:L5:light:-1:L186,3,1374,A1374,Current
lighting,Route Points,drop:LC1:L5:light:-1:L186,4,1375,A1375,Current
lighting,Route Points,drop:LC1:L5:light:-1:L186,5,1376,A1376,Current
lighting,Route Points,drop:LC1:L5:light:-1:L186,6,1377,A1377,Current
lighting,Route Points,drop:LC1:L5:light:-1:L187,1,1378,A1378,Current
lighting,Route Points,drop:LC1:L5:light:-1:L187,2,1379,A1379,Current
lighting,Route Points,drop:LC1:L5:light:-1:L187,3,1380,A1380,Current
lighting,Route Points,drop:LC1:L5:light:-1:L187,4,1381,A1381,Current
lighting,Route Points,drop:LC1:L5:light:-1:L188,1,1382,A1382,Current
lighting,Route Points,drop:LC1:L5:light:-1:L188,2,1383,A1383,Current
lighting,Route Points,drop:LC1:L5:light:-1:L188,3,1384,A1384,Current
lighting,Route Points,drop:LC1:L5:light:-1:L188,4,1385,A1385,Current
lighting,Route Points,trunk:LC1:L5:light:1,1,1386,A1386,Current
lighting,Route Points,trunk:LC1:L5:light:1,2,1387,A1387,Current
lighting,Route Points,trunk:LC1:L5:light:1,3,1388,A1388,Current
lighting,Route Points,trunk:LC1:L5:light:1,4,1389,A1389,Current
lighting,Route Points,trunk:LC1:L5:light:1,5,1390,A1390,Current
lighting,Route Points,trunk:LC1:L5:light:1,6,1391,A1391,Current
lighting,Route Points,trunk:LC1:L5:light:1,7,1392,A1392,Current
lighting,Route Points,trunk:LC1:L5:light:1,8,1393,A1393,Current
lighting,Route Points,trunk:LC1:L5:light:1,9,1394,A1394,Current
lighting,Route Points,trunk:LC1:L5:light:1,10,1395,A1395,Current
lighting,Route Points,trunk:LC1:L5:light:1,11,1396,A1396,Current
lighting,Route Points,trunk:LC1:L5:light:1,12,1397,A1397,Current
lighting,Route Points,trunk:LC1:L5:light:1,13,1398,A1398,Current
lighting,Route Points,trunk:LC1:L5:light:1,14,1399,A1399,Current
lighting,Route Points,trunk:LC1:L5:light:1,15,1400,A1400,Current
lighting,Route Points,trunk:LC1:L5:light:1,16,1401,A1401,Current
lighting,Route Points,trunk:LC1:L5:light:1,17,1402,A1402,Current
lighting,Route Points,trunk:LC1:L5:light:1,18,1403,A1403,Current
lighting,Route Points,drop:LC1:L5:light:1:L145,1,1404,A1404,Current
lighting,Route Points,drop:LC1:L5:light:1:L145,2,1405,A1405,Current
lighting,Route Points,drop:LC1:L5:light:1:L145,3,1406,A1406,Current
lighting,Route Points,drop:LC1:L5:light:1:L145,4,1407,A1407,Current
lighting,Route Points,drop:LC1:L5:light:1:L145,5,1408,A1408,Current
lighting,Route Points,drop:LC1:L5:light:1:L145,6,1409,A1409,Current
lighting,Route Points,drop:LC1:L5:light:1:L146,1,1410,A1410,Current
lighting,Route Points,drop:LC1:L5:light:1:L146,2,1411,A1411,Current
lighting,Route Points,drop:LC1:L5:light:1:L146,3,1412,A1412,Current
lighting,Route Points,drop:LC1:L5:light:1:L146,4,1413,A1413,Current
lighting,Route Points,drop:LC1:L5:light:1:L146,5,1414,A1414,Current
lighting,Route Points,drop:LC1:L5:light:1:L146,6,1415,A1415,Current
lighting,Route Points,drop:LC1:L5:light:1:L147,1,1416,A1416,Current
lighting,Route Points,drop:LC1:L5:light:1:L147,2,1417,A1417,Current
lighting,Route Points,drop:LC1:L5:light:1:L147,3,1418,A1418,Current
lighting,Route Points,drop:LC1:L5:light:1:L147,4,1419,A1419,Current
lighting,Route Points,drop:LC1:L5:light:1:L147,5,1420,A1420,Current
lighting,Route Points,drop:LC1:L5:light:1:L147,6,1421,A1421,Current
lighting,Route Points,drop:LC1:L5:light:1:L148,1,1422,A1422,Current
lighting,Route Points,drop:LC1:L5:light:1:L148,2,1423,A1423,Current
lighting,Route Points,drop:LC1:L5:light:1:L148,3,1424,A1424,Current
lighting,Route Points,drop:LC1:L5:light:1:L148,4,1425,A1425,Current
lighting,Route Points,drop:LC1:L5:light:1:L148,5,1426,A1426,Current
lighting,Route Points,drop:LC1:L5:light:1:L148,6,1427,A1427,Current
lighting,Route Points,drop:LC1:L5:light:1:L149,1,1428,A1428,Current
lighting,Route Points,drop:LC1:L5:light:1:L149,2,1429,A1429,Current
lighting,Route Points,drop:LC1:L5:light:1:L149,3,1430,A1430,Current
lighting,Route Points,drop:LC1:L5:light:1:L149,4,1431,A1431,Current
lighting,Route Points,drop:LC1:L5:light:1:L149,5,1432,A1432,Current
lighting,Route Points,drop:LC1:L5:light:1:L149,6,1433,A1433,Current
lighting,Route Points,drop:LC1:L5:light:1:L150,1,1434,A1434,Current
lighting,Route Points,drop:LC1:L5:light:1:L150,2,1435,A1435,Current
lighting,Route Points,drop:LC1:L5:light:1:L150,3,1436,A1436,Current
lighting,Route Points,drop:LC1:L5:light:1:L150,4,1437,A1437,Current
lighting,Route Points,drop:LC1:L5:light:1:L150,5,1438,A1438,Current
lighting,Route Points,drop:LC1:L5:light:1:L150,6,1439,A1439,Current
lighting,Route Points,drop:LC1:L5:light:1:L191,1,1440,A1440,Current
lighting,Route Points,drop:LC1:L5:light:1:L191,2,1441,A1441,Current
lighting,Route Points,drop:LC1:L5:light:1:L191,3,1442,A1442,Current
lighting,Route Points,drop:LC1:L5:light:1:L191,4,1443,A1443,Current
lighting,Route Points,drop:LC1:L5:light:1:L191,5,1444,A1444,Current
lighting,Route Points,drop:LC1:L5:light:1:L191,6,1445,A1445,Current
lighting,Route Points,drop:LC1:L5:light:1:L192,1,1446,A1446,Current
lighting,Route Points,drop:LC1:L5:light:1:L192,2,1447,A1447,Current
lighting,Route Points,drop:LC1:L5:light:1:L192,3,1448,A1448,Current
lighting,Route Points,drop:LC1:L5:light:1:L192,4,1449,A1449,Current
lighting,Route Points,drop:LC1:L5:light:1:L192,5,1450,A1450,Current
lighting,Route Points,drop:LC1:L5:light:1:L192,6,1451,A1451,Current
lighting,Route Points,drop:LC1:L5:light:1:L193,1,1452,A1452,Current
lighting,Route Points,drop:LC1:L5:light:1:L193,2,1453,A1453,Current
lighting,Route Points,drop:LC1:L5:light:1:L193,3,1454,A1454,Current
lighting,Route Points,drop:LC1:L5:light:1:L193,4,1455,A1455,Current
lighting,Route Points,drop:LC1:L5:light:1:L193,5,1456,A1456,Current
lighting,Route Points,drop:LC1:L5:light:1:L193,6,1457,A1457,Current
lighting,Route Points,drop:LC1:L5:light:1:L194,1,1458,A1458,Current
lighting,Route Points,drop:LC1:L5:light:1:L194,2,1459,A1459,Current
lighting,Route Points,drop:LC1:L5:light:1:L194,3,1460,A1460,Current
lighting,Route Points,drop:LC1:L5:light:1:L194,4,1461,A1461,Current
lighting,Route Points,drop:LC1:L5:light:1:L195,1,1462,A1462,Current
lighting,Route Points,drop:LC1:L5:light:1:L195,2,1463,A1463,Current
lighting,Route Points,drop:LC1:L5:light:1:L195,3,1464,A1464,Current
lighting,Route Points,drop:LC1:L5:light:1:L195,4,1465,A1465,Current
lighting,Route Points,trunk:DB2:L6:light:-1,1,1466,A1466,Current
lighting,Route Points,trunk:DB2:L6:light:-1,2,1467,A1467,Current
lighting,Route Points,trunk:DB2:L6:light:-1,3,1468,A1468,Current
lighting,Route Points,trunk:DB2:L6:light:-1,4,1469,A1469,Current
lighting,Route Points,trunk:DB2:L6:light:-1,5,1470,A1470,Current
lighting,Route Points,trunk:DB2:L6:light:-1,6,1471,A1471,Current
lighting,Route Points,drop:DB2:L6:light:-1:L160,1,1472,A1472,Current
lighting,Route Points,drop:DB2:L6:light:-1:L160,2,1473,A1473,Current
lighting,Route Points,drop:DB2:L6:light:-1:L160,3,1474,A1474,Current
lighting,Route Points,drop:DB2:L6:light:-1:L160,4,1475,A1475,Current
lighting,Route Points,drop:DB2:L6:light:-1:L160,5,1476,A1476,Current
lighting,Route Points,drop:DB2:L6:light:-1:L160,6,1477,A1477,Current
lighting,Route Points,drop:DB2:L6:light:-1:L160,7,1478,A1478,Current
lighting,Route Points,drop:DB2:L6:light:-1:L160,8,1479,A1479,Current
lighting,Route Points,drop:DB2:L6:light:-1:L160,9,1480,A1480,Current
lighting,Route Points,drop:DB2:L6:light:-1:L160,10,1481,A1481,Current
lighting,Route Points,drop:DB2:L6:light:-1:L161,1,1482,A1482,Current
lighting,Route Points,drop:DB2:L6:light:-1:L161,2,1483,A1483,Current
lighting,Route Points,drop:DB2:L6:light:-1:L161,3,1484,A1484,Current
lighting,Route Points,drop:DB2:L6:light:-1:L161,4,1485,A1485,Current
lighting,Route Points,drop:DB2:L6:light:-1:L161,5,1486,A1486,Current
lighting,Route Points,drop:DB2:L6:light:-1:L161,6,1487,A1487,Current
lighting,Route Points,drop:DB2:L6:light:-1:L161,7,1488,A1488,Current
lighting,Route Points,drop:DB2:L6:light:-1:L161,8,1489,A1489,Current
lighting,Route Points,drop:DB2:L6:light:-1:L161,9,1490,A1490,Current
lighting,Route Points,drop:DB2:L6:light:-1:L161,10,1491,A1491,Current
lighting,Route Points,drop:DB2:L6:light:-1:L162,1,1492,A1492,Current
lighting,Route Points,drop:DB2:L6:light:-1:L162,2,1493,A1493,Current
lighting,Route Points,drop:DB2:L6:light:-1:L162,3,1494,A1494,Current
lighting,Route Points,drop:DB2:L6:light:-1:L162,4,1495,A1495,Current
lighting,Route Points,drop:DB2:L6:light:-1:L162,5,1496,A1496,Current
lighting,Route Points,drop:DB2:L6:light:-1:L162,6,1497,A1497,Current
lighting,Route Points,drop:DB2:L6:light:-1:L162,7,1498,A1498,Current
lighting,Route Points,drop:DB2:L6:light:-1:L162,8,1499,A1499,Current
lighting,Route Points,drop:DB2:L6:light:-1:L162,9,1500,A1500,Current
lighting,Route Points,drop:DB2:L6:light:-1:L162,10,1501,A1501,Current
lighting,Route Points,drop:DB2:L6:light:-1:L162,11,1502,A1502,Current
lighting,Route Points,drop:DB2:L6:light:-1:L162,12,1503,A1503,Current
lighting,Route Points,drop:DB2:L6:light:-1:L162,13,1504,A1504,Current
lighting,Route Points,drop:DB2:L6:light:-1:L162,14,1505,A1505,Current
lighting,Route Points,drop:DB2:L6:light:-1:L163,1,1506,A1506,Current
lighting,Route Points,drop:DB2:L6:light:-1:L163,2,1507,A1507,Current
lighting,Route Points,drop:DB2:L6:light:-1:L163,3,1508,A1508,Current
lighting,Route Points,drop:DB2:L6:light:-1:L163,4,1509,A1509,Current
lighting,Route Points,drop:DB2:L6:light:-1:L163,5,1510,A1510,Current
lighting,Route Points,drop:DB2:L6:light:-1:L163,6,1511,A1511,Current
lighting,Route Points,drop:DB2:L6:light:-1:L163,7,1512,A1512,Current
lighting,Route Points,drop:DB2:L6:light:-1:L163,8,1513,A1513,Current
lighting,Route Points,drop:DB2:L6:light:-1:L163,9,1514,A1514,Current
lighting,Route Points,drop:DB2:L6:light:-1:L163,10,1515,A1515,Current
lighting,Route Points,drop:DB2:L6:light:-1:L163,11,1516,A1516,Current
lighting,Route Points,drop:DB2:L6:light:-1:L163,12,1517,A1517,Current
lighting,Route Points,drop:DB2:L6:light:-1:L163,13,1518,A1518,Current
lighting,Route Points,drop:DB2:L6:light:-1:L163,14,1519,A1519,Current
lighting,Route Points,drop:DB2:L6:light:-1:L163,15,1520,A1520,Current
lighting,Route Points,drop:DB2:L6:light:-1:L163,16,1521,A1521,Current
lighting,Route Points,drop:DB2:L6:light:-1:L163,17,1522,A1522,Current
lighting,Route Points,drop:DB2:L6:light:-1:L164,1,1523,A1523,Current
lighting,Route Points,drop:DB2:L6:light:-1:L164,2,1524,A1524,Current
lighting,Route Points,drop:DB2:L6:light:-1:L164,3,1525,A1525,Current
lighting,Route Points,drop:DB2:L6:light:-1:L164,4,1526,A1526,Current
lighting,Route Points,drop:DB2:L6:light:-1:L164,5,1527,A1527,Current
lighting,Route Points,drop:DB2:L6:light:-1:L164,6,1528,A1528,Current
lighting,Route Points,drop:DB2:L6:light:-1:L164,7,1529,A1529,Current
lighting,Route Points,drop:DB2:L6:light:-1:L164,8,1530,A1530,Current
lighting,Route Points,drop:DB2:L6:light:-1:L164,9,1531,A1531,Current
lighting,Route Points,drop:DB2:L6:light:-1:L164,10,1532,A1532,Current
lighting,Route Points,drop:DB2:L6:light:-1:L164,11,1533,A1533,Current
lighting,Route Points,drop:DB2:L6:light:-1:L164,12,1534,A1534,Current
lighting,Route Points,drop:DB2:L6:light:-1:L164,13,1535,A1535,Current
lighting,Route Points,drop:DB2:L6:light:-1:L164,14,1536,A1536,Current
lighting,Route Points,drop:DB2:L6:light:-1:L164,15,1537,A1537,Current
lighting,Route Points,drop:DB2:L6:light:-1:L164,16,1538,A1538,Current
lighting,Route Points,drop:DB2:L6:light:-1:L164,17,1539,A1539,Current
lighting,Route Points,drop:DB2:L6:light:-1:L164,18,1540,A1540,Current
lighting,Route Points,drop:DB2:L6:light:-1:L165,1,1541,A1541,Current
lighting,Route Points,drop:DB2:L6:light:-1:L165,2,1542,A1542,Current
lighting,Route Points,drop:DB2:L6:light:-1:L165,3,1543,A1543,Current
lighting,Route Points,drop:DB2:L6:light:-1:L165,4,1544,A1544,Current
lighting,Route Points,drop:DB2:L6:light:-1:L165,5,1545,A1545,Current
lighting,Route Points,drop:DB2:L6:light:-1:L165,6,1546,A1546,Current
lighting,Route Points,drop:DB2:L6:light:-1:L165,7,1547,A1547,Current
lighting,Route Points,drop:DB2:L6:light:-1:L165,8,1548,A1548,Current
lighting,Route Points,drop:DB2:L6:light:-1:L165,9,1549,A1549,Current
lighting,Route Points,drop:DB2:L6:light:-1:L165,10,1550,A1550,Current
lighting,Route Points,drop:DB2:L6:light:-1:L165,11,1551,A1551,Current
lighting,Route Points,drop:DB2:L6:light:-1:L165,12,1552,A1552,Current
lighting,Route Points,drop:DB2:L6:light:-1:L165,13,1553,A1553,Current
lighting,Route Points,drop:DB2:L6:light:-1:L165,14,1554,A1554,Current
lighting,Route Points,drop:DB2:L6:light:-1:L165,15,1555,A1555,Current
lighting,Route Points,drop:DB2:L6:light:-1:L165,16,1556,A1556,Current
lighting,Route Points,drop:DB2:L6:light:-1:L165,17,1557,A1557,Current
lighting,Route Points,drop:DB2:L6:light:-1:L165,18,1558,A1558,Current
lighting,Route Points,drop:DB2:L6:light:-1:L166,1,1559,A1559,Current
lighting,Route Points,drop:DB2:L6:light:-1:L166,2,1560,A1560,Current
lighting,Route Points,drop:DB2:L6:light:-1:L166,3,1561,A1561,Current
lighting,Route Points,drop:DB2:L6:light:-1:L166,4,1562,A1562,Current
lighting,Route Points,drop:DB2:L6:light:-1:L166,5,1563,A1563,Current
lighting,Route Points,drop:DB2:L6:light:-1:L166,6,1564,A1564,Current
lighting,Route Points,drop:DB2:L6:light:-1:L166,7,1565,A1565,Current
lighting,Route Points,drop:DB2:L6:light:-1:L166,8,1566,A1566,Current
lighting,Route Points,drop:DB2:L6:light:-1:L166,9,1567,A1567,Current
lighting,Route Points,drop:DB2:L6:light:-1:L166,10,1568,A1568,Current
lighting,Route Points,drop:DB2:L6:light:-1:L166,11,1569,A1569,Current
lighting,Route Points,drop:DB2:L6:light:-1:L167,1,1570,A1570,Current
lighting,Route Points,drop:DB2:L6:light:-1:L167,2,1571,A1571,Current
lighting,Route Points,drop:DB2:L6:light:-1:L167,3,1572,A1572,Current
lighting,Route Points,drop:DB2:L6:light:-1:L167,4,1573,A1573,Current
lighting,Route Points,drop:DB2:L6:light:-1:L167,5,1574,A1574,Current
lighting,Route Points,drop:DB2:L6:light:-1:L167,6,1575,A1575,Current
lighting,Route Points,drop:DB2:L6:light:-1:L167,7,1576,A1576,Current
lighting,Route Points,drop:DB2:L6:light:-1:L167,8,1577,A1577,Current
lighting,Route Points,drop:DB2:L6:light:-1:L167,9,1578,A1578,Current
lighting,Route Points,drop:DB2:L6:light:-1:L167,10,1579,A1579,Current
lighting,Route Points,drop:DB2:L6:light:-1:L167,11,1580,A1580,Current
lighting,Route Points,drop:DB2:L6:light:-1:L168,1,1581,A1581,Current
lighting,Route Points,drop:DB2:L6:light:-1:L168,2,1582,A1582,Current
lighting,Route Points,drop:DB2:L6:light:-1:L168,3,1583,A1583,Current
lighting,Route Points,drop:DB2:L6:light:-1:L168,4,1584,A1584,Current
lighting,Route Points,drop:DB2:L6:light:-1:L168,5,1585,A1585,Current
lighting,Route Points,drop:DB2:L6:light:-1:L168,6,1586,A1586,Current
lighting,Route Points,drop:DB2:L6:light:-1:L168,7,1587,A1587,Current
lighting,Route Points,drop:DB2:L6:light:-1:L168,8,1588,A1588,Current
lighting,Route Points,drop:DB2:L6:light:-1:L168,9,1589,A1589,Current
lighting,Route Points,drop:DB2:L6:light:-1:L168,10,1590,A1590,Current
lighting,Route Points,drop:DB2:L6:light:-1:L168,11,1591,A1591,Current
lighting,Route Points,drop:DB2:L6:light:-1:L168,12,1592,A1592,Current
lighting,Route Points,drop:DB2:L6:light:-1:L168,13,1593,A1593,Current
lighting,Route Points,drop:DB2:L6:light:-1:L168,14,1594,A1594,Current
lighting,Route Points,drop:DB2:L6:light:-1:L168,15,1595,A1595,Current
lighting,Route Points,drop:DB2:L6:light:-1:L169,1,1596,A1596,Current
lighting,Route Points,drop:DB2:L6:light:-1:L169,2,1597,A1597,Current
lighting,Route Points,drop:DB2:L6:light:-1:L169,3,1598,A1598,Current
lighting,Route Points,drop:DB2:L6:light:-1:L169,4,1599,A1599,Current
lighting,Route Points,drop:DB2:L6:light:-1:L169,5,1600,A1600,Current
lighting,Route Points,drop:DB2:L6:light:-1:L169,6,1601,A1601,Current
lighting,Route Points,drop:DB2:L6:light:-1:L169,7,1602,A1602,Current
lighting,Route Points,drop:DB2:L6:light:-1:L169,8,1603,A1603,Current
lighting,Route Points,drop:DB2:L6:light:-1:L169,9,1604,A1604,Current
lighting,Route Points,drop:DB2:L6:light:-1:L169,10,1605,A1605,Current
lighting,Route Points,drop:DB2:L6:light:-1:L169,11,1606,A1606,Current
lighting,Route Points,drop:DB2:L6:light:-1:L169,12,1607,A1607,Current
lighting,Route Points,drop:DB2:L6:light:-1:L169,13,1608,A1608,Current
lighting,Route Points,drop:DB2:L6:light:-1:L169,14,1609,A1609,Current
lighting,Route Points,drop:DB2:L6:light:-1:L169,15,1610,A1610,Current
lighting,Route Points,drop:DB2:L6:light:-1:L169,16,1611,A1611,Current
lighting,Route Points,drop:DB2:L6:light:-1:L169,17,1612,A1612,Current
lighting,Route Points,drop:DB2:L6:light:-1:L169,18,1613,A1613,Current
lighting,Route Points,drop:DB2:L6:light:-1:L170,1,1614,A1614,Current
lighting,Route Points,drop:DB2:L6:light:-1:L170,2,1615,A1615,Current
lighting,Route Points,drop:DB2:L6:light:-1:L170,3,1616,A1616,Current
lighting,Route Points,drop:DB2:L6:light:-1:L170,4,1617,A1617,Current
lighting,Route Points,drop:DB2:L6:light:-1:L170,5,1618,A1618,Current
lighting,Route Points,drop:DB2:L6:light:-1:L170,6,1619,A1619,Current
lighting,Route Points,drop:DB2:L6:light:-1:L170,7,1620,A1620,Current
lighting,Route Points,drop:DB2:L6:light:-1:L170,8,1621,A1621,Current
lighting,Route Points,drop:DB2:L6:light:-1:L170,9,1622,A1622,Current
lighting,Route Points,drop:DB2:L6:light:-1:L170,10,1623,A1623,Current
lighting,Route Points,drop:DB2:L6:light:-1:L222,1,1624,A1624,Current
lighting,Route Points,drop:DB2:L6:light:-1:L222,2,1625,A1625,Current
lighting,Route Points,drop:DB2:L6:light:-1:L222,3,1626,A1626,Current
lighting,Route Points,drop:DB2:L6:light:-1:L222,4,1627,A1627,Current
lighting,Route Points,drop:DB2:L6:light:-1:L222,5,1628,A1628,Current
lighting,Route Points,drop:DB2:L6:light:-1:L222,6,1629,A1629,Current
lighting,Route Points,drop:DB2:L6:light:-1:L222,7,1630,A1630,Current
lighting,Route Points,drop:DB2:L6:light:-1:L222,8,1631,A1631,Current
lighting,Route Points,drop:DB2:L6:light:-1:L222,9,1632,A1632,Current
lighting,Route Points,drop:DB2:L6:light:-1:L222,10,1633,A1633,Current
lighting,Route Points,drop:DB2:L6:light:-1:L223,1,1634,A1634,Current
lighting,Route Points,drop:DB2:L6:light:-1:L223,2,1635,A1635,Current
lighting,Route Points,drop:DB2:L6:light:-1:L223,3,1636,A1636,Current
lighting,Route Points,drop:DB2:L6:light:-1:L223,4,1637,A1637,Current
lighting,Route Points,drop:DB2:L6:light:-1:L223,5,1638,A1638,Current
lighting,Route Points,drop:DB2:L6:light:-1:L223,6,1639,A1639,Current
lighting,Route Points,drop:DB2:L6:light:-1:L223,7,1640,A1640,Current
lighting,Route Points,drop:DB2:L6:light:-1:L223,8,1641,A1641,Current
lighting,Route Points,drop:DB2:L6:light:-1:L223,9,1642,A1642,Current
lighting,Route Points,drop:DB2:L6:light:-1:L223,10,1643,A1643,Current
lighting,Route Points,drop:DB2:L6:light:-1:L223,11,1644,A1644,Current
lighting,Route Points,drop:DB2:L6:light:-1:L223,12,1645,A1645,Current
lighting,Route Points,drop:DB2:L6:light:-1:L223,13,1646,A1646,Current
lighting,Route Points,drop:DB2:L6:light:-1:L223,14,1647,A1647,Current
lighting,Route Points,trunk:DB2:L6:light:1,1,1648,A1648,Current
lighting,Route Points,trunk:DB2:L6:light:1,2,1649,A1649,Current
lighting,Route Points,trunk:DB2:L6:light:1,3,1650,A1650,Current
lighting,Route Points,trunk:DB2:L6:light:1,4,1651,A1651,Current
lighting,Route Points,trunk:DB2:L6:light:1,5,1652,A1652,Current
lighting,Route Points,trunk:DB2:L6:light:1,6,1653,A1653,Current
lighting,Route Points,drop:DB2:L6:light:1:L171,1,1654,A1654,Current
lighting,Route Points,drop:DB2:L6:light:1:L171,2,1655,A1655,Current
lighting,Route Points,drop:DB2:L6:light:1:L171,3,1656,A1656,Current
lighting,Route Points,drop:DB2:L6:light:1:L171,4,1657,A1657,Current
lighting,Route Points,drop:DB2:L6:light:1:L171,5,1658,A1658,Current
lighting,Route Points,drop:DB2:L6:light:1:L171,6,1659,A1659,Current
lighting,Route Points,drop:DB2:L6:light:1:L171,7,1660,A1660,Current
lighting,Route Points,drop:DB2:L6:light:1:L171,8,1661,A1661,Current
lighting,Route Points,drop:DB2:L6:light:1:L171,9,1662,A1662,Current
lighting,Route Points,drop:DB2:L6:light:1:L171,10,1663,A1663,Current
lighting,Route Points,drop:DB2:L6:light:1:L172,1,1664,A1664,Current
lighting,Route Points,drop:DB2:L6:light:1:L172,2,1665,A1665,Current
lighting,Route Points,drop:DB2:L6:light:1:L172,3,1666,A1666,Current
lighting,Route Points,drop:DB2:L6:light:1:L172,4,1667,A1667,Current
lighting,Route Points,drop:DB2:L6:light:1:L172,5,1668,A1668,Current
lighting,Route Points,drop:DB2:L6:light:1:L172,6,1669,A1669,Current
lighting,Route Points,drop:DB2:L6:light:1:L172,7,1670,A1670,Current
lighting,Route Points,drop:DB2:L6:light:1:L172,8,1671,A1671,Current
lighting,Route Points,drop:DB2:L6:light:1:L172,9,1672,A1672,Current
lighting,Route Points,drop:DB2:L6:light:1:L172,10,1673,A1673,Current
lighting,Route Points,drop:DB2:L6:light:1:L173,1,1674,A1674,Current
lighting,Route Points,drop:DB2:L6:light:1:L173,2,1675,A1675,Current
lighting,Route Points,drop:DB2:L6:light:1:L173,3,1676,A1676,Current
lighting,Route Points,drop:DB2:L6:light:1:L173,4,1677,A1677,Current
lighting,Route Points,drop:DB2:L6:light:1:L173,5,1678,A1678,Current
lighting,Route Points,drop:DB2:L6:light:1:L173,6,1679,A1679,Current
lighting,Route Points,drop:DB2:L6:light:1:L173,7,1680,A1680,Current
lighting,Route Points,drop:DB2:L6:light:1:L173,8,1681,A1681,Current
lighting,Route Points,drop:DB2:L6:light:1:L173,9,1682,A1682,Current
lighting,Route Points,drop:DB2:L6:light:1:L173,10,1683,A1683,Current
lighting,Route Points,drop:DB2:L6:light:1:L173,11,1684,A1684,Current
lighting,Route Points,drop:DB2:L6:light:1:L173,12,1685,A1685,Current
lighting,Route Points,drop:DB2:L6:light:1:L173,13,1686,A1686,Current
lighting,Route Points,drop:DB2:L6:light:1:L173,14,1687,A1687,Current
lighting,Route Points,drop:DB2:L6:light:1:L174,1,1688,A1688,Current
lighting,Route Points,drop:DB2:L6:light:1:L174,2,1689,A1689,Current
lighting,Route Points,drop:DB2:L6:light:1:L174,3,1690,A1690,Current
lighting,Route Points,drop:DB2:L6:light:1:L174,4,1691,A1691,Current
lighting,Route Points,drop:DB2:L6:light:1:L174,5,1692,A1692,Current
lighting,Route Points,drop:DB2:L6:light:1:L174,6,1693,A1693,Current
lighting,Route Points,drop:DB2:L6:light:1:L174,7,1694,A1694,Current
lighting,Route Points,drop:DB2:L6:light:1:L174,8,1695,A1695,Current
lighting,Route Points,drop:DB2:L6:light:1:L174,9,1696,A1696,Current
lighting,Route Points,drop:DB2:L6:light:1:L174,10,1697,A1697,Current
lighting,Route Points,drop:DB2:L6:light:1:L174,11,1698,A1698,Current
lighting,Route Points,drop:DB2:L6:light:1:L174,12,1699,A1699,Current
lighting,Route Points,drop:DB2:L6:light:1:L174,13,1700,A1700,Current
lighting,Route Points,drop:DB2:L6:light:1:L174,14,1701,A1701,Current
lighting,Route Points,drop:DB2:L6:light:1:L174,15,1702,A1702,Current
lighting,Route Points,drop:DB2:L6:light:1:L174,16,1703,A1703,Current
lighting,Route Points,drop:DB2:L6:light:1:L174,17,1704,A1704,Current
lighting,Route Points,drop:DB2:L6:light:1:L175,1,1705,A1705,Current
lighting,Route Points,drop:DB2:L6:light:1:L175,2,1706,A1706,Current
lighting,Route Points,drop:DB2:L6:light:1:L175,3,1707,A1707,Current
lighting,Route Points,drop:DB2:L6:light:1:L175,4,1708,A1708,Current
lighting,Route Points,drop:DB2:L6:light:1:L175,5,1709,A1709,Current
lighting,Route Points,drop:DB2:L6:light:1:L175,6,1710,A1710,Current
lighting,Route Points,drop:DB2:L6:light:1:L175,7,1711,A1711,Current
lighting,Route Points,drop:DB2:L6:light:1:L175,8,1712,A1712,Current
lighting,Route Points,drop:DB2:L6:light:1:L175,9,1713,A1713,Current
lighting,Route Points,drop:DB2:L6:light:1:L175,10,1714,A1714,Current
lighting,Route Points,drop:DB2:L6:light:1:L175,11,1715,A1715,Current
lighting,Route Points,drop:DB2:L6:light:1:L175,12,1716,A1716,Current
lighting,Route Points,drop:DB2:L6:light:1:L175,13,1717,A1717,Current
lighting,Route Points,drop:DB2:L6:light:1:L175,14,1718,A1718,Current
lighting,Route Points,drop:DB2:L6:light:1:L175,15,1719,A1719,Current
lighting,Route Points,drop:DB2:L6:light:1:L175,16,1720,A1720,Current
lighting,Route Points,drop:DB2:L6:light:1:L175,17,1721,A1721,Current
lighting,Route Points,drop:DB2:L6:light:1:L175,18,1722,A1722,Current
lighting,Route Points,drop:DB2:L6:light:1:L176,1,1723,A1723,Current
lighting,Route Points,drop:DB2:L6:light:1:L176,2,1724,A1724,Current
lighting,Route Points,drop:DB2:L6:light:1:L176,3,1725,A1725,Current
lighting,Route Points,drop:DB2:L6:light:1:L176,4,1726,A1726,Current
lighting,Route Points,drop:DB2:L6:light:1:L176,5,1727,A1727,Current
lighting,Route Points,drop:DB2:L6:light:1:L176,6,1728,A1728,Current
lighting,Route Points,drop:DB2:L6:light:1:L176,7,1729,A1729,Current
lighting,Route Points,drop:DB2:L6:light:1:L176,8,1730,A1730,Current
lighting,Route Points,drop:DB2:L6:light:1:L176,9,1731,A1731,Current
lighting,Route Points,drop:DB2:L6:light:1:L176,10,1732,A1732,Current
lighting,Route Points,drop:DB2:L6:light:1:L176,11,1733,A1733,Current
lighting,Route Points,drop:DB2:L6:light:1:L176,12,1734,A1734,Current
lighting,Route Points,drop:DB2:L6:light:1:L176,13,1735,A1735,Current
lighting,Route Points,drop:DB2:L6:light:1:L176,14,1736,A1736,Current
lighting,Route Points,drop:DB2:L6:light:1:L176,15,1737,A1737,Current
lighting,Route Points,drop:DB2:L6:light:1:L176,16,1738,A1738,Current
lighting,Route Points,drop:DB2:L6:light:1:L176,17,1739,A1739,Current
lighting,Route Points,drop:DB2:L6:light:1:L176,18,1740,A1740,Current
lighting,Route Points,drop:DB2:L6:light:1:L177,1,1741,A1741,Current
lighting,Route Points,drop:DB2:L6:light:1:L177,2,1742,A1742,Current
lighting,Route Points,drop:DB2:L6:light:1:L177,3,1743,A1743,Current
lighting,Route Points,drop:DB2:L6:light:1:L177,4,1744,A1744,Current
lighting,Route Points,drop:DB2:L6:light:1:L177,5,1745,A1745,Current
lighting,Route Points,drop:DB2:L6:light:1:L177,6,1746,A1746,Current
lighting,Route Points,drop:DB2:L6:light:1:L177,7,1747,A1747,Current
lighting,Route Points,drop:DB2:L6:light:1:L177,8,1748,A1748,Current
lighting,Route Points,drop:DB2:L6:light:1:L177,9,1749,A1749,Current
lighting,Route Points,drop:DB2:L6:light:1:L177,10,1750,A1750,Current
lighting,Route Points,drop:DB2:L6:light:1:L177,11,1751,A1751,Current
lighting,Route Points,drop:DB2:L6:light:1:L178,1,1752,A1752,Current
lighting,Route Points,drop:DB2:L6:light:1:L178,2,1753,A1753,Current
lighting,Route Points,drop:DB2:L6:light:1:L178,3,1754,A1754,Current
lighting,Route Points,drop:DB2:L6:light:1:L178,4,1755,A1755,Current
lighting,Route Points,drop:DB2:L6:light:1:L178,5,1756,A1756,Current
lighting,Route Points,drop:DB2:L6:light:1:L178,6,1757,A1757,Current
lighting,Route Points,drop:DB2:L6:light:1:L178,7,1758,A1758,Current
lighting,Route Points,drop:DB2:L6:light:1:L178,8,1759,A1759,Current
lighting,Route Points,drop:DB2:L6:light:1:L178,9,1760,A1760,Current
lighting,Route Points,drop:DB2:L6:light:1:L178,10,1761,A1761,Current
lighting,Route Points,drop:DB2:L6:light:1:L178,11,1762,A1762,Current
lighting,Route Points,drop:DB2:L6:light:1:L179,1,1763,A1763,Current
lighting,Route Points,drop:DB2:L6:light:1:L179,2,1764,A1764,Current
lighting,Route Points,drop:DB2:L6:light:1:L179,3,1765,A1765,Current
lighting,Route Points,drop:DB2:L6:light:1:L179,4,1766,A1766,Current
lighting,Route Points,drop:DB2:L6:light:1:L179,5,1767,A1767,Current
lighting,Route Points,drop:DB2:L6:light:1:L179,6,1768,A1768,Current
lighting,Route Points,drop:DB2:L6:light:1:L179,7,1769,A1769,Current
lighting,Route Points,drop:DB2:L6:light:1:L179,8,1770,A1770,Current
lighting,Route Points,drop:DB2:L6:light:1:L179,9,1771,A1771,Current
lighting,Route Points,drop:DB2:L6:light:1:L179,10,1772,A1772,Current
lighting,Route Points,drop:DB2:L6:light:1:L179,11,1773,A1773,Current
lighting,Route Points,drop:DB2:L6:light:1:L179,12,1774,A1774,Current
lighting,Route Points,drop:DB2:L6:light:1:L179,13,1775,A1775,Current
lighting,Route Points,drop:DB2:L6:light:1:L179,14,1776,A1776,Current
lighting,Route Points,drop:DB2:L6:light:1:L179,15,1777,A1777,Current
lighting,Route Points,drop:DB2:L6:light:1:L180,1,1778,A1778,Current
lighting,Route Points,drop:DB2:L6:light:1:L180,2,1779,A1779,Current
lighting,Route Points,drop:DB2:L6:light:1:L180,3,1780,A1780,Current
lighting,Route Points,drop:DB2:L6:light:1:L180,4,1781,A1781,Current
lighting,Route Points,drop:DB2:L6:light:1:L180,5,1782,A1782,Current
lighting,Route Points,drop:DB2:L6:light:1:L180,6,1783,A1783,Current
lighting,Route Points,drop:DB2:L6:light:1:L180,7,1784,A1784,Current
lighting,Route Points,drop:DB2:L6:light:1:L180,8,1785,A1785,Current
lighting,Route Points,drop:DB2:L6:light:1:L180,9,1786,A1786,Current
lighting,Route Points,drop:DB2:L6:light:1:L180,10,1787,A1787,Current
lighting,Route Points,drop:DB2:L6:light:1:L180,11,1788,A1788,Current
lighting,Route Points,drop:DB2:L6:light:1:L180,12,1789,A1789,Current
lighting,Route Points,drop:DB2:L6:light:1:L180,13,1790,A1790,Current
lighting,Route Points,drop:DB2:L6:light:1:L180,14,1791,A1791,Current
lighting,Route Points,drop:DB2:L6:light:1:L180,15,1792,A1792,Current
lighting,Route Points,drop:DB2:L6:light:1:L180,16,1793,A1793,Current
lighting,Route Points,drop:DB2:L6:light:1:L180,17,1794,A1794,Current
lighting,Route Points,drop:DB2:L6:light:1:L180,18,1795,A1795,Current
lighting,Route Points,drop:DB2:L6:light:1:L181,1,1796,A1796,Current
lighting,Route Points,drop:DB2:L6:light:1:L181,2,1797,A1797,Current
lighting,Route Points,drop:DB2:L6:light:1:L181,3,1798,A1798,Current
lighting,Route Points,drop:DB2:L6:light:1:L181,4,1799,A1799,Current
lighting,Route Points,drop:DB2:L6:light:1:L181,5,1800,A1800,Current
lighting,Route Points,drop:DB2:L6:light:1:L181,6,1801,A1801,Current
lighting,Route Points,drop:DB2:L6:light:1:L181,7,1802,A1802,Current
lighting,Route Points,drop:DB2:L6:light:1:L181,8,1803,A1803,Current
lighting,Route Points,drop:DB2:L6:light:1:L181,9,1804,A1804,Current
lighting,Route Points,drop:DB2:L6:light:1:L181,10,1805,A1805,Current
lighting,Route Points,drop:DB2:L6:light:1:L224,1,1806,A1806,Current
lighting,Route Points,drop:DB2:L6:light:1:L224,2,1807,A1807,Current
lighting,Route Points,drop:DB2:L6:light:1:L224,3,1808,A1808,Current
lighting,Route Points,drop:DB2:L6:light:1:L224,4,1809,A1809,Current
lighting,Route Points,drop:DB2:L6:light:1:L224,5,1810,A1810,Current
lighting,Route Points,drop:DB2:L6:light:1:L224,6,1811,A1811,Current
lighting,Route Points,drop:DB2:L6:light:1:L224,7,1812,A1812,Current
lighting,Route Points,drop:DB2:L6:light:1:L224,8,1813,A1813,Current
lighting,Route Points,drop:DB2:L6:light:1:L224,9,1814,A1814,Current
lighting,Route Points,drop:DB2:L6:light:1:L224,10,1815,A1815,Current
lighting,Route Points,drop:DB2:L6:light:1:L225,1,1816,A1816,Current
lighting,Route Points,drop:DB2:L6:light:1:L225,2,1817,A1817,Current
lighting,Route Points,drop:DB2:L6:light:1:L225,3,1818,A1818,Current
lighting,Route Points,drop:DB2:L6:light:1:L225,4,1819,A1819,Current
lighting,Route Points,drop:DB2:L6:light:1:L225,5,1820,A1820,Current
lighting,Route Points,drop:DB2:L6:light:1:L225,6,1821,A1821,Current
lighting,Route Points,drop:DB2:L6:light:1:L225,7,1822,A1822,Current
lighting,Route Points,drop:DB2:L6:light:1:L225,8,1823,A1823,Current
lighting,Route Points,drop:DB2:L6:light:1:L225,9,1824,A1824,Current
lighting,Route Points,drop:DB2:L6:light:1:L225,10,1825,A1825,Current
lighting,Route Points,drop:DB2:L6:light:1:L225,11,1826,A1826,Current
lighting,Route Points,drop:DB2:L6:light:1:L225,12,1827,A1827,Current
lighting,Route Points,drop:DB2:L6:light:1:L225,13,1828,A1828,Current
lighting,Route Points,drop:DB2:L6:light:1:L225,14,1829,A1829,Current
lighting,Route Points,trunk:DB2:L7:light:-1,1,1830,A1830,Current
lighting,Route Points,trunk:DB2:L7:light:-1,2,1831,A1831,Current
lighting,Route Points,trunk:DB2:L7:light:-1,3,1832,A1832,Current
lighting,Route Points,trunk:DB2:L7:light:-1,4,1833,A1833,Current
lighting,Route Points,trunk:DB2:L7:light:-1,5,1834,A1834,Current
lighting,Route Points,trunk:DB2:L7:light:-1,6,1835,A1835,Current
lighting,Route Points,trunk:DB2:L7:light:-1,7,1836,A1836,Current
lighting,Route Points,trunk:DB2:L7:light:-1,8,1837,A1837,Current
lighting,Route Points,trunk:DB2:L7:light:-1,9,1838,A1838,Current
lighting,Route Points,trunk:DB2:L7:light:-1,10,1839,A1839,Current
lighting,Route Points,trunk:DB2:L7:light:-1,11,1840,A1840,Current
lighting,Route Points,trunk:DB2:L7:light:-1,12,1841,A1841,Current
lighting,Route Points,trunk:DB2:L7:light:-1,13,1842,A1842,Current
lighting,Route Points,trunk:DB2:L7:light:-1,14,1843,A1843,Current
lighting,Route Points,trunk:DB2:L7:light:-1,15,1844,A1844,Current
lighting,Route Points,trunk:DB2:L7:light:-1,16,1845,A1845,Current
lighting,Route Points,drop:DB2:L7:light:-1:L196,1,1846,A1846,Current
lighting,Route Points,drop:DB2:L7:light:-1:L196,2,1847,A1847,Current
lighting,Route Points,drop:DB2:L7:light:-1:L196,3,1848,A1848,Current
lighting,Route Points,drop:DB2:L7:light:-1:L196,4,1849,A1849,Current
lighting,Route Points,drop:DB2:L7:light:-1:L197,1,1850,A1850,Current
lighting,Route Points,drop:DB2:L7:light:-1:L197,2,1851,A1851,Current
lighting,Route Points,drop:DB2:L7:light:-1:L197,3,1852,A1852,Current
lighting,Route Points,drop:DB2:L7:light:-1:L197,4,1853,A1853,Current
lighting,Route Points,drop:DB2:L7:light:-1:L198,1,1854,A1854,Current
lighting,Route Points,drop:DB2:L7:light:-1:L198,2,1855,A1855,Current
lighting,Route Points,drop:DB2:L7:light:-1:L198,3,1856,A1856,Current
lighting,Route Points,drop:DB2:L7:light:-1:L198,4,1857,A1857,Current
lighting,Route Points,drop:DB2:L7:light:-1:L199,1,1858,A1858,Current
lighting,Route Points,drop:DB2:L7:light:-1:L199,2,1859,A1859,Current
lighting,Route Points,drop:DB2:L7:light:-1:L199,3,1860,A1860,Current
lighting,Route Points,drop:DB2:L7:light:-1:L199,4,1861,A1861,Current
lighting,Route Points,drop:DB2:L7:light:-1:L199,5,1862,A1862,Current
lighting,Route Points,drop:DB2:L7:light:-1:L200,1,1863,A1863,Current
lighting,Route Points,drop:DB2:L7:light:-1:L200,2,1864,A1864,Current
lighting,Route Points,drop:DB2:L7:light:-1:L200,3,1865,A1865,Current
lighting,Route Points,drop:DB2:L7:light:-1:L200,4,1866,A1866,Current
lighting,Route Points,drop:DB2:L7:light:-1:L200,5,1867,A1867,Current
lighting,Route Points,drop:DB2:L7:light:-1:L201,1,1868,A1868,Current
lighting,Route Points,drop:DB2:L7:light:-1:L201,2,1869,A1869,Current
lighting,Route Points,drop:DB2:L7:light:-1:L201,3,1870,A1870,Current
lighting,Route Points,drop:DB2:L7:light:-1:L201,4,1871,A1871,Current
lighting,Route Points,drop:DB2:L7:light:-1:L202,1,1872,A1872,Current
lighting,Route Points,drop:DB2:L7:light:-1:L202,2,1873,A1873,Current
lighting,Route Points,drop:DB2:L7:light:-1:L202,3,1874,A1874,Current
lighting,Route Points,drop:DB2:L7:light:-1:L202,4,1875,A1875,Current
lighting,Route Points,drop:DB2:L7:light:-1:L202,5,1876,A1876,Current
lighting,Route Points,drop:DB2:L7:light:-1:L202,6,1877,A1877,Current
lighting,Route Points,drop:DB2:L7:light:-1:L202,7,1878,A1878,Current
lighting,Route Points,drop:DB2:L7:light:-1:L202,8,1879,A1879,Current
lighting,Route Points,drop:DB2:L7:light:-1:L203,1,1880,A1880,Current
lighting,Route Points,drop:DB2:L7:light:-1:L203,2,1881,A1881,Current
lighting,Route Points,drop:DB2:L7:light:-1:L203,3,1882,A1882,Current
lighting,Route Points,drop:DB2:L7:light:-1:L203,4,1883,A1883,Current
lighting,Route Points,drop:DB2:L7:light:-1:L203,5,1884,A1884,Current
lighting,Route Points,drop:DB2:L7:light:-1:L203,6,1885,A1885,Current
lighting,Route Points,drop:DB2:L7:light:-1:L203,7,1886,A1886,Current
lighting,Route Points,drop:DB2:L7:light:-1:L203,8,1887,A1887,Current
lighting,Route Points,drop:DB2:L7:light:-1:L204,1,1888,A1888,Current
lighting,Route Points,drop:DB2:L7:light:-1:L204,2,1889,A1889,Current
lighting,Route Points,drop:DB2:L7:light:-1:L204,3,1890,A1890,Current
lighting,Route Points,drop:DB2:L7:light:-1:L204,4,1891,A1891,Current
lighting,Route Points,drop:DB2:L7:light:-1:L204,5,1892,A1892,Current
lighting,Route Points,drop:DB2:L7:light:-1:L204,6,1893,A1893,Current
lighting,Route Points,drop:DB2:L7:light:-1:L204,7,1894,A1894,Current
lighting,Route Points,drop:DB2:L7:light:-1:L204,8,1895,A1895,Current
lighting,Route Points,drop:DB2:L7:light:-1:L204,9,1896,A1896,Current
lighting,Route Points,drop:DB2:L7:light:-1:L204,10,1897,A1897,Current
lighting,Route Points,drop:DB2:L7:light:-1:L204,11,1898,A1898,Current
lighting,Route Points,drop:DB2:L7:light:-1:L205,1,1899,A1899,Current
lighting,Route Points,drop:DB2:L7:light:-1:L205,2,1900,A1900,Current
lighting,Route Points,drop:DB2:L7:light:-1:L205,3,1901,A1901,Current
lighting,Route Points,drop:DB2:L7:light:-1:L205,4,1902,A1902,Current
lighting,Route Points,drop:DB2:L7:light:-1:L205,5,1903,A1903,Current
lighting,Route Points,drop:DB2:L7:light:-1:L205,6,1904,A1904,Current
lighting,Route Points,drop:DB2:L7:light:-1:L205,7,1905,A1905,Current
lighting,Route Points,drop:DB2:L7:light:-1:L205,8,1906,A1906,Current
lighting,Route Points,drop:DB2:L7:light:-1:L205,9,1907,A1907,Current
lighting,Route Points,drop:DB2:L7:light:-1:L205,10,1908,A1908,Current
lighting,Route Points,drop:DB2:L7:light:-1:L205,11,1909,A1909,Current
lighting,Route Points,drop:DB2:L7:light:-1:L206,1,1910,A1910,Current
lighting,Route Points,drop:DB2:L7:light:-1:L206,2,1911,A1911,Current
lighting,Route Points,drop:DB2:L7:light:-1:L206,3,1912,A1912,Current
lighting,Route Points,drop:DB2:L7:light:-1:L206,4,1913,A1913,Current
lighting,Route Points,drop:DB2:L7:light:-1:L206,5,1914,A1914,Current
lighting,Route Points,drop:DB2:L7:light:-1:L206,6,1915,A1915,Current
lighting,Route Points,drop:DB2:L7:light:-1:L206,7,1916,A1916,Current
lighting,Route Points,drop:DB2:L7:light:-1:L206,8,1917,A1917,Current
lighting,Route Points,drop:DB2:L7:light:-1:L206,9,1918,A1918,Current
lighting,Route Points,drop:DB2:L7:light:-1:L206,10,1919,A1919,Current
lighting,Route Points,drop:DB2:L7:light:-1:L206,11,1920,A1920,Current
lighting,Route Points,drop:DB2:L7:light:-1:L206,12,1921,A1921,Current
lighting,Route Points,drop:DB2:L7:light:-1:L206,13,1922,A1922,Current
lighting,Route Points,drop:DB2:L7:light:-1:L206,14,1923,A1923,Current
lighting,Route Points,drop:DB2:L7:light:-1:L207,1,1924,A1924,Current
lighting,Route Points,drop:DB2:L7:light:-1:L207,2,1925,A1925,Current
lighting,Route Points,drop:DB2:L7:light:-1:L207,3,1926,A1926,Current
lighting,Route Points,drop:DB2:L7:light:-1:L207,4,1927,A1927,Current
lighting,Route Points,drop:DB2:L7:light:-1:L207,5,1928,A1928,Current
lighting,Route Points,drop:DB2:L7:light:-1:L207,6,1929,A1929,Current
lighting,Route Points,drop:DB2:L7:light:-1:L207,7,1930,A1930,Current
lighting,Route Points,drop:DB2:L7:light:-1:L207,8,1931,A1931,Current
lighting,Route Points,drop:DB2:L7:light:-1:L207,9,1932,A1932,Current
lighting,Route Points,drop:DB2:L7:light:-1:L207,10,1933,A1933,Current
lighting,Route Points,drop:DB2:L7:light:-1:L207,11,1934,A1934,Current
lighting,Route Points,drop:DB2:L7:light:-1:L207,12,1935,A1935,Current
lighting,Route Points,drop:DB2:L7:light:-1:L207,13,1936,A1936,Current
lighting,Route Points,drop:DB2:L7:light:-1:L207,14,1937,A1937,Current
lighting,Route Points,drop:DB2:L7:light:-1:L219,1,1938,A1938,Current
lighting,Route Points,drop:DB2:L7:light:-1:L219,2,1939,A1939,Current
lighting,Route Points,drop:DB2:L7:light:-1:L219,3,1940,A1940,Current
lighting,Route Points,drop:DB2:L7:light:-1:L219,4,1941,A1941,Current
lighting,Route Points,drop:DB2:L7:light:-1:L219,5,1942,A1942,Current
lighting,Route Points,drop:DB2:L7:light:-1:L220,1,1943,A1943,Current
lighting,Route Points,drop:DB2:L7:light:-1:L220,2,1944,A1944,Current
lighting,Route Points,drop:DB2:L7:light:-1:L220,3,1945,A1945,Current
lighting,Route Points,drop:DB2:L7:light:-1:L220,4,1946,A1946,Current
lighting,Route Points,drop:DB2:L7:light:-1:L220,5,1947,A1947,Current
lighting,Route Points,trunk:DB2:L7:light:1,1,1948,A1948,Current
lighting,Route Points,trunk:DB2:L7:light:1,2,1949,A1949,Current
lighting,Route Points,trunk:DB2:L7:light:1,3,1950,A1950,Current
lighting,Route Points,trunk:DB2:L7:light:1,4,1951,A1951,Current
lighting,Route Points,trunk:DB2:L7:light:1,5,1952,A1952,Current
lighting,Route Points,trunk:DB2:L7:light:1,6,1953,A1953,Current
lighting,Route Points,trunk:DB2:L7:light:1,7,1954,A1954,Current
lighting,Route Points,trunk:DB2:L7:light:1,8,1955,A1955,Current
lighting,Route Points,trunk:DB2:L7:light:1,9,1956,A1956,Current
lighting,Route Points,trunk:DB2:L7:light:1,10,1957,A1957,Current
lighting,Route Points,trunk:DB2:L7:light:1,11,1958,A1958,Current
lighting,Route Points,trunk:DB2:L7:light:1,12,1959,A1959,Current
lighting,Route Points,trunk:DB2:L7:light:1,13,1960,A1960,Current
lighting,Route Points,trunk:DB2:L7:light:1,14,1961,A1961,Current
lighting,Route Points,trunk:DB2:L7:light:1,15,1962,A1962,Current
lighting,Route Points,trunk:DB2:L7:light:1,16,1963,A1963,Current
lighting,Route Points,drop:DB2:L7:light:1:L208,1,1964,A1964,Current
lighting,Route Points,drop:DB2:L7:light:1:L208,2,1965,A1965,Current
lighting,Route Points,drop:DB2:L7:light:1:L208,3,1966,A1966,Current
lighting,Route Points,drop:DB2:L7:light:1:L208,4,1967,A1967,Current
lighting,Route Points,drop:DB2:L7:light:1:L209,1,1968,A1968,Current
lighting,Route Points,drop:DB2:L7:light:1:L209,2,1969,A1969,Current
lighting,Route Points,drop:DB2:L7:light:1:L209,3,1970,A1970,Current
lighting,Route Points,drop:DB2:L7:light:1:L209,4,1971,A1971,Current
lighting,Route Points,drop:DB2:L7:light:1:L210,1,1972,A1972,Current
lighting,Route Points,drop:DB2:L7:light:1:L210,2,1973,A1973,Current
lighting,Route Points,drop:DB2:L7:light:1:L210,3,1974,A1974,Current
lighting,Route Points,drop:DB2:L7:light:1:L210,4,1975,A1975,Current
lighting,Route Points,drop:DB2:L7:light:1:L210,5,1976,A1976,Current
lighting,Route Points,drop:DB2:L7:light:1:L211,1,1977,A1977,Current
lighting,Route Points,drop:DB2:L7:light:1:L211,2,1978,A1978,Current
lighting,Route Points,drop:DB2:L7:light:1:L211,3,1979,A1979,Current
lighting,Route Points,drop:DB2:L7:light:1:L211,4,1980,A1980,Current
lighting,Route Points,drop:DB2:L7:light:1:L211,5,1981,A1981,Current
lighting,Route Points,drop:DB2:L7:light:1:L212,1,1982,A1982,Current
lighting,Route Points,drop:DB2:L7:light:1:L212,2,1983,A1983,Current
lighting,Route Points,drop:DB2:L7:light:1:L212,3,1984,A1984,Current
lighting,Route Points,drop:DB2:L7:light:1:L212,4,1985,A1985,Current
lighting,Route Points,drop:DB2:L7:light:1:L213,1,1986,A1986,Current
lighting,Route Points,drop:DB2:L7:light:1:L213,2,1987,A1987,Current
lighting,Route Points,drop:DB2:L7:light:1:L213,3,1988,A1988,Current
lighting,Route Points,drop:DB2:L7:light:1:L213,4,1989,A1989,Current
lighting,Route Points,drop:DB2:L7:light:1:L213,5,1990,A1990,Current
lighting,Route Points,drop:DB2:L7:light:1:L213,6,1991,A1991,Current
lighting,Route Points,drop:DB2:L7:light:1:L213,7,1992,A1992,Current
lighting,Route Points,drop:DB2:L7:light:1:L213,8,1993,A1993,Current
lighting,Route Points,drop:DB2:L7:light:1:L214,1,1994,A1994,Current
lighting,Route Points,drop:DB2:L7:light:1:L214,2,1995,A1995,Current
lighting,Route Points,drop:DB2:L7:light:1:L214,3,1996,A1996,Current
lighting,Route Points,drop:DB2:L7:light:1:L214,4,1997,A1997,Current
lighting,Route Points,drop:DB2:L7:light:1:L214,5,1998,A1998,Current
lighting,Route Points,drop:DB2:L7:light:1:L214,6,1999,A1999,Current
lighting,Route Points,drop:DB2:L7:light:1:L214,7,2000,A2000,Current
lighting,Route Points,drop:DB2:L7:light:1:L214,8,2001,A2001,Current
lighting,Route Points,drop:DB2:L7:light:1:L215,1,2002,A2002,Current
lighting,Route Points,drop:DB2:L7:light:1:L215,2,2003,A2003,Current
lighting,Route Points,drop:DB2:L7:light:1:L215,3,2004,A2004,Current
lighting,Route Points,drop:DB2:L7:light:1:L215,4,2005,A2005,Current
lighting,Route Points,drop:DB2:L7:light:1:L215,5,2006,A2006,Current
lighting,Route Points,drop:DB2:L7:light:1:L215,6,2007,A2007,Current
lighting,Route Points,drop:DB2:L7:light:1:L215,7,2008,A2008,Current
lighting,Route Points,drop:DB2:L7:light:1:L215,8,2009,A2009,Current
lighting,Route Points,drop:DB2:L7:light:1:L215,9,2010,A2010,Current
lighting,Route Points,drop:DB2:L7:light:1:L215,10,2011,A2011,Current
lighting,Route Points,drop:DB2:L7:light:1:L215,11,2012,A2012,Current
lighting,Route Points,drop:DB2:L7:light:1:L216,1,2013,A2013,Current
lighting,Route Points,drop:DB2:L7:light:1:L216,2,2014,A2014,Current
lighting,Route Points,drop:DB2:L7:light:1:L216,3,2015,A2015,Current
lighting,Route Points,drop:DB2:L7:light:1:L216,4,2016,A2016,Current
lighting,Route Points,drop:DB2:L7:light:1:L216,5,2017,A2017,Current
lighting,Route Points,drop:DB2:L7:light:1:L216,6,2018,A2018,Current
lighting,Route Points,drop:DB2:L7:light:1:L216,7,2019,A2019,Current
lighting,Route Points,drop:DB2:L7:light:1:L216,8,2020,A2020,Current
lighting,Route Points,drop:DB2:L7:light:1:L216,9,2021,A2021,Current
lighting,Route Points,drop:DB2:L7:light:1:L216,10,2022,A2022,Current
lighting,Route Points,drop:DB2:L7:light:1:L216,11,2023,A2023,Current
lighting,Route Points,drop:DB2:L7:light:1:L217,1,2024,A2024,Current
lighting,Route Points,drop:DB2:L7:light:1:L217,2,2025,A2025,Current
lighting,Route Points,drop:DB2:L7:light:1:L217,3,2026,A2026,Current
lighting,Route Points,drop:DB2:L7:light:1:L217,4,2027,A2027,Current
lighting,Route Points,drop:DB2:L7:light:1:L217,5,2028,A2028,Current
lighting,Route Points,drop:DB2:L7:light:1:L217,6,2029,A2029,Current
lighting,Route Points,drop:DB2:L7:light:1:L217,7,2030,A2030,Current
lighting,Route Points,drop:DB2:L7:light:1:L217,8,2031,A2031,Current
lighting,Route Points,drop:DB2:L7:light:1:L217,9,2032,A2032,Current
lighting,Route Points,drop:DB2:L7:light:1:L217,10,2033,A2033,Current
lighting,Route Points,drop:DB2:L7:light:1:L217,11,2034,A2034,Current
lighting,Route Points,drop:DB2:L7:light:1:L217,12,2035,A2035,Current
lighting,Route Points,drop:DB2:L7:light:1:L217,13,2036,A2036,Current
lighting,Route Points,drop:DB2:L7:light:1:L217,14,2037,A2037,Current
lighting,Route Points,drop:DB2:L7:light:1:L218,1,2038,A2038,Current
lighting,Route Points,drop:DB2:L7:light:1:L218,2,2039,A2039,Current
lighting,Route Points,drop:DB2:L7:light:1:L218,3,2040,A2040,Current
lighting,Route Points,drop:DB2:L7:light:1:L218,4,2041,A2041,Current
lighting,Route Points,drop:DB2:L7:light:1:L218,5,2042,A2042,Current
lighting,Route Points,drop:DB2:L7:light:1:L218,6,2043,A2043,Current
lighting,Route Points,drop:DB2:L7:light:1:L218,7,2044,A2044,Current
lighting,Route Points,drop:DB2:L7:light:1:L218,8,2045,A2045,Current
lighting,Route Points,drop:DB2:L7:light:1:L218,9,2046,A2046,Current
lighting,Route Points,drop:DB2:L7:light:1:L218,10,2047,A2047,Current
lighting,Route Points,drop:DB2:L7:light:1:L218,11,2048,A2048,Current
lighting,Route Points,drop:DB2:L7:light:1:L218,12,2049,A2049,Current
lighting,Route Points,drop:DB2:L7:light:1:L218,13,2050,A2050,Current
lighting,Route Points,drop:DB2:L7:light:1:L218,14,2051,A2051,Current
lighting,Route Points,drop:DB2:L7:light:1:L221,1,2052,A2052,Current
lighting,Route Points,drop:DB2:L7:light:1:L221,2,2053,A2053,Current
lighting,Route Points,drop:DB2:L7:light:1:L221,3,2054,A2054,Current
lighting,Route Points,drop:DB2:L7:light:1:L221,4,2055,A2055,Current
lighting,Route Points,drop:DB2:L7:light:1:L221,5,2056,A2056,Current
sound,Equipment,S261,,7,A7,Current
sound,Equipment,S262,,8,A8,Current
sound,Equipment,S263,,9,A9,Current
sound,Equipment,S264,,10,A10,Current
sound,Equipment,S265,,11,A11,Current
sound,Equipment,S266,,12,A12,Current
sound,Equipment,S267,,13,A13,Current
sound,Equipment,S268,,14,A14,Current
sound,Equipment,S269,,15,A15,Current
sound,Equipment,S270,,16,A16,Current
sound,Equipment,S271,,17,A17,Current
sound,Equipment,S272,,18,A18,Current
sound,Equipment,S273,,19,A19,Current
sound,Equipment,S274,,20,A20,Current
sound,Equipment,S275,,21,A21,Current
sound,Equipment,S276,,22,A22,Current
sound,Equipment,S277,,23,A23,Current
sound,Equipment,S278,,24,A24,Current
sound,Equipment,S279,,25,A25,Current
sound,Equipment,S280,,26,A26,Current
sound,Equipment,S281,,27,A27,Current
sound,Equipment,S282,,28,A28,Current
sound,Equipment,S283,,29,A29,Current
sound,Equipment,S284,,30,A30,Current
sound,Equipment,S285,,31,A31,Current
sound,Equipment,S286,,32,A32,Current
sound,Equipment,S287,,33,A33,Current
sound,Equipment,S288,,34,A34,Current
sound,Equipment,S289,,35,A35,Current
sound,Equipment,S290,,36,A36,Current
sound,Equipment,S291,,37,A37,Current
sound,Equipment,S292,,38,A38,Current
sound,Electrical Lines,trunk:AV1:A1:audio:-1,,7,A7,Current
sound,Electrical Lines,drop:AV1:A1:audio:-1:S261,,8,A8,Current
sound,Electrical Lines,drop:AV1:A1:audio:-1:S263,,9,A9,Current
sound,Electrical Lines,drop:AV1:A1:audio:-1:S265,,10,A10,Current
sound,Electrical Lines,drop:AV1:A1:audio:-1:S267,,11,A11,Current
sound,Electrical Lines,drop:AV1:A1:audio:-1:S269,,12,A12,Current
sound,Electrical Lines,drop:AV1:A1:audio:-1:S271,,13,A13,Current
sound,Electrical Lines,drop:AV1:A1:audio:-1:S275,,14,A14,Current
sound,Electrical Lines,drop:AV1:A1:audio:-1:S276,,15,A15,Current
sound,Electrical Lines,trunk:AV1:A1:audio:1,,16,A16,Current
sound,Electrical Lines,drop:AV1:A1:audio:1:S262,,17,A17,Current
sound,Electrical Lines,drop:AV1:A1:audio:1:S264,,18,A18,Current
sound,Electrical Lines,drop:AV1:A1:audio:1:S266,,19,A19,Current
sound,Electrical Lines,drop:AV1:A1:audio:1:S268,,20,A20,Current
sound,Electrical Lines,drop:AV1:A1:audio:1:S270,,21,A21,Current
sound,Electrical Lines,drop:AV1:A1:audio:1:S272,,22,A22,Current
sound,Electrical Lines,drop:AV1:A1:audio:1:S277,,23,A23,Current
sound,Electrical Lines,drop:AV1:A1:audio:1:S278,,24,A24,Current
sound,Electrical Lines,trunk:AV1:A5:audio:-1,,25,A25,Current
sound,Electrical Lines,drop:AV1:A5:audio:-1:S273,,26,A26,Current
sound,Electrical Lines,trunk:AV1:A5:audio:1,,27,A27,Current
sound,Electrical Lines,drop:AV1:A5:audio:1:S274,,28,A28,Current
sound,Electrical Lines,trunk:AV1:A2:audio:-1,,29,A29,Current
sound,Electrical Lines,drop:AV1:A2:audio:-1:S279,,30,A30,Current
sound,Electrical Lines,drop:AV1:A2:audio:-1:S280,,31,A31,Current
sound,Electrical Lines,trunk:AV1:A2:audio:1,,32,A32,Current
sound,Electrical Lines,drop:AV1:A2:audio:1:S281,,33,A33,Current
sound,Electrical Lines,drop:AV1:A2:audio:1:S282,,34,A34,Current
sound,Electrical Lines,trunk:AV1:A3:audio:-1,,35,A35,Current
sound,Electrical Lines,drop:AV1:A3:audio:-1:S283,,36,A36,Current
sound,Electrical Lines,drop:AV1:A3:audio:-1:S284,,37,A37,Current
sound,Electrical Lines,drop:AV1:A3:audio:-1:S285,,38,A38,Current
sound,Electrical Lines,drop:AV1:A3:audio:-1:S286,,39,A39,Current
sound,Electrical Lines,trunk:AV1:A3:audio:1,,40,A40,Current
sound,Electrical Lines,drop:AV1:A3:audio:1:S287,,41,A41,Current
sound,Electrical Lines,drop:AV1:A3:audio:1:S288,,42,A42,Current
sound,Electrical Lines,drop:AV1:A3:audio:1:S289,,43,A43,Current
sound,Electrical Lines,drop:AV1:A3:audio:1:S290,,44,A44,Current
sound,Electrical Lines,trunk:AV1:MIC:mic:-1,,45,A45,Current
sound,Electrical Lines,drop:AV1:MIC:mic:-1:S291,,46,A46,Current
sound,Electrical Lines,trunk:AV1:MIC:mic:1,,47,A47,Current
sound,Electrical Lines,drop:AV1:MIC:mic:1:S292,,48,A48,Current
sound,Route Points,trunk:AV1:A1:audio:-1,1,7,A7,Current
sound,Route Points,trunk:AV1:A1:audio:-1,2,8,A8,Current
sound,Route Points,trunk:AV1:A1:audio:-1,3,9,A9,Current
sound,Route Points,trunk:AV1:A1:audio:-1,4,10,A10,Current
sound,Route Points,trunk:AV1:A1:audio:-1,5,11,A11,Current
sound,Route Points,trunk:AV1:A1:audio:-1,6,12,A12,Current
sound,Route Points,trunk:AV1:A1:audio:-1,7,13,A13,Current
sound,Route Points,trunk:AV1:A1:audio:-1,8,14,A14,Current
sound,Route Points,trunk:AV1:A1:audio:-1,9,15,A15,Current
sound,Route Points,trunk:AV1:A1:audio:-1,10,16,A16,Current
sound,Route Points,trunk:AV1:A1:audio:-1,11,17,A17,Current
sound,Route Points,trunk:AV1:A1:audio:-1,12,18,A18,Current
sound,Route Points,trunk:AV1:A1:audio:-1,13,19,A19,Current
sound,Route Points,trunk:AV1:A1:audio:-1,14,20,A20,Current
sound,Route Points,trunk:AV1:A1:audio:-1,15,21,A21,Current
sound,Route Points,trunk:AV1:A1:audio:-1,16,22,A22,Current
sound,Route Points,trunk:AV1:A1:audio:-1,17,23,A23,Current
sound,Route Points,trunk:AV1:A1:audio:-1,18,24,A24,Current
sound,Route Points,drop:AV1:A1:audio:-1:S261,1,25,A25,Current
sound,Route Points,drop:AV1:A1:audio:-1:S261,2,26,A26,Current
sound,Route Points,drop:AV1:A1:audio:-1:S261,3,27,A27,Current
sound,Route Points,drop:AV1:A1:audio:-1:S263,1,28,A28,Current
sound,Route Points,drop:AV1:A1:audio:-1:S263,2,29,A29,Current
sound,Route Points,drop:AV1:A1:audio:-1:S263,3,30,A30,Current
sound,Route Points,drop:AV1:A1:audio:-1:S265,1,31,A31,Current
sound,Route Points,drop:AV1:A1:audio:-1:S265,2,32,A32,Current
sound,Route Points,drop:AV1:A1:audio:-1:S265,3,33,A33,Current
sound,Route Points,drop:AV1:A1:audio:-1:S267,1,34,A34,Current
sound,Route Points,drop:AV1:A1:audio:-1:S267,2,35,A35,Current
sound,Route Points,drop:AV1:A1:audio:-1:S267,3,36,A36,Current
sound,Route Points,drop:AV1:A1:audio:-1:S269,1,37,A37,Current
sound,Route Points,drop:AV1:A1:audio:-1:S269,2,38,A38,Current
sound,Route Points,drop:AV1:A1:audio:-1:S269,3,39,A39,Current
sound,Route Points,drop:AV1:A1:audio:-1:S271,1,40,A40,Current
sound,Route Points,drop:AV1:A1:audio:-1:S271,2,41,A41,Current
sound,Route Points,drop:AV1:A1:audio:-1:S271,3,42,A42,Current
sound,Route Points,drop:AV1:A1:audio:-1:S275,1,43,A43,Current
sound,Route Points,drop:AV1:A1:audio:-1:S275,2,44,A44,Current
sound,Route Points,drop:AV1:A1:audio:-1:S275,3,45,A45,Current
sound,Route Points,drop:AV1:A1:audio:-1:S276,1,46,A46,Current
sound,Route Points,drop:AV1:A1:audio:-1:S276,2,47,A47,Current
sound,Route Points,drop:AV1:A1:audio:-1:S276,3,48,A48,Current
sound,Route Points,trunk:AV1:A1:audio:1,1,49,A49,Current
sound,Route Points,trunk:AV1:A1:audio:1,2,50,A50,Current
sound,Route Points,trunk:AV1:A1:audio:1,3,51,A51,Current
sound,Route Points,trunk:AV1:A1:audio:1,4,52,A52,Current
sound,Route Points,trunk:AV1:A1:audio:1,5,53,A53,Current
sound,Route Points,trunk:AV1:A1:audio:1,6,54,A54,Current
sound,Route Points,trunk:AV1:A1:audio:1,7,55,A55,Current
sound,Route Points,trunk:AV1:A1:audio:1,8,56,A56,Current
sound,Route Points,trunk:AV1:A1:audio:1,9,57,A57,Current
sound,Route Points,trunk:AV1:A1:audio:1,10,58,A58,Current
sound,Route Points,trunk:AV1:A1:audio:1,11,59,A59,Current
sound,Route Points,trunk:AV1:A1:audio:1,12,60,A60,Current
sound,Route Points,trunk:AV1:A1:audio:1,13,61,A61,Current
sound,Route Points,trunk:AV1:A1:audio:1,14,62,A62,Current
sound,Route Points,trunk:AV1:A1:audio:1,15,63,A63,Current
sound,Route Points,trunk:AV1:A1:audio:1,16,64,A64,Current
sound,Route Points,trunk:AV1:A1:audio:1,17,65,A65,Current
sound,Route Points,trunk:AV1:A1:audio:1,18,66,A66,Current
sound,Route Points,drop:AV1:A1:audio:1:S262,1,67,A67,Current
sound,Route Points,drop:AV1:A1:audio:1:S262,2,68,A68,Current
sound,Route Points,drop:AV1:A1:audio:1:S262,3,69,A69,Current
sound,Route Points,drop:AV1:A1:audio:1:S264,1,70,A70,Current
sound,Route Points,drop:AV1:A1:audio:1:S264,2,71,A71,Current
sound,Route Points,drop:AV1:A1:audio:1:S264,3,72,A72,Current
sound,Route Points,drop:AV1:A1:audio:1:S266,1,73,A73,Current
sound,Route Points,drop:AV1:A1:audio:1:S266,2,74,A74,Current
sound,Route Points,drop:AV1:A1:audio:1:S266,3,75,A75,Current
sound,Route Points,drop:AV1:A1:audio:1:S268,1,76,A76,Current
sound,Route Points,drop:AV1:A1:audio:1:S268,2,77,A77,Current
sound,Route Points,drop:AV1:A1:audio:1:S268,3,78,A78,Current
sound,Route Points,drop:AV1:A1:audio:1:S270,1,79,A79,Current
sound,Route Points,drop:AV1:A1:audio:1:S270,2,80,A80,Current
sound,Route Points,drop:AV1:A1:audio:1:S270,3,81,A81,Current
sound,Route Points,drop:AV1:A1:audio:1:S272,1,82,A82,Current
sound,Route Points,drop:AV1:A1:audio:1:S272,2,83,A83,Current
sound,Route Points,drop:AV1:A1:audio:1:S272,3,84,A84,Current
sound,Route Points,drop:AV1:A1:audio:1:S277,1,85,A85,Current
sound,Route Points,drop:AV1:A1:audio:1:S277,2,86,A86,Current
sound,Route Points,drop:AV1:A1:audio:1:S277,3,87,A87,Current
sound,Route Points,drop:AV1:A1:audio:1:S278,1,88,A88,Current
sound,Route Points,drop:AV1:A1:audio:1:S278,2,89,A89,Current
sound,Route Points,drop:AV1:A1:audio:1:S278,3,90,A90,Current
sound,Route Points,trunk:AV1:A5:audio:-1,1,91,A91,Current
sound,Route Points,trunk:AV1:A5:audio:-1,2,92,A92,Current
sound,Route Points,trunk:AV1:A5:audio:-1,3,93,A93,Current
sound,Route Points,trunk:AV1:A5:audio:-1,4,94,A94,Current
sound,Route Points,trunk:AV1:A5:audio:-1,5,95,A95,Current
sound,Route Points,trunk:AV1:A5:audio:-1,6,96,A96,Current
sound,Route Points,trunk:AV1:A5:audio:-1,7,97,A97,Current
sound,Route Points,trunk:AV1:A5:audio:-1,8,98,A98,Current
sound,Route Points,trunk:AV1:A5:audio:-1,9,99,A99,Current
sound,Route Points,trunk:AV1:A5:audio:-1,10,100,A100,Current
sound,Route Points,trunk:AV1:A5:audio:-1,11,101,A101,Current
sound,Route Points,trunk:AV1:A5:audio:-1,12,102,A102,Current
sound,Route Points,trunk:AV1:A5:audio:-1,13,103,A103,Current
sound,Route Points,trunk:AV1:A5:audio:-1,14,104,A104,Current
sound,Route Points,trunk:AV1:A5:audio:-1,15,105,A105,Current
sound,Route Points,trunk:AV1:A5:audio:-1,16,106,A106,Current
sound,Route Points,trunk:AV1:A5:audio:-1,17,107,A107,Current
sound,Route Points,trunk:AV1:A5:audio:-1,18,108,A108,Current
sound,Route Points,trunk:AV1:A5:audio:-1,19,109,A109,Current
sound,Route Points,drop:AV1:A5:audio:-1:S273,1,110,A110,Current
sound,Route Points,drop:AV1:A5:audio:-1:S273,2,111,A111,Current
sound,Route Points,drop:AV1:A5:audio:-1:S273,3,112,A112,Current
sound,Route Points,drop:AV1:A5:audio:-1:S273,4,113,A113,Current
sound,Route Points,drop:AV1:A5:audio:-1:S273,5,114,A114,Current
sound,Route Points,trunk:AV1:A5:audio:1,1,115,A115,Current
sound,Route Points,trunk:AV1:A5:audio:1,2,116,A116,Current
sound,Route Points,trunk:AV1:A5:audio:1,3,117,A117,Current
sound,Route Points,trunk:AV1:A5:audio:1,4,118,A118,Current
sound,Route Points,trunk:AV1:A5:audio:1,5,119,A119,Current
sound,Route Points,trunk:AV1:A5:audio:1,6,120,A120,Current
sound,Route Points,trunk:AV1:A5:audio:1,7,121,A121,Current
sound,Route Points,trunk:AV1:A5:audio:1,8,122,A122,Current
sound,Route Points,trunk:AV1:A5:audio:1,9,123,A123,Current
sound,Route Points,trunk:AV1:A5:audio:1,10,124,A124,Current
sound,Route Points,trunk:AV1:A5:audio:1,11,125,A125,Current
sound,Route Points,trunk:AV1:A5:audio:1,12,126,A126,Current
sound,Route Points,trunk:AV1:A5:audio:1,13,127,A127,Current
sound,Route Points,trunk:AV1:A5:audio:1,14,128,A128,Current
sound,Route Points,trunk:AV1:A5:audio:1,15,129,A129,Current
sound,Route Points,trunk:AV1:A5:audio:1,16,130,A130,Current
sound,Route Points,trunk:AV1:A5:audio:1,17,131,A131,Current
sound,Route Points,trunk:AV1:A5:audio:1,18,132,A132,Current
sound,Route Points,trunk:AV1:A5:audio:1,19,133,A133,Current
sound,Route Points,drop:AV1:A5:audio:1:S274,1,134,A134,Current
sound,Route Points,drop:AV1:A5:audio:1:S274,2,135,A135,Current
sound,Route Points,drop:AV1:A5:audio:1:S274,3,136,A136,Current
sound,Route Points,drop:AV1:A5:audio:1:S274,4,137,A137,Current
sound,Route Points,drop:AV1:A5:audio:1:S274,5,138,A138,Current
sound,Route Points,trunk:AV1:A2:audio:-1,1,139,A139,Current
sound,Route Points,trunk:AV1:A2:audio:-1,2,140,A140,Current
sound,Route Points,trunk:AV1:A2:audio:-1,3,141,A141,Current
sound,Route Points,trunk:AV1:A2:audio:-1,4,142,A142,Current
sound,Route Points,trunk:AV1:A2:audio:-1,5,143,A143,Current
sound,Route Points,trunk:AV1:A2:audio:-1,6,144,A144,Current
sound,Route Points,trunk:AV1:A2:audio:-1,7,145,A145,Current
sound,Route Points,trunk:AV1:A2:audio:-1,8,146,A146,Current
sound,Route Points,trunk:AV1:A2:audio:-1,9,147,A147,Current
sound,Route Points,trunk:AV1:A2:audio:-1,10,148,A148,Current
sound,Route Points,trunk:AV1:A2:audio:-1,11,149,A149,Current
sound,Route Points,trunk:AV1:A2:audio:-1,12,150,A150,Current
sound,Route Points,trunk:AV1:A2:audio:-1,13,151,A151,Current
sound,Route Points,trunk:AV1:A2:audio:-1,14,152,A152,Current
sound,Route Points,trunk:AV1:A2:audio:-1,15,153,A153,Current
sound,Route Points,trunk:AV1:A2:audio:-1,16,154,A154,Current
sound,Route Points,trunk:AV1:A2:audio:-1,17,155,A155,Current
sound,Route Points,trunk:AV1:A2:audio:-1,18,156,A156,Current
sound,Route Points,drop:AV1:A2:audio:-1:S279,1,157,A157,Current
sound,Route Points,drop:AV1:A2:audio:-1:S279,2,158,A158,Current
sound,Route Points,drop:AV1:A2:audio:-1:S279,3,159,A159,Current
sound,Route Points,drop:AV1:A2:audio:-1:S279,4,160,A160,Current
sound,Route Points,drop:AV1:A2:audio:-1:S279,5,161,A161,Current
sound,Route Points,drop:AV1:A2:audio:-1:S279,6,162,A162,Current
sound,Route Points,drop:AV1:A2:audio:-1:S280,1,163,A163,Current
sound,Route Points,drop:AV1:A2:audio:-1:S280,2,164,A164,Current
sound,Route Points,drop:AV1:A2:audio:-1:S280,3,165,A165,Current
sound,Route Points,drop:AV1:A2:audio:-1:S280,4,166,A166,Current
sound,Route Points,drop:AV1:A2:audio:-1:S280,5,167,A167,Current
sound,Route Points,drop:AV1:A2:audio:-1:S280,6,168,A168,Current
sound,Route Points,trunk:AV1:A2:audio:1,1,169,A169,Current
sound,Route Points,trunk:AV1:A2:audio:1,2,170,A170,Current
sound,Route Points,trunk:AV1:A2:audio:1,3,171,A171,Current
sound,Route Points,trunk:AV1:A2:audio:1,4,172,A172,Current
sound,Route Points,trunk:AV1:A2:audio:1,5,173,A173,Current
sound,Route Points,trunk:AV1:A2:audio:1,6,174,A174,Current
sound,Route Points,trunk:AV1:A2:audio:1,7,175,A175,Current
sound,Route Points,trunk:AV1:A2:audio:1,8,176,A176,Current
sound,Route Points,trunk:AV1:A2:audio:1,9,177,A177,Current
sound,Route Points,trunk:AV1:A2:audio:1,10,178,A178,Current
sound,Route Points,trunk:AV1:A2:audio:1,11,179,A179,Current
sound,Route Points,trunk:AV1:A2:audio:1,12,180,A180,Current
sound,Route Points,trunk:AV1:A2:audio:1,13,181,A181,Current
sound,Route Points,trunk:AV1:A2:audio:1,14,182,A182,Current
sound,Route Points,trunk:AV1:A2:audio:1,15,183,A183,Current
sound,Route Points,trunk:AV1:A2:audio:1,16,184,A184,Current
sound,Route Points,trunk:AV1:A2:audio:1,17,185,A185,Current
sound,Route Points,trunk:AV1:A2:audio:1,18,186,A186,Current
sound,Route Points,drop:AV1:A2:audio:1:S281,1,187,A187,Current
sound,Route Points,drop:AV1:A2:audio:1:S281,2,188,A188,Current
sound,Route Points,drop:AV1:A2:audio:1:S281,3,189,A189,Current
sound,Route Points,drop:AV1:A2:audio:1:S281,4,190,A190,Current
sound,Route Points,drop:AV1:A2:audio:1:S281,5,191,A191,Current
sound,Route Points,drop:AV1:A2:audio:1:S281,6,192,A192,Current
sound,Route Points,drop:AV1:A2:audio:1:S282,1,193,A193,Current
sound,Route Points,drop:AV1:A2:audio:1:S282,2,194,A194,Current
sound,Route Points,drop:AV1:A2:audio:1:S282,3,195,A195,Current
sound,Route Points,drop:AV1:A2:audio:1:S282,4,196,A196,Current
sound,Route Points,drop:AV1:A2:audio:1:S282,5,197,A197,Current
sound,Route Points,drop:AV1:A2:audio:1:S282,6,198,A198,Current
sound,Route Points,trunk:AV1:A3:audio:-1,1,199,A199,Current
sound,Route Points,trunk:AV1:A3:audio:-1,2,200,A200,Current
sound,Route Points,trunk:AV1:A3:audio:-1,3,201,A201,Current
sound,Route Points,trunk:AV1:A3:audio:-1,4,202,A202,Current
sound,Route Points,trunk:AV1:A3:audio:-1,5,203,A203,Current
sound,Route Points,trunk:AV1:A3:audio:-1,6,204,A204,Current
sound,Route Points,trunk:AV1:A3:audio:-1,7,205,A205,Current
sound,Route Points,trunk:AV1:A3:audio:-1,8,206,A206,Current
sound,Route Points,trunk:AV1:A3:audio:-1,9,207,A207,Current
sound,Route Points,trunk:AV1:A3:audio:-1,10,208,A208,Current
sound,Route Points,trunk:AV1:A3:audio:-1,11,209,A209,Current
sound,Route Points,trunk:AV1:A3:audio:-1,12,210,A210,Current
sound,Route Points,trunk:AV1:A3:audio:-1,13,211,A211,Current
sound,Route Points,trunk:AV1:A3:audio:-1,14,212,A212,Current
sound,Route Points,trunk:AV1:A3:audio:-1,15,213,A213,Current
sound,Route Points,trunk:AV1:A3:audio:-1,16,214,A214,Current
sound,Route Points,trunk:AV1:A3:audio:-1,17,215,A215,Current
sound,Route Points,trunk:AV1:A3:audio:-1,18,216,A216,Current
sound,Route Points,trunk:AV1:A3:audio:-1,19,217,A217,Current
sound,Route Points,drop:AV1:A3:audio:-1:S283,1,218,A218,Current
sound,Route Points,drop:AV1:A3:audio:-1:S283,2,219,A219,Current
sound,Route Points,drop:AV1:A3:audio:-1:S283,3,220,A220,Current
sound,Route Points,drop:AV1:A3:audio:-1:S283,4,221,A221,Current
sound,Route Points,drop:AV1:A3:audio:-1:S283,5,222,A222,Current
sound,Route Points,drop:AV1:A3:audio:-1:S283,6,223,A223,Current
sound,Route Points,drop:AV1:A3:audio:-1:S283,7,224,A224,Current
sound,Route Points,drop:AV1:A3:audio:-1:S283,8,225,A225,Current
sound,Route Points,drop:AV1:A3:audio:-1:S284,1,226,A226,Current
sound,Route Points,drop:AV1:A3:audio:-1:S284,2,227,A227,Current
sound,Route Points,drop:AV1:A3:audio:-1:S284,3,228,A228,Current
sound,Route Points,drop:AV1:A3:audio:-1:S284,4,229,A229,Current
sound,Route Points,drop:AV1:A3:audio:-1:S284,5,230,A230,Current
sound,Route Points,drop:AV1:A3:audio:-1:S284,6,231,A231,Current
sound,Route Points,drop:AV1:A3:audio:-1:S284,7,232,A232,Current
sound,Route Points,drop:AV1:A3:audio:-1:S284,8,233,A233,Current
sound,Route Points,drop:AV1:A3:audio:-1:S285,1,234,A234,Current
sound,Route Points,drop:AV1:A3:audio:-1:S285,2,235,A235,Current
sound,Route Points,drop:AV1:A3:audio:-1:S285,3,236,A236,Current
sound,Route Points,drop:AV1:A3:audio:-1:S285,4,237,A237,Current
sound,Route Points,drop:AV1:A3:audio:-1:S285,5,238,A238,Current
sound,Route Points,drop:AV1:A3:audio:-1:S285,6,239,A239,Current
sound,Route Points,drop:AV1:A3:audio:-1:S286,1,240,A240,Current
sound,Route Points,drop:AV1:A3:audio:-1:S286,2,241,A241,Current
sound,Route Points,drop:AV1:A3:audio:-1:S286,3,242,A242,Current
sound,Route Points,drop:AV1:A3:audio:-1:S286,4,243,A243,Current
sound,Route Points,drop:AV1:A3:audio:-1:S286,5,244,A244,Current
sound,Route Points,drop:AV1:A3:audio:-1:S286,6,245,A245,Current
sound,Route Points,trunk:AV1:A3:audio:1,1,246,A246,Current
sound,Route Points,trunk:AV1:A3:audio:1,2,247,A247,Current
sound,Route Points,trunk:AV1:A3:audio:1,3,248,A248,Current
sound,Route Points,trunk:AV1:A3:audio:1,4,249,A249,Current
sound,Route Points,trunk:AV1:A3:audio:1,5,250,A250,Current
sound,Route Points,trunk:AV1:A3:audio:1,6,251,A251,Current
sound,Route Points,trunk:AV1:A3:audio:1,7,252,A252,Current
sound,Route Points,trunk:AV1:A3:audio:1,8,253,A253,Current
sound,Route Points,trunk:AV1:A3:audio:1,9,254,A254,Current
sound,Route Points,trunk:AV1:A3:audio:1,10,255,A255,Current
sound,Route Points,trunk:AV1:A3:audio:1,11,256,A256,Current
sound,Route Points,trunk:AV1:A3:audio:1,12,257,A257,Current
sound,Route Points,trunk:AV1:A3:audio:1,13,258,A258,Current
sound,Route Points,trunk:AV1:A3:audio:1,14,259,A259,Current
sound,Route Points,trunk:AV1:A3:audio:1,15,260,A260,Current
sound,Route Points,trunk:AV1:A3:audio:1,16,261,A261,Current
sound,Route Points,trunk:AV1:A3:audio:1,17,262,A262,Current
sound,Route Points,trunk:AV1:A3:audio:1,18,263,A263,Current
sound,Route Points,trunk:AV1:A3:audio:1,19,264,A264,Current
sound,Route Points,drop:AV1:A3:audio:1:S287,1,265,A265,Current
sound,Route Points,drop:AV1:A3:audio:1:S287,2,266,A266,Current
sound,Route Points,drop:AV1:A3:audio:1:S287,3,267,A267,Current
sound,Route Points,drop:AV1:A3:audio:1:S287,4,268,A268,Current
sound,Route Points,drop:AV1:A3:audio:1:S287,5,269,A269,Current
sound,Route Points,drop:AV1:A3:audio:1:S287,6,270,A270,Current
sound,Route Points,drop:AV1:A3:audio:1:S287,7,271,A271,Current
sound,Route Points,drop:AV1:A3:audio:1:S287,8,272,A272,Current
sound,Route Points,drop:AV1:A3:audio:1:S288,1,273,A273,Current
sound,Route Points,drop:AV1:A3:audio:1:S288,2,274,A274,Current
sound,Route Points,drop:AV1:A3:audio:1:S288,3,275,A275,Current
sound,Route Points,drop:AV1:A3:audio:1:S288,4,276,A276,Current
sound,Route Points,drop:AV1:A3:audio:1:S288,5,277,A277,Current
sound,Route Points,drop:AV1:A3:audio:1:S288,6,278,A278,Current
sound,Route Points,drop:AV1:A3:audio:1:S288,7,279,A279,Current
sound,Route Points,drop:AV1:A3:audio:1:S288,8,280,A280,Current
sound,Route Points,drop:AV1:A3:audio:1:S289,1,281,A281,Current
sound,Route Points,drop:AV1:A3:audio:1:S289,2,282,A282,Current
sound,Route Points,drop:AV1:A3:audio:1:S289,3,283,A283,Current
sound,Route Points,drop:AV1:A3:audio:1:S289,4,284,A284,Current
sound,Route Points,drop:AV1:A3:audio:1:S289,5,285,A285,Current
sound,Route Points,drop:AV1:A3:audio:1:S289,6,286,A286,Current
sound,Route Points,drop:AV1:A3:audio:1:S290,1,287,A287,Current
sound,Route Points,drop:AV1:A3:audio:1:S290,2,288,A288,Current
sound,Route Points,drop:AV1:A3:audio:1:S290,3,289,A289,Current
sound,Route Points,drop:AV1:A3:audio:1:S290,4,290,A290,Current
sound,Route Points,drop:AV1:A3:audio:1:S290,5,291,A291,Current
sound,Route Points,drop:AV1:A3:audio:1:S290,6,292,A292,Current
sound,Route Points,trunk:AV1:MIC:mic:-1,1,293,A293,Current
sound,Route Points,trunk:AV1:MIC:mic:-1,2,294,A294,Current
sound,Route Points,trunk:AV1:MIC:mic:-1,3,295,A295,Current
sound,Route Points,trunk:AV1:MIC:mic:-1,4,296,A296,Current
sound,Route Points,drop:AV1:MIC:mic:-1:S291,1,297,A297,Current
sound,Route Points,drop:AV1:MIC:mic:-1:S291,2,298,A298,Current
sound,Route Points,drop:AV1:MIC:mic:-1:S291,3,299,A299,Current
sound,Route Points,drop:AV1:MIC:mic:-1:S291,4,300,A300,Current
sound,Route Points,drop:AV1:MIC:mic:-1:S291,5,301,A301,Current
sound,Route Points,drop:AV1:MIC:mic:-1:S291,6,302,A302,Current
sound,Route Points,trunk:AV1:MIC:mic:1,1,303,A303,Current
sound,Route Points,trunk:AV1:MIC:mic:1,2,304,A304,Current
sound,Route Points,trunk:AV1:MIC:mic:1,3,305,A305,Current
sound,Route Points,drop:AV1:MIC:mic:1:S292,1,306,A306,Current
sound,Route Points,drop:AV1:MIC:mic:1:S292,2,307,A307,Current
sound,Route Points,drop:AV1:MIC:mic:1:S292,3,308,A308,Current
air-system,Equipment,F226,,7,A7,Current
air-system,Equipment,F227,,8,A8,Current
air-system,Equipment,F228,,9,A9,Current
air-system,Equipment,F229,,10,A10,Current
air-system,Equipment,F230,,11,A11,Current
air-system,Equipment,F231,,12,A12,Current
air-system,Equipment,F232,,13,A13,Current
air-system,Equipment,F233,,14,A14,Current
air-system,Equipment,F234,,15,A15,Current
air-system,Equipment,F235,,16,A16,Current
air-system,Equipment,F236,,17,A17,Current
air-system,Equipment,F237,,18,A18,Current
air-system,Equipment,F238,,19,A19,Current
air-system,Equipment,F239,,20,A20,Current
air-system,Equipment,F240,,21,A21,Current
air-system,Equipment,F241,,22,A22,Current
air-system,Equipment,F242,,23,A23,Current
air-system,Equipment,F243,,24,A24,Current
air-system,Equipment,F244,,25,A25,Current
air-system,Equipment,F245,,26,A26,Current
air-system,Equipment,F246,,27,A27,Current
air-system,Equipment,F247,,28,A28,Current
air-system,Equipment,F248,,29,A29,Current
air-system,Equipment,F249,,30,A30,Current
air-system,Equipment,F250,,31,A31,Current
air-system,Equipment,F251,,32,A32,Current
air-system,Equipment,F252,,33,A33,Current
air-system,Equipment,F253,,34,A34,Current
air-system,Equipment,F254,,35,A35,Current
air-system,Equipment,F255,,36,A36,Current
air-system,Equipment,F256,,37,A37,Current
air-system,Equipment,F257,,38,A38,Current
air-system,Equipment,F258,,39,A39,Current
air-system,Equipment,F259,,40,A40,Current
air-system,Equipment,F260,,41,A41,Current
air-system,Electrical Lines,trunk:FC1:F1:fan:-1,,7,A7,Current
air-system,Electrical Lines,drop:FC1:F1:fan:-1:F226,,8,A8,Current
air-system,Electrical Lines,drop:FC1:F1:fan:-1:F228,,9,A9,Current
air-system,Electrical Lines,drop:FC1:F1:fan:-1:F230,,10,A10,Current
air-system,Electrical Lines,drop:FC1:F1:fan:-1:F232,,11,A11,Current
air-system,Electrical Lines,drop:FC1:F1:fan:-1:F234,,12,A12,Current
air-system,Electrical Lines,drop:FC1:F1:fan:-1:F236,,13,A13,Current
air-system,Electrical Lines,drop:FC1:F1:fan:-1:F238,,14,A14,Current
air-system,Electrical Lines,drop:FC1:F1:fan:-1:F240,,15,A15,Current
air-system,Electrical Lines,drop:FC1:F1:fan:-1:F241,,16,A16,Current
air-system,Electrical Lines,trunk:FC1:F1:fan:1,,17,A17,Current
air-system,Electrical Lines,drop:FC1:F1:fan:1:F227,,18,A18,Current
air-system,Electrical Lines,drop:FC1:F1:fan:1:F229,,19,A19,Current
air-system,Electrical Lines,drop:FC1:F1:fan:1:F231,,20,A20,Current
air-system,Electrical Lines,drop:FC1:F1:fan:1:F233,,21,A21,Current
air-system,Electrical Lines,drop:FC1:F1:fan:1:F235,,22,A22,Current
air-system,Electrical Lines,drop:FC1:F1:fan:1:F237,,23,A23,Current
air-system,Electrical Lines,drop:FC1:F1:fan:1:F239,,24,A24,Current
air-system,Electrical Lines,drop:FC1:F1:fan:1:F242,,25,A25,Current
air-system,Electrical Lines,drop:FC1:F1:fan:1:F243,,26,A26,Current
air-system,Electrical Lines,trunk:DB2:F4:fan:-1,,27,A27,Current
air-system,Electrical Lines,drop:DB2:F4:fan:-1:F250,,28,A28,Current
air-system,Electrical Lines,trunk:DB2:F4:fan:1,,29,A29,Current
air-system,Electrical Lines,drop:DB2:F4:fan:1:F251,,30,A30,Current
air-system,Electrical Lines,trunk:FC1:V1:fan:-1,,31,A31,Current
air-system,Electrical Lines,drop:FC1:V1:fan:-1:F252,,32,A32,Current
air-system,Electrical Lines,drop:FC1:V1:fan:-1:F253,,33,A33,Current
air-system,Electrical Lines,drop:FC1:V1:fan:-1:F256,,34,A34,Current
air-system,Electrical Lines,drop:FC1:V1:fan:-1:F257,,35,A35,Current
air-system,Electrical Lines,drop:FC1:V1:fan:-1:F260,,36,A36,Current
air-system,Electrical Lines,trunk:FC1:V1:fan:1,,37,A37,Current
air-system,Electrical Lines,drop:FC1:V1:fan:1:F254,,38,A38,Current
air-system,Electrical Lines,drop:FC1:V1:fan:1:F255,,39,A39,Current
air-system,Electrical Lines,drop:FC1:V1:fan:1:F258,,40,A40,Current
air-system,Electrical Lines,drop:FC1:V1:fan:1:F259,,41,A41,Current
air-system,Route Points,trunk:FC1:F1:fan:-1,1,7,A7,Current
air-system,Route Points,trunk:FC1:F1:fan:-1,2,8,A8,Current
air-system,Route Points,trunk:FC1:F1:fan:-1,3,9,A9,Current
air-system,Route Points,trunk:FC1:F1:fan:-1,4,10,A10,Current
air-system,Route Points,trunk:FC1:F1:fan:-1,5,11,A11,Current
air-system,Route Points,trunk:FC1:F1:fan:-1,6,12,A12,Current
air-system,Route Points,trunk:FC1:F1:fan:-1,7,13,A13,Current
air-system,Route Points,trunk:FC1:F1:fan:-1,8,14,A14,Current
air-system,Route Points,trunk:FC1:F1:fan:-1,9,15,A15,Current
air-system,Route Points,trunk:FC1:F1:fan:-1,10,16,A16,Current
air-system,Route Points,trunk:FC1:F1:fan:-1,11,17,A17,Current
air-system,Route Points,trunk:FC1:F1:fan:-1,12,18,A18,Current
air-system,Route Points,trunk:FC1:F1:fan:-1,13,19,A19,Current
air-system,Route Points,trunk:FC1:F1:fan:-1,14,20,A20,Current
air-system,Route Points,trunk:FC1:F1:fan:-1,15,21,A21,Current
air-system,Route Points,trunk:FC1:F1:fan:-1,16,22,A22,Current
air-system,Route Points,trunk:FC1:F1:fan:-1,17,23,A23,Current
air-system,Route Points,trunk:FC1:F1:fan:-1,18,24,A24,Current
air-system,Route Points,drop:FC1:F1:fan:-1:F226,1,25,A25,Current
air-system,Route Points,drop:FC1:F1:fan:-1:F226,2,26,A26,Current
air-system,Route Points,drop:FC1:F1:fan:-1:F226,3,27,A27,Current
air-system,Route Points,drop:FC1:F1:fan:-1:F226,4,28,A28,Current
air-system,Route Points,drop:FC1:F1:fan:-1:F226,5,29,A29,Current
air-system,Route Points,drop:FC1:F1:fan:-1:F226,6,30,A30,Current
air-system,Route Points,drop:FC1:F1:fan:-1:F228,1,31,A31,Current
air-system,Route Points,drop:FC1:F1:fan:-1:F228,2,32,A32,Current
air-system,Route Points,drop:FC1:F1:fan:-1:F228,3,33,A33,Current
air-system,Route Points,drop:FC1:F1:fan:-1:F228,4,34,A34,Current
air-system,Route Points,drop:FC1:F1:fan:-1:F228,5,35,A35,Current
air-system,Route Points,drop:FC1:F1:fan:-1:F228,6,36,A36,Current
air-system,Route Points,drop:FC1:F1:fan:-1:F230,1,37,A37,Current
air-system,Route Points,drop:FC1:F1:fan:-1:F230,2,38,A38,Current
air-system,Route Points,drop:FC1:F1:fan:-1:F230,3,39,A39,Current
air-system,Route Points,drop:FC1:F1:fan:-1:F230,4,40,A40,Current
air-system,Route Points,drop:FC1:F1:fan:-1:F230,5,41,A41,Current
air-system,Route Points,drop:FC1:F1:fan:-1:F230,6,42,A42,Current
air-system,Route Points,drop:FC1:F1:fan:-1:F232,1,43,A43,Current
air-system,Route Points,drop:FC1:F1:fan:-1:F232,2,44,A44,Current
air-system,Route Points,drop:FC1:F1:fan:-1:F232,3,45,A45,Current
air-system,Route Points,drop:FC1:F1:fan:-1:F232,4,46,A46,Current
air-system,Route Points,drop:FC1:F1:fan:-1:F232,5,47,A47,Current
air-system,Route Points,drop:FC1:F1:fan:-1:F232,6,48,A48,Current
air-system,Route Points,drop:FC1:F1:fan:-1:F234,1,49,A49,Current
air-system,Route Points,drop:FC1:F1:fan:-1:F234,2,50,A50,Current
air-system,Route Points,drop:FC1:F1:fan:-1:F234,3,51,A51,Current
air-system,Route Points,drop:FC1:F1:fan:-1:F234,4,52,A52,Current
air-system,Route Points,drop:FC1:F1:fan:-1:F234,5,53,A53,Current
air-system,Route Points,drop:FC1:F1:fan:-1:F234,6,54,A54,Current
air-system,Route Points,drop:FC1:F1:fan:-1:F236,1,55,A55,Current
air-system,Route Points,drop:FC1:F1:fan:-1:F236,2,56,A56,Current
air-system,Route Points,drop:FC1:F1:fan:-1:F236,3,57,A57,Current
air-system,Route Points,drop:FC1:F1:fan:-1:F236,4,58,A58,Current
air-system,Route Points,drop:FC1:F1:fan:-1:F236,5,59,A59,Current
air-system,Route Points,drop:FC1:F1:fan:-1:F236,6,60,A60,Current
air-system,Route Points,drop:FC1:F1:fan:-1:F238,1,61,A61,Current
air-system,Route Points,drop:FC1:F1:fan:-1:F238,2,62,A62,Current
air-system,Route Points,drop:FC1:F1:fan:-1:F238,3,63,A63,Current
air-system,Route Points,drop:FC1:F1:fan:-1:F238,4,64,A64,Current
air-system,Route Points,drop:FC1:F1:fan:-1:F238,5,65,A65,Current
air-system,Route Points,drop:FC1:F1:fan:-1:F238,6,66,A66,Current
air-system,Route Points,drop:FC1:F1:fan:-1:F240,1,67,A67,Current
air-system,Route Points,drop:FC1:F1:fan:-1:F240,2,68,A68,Current
air-system,Route Points,drop:FC1:F1:fan:-1:F240,3,69,A69,Current
air-system,Route Points,drop:FC1:F1:fan:-1:F241,1,70,A70,Current
air-system,Route Points,drop:FC1:F1:fan:-1:F241,2,71,A71,Current
air-system,Route Points,drop:FC1:F1:fan:-1:F241,3,72,A72,Current
air-system,Route Points,trunk:FC1:F1:fan:1,1,73,A73,Current
air-system,Route Points,trunk:FC1:F1:fan:1,2,74,A74,Current
air-system,Route Points,trunk:FC1:F1:fan:1,3,75,A75,Current
air-system,Route Points,trunk:FC1:F1:fan:1,4,76,A76,Current
air-system,Route Points,trunk:FC1:F1:fan:1,5,77,A77,Current
air-system,Route Points,trunk:FC1:F1:fan:1,6,78,A78,Current
air-system,Route Points,trunk:FC1:F1:fan:1,7,79,A79,Current
air-system,Route Points,trunk:FC1:F1:fan:1,8,80,A80,Current
air-system,Route Points,trunk:FC1:F1:fan:1,9,81,A81,Current
air-system,Route Points,trunk:FC1:F1:fan:1,10,82,A82,Current
air-system,Route Points,trunk:FC1:F1:fan:1,11,83,A83,Current
air-system,Route Points,trunk:FC1:F1:fan:1,12,84,A84,Current
air-system,Route Points,trunk:FC1:F1:fan:1,13,85,A85,Current
air-system,Route Points,trunk:FC1:F1:fan:1,14,86,A86,Current
air-system,Route Points,trunk:FC1:F1:fan:1,15,87,A87,Current
air-system,Route Points,trunk:FC1:F1:fan:1,16,88,A88,Current
air-system,Route Points,trunk:FC1:F1:fan:1,17,89,A89,Current
air-system,Route Points,trunk:FC1:F1:fan:1,18,90,A90,Current
air-system,Route Points,drop:FC1:F1:fan:1:F227,1,91,A91,Current
air-system,Route Points,drop:FC1:F1:fan:1:F227,2,92,A92,Current
air-system,Route Points,drop:FC1:F1:fan:1:F227,3,93,A93,Current
air-system,Route Points,drop:FC1:F1:fan:1:F227,4,94,A94,Current
air-system,Route Points,drop:FC1:F1:fan:1:F227,5,95,A95,Current
air-system,Route Points,drop:FC1:F1:fan:1:F227,6,96,A96,Current
air-system,Route Points,drop:FC1:F1:fan:1:F229,1,97,A97,Current
air-system,Route Points,drop:FC1:F1:fan:1:F229,2,98,A98,Current
air-system,Route Points,drop:FC1:F1:fan:1:F229,3,99,A99,Current
air-system,Route Points,drop:FC1:F1:fan:1:F229,4,100,A100,Current
air-system,Route Points,drop:FC1:F1:fan:1:F229,5,101,A101,Current
air-system,Route Points,drop:FC1:F1:fan:1:F229,6,102,A102,Current
air-system,Route Points,drop:FC1:F1:fan:1:F231,1,103,A103,Current
air-system,Route Points,drop:FC1:F1:fan:1:F231,2,104,A104,Current
air-system,Route Points,drop:FC1:F1:fan:1:F231,3,105,A105,Current
air-system,Route Points,drop:FC1:F1:fan:1:F231,4,106,A106,Current
air-system,Route Points,drop:FC1:F1:fan:1:F231,5,107,A107,Current
air-system,Route Points,drop:FC1:F1:fan:1:F231,6,108,A108,Current
air-system,Route Points,drop:FC1:F1:fan:1:F233,1,109,A109,Current
air-system,Route Points,drop:FC1:F1:fan:1:F233,2,110,A110,Current
air-system,Route Points,drop:FC1:F1:fan:1:F233,3,111,A111,Current
air-system,Route Points,drop:FC1:F1:fan:1:F233,4,112,A112,Current
air-system,Route Points,drop:FC1:F1:fan:1:F233,5,113,A113,Current
air-system,Route Points,drop:FC1:F1:fan:1:F233,6,114,A114,Current
air-system,Route Points,drop:FC1:F1:fan:1:F235,1,115,A115,Current
air-system,Route Points,drop:FC1:F1:fan:1:F235,2,116,A116,Current
air-system,Route Points,drop:FC1:F1:fan:1:F235,3,117,A117,Current
air-system,Route Points,drop:FC1:F1:fan:1:F235,4,118,A118,Current
air-system,Route Points,drop:FC1:F1:fan:1:F235,5,119,A119,Current
air-system,Route Points,drop:FC1:F1:fan:1:F235,6,120,A120,Current
air-system,Route Points,drop:FC1:F1:fan:1:F237,1,121,A121,Current
air-system,Route Points,drop:FC1:F1:fan:1:F237,2,122,A122,Current
air-system,Route Points,drop:FC1:F1:fan:1:F237,3,123,A123,Current
air-system,Route Points,drop:FC1:F1:fan:1:F237,4,124,A124,Current
air-system,Route Points,drop:FC1:F1:fan:1:F237,5,125,A125,Current
air-system,Route Points,drop:FC1:F1:fan:1:F237,6,126,A126,Current
air-system,Route Points,drop:FC1:F1:fan:1:F239,1,127,A127,Current
air-system,Route Points,drop:FC1:F1:fan:1:F239,2,128,A128,Current
air-system,Route Points,drop:FC1:F1:fan:1:F239,3,129,A129,Current
air-system,Route Points,drop:FC1:F1:fan:1:F239,4,130,A130,Current
air-system,Route Points,drop:FC1:F1:fan:1:F239,5,131,A131,Current
air-system,Route Points,drop:FC1:F1:fan:1:F239,6,132,A132,Current
air-system,Route Points,drop:FC1:F1:fan:1:F242,1,133,A133,Current
air-system,Route Points,drop:FC1:F1:fan:1:F242,2,134,A134,Current
air-system,Route Points,drop:FC1:F1:fan:1:F242,3,135,A135,Current
air-system,Route Points,drop:FC1:F1:fan:1:F243,1,136,A136,Current
air-system,Route Points,drop:FC1:F1:fan:1:F243,2,137,A137,Current
air-system,Route Points,drop:FC1:F1:fan:1:F243,3,138,A138,Current
air-system,Route Points,trunk:DB2:F4:fan:-1,1,139,A139,Current
air-system,Route Points,trunk:DB2:F4:fan:-1,2,140,A140,Current
air-system,Route Points,trunk:DB2:F4:fan:-1,3,141,A141,Current
air-system,Route Points,trunk:DB2:F4:fan:-1,4,142,A142,Current
air-system,Route Points,trunk:DB2:F4:fan:-1,5,143,A143,Current
air-system,Route Points,trunk:DB2:F4:fan:-1,6,144,A144,Current
air-system,Route Points,drop:DB2:F4:fan:-1:F250,1,145,A145,Current
air-system,Route Points,drop:DB2:F4:fan:-1:F250,2,146,A146,Current
air-system,Route Points,drop:DB2:F4:fan:-1:F250,3,147,A147,Current
air-system,Route Points,drop:DB2:F4:fan:-1:F250,4,148,A148,Current
air-system,Route Points,drop:DB2:F4:fan:-1:F250,5,149,A149,Current
air-system,Route Points,trunk:DB2:F4:fan:1,1,150,A150,Current
air-system,Route Points,trunk:DB2:F4:fan:1,2,151,A151,Current
air-system,Route Points,trunk:DB2:F4:fan:1,3,152,A152,Current
air-system,Route Points,trunk:DB2:F4:fan:1,4,153,A153,Current
air-system,Route Points,trunk:DB2:F4:fan:1,5,154,A154,Current
air-system,Route Points,trunk:DB2:F4:fan:1,6,155,A155,Current
air-system,Route Points,drop:DB2:F4:fan:1:F251,1,156,A156,Current
air-system,Route Points,drop:DB2:F4:fan:1:F251,2,157,A157,Current
air-system,Route Points,drop:DB2:F4:fan:1:F251,3,158,A158,Current
air-system,Route Points,drop:DB2:F4:fan:1:F251,4,159,A159,Current
air-system,Route Points,drop:DB2:F4:fan:1:F251,5,160,A160,Current
air-system,Route Points,trunk:FC1:V1:fan:-1,1,161,A161,Current
air-system,Route Points,trunk:FC1:V1:fan:-1,2,162,A162,Current
air-system,Route Points,trunk:FC1:V1:fan:-1,3,163,A163,Current
air-system,Route Points,trunk:FC1:V1:fan:-1,4,164,A164,Current
air-system,Route Points,trunk:FC1:V1:fan:-1,5,165,A165,Current
air-system,Route Points,trunk:FC1:V1:fan:-1,6,166,A166,Current
air-system,Route Points,trunk:FC1:V1:fan:-1,7,167,A167,Current
air-system,Route Points,trunk:FC1:V1:fan:-1,8,168,A168,Current
air-system,Route Points,trunk:FC1:V1:fan:-1,9,169,A169,Current
air-system,Route Points,trunk:FC1:V1:fan:-1,10,170,A170,Current
air-system,Route Points,trunk:FC1:V1:fan:-1,11,171,A171,Current
air-system,Route Points,trunk:FC1:V1:fan:-1,12,172,A172,Current
air-system,Route Points,trunk:FC1:V1:fan:-1,13,173,A173,Current
air-system,Route Points,trunk:FC1:V1:fan:-1,14,174,A174,Current
air-system,Route Points,trunk:FC1:V1:fan:-1,15,175,A175,Current
air-system,Route Points,trunk:FC1:V1:fan:-1,16,176,A176,Current
air-system,Route Points,trunk:FC1:V1:fan:-1,17,177,A177,Current
air-system,Route Points,trunk:FC1:V1:fan:-1,18,178,A178,Current
air-system,Route Points,drop:FC1:V1:fan:-1:F252,1,179,A179,Current
air-system,Route Points,drop:FC1:V1:fan:-1:F252,2,180,A180,Current
air-system,Route Points,drop:FC1:V1:fan:-1:F252,3,181,A181,Current
air-system,Route Points,drop:FC1:V1:fan:-1:F252,4,182,A182,Current
air-system,Route Points,drop:FC1:V1:fan:-1:F252,5,183,A183,Current
air-system,Route Points,drop:FC1:V1:fan:-1:F252,6,184,A184,Current
air-system,Route Points,drop:FC1:V1:fan:-1:F253,1,185,A185,Current
air-system,Route Points,drop:FC1:V1:fan:-1:F253,2,186,A186,Current
air-system,Route Points,drop:FC1:V1:fan:-1:F253,3,187,A187,Current
air-system,Route Points,drop:FC1:V1:fan:-1:F253,4,188,A188,Current
air-system,Route Points,drop:FC1:V1:fan:-1:F253,5,189,A189,Current
air-system,Route Points,drop:FC1:V1:fan:-1:F253,6,190,A190,Current
air-system,Route Points,drop:FC1:V1:fan:-1:F256,1,191,A191,Current
air-system,Route Points,drop:FC1:V1:fan:-1:F256,2,192,A192,Current
air-system,Route Points,drop:FC1:V1:fan:-1:F256,3,193,A193,Current
air-system,Route Points,drop:FC1:V1:fan:-1:F256,4,194,A194,Current
air-system,Route Points,drop:FC1:V1:fan:-1:F257,1,195,A195,Current
air-system,Route Points,drop:FC1:V1:fan:-1:F257,2,196,A196,Current
air-system,Route Points,drop:FC1:V1:fan:-1:F257,3,197,A197,Current
air-system,Route Points,drop:FC1:V1:fan:-1:F257,4,198,A198,Current
air-system,Route Points,drop:FC1:V1:fan:-1:F260,1,199,A199,Current
air-system,Route Points,drop:FC1:V1:fan:-1:F260,2,200,A200,Current
air-system,Route Points,drop:FC1:V1:fan:-1:F260,3,201,A201,Current
air-system,Route Points,drop:FC1:V1:fan:-1:F260,4,202,A202,Current
air-system,Route Points,trunk:FC1:V1:fan:1,1,203,A203,Current
air-system,Route Points,trunk:FC1:V1:fan:1,2,204,A204,Current
air-system,Route Points,trunk:FC1:V1:fan:1,3,205,A205,Current
air-system,Route Points,trunk:FC1:V1:fan:1,4,206,A206,Current
air-system,Route Points,trunk:FC1:V1:fan:1,5,207,A207,Current
air-system,Route Points,trunk:FC1:V1:fan:1,6,208,A208,Current
air-system,Route Points,trunk:FC1:V1:fan:1,7,209,A209,Current
air-system,Route Points,trunk:FC1:V1:fan:1,8,210,A210,Current
air-system,Route Points,trunk:FC1:V1:fan:1,9,211,A211,Current
air-system,Route Points,trunk:FC1:V1:fan:1,10,212,A212,Current
air-system,Route Points,trunk:FC1:V1:fan:1,11,213,A213,Current
air-system,Route Points,trunk:FC1:V1:fan:1,12,214,A214,Current
air-system,Route Points,trunk:FC1:V1:fan:1,13,215,A215,Current
air-system,Route Points,trunk:FC1:V1:fan:1,14,216,A216,Current
air-system,Route Points,trunk:FC1:V1:fan:1,15,217,A217,Current
air-system,Route Points,trunk:FC1:V1:fan:1,16,218,A218,Current
air-system,Route Points,trunk:FC1:V1:fan:1,17,219,A219,Current
air-system,Route Points,trunk:FC1:V1:fan:1,18,220,A220,Current
air-system,Route Points,drop:FC1:V1:fan:1:F254,1,221,A221,Current
air-system,Route Points,drop:FC1:V1:fan:1:F254,2,222,A222,Current
air-system,Route Points,drop:FC1:V1:fan:1:F254,3,223,A223,Current
air-system,Route Points,drop:FC1:V1:fan:1:F254,4,224,A224,Current
air-system,Route Points,drop:FC1:V1:fan:1:F254,5,225,A225,Current
air-system,Route Points,drop:FC1:V1:fan:1:F254,6,226,A226,Current
air-system,Route Points,drop:FC1:V1:fan:1:F255,1,227,A227,Current
air-system,Route Points,drop:FC1:V1:fan:1:F255,2,228,A228,Current
air-system,Route Points,drop:FC1:V1:fan:1:F255,3,229,A229,Current
air-system,Route Points,drop:FC1:V1:fan:1:F255,4,230,A230,Current
air-system,Route Points,drop:FC1:V1:fan:1:F255,5,231,A231,Current
air-system,Route Points,drop:FC1:V1:fan:1:F255,6,232,A232,Current
air-system,Route Points,drop:FC1:V1:fan:1:F258,1,233,A233,Current
air-system,Route Points,drop:FC1:V1:fan:1:F258,2,234,A234,Current
air-system,Route Points,drop:FC1:V1:fan:1:F258,3,235,A235,Current
air-system,Route Points,drop:FC1:V1:fan:1:F258,4,236,A236,Current
air-system,Route Points,drop:FC1:V1:fan:1:F259,1,237,A237,Current
air-system,Route Points,drop:FC1:V1:fan:1:F259,2,238,A238,Current
air-system,Route Points,drop:FC1:V1:fan:1:F259,3,239,A239,Current
air-system,Route Points,drop:FC1:V1:fan:1:F259,4,240,A240,Current
exit-signs,Equipment,L155,,7,A7,Current
exit-signs,Equipment,L156,,8,A8,Current
exit-signs,Equipment,L157,,9,A9,Current
exit-signs,Equipment,L158,,10,A10,Current
exit-signs,Equipment,L159,,11,A11,Current
exit-signs,Electrical Lines,trunk:LC1:E1:light:-1,,7,A7,Current
exit-signs,Electrical Lines,drop:LC1:E1:light:-1:L155,,8,A8,Current
exit-signs,Electrical Lines,drop:LC1:E1:light:-1:L156,,9,A9,Current
exit-signs,Electrical Lines,drop:LC1:E1:light:-1:L158,,10,A10,Current
exit-signs,Electrical Lines,trunk:LC1:E1:light:1,,11,A11,Current
exit-signs,Electrical Lines,drop:LC1:E1:light:1:L157,,12,A12,Current
exit-signs,Electrical Lines,drop:LC1:E1:light:1:L159,,13,A13,Current
exit-signs,Route Points,trunk:LC1:E1:light:-1,1,7,A7,Current
exit-signs,Route Points,trunk:LC1:E1:light:-1,2,8,A8,Current
exit-signs,Route Points,trunk:LC1:E1:light:-1,3,9,A9,Current
exit-signs,Route Points,trunk:LC1:E1:light:-1,4,10,A10,Current
exit-signs,Route Points,trunk:LC1:E1:light:-1,5,11,A11,Current
exit-signs,Route Points,trunk:LC1:E1:light:-1,6,12,A12,Current
exit-signs,Route Points,trunk:LC1:E1:light:-1,7,13,A13,Current
exit-signs,Route Points,trunk:LC1:E1:light:-1,8,14,A14,Current
exit-signs,Route Points,trunk:LC1:E1:light:-1,9,15,A15,Current
exit-signs,Route Points,trunk:LC1:E1:light:-1,10,16,A16,Current
exit-signs,Route Points,trunk:LC1:E1:light:-1,11,17,A17,Current
exit-signs,Route Points,trunk:LC1:E1:light:-1,12,18,A18,Current
exit-signs,Route Points,trunk:LC1:E1:light:-1,13,19,A19,Current
exit-signs,Route Points,trunk:LC1:E1:light:-1,14,20,A20,Current
exit-signs,Route Points,trunk:LC1:E1:light:-1,15,21,A21,Current
exit-signs,Route Points,trunk:LC1:E1:light:-1,16,22,A22,Current
exit-signs,Route Points,trunk:LC1:E1:light:-1,17,23,A23,Current
exit-signs,Route Points,trunk:LC1:E1:light:-1,18,24,A24,Current
exit-signs,Route Points,trunk:LC1:E1:light:-1,19,25,A25,Current
exit-signs,Route Points,drop:LC1:E1:light:-1:L155,1,26,A26,Current
exit-signs,Route Points,drop:LC1:E1:light:-1:L155,2,27,A27,Current
exit-signs,Route Points,drop:LC1:E1:light:-1:L155,3,28,A28,Current
exit-signs,Route Points,drop:LC1:E1:light:-1:L155,4,29,A29,Current
exit-signs,Route Points,drop:LC1:E1:light:-1:L155,5,30,A30,Current
exit-signs,Route Points,drop:LC1:E1:light:-1:L156,1,31,A31,Current
exit-signs,Route Points,drop:LC1:E1:light:-1:L156,2,32,A32,Current
exit-signs,Route Points,drop:LC1:E1:light:-1:L156,3,33,A33,Current
exit-signs,Route Points,drop:LC1:E1:light:-1:L158,1,34,A34,Current
exit-signs,Route Points,drop:LC1:E1:light:-1:L158,2,35,A35,Current
exit-signs,Route Points,drop:LC1:E1:light:-1:L158,3,36,A36,Current
exit-signs,Route Points,trunk:LC1:E1:light:1,1,37,A37,Current
exit-signs,Route Points,trunk:LC1:E1:light:1,2,38,A38,Current
exit-signs,Route Points,trunk:LC1:E1:light:1,3,39,A39,Current
exit-signs,Route Points,trunk:LC1:E1:light:1,4,40,A40,Current
exit-signs,Route Points,trunk:LC1:E1:light:1,5,41,A41,Current
exit-signs,Route Points,trunk:LC1:E1:light:1,6,42,A42,Current
exit-signs,Route Points,trunk:LC1:E1:light:1,7,43,A43,Current
exit-signs,Route Points,trunk:LC1:E1:light:1,8,44,A44,Current
exit-signs,Route Points,trunk:LC1:E1:light:1,9,45,A45,Current
exit-signs,Route Points,trunk:LC1:E1:light:1,10,46,A46,Current
exit-signs,Route Points,trunk:LC1:E1:light:1,11,47,A47,Current
exit-signs,Route Points,trunk:LC1:E1:light:1,12,48,A48,Current
exit-signs,Route Points,trunk:LC1:E1:light:1,13,49,A49,Current
exit-signs,Route Points,trunk:LC1:E1:light:1,14,50,A50,Current
exit-signs,Route Points,trunk:LC1:E1:light:1,15,51,A51,Current
exit-signs,Route Points,trunk:LC1:E1:light:1,16,52,A52,Current
exit-signs,Route Points,trunk:LC1:E1:light:1,17,53,A53,Current
exit-signs,Route Points,trunk:LC1:E1:light:1,18,54,A54,Current
exit-signs,Route Points,drop:LC1:E1:light:1:L157,1,55,A55,Current
exit-signs,Route Points,drop:LC1:E1:light:1:L157,2,56,A56,Current
exit-signs,Route Points,drop:LC1:E1:light:1:L157,3,57,A57,Current
exit-signs,Route Points,drop:LC1:E1:light:1:L159,1,58,A58,Current
exit-signs,Route Points,drop:LC1:E1:light:1:L159,2,59,A59,Current
exit-signs,Route Points,drop:LC1:E1:light:1:L159,3,60,A60,Current
decoration,Equipment,D293,,7,A7,Current
decoration,Equipment,D294,,8,A8,Current
decoration,Equipment,D295,,9,A9,Current
decoration,Equipment,D296,,10,A10,Current
decoration,Equipment,D297,,11,A11,Current
decoration,Equipment,D298,,12,A12,Current
decoration,Equipment,D299,,13,A13,Current
decoration,Equipment,D300,,14,A14,Current
decoration,Equipment,D301,,15,A15,Current
decoration,Equipment,D302,,16,A16,Current
decoration,Equipment,D303,,17,A17,Current
decoration,Equipment,D304,,18,A18,Current
decoration,Equipment,D305,,19,A19,Current
decoration,Equipment,D306,,20,A20,Current
decoration,Equipment,D307,,21,A21,Current
decoration,Equipment,D308,,22,A22,Current
decoration,Equipment,D309,,23,A23,Current
decoration,Equipment,D310,,24,A24,Current
decoration,Equipment,D311,,25,A25,Current
decoration,Equipment,D312,,26,A26,Current
decoration,Equipment,D313,,27,A27,Current
decoration,Equipment,D314,,28,A28,Current
decoration,Equipment,D315,,29,A29,Current
decoration,Equipment,D316,,30,A30,Current
decoration,Equipment,D317,,31,A31,Current
decoration,Equipment,D318,,32,A32,Current
decoration,Equipment,D319,,33,A33,Current
decoration,Equipment,D320,,34,A34,Current
decoration,Equipment,D321,,35,A35,Current
decoration,Equipment,D322,,36,A36,Current
distribution-controls,Equipment,DB1,,7,A7,Current
distribution-controls,Equipment,DB2,,8,A8,Current
distribution-controls,Equipment,LC1,,9,A9,Current
distribution-controls,Equipment,FC1,,10,A10,Current
distribution-controls,Equipment,AV1,,11,A11,Current
distribution-controls,Electrical Lines,feeder:DB2,,7,A7,Current
distribution-controls,Electrical Lines,feeder:AV1,,8,A8,Current
distribution-controls,Electrical Lines,feeder:LC1,,9,A9,Current
distribution-controls,Electrical Lines,feeder:FC1,,10,A10,Current
distribution-controls,Route Points,feeder:DB2,1,7,A7,Current
distribution-controls,Route Points,feeder:DB2,2,8,A8,Current
distribution-controls,Route Points,feeder:DB2,3,9,A9,Current
distribution-controls,Route Points,feeder:DB2,4,10,A10,Current
distribution-controls,Route Points,feeder:DB2,5,11,A11,Current
distribution-controls,Route Points,feeder:DB2,6,12,A12,Current
distribution-controls,Route Points,feeder:DB2,7,13,A13,Current
distribution-controls,Route Points,feeder:DB2,8,14,A14,Current
distribution-controls,Route Points,feeder:DB2,9,15,A15,Current
distribution-controls,Route Points,feeder:DB2,10,16,A16,Current
distribution-controls,Route Points,feeder:DB2,11,17,A17,Current
distribution-controls,Route Points,feeder:DB2,12,18,A18,Current
distribution-controls,Route Points,feeder:DB2,13,19,A19,Current
distribution-controls,Route Points,feeder:DB2,14,20,A20,Current
distribution-controls,Route Points,feeder:DB2,15,21,A21,Current
distribution-controls,Route Points,feeder:DB2,16,22,A22,Current
distribution-controls,Route Points,feeder:DB2,17,23,A23,Current
distribution-controls,Route Points,feeder:DB2,18,24,A24,Current
distribution-controls,Route Points,feeder:DB2,19,25,A25,Current
distribution-controls,Route Points,feeder:DB2,20,26,A26,Current
distribution-controls,Route Points,feeder:DB2,21,27,A27,Current
distribution-controls,Route Points,feeder:DB2,22,28,A28,Current
distribution-controls,Route Points,feeder:DB2,23,29,A29,Current
distribution-controls,Route Points,feeder:AV1,1,30,A30,Current
distribution-controls,Route Points,feeder:AV1,2,31,A31,Current
distribution-controls,Route Points,feeder:AV1,3,32,A32,Current
distribution-controls,Route Points,feeder:AV1,4,33,A33,Current
distribution-controls,Route Points,feeder:AV1,5,34,A34,Current
distribution-controls,Route Points,feeder:AV1,6,35,A35,Current
distribution-controls,Route Points,feeder:LC1,1,36,A36,Current
distribution-controls,Route Points,feeder:LC1,2,37,A37,Current
distribution-controls,Route Points,feeder:LC1,3,38,A38,Current
distribution-controls,Route Points,feeder:LC1,4,39,A39,Current
distribution-controls,Route Points,feeder:LC1,5,40,A40,Current
distribution-controls,Route Points,feeder:LC1,6,41,A41,Current
distribution-controls,Route Points,feeder:FC1,1,42,A42,Current
distribution-controls,Route Points,feeder:FC1,2,43,A43,Current
distribution-controls,Route Points,feeder:FC1,3,44,A44,Current
distribution-controls,Route Points,feeder:FC1,4,45,A45,Current
distribution-controls,Route Points,feeder:FC1,5,46,A46,Current
distribution-controls,Route Points,feeder:FC1,6,47,A47,Current
