"Board","Circuit","ID","Component","Product category","Quantity","Model envelope X mm","Model envelope Y mm","Model envelope Z mm","Fan diameter mm","Load estimate W","Category specifications","Status"
"DB1","L3","L1","Service-room ceiling panel · 50.0 m","Service-room LED panel · 600 × 600 mm","1","600","33","600","","30.0","3000 lm · 4000 K","Planning category; manufacturer / model / IP / final rating pending"
"DB1","L3","L2","Service-room ceiling panel · 51.9 m","Service-room LED panel · 600 × 600 mm","1","600","33","600","","30.0","3000 lm · 4000 K","Planning category; manufacturer / model / IP / final rating pending"
"DB1","L1","L3","Reading light · axis 3 · B central","LED projector · medium 36°","1","330","222","240","","19.2","2300 lm · 3000 K · 28° beam","Planning category; manufacturer / model / IP / final rating pending"
"DB1","L1","L4","Reading light · axis 3 · B central · twin","LED projector · medium 36°","1","330","222","240","","19.2","2300 lm · 3000 K · 28° beam","Planning category; manufacturer / model / IP / final rating pending"
"DB1","L1","L5","Reading light · axis 3 · H central","LED projector · medium 36°","1","330","222","240","","19.2","2300 lm · 3000 K · 28° beam","Planning category; manufacturer / model / IP / final rating pending"
"DB1","L1","L6","Reading light · axis 3 · H central · twin","LED projector · medium 36°","1","330","222","240","","19.2","2300 lm · 3000 K · 28° beam","Planning category; manufacturer / model / IP / final rating pending"
"DB1","L1","L7","Reading light · axis 4 · B central","LED projector · medium 36°","1","330","222","240","","19.2","2300 lm · 3000 K · 28° beam","Planning category; manufacturer / model / IP / final rating pending"
"DB1","L1","L8","Reading light · axis 4 · B central · twin","LED projector · medium 36°","1","330","222","240","","19.2","2300 lm · 3000 K · 28° beam","Planning category; manufacturer / model / IP / final rating pending"
"DB1","L1","L9","Reading light · axis 4 · H central","LED projector · medium 36°","1","330","222","240","","19.2","2300 lm · 3000 K · 28° beam","Planning category; manufacturer / model / IP / final rating pending"
"DB1","L1","L10","Reading light · axis 4 · H central · twin","LED projector · medium 36°","1","330","222","240","","19.2","2300 lm · 3000 K · 28° beam","Planning category; manufacturer / model / IP / final rating pending"
"DB1","L1","L11","Reading light · axis 5 · B central","LED projector · medium 36°","1","330","222","240","","19.2","2300 lm · 3000 K · 28° beam","Planning category; manufacturer / model / IP / final rating pending"
"DB1","L1","L12","Reading light · axis 5 · B central · twin","LED projector · medium 36°","1","330","222","240","","19.2","2300 lm · 3000 K · 28° beam","Planning category; manufacturer / model / IP / final rating pending"
"DB1","L1","L13","Reading light · axis 5 · H central","LED projector · medium 36°","1","330","222","240","","19.2","2300 lm · 3000 K · 28° beam","Planning category; manufacturer / model / IP / final rating pending"
"DB1","L1","L14","Reading light · axis 5 · H central · twin","LED projector · medium 36°","1","330","222","240","","19.2","2300 lm · 3000 K · 28° beam","Planning category; manufacturer / model / IP / final rating pending"
"DB1","L1","L15","Reading light · axis 6 · B central","LED projector · medium 36°","1","330","222","240","","19.2","2300 lm · 3000 K · 28° beam","Planning category; manufacturer / model / IP / final rating pending"
"DB1","L1","L16","Reading light · axis 6 · B central · twin","LED projector · medium 36°","1","330","222","240","","19.2","2300 lm · 3000 K · 28° beam","Planning category; manufacturer / model / IP / final rating pending"
"DB1","L1","L17","Reading light · axis 6 · H central","LED projector · medium 36°","1","330","222","240","","19.2","2300 lm · 3000 K · 28° beam","Planning category; manufacturer / model / IP / final rating pending"
"DB1","L1","L18","Reading light · axis 6 · H central · twin","LED projector · medium 36°","1","330","222","240","","19.2","2300 lm · 3000 K · 28° beam","Planning category; manufacturer / model / IP / final rating pending"
"DB1","L1","L19","Reading light · axis 7 · B central","LED projector · medium 36°","1","330","222","240","","19.2","2300 lm · 3000 K · 28° beam","Planning category; manufacturer / model / IP / final rating pending"
"DB1","L1","L20","Reading light · axis 7 · B central · twin","LED projector · medium 36°","1","330","222","240","","19.2","2300 lm · 3000 K · 28° beam","Planning category; manufacturer / model / IP / final rating pending"
"DB1","L1","L21","Reading light · axis 7 · H central","LED projector · medium 36°","1","330","222","240","","19.2","2300 lm · 3000 K · 28° beam","Planning category; manufacturer / model / IP / final rating pending"
"DB1","L1","L22","Reading light · axis 7 · H central · twin","LED projector · medium 36°","1","330","222","240","","19.2","2300 lm · 3000 K · 28° beam","Planning category; manufacturer / model / IP / final rating pending"
"DB1","L1","L23","Reading light · axis 8 · B central","LED projector · medium 36°","1","330","222","240","","19.2","2300 lm · 3000 K · 28° beam","Planning category; manufacturer / model / IP / final rating pending"
"DB1","L1","L24","Reading light · axis 8 · B central · twin","LED projector · medium 36°","1","330","222","240","","19.2","2300 lm · 3000 K · 28° beam","Planning category; manufacturer / model / IP / final rating pending"
"DB1","L1","L25","Reading light · axis 8 · H central","LED projector · medium 36°","1","330","222","240","","19.2","2300 lm · 3000 K · 28° beam","Planning category; manufacturer / model / IP / final rating pending"
"DB1","L1","L26","Reading light · axis 8 · H central · twin","LED projector · medium 36°","1","330","222","240","","19.2","2300 lm · 3000 K · 28° beam","Planning category; manufacturer / model / IP / final rating pending"
"DB1","L1","L27","Reading light · axis 9 · B central","LED projector · medium 36°","1","330","222","240","","19.2","2300 lm · 3000 K · 28° beam","Planning category; manufacturer / model / IP / final rating pending"
"DB1","L1","L28","Reading light · axis 9 · B central · twin","LED projector · medium 36°","1","330","222","240","","19.2","2300 lm · 3000 K · 28° beam","Planning category; manufacturer / model / IP / final rating pending"
"DB1","L1","L29","Reading light · axis 9 · H central","LED projector · medium 36°","1","330","222","240","","19.2","2300 lm · 3000 K · 28° beam","Planning category; manufacturer / model / IP / final rating pending"
"DB1","L1","L30","Reading light · axis 9 · H central · twin","LED projector · medium 36°","1","330","222","240","","19.2","2300 lm · 3000 K · 28° beam","Planning category; manufacturer / model / IP / final rating pending"
"DB1","L2","L31","Reading light · axis 3 · B outer","LED projector · medium 36°","1","330","222","240","","19.2","2300 lm · 3000 K · 36° beam","Planning category; manufacturer / model / IP / final rating pending"
"DB1","L2","L32","Reading light · axis 3 · B outer · twin","LED projector · medium 36°","1","330","222","240","","19.2","2300 lm · 3000 K · 36° beam","Planning category; manufacturer / model / IP / final rating pending"
"DB1","L2","L33","Reading light · axis 3 · H outer","LED projector · medium 36°","1","330","222","240","","19.2","2300 lm · 3000 K · 36° beam","Planning category; manufacturer / model / IP / final rating pending"
"DB1","L2","L34","Reading light · axis 3 · H outer · twin","LED projector · medium 36°","1","330","222","240","","19.2","2300 lm · 3000 K · 36° beam","Planning category; manufacturer / model / IP / final rating pending"
"DB1","L2","L35","Reading light · axis 4 · B outer","LED projector · medium 36°","1","330","222","240","","19.2","2300 lm · 3000 K · 36° beam","Planning category; manufacturer / model / IP / final rating pending"
"DB1","L2","L36","Reading light · axis 4 · B outer · twin","LED projector · medium 36°","1","330","222","240","","19.2","2300 lm · 3000 K · 36° beam","Planning category; manufacturer / model / IP / final rating pending"
"DB1","L2","L37","Reading light · axis 4 · H outer","LED projector · medium 36°","1","330","222","240","","19.2","2300 lm · 3000 K · 36° beam","Planning category; manufacturer / model / IP / final rating pending"
"DB1","L2","L38","Reading light · axis 4 · H outer · twin","LED projector · medium 36°","1","330","222","240","","19.2","2300 lm · 3000 K · 36° beam","Planning category; manufacturer / model / IP / final rating pending"
"DB1","L2","L39","Reading light · axis 5 · B outer","LED projector · medium 36°","1","330","222","240","","19.2","2300 lm · 3000 K · 36° beam","Planning category; manufacturer / model / IP / final rating pending"
"DB1","L2","L40","Reading light · axis 5 · B outer · twin","LED projector · medium 36°","1","330","222","240","","19.2","2300 lm · 3000 K · 36° beam","Planning category; manufacturer / model / IP / final rating pending"
"DB1","L2","L41","Reading light · axis 5 · H outer","LED projector · medium 36°","1","330","222","240","","19.2","2300 lm · 3000 K · 36° beam","Planning category; manufacturer / model / IP / final rating pending"
"DB1","L2","L42","Reading light · axis 5 · H outer · twin","LED projector · medium 36°","1","330","222","240","","19.2","2300 lm · 3000 K · 36° beam","Planning category; manufacturer / model / IP / final rating pending"
"DB1","L2","L43","Reading light · axis 6 · B outer","LED projector · medium 36°","1","330","222","240","","19.2","2300 lm · 3000 K · 36° beam","Planning category; manufacturer / model / IP / final rating pending"
"DB1","L2","L44","Reading light · axis 6 · B outer · twin","LED projector · medium 36°","1","330","222","240","","19.2","2300 lm · 3000 K · 36° beam","Planning category; manufacturer / model / IP / final rating pending"
"DB1","L2","L45","Reading light · axis 6 · H outer","LED projector · medium 36°","1","330","222","240","","19.2","2300 lm · 3000 K · 36° beam","Planning category; manufacturer / model / IP / final rating pending"
"DB1","L2","L46","Reading light · axis 6 · H outer · twin","LED projector · medium 36°","1","330","222","240","","19.2","2300 lm · 3000 K · 36° beam","Planning category; manufacturer / model / IP / final rating pending"
"DB1","L2","L47","Reading light · axis 7 · B outer","LED projector · medium 36°","1","330","222","240","","19.2","2300 lm · 3000 K · 36° beam","Planning category; manufacturer / model / IP / final rating pending"
"DB1","L2","L48","Reading light · axis 7 · B outer · twin","LED projector · medium 36°","1","330","222","240","","19.2","2300 lm · 3000 K · 36° beam","Planning category; manufacturer / model / IP / final rating pending"
"DB1","L2","L49","Reading light · axis 7 · H outer","LED projector · medium 36°","1","330","222","240","","19.2","2300 lm · 3000 K · 36° beam","Planning category; manufacturer / model / IP / final rating pending"
"DB1","L2","L50","Reading light · axis 7 · H outer · twin","LED projector · medium 36°","1","330","222","240","","19.2","2300 lm · 3000 K · 36° beam","Planning category; manufacturer / model / IP / final rating pending"
"DB1","L2","L51","Reading light · axis 8 · B outer","LED projector · medium 36°","1","330","222","240","","19.2","2300 lm · 3000 K · 36° beam","Planning category; manufacturer / model / IP / final rating pending"
"DB1","L2","L52","Reading light · axis 8 · B outer · twin","LED projector · medium 36°","1","330","222","240","","19.2","2300 lm · 3000 K · 36° beam","Planning category; manufacturer / model / IP / final rating pending"
"DB1","L2","L53","Reading light · axis 8 · H outer","LED projector · medium 36°","1","330","222","240","","19.2","2300 lm · 3000 K · 36° beam","Planning category; manufacturer / model / IP / final rating pending"
"DB1","L2","L54","Reading light · axis 8 · H outer · twin","LED projector · medium 36°","1","330","222","240","","19.2","2300 lm · 3000 K · 36° beam","Planning category; manufacturer / model / IP / final rating pending"
"DB1","L2","L55","Reading light · axis 9 · B outer","LED projector · medium 36°","1","330","222","240","","19.2","2300 lm · 3000 K · 36° beam","Planning category; manufacturer / model / IP / final rating pending"
"DB1","L2","L56","Reading light · axis 9 · B outer · twin","LED projector · medium 36°","1","330","222","240","","19.2","2300 lm · 3000 K · 36° beam","Planning category; manufacturer / model / IP / final rating pending"
"DB1","L2","L57","Reading light · axis 9 · H outer","LED projector · medium 36°","1","330","222","240","","19.2","2300 lm · 3000 K · 36° beam","Planning category; manufacturer / model / IP / final rating pending"
"DB1","L2","L58","Reading light · axis 9 · H outer · twin","LED projector · medium 36°","1","330","222","240","","19.2","2300 lm · 3000 K · 36° beam","Planning category; manufacturer / model / IP / final rating pending"
"DB1","L1","L59","Rear rows light · entrance façade · B","LED projector · medium 36°","1","330","222","240","","50.0","6000 lm · 3000 K · 44° beam","Planning category; manufacturer / model / IP / final rating pending"
"DB1","L1","L60","Rear centre light · entrance façade · B","LED projector · medium 36°","1","330","222","240","","27.5","3300 lm · 3000 K · 50° beam","Planning category; manufacturer / model / IP / final rating pending"
"DB1","L1","L61","Rear rows light · entrance façade · H","LED projector · medium 36°","1","330","222","240","","50.0","6000 lm · 3000 K · 44° beam","Planning category; manufacturer / model / IP / final rating pending"
"DB1","L1","L62","Rear centre light · entrance façade · H","LED projector · medium 36°","1","330","222","240","","27.5","3300 lm · 3000 K · 50° beam","Planning category; manufacturer / model / IP / final rating pending"
"DB1","L8","L63","Wing light · B · front block · back rows","LED projector · medium 36°","1","330","222","240","","31.7","3800 lm · 3000 K · 50° beam","Planning category; manufacturer / model / IP / final rating pending"
"DB1","L8","L64","Wing light · B · front block · front rows","LED projector · medium 36°","1","330","222","240","","33.3","4000 lm · 3000 K · 36° beam","Planning category; manufacturer / model / IP / final rating pending"
"DB1","L8","L65","Wing light · B · rear block · back rows","LED projector · medium 36°","1","330","222","240","","31.7","3800 lm · 3000 K · 50° beam","Planning category; manufacturer / model / IP / final rating pending"
"DB1","L8","L66","Wing light · B · rear block · front rows","LED projector · medium 36°","1","330","222","240","","33.3","4000 lm · 3000 K · 36° beam","Planning category; manufacturer / model / IP / final rating pending"
"DB1","L8","L67","Wing light · H · front block · back rows","LED projector · medium 36°","1","330","222","240","","31.7","3800 lm · 3000 K · 50° beam","Planning category; manufacturer / model / IP / final rating pending"
"DB1","L8","L68","Wing light · H · front block · front rows","LED projector · medium 36°","1","330","222","240","","33.3","4000 lm · 3000 K · 36° beam","Planning category; manufacturer / model / IP / final rating pending"
"DB1","L8","L69","Wing light · H · rear block · back rows","LED projector · medium 36°","1","330","222","240","","31.7","3800 lm · 3000 K · 50° beam","Planning category; manufacturer / model / IP / final rating pending"
"DB1","L8","L70","Wing light · H · rear block · front rows","LED projector · medium 36°","1","330","222","240","","33.3","4000 lm · 3000 K · 36° beam","Planning category; manufacturer / model / IP / final rating pending"
"DB1","LA","L71","Roof uplight · axis 3","Roof uplight · wide flood","1","320","220","300","","32.0","4000 lm · 2700 K · 100° beam","Planning category; manufacturer / model / IP / final rating pending"
"DB1","LA","L72","Roof uplight · axis 4","Roof uplight · wide flood","1","320","220","300","","32.0","4000 lm · 2700 K · 100° beam","Planning category; manufacturer / model / IP / final rating pending"
"DB1","LA","L73","Roof uplight · axis 5","Roof uplight · wide flood","1","320","220","300","","32.0","4000 lm · 2700 K · 100° beam","Planning category; manufacturer / model / IP / final rating pending"
"DB1","LA","L74","Roof uplight · axis 6","Roof uplight · wide flood","1","320","220","300","","32.0","4000 lm · 2700 K · 100° beam","Planning category; manufacturer / model / IP / final rating pending"
"DB1","LA","L75","Roof uplight · axis 7","Roof uplight · wide flood","1","320","220","300","","32.0","4000 lm · 2700 K · 100° beam","Planning category; manufacturer / model / IP / final rating pending"
"DB1","LA","L76","Roof uplight · axis 8","Roof uplight · wide flood","1","320","220","300","","32.0","4000 lm · 2700 K · 100° beam","Planning category; manufacturer / model / IP / final rating pending"
"DB1","LA","L77","Roof uplight · axis 9","Roof uplight · wide flood","1","320","220","300","","32.0","4000 lm · 2700 K · 100° beam","Planning category; manufacturer / model / IP / final rating pending"
"DB1","LA","L78","Roof uplight · axis 10","Roof uplight · wide flood","1","320","220","300","","32.0","4000 lm · 2700 K · 100° beam","Planning category; manufacturer / model / IP / final rating pending"
"DB1","LD","L79","Chandelier · bay 4–5","Brass candle chandelier · 8 lamps","1","2040","1150","2040","","36.0","3760 lm · 2700 K","Planning category; manufacturer / model / IP / final rating pending"
"DB1","LD","L80","Chandelier · bay 6–7","Brass candle chandelier · 8 lamps","1","2040","1150","2040","","36.0","3760 lm · 2700 K","Planning category; manufacturer / model / IP / final rating pending"
"DB1","LD","L81","Chandelier · bay 8–9","Brass candle chandelier · 8 lamps","1","2040","1150","2040","","36.0","3760 lm · 2700 K","Planning category; manufacturer / model / IP / final rating pending"
"DB1","LD","L82","Grand chandelier · crossing 9–10","Grand chandelier · 12 lamps","1","2640","1150","2640","","54.0","5640 lm · 2700 K","Planning category; manufacturer / model / IP / final rating pending"
"DB1","LD","L83","Sconce · axis 3 · B","Brass candle sconce · 2 lamps","1","306","516","453","","9.0","940 lm · 2700 K","Planning category; manufacturer / model / IP / final rating pending"
"DB1","LD","L84","Sconce · axis 3 · H","Brass candle sconce · 2 lamps","1","306","516","453","","9.0","940 lm · 2700 K","Planning category; manufacturer / model / IP / final rating pending"
"DB1","LD","L85","Sconce · axis 4 · B","Brass candle sconce · 2 lamps","1","306","516","453","","9.0","940 lm · 2700 K","Planning category; manufacturer / model / IP / final rating pending"
"DB1","LD","L86","Sconce · axis 4 · H","Brass candle sconce · 2 lamps","1","306","516","453","","9.0","940 lm · 2700 K","Planning category; manufacturer / model / IP / final rating pending"
"DB1","LD","L87","Sconce · axis 5 · B","Brass candle sconce · 2 lamps","1","306","516","453","","9.0","940 lm · 2700 K","Planning category; manufacturer / model / IP / final rating pending"
"DB1","LD","L88","Sconce · axis 5 · H","Brass candle sconce · 2 lamps","1","306","516","453","","9.0","940 lm · 2700 K","Planning category; manufacturer / model / IP / final rating pending"
"DB1","LD","L89","Sconce · axis 6 · B","Brass candle sconce · 2 lamps","1","306","516","453","","9.0","940 lm · 2700 K","Planning category; manufacturer / model / IP / final rating pending"
"DB1","LD","L90","Sconce · axis 6 · H","Brass candle sconce · 2 lamps","1","306","516","453","","9.0","940 lm · 2700 K","Planning category; manufacturer / model / IP / final rating pending"
"DB1","LD","L91","Sconce · axis 7 · B","Brass candle sconce · 2 lamps","1","306","516","453","","9.0","940 lm · 2700 K","Planning category; manufacturer / model / IP / final rating pending"
"DB1","LD","L92","Sconce · axis 7 · H","Brass candle sconce · 2 lamps","1","306","516","453","","9.0","940 lm · 2700 K","Planning category; manufacturer / model / IP / final rating pending"
"DB1","LD","L93","Sconce · axis 8 · B","Brass candle sconce · 2 lamps","1","306","516","453","","9.0","940 lm · 2700 K","Planning category; manufacturer / model / IP / final rating pending"
"DB1","LD","L94","Sconce · axis 8 · H","Brass candle sconce · 2 lamps","1","306","516","453","","9.0","940 lm · 2700 K","Planning category; manufacturer / model / IP / final rating pending"
"DB1","LD","L95","Sconce · axis 9 · B","Brass candle sconce · 2 lamps","1","306","516","453","","9.0","940 lm · 2700 K","Planning category; manufacturer / model / IP / final rating pending"
"DB1","LD","L96","Sconce · axis 9 · H","Brass candle sconce · 2 lamps","1","306","516","453","","9.0","940 lm · 2700 K","Planning category; manufacturer / model / IP / final rating pending"
"DB1","LD","L97","Sconce · sanctuary pier · B","Brass candle sconce · 2 lamps","1","306","516","453","","9.0","940 lm · 2700 K","Planning category; manufacturer / model / IP / final rating pending"
"DB1","LD","L98","Sconce · sanctuary pier · H","Brass candle sconce · 2 lamps","1","306","516","453","","9.0","940 lm · 2700 K","Planning category; manufacturer / model / IP / final rating pending"
"DB1","L3","L99","Altar key light · B","Accent spotlight · 15°","1","269","197","190","","30.8","3500 lm · 3000 K · 24° beam","Planning category; manufacturer / model / IP / final rating pending"
"DB1","L3","L100","Altar key light · H","Accent spotlight · 15°","1","269","197","190","","30.8","3500 lm · 3000 K · 24° beam","Planning category; manufacturer / model / IP / final rating pending"
"DB1","L3","L101","Ambo key light","Accent spotlight · 15°","1","269","197","190","","22.0","2500 lm · 3000 K · 15° beam","Planning category; manufacturer / model / IP / final rating pending"
"DB1","L3","L102","Sanctuary step fill · B","LED projector · medium 36°","1","330","222","240","","33.3","4000 lm · 3000 K · 36° beam","Planning category; manufacturer / model / IP / final rating pending"
"DB1","L3","L103","Sanctuary step fill · H","LED projector · medium 36°","1","330","222","240","","33.3","4000 lm · 3000 K · 36° beam","Planning category; manufacturer / model / IP / final rating pending"
"DB1","L3","L104","Crucifix accent · B","Accent spotlight · 15°","1","269","197","190","","10.6","1200 lm · 3000 K · 15° beam","Planning category; manufacturer / model / IP / final rating pending"
"DB1","L3","L105","Crucifix accent · H","Accent spotlight · 15°","1","269","197","190","","10.6","1200 lm · 3000 K · 15° beam","Planning category; manufacturer / model / IP / final rating pending"
"DB1","L3","L106","Tabernacle accent","Accent spotlight · 15°","1","269","197","190","","7.9","900 lm · 3000 K · 10° beam","Planning category; manufacturer / model / IP / final rating pending"
"DB1","L3","L107","Statue accent · B","Accent spotlight · 15°","1","269","197","190","","15.8","1800 lm · 3000 K · 12° beam","Planning category; manufacturer / model / IP / final rating pending"
"DB1","L3","L108","Statue accent · H","Accent spotlight · 15°","1","269","197","190","","15.8","1800 lm · 3000 K · 12° beam","Planning category; manufacturer / model / IP / final rating pending"
"DB1","L4","L109","Veranda lantern · B · axis 3","Pendant lantern · opal","1","332","860","360","","18.7","2000 lm · 2700 K","Planning category; manufacturer / model / IP / final rating pending"
"DB1","L4","L110","Veranda lantern · B · axis 4","Pendant lantern · opal","1","332","860","360","","18.7","2000 lm · 2700 K","Planning category; manufacturer / model / IP / final rating pending"
"DB1","L4","L111","Veranda lantern · B · axis 5","Pendant lantern · opal","1","332","860","360","","18.7","2000 lm · 2700 K","Planning category; manufacturer / model / IP / final rating pending"
"DB1","L4","L112","Veranda lantern · B · axis 6","Pendant lantern · opal","1","332","860","360","","18.7","2000 lm · 2700 K","Planning category; manufacturer / model / IP / final rating pending"
"DB1","L4","L113","Veranda lantern · B · axis 7","Pendant lantern · opal","1","332","860","360","","18.7","2000 lm · 2700 K","Planning category; manufacturer / model / IP / final rating pending"
"DB1","L4","L114","Veranda lantern · B · axis 8","Pendant lantern · opal","1","332","860","360","","18.7","2000 lm · 2700 K","Planning category; manufacturer / model / IP / final rating pending"
"DB1","L4","L115","Veranda lantern · B · axis 9","Pendant lantern · opal","1","332","860","360","","18.7","2000 lm · 2700 K","Planning category; manufacturer / model / IP / final rating pending"
"DB1","L4","L116","Veranda lantern · B · axis 10","Pendant lantern · opal","1","332","860","360","","18.7","2000 lm · 2700 K","Planning category; manufacturer / model / IP / final rating pending"
"DB1","L4","L117","Veranda lantern · B · axis 11","Pendant lantern · opal","1","332","860","360","","18.7","2000 lm · 2700 K","Planning category; manufacturer / model / IP / final rating pending"
"DB1","L4","L118","Veranda lantern · H · axis 3","Pendant lantern · opal","1","332","860","360","","18.7","2000 lm · 2700 K","Planning category; manufacturer / model / IP / final rating pending"
"DB1","L4","L119","Veranda lantern · H · axis 4","Pendant lantern · opal","1","332","860","360","","18.7","2000 lm · 2700 K","Planning category; manufacturer / model / IP / final rating pending"
"DB1","L4","L120","Veranda lantern · H · axis 5","Pendant lantern · opal","1","332","860","360","","18.7","2000 lm · 2700 K","Planning category; manufacturer / model / IP / final rating pending"
"DB1","L4","L121","Veranda lantern · H · axis 6","Pendant lantern · opal","1","332","860","360","","18.7","2000 lm · 2700 K","Planning category; manufacturer / model / IP / final rating pending"
"DB1","L4","L122","Veranda lantern · H · axis 7","Pendant lantern · opal","1","332","860","360","","18.7","2000 lm · 2700 K","Planning category; manufacturer / model / IP / final rating pending"
"DB1","L4","L123","Veranda lantern · H · axis 8","Pendant lantern · opal","1","332","860","360","","18.7","2000 lm · 2700 K","Planning category; manufacturer / model / IP / final rating pending"
"DB1","L4","L124","Veranda lantern · H · axis 9","Pendant lantern · opal","1","332","860","360","","18.7","2000 lm · 2700 K","Planning category; manufacturer / model / IP / final rating pending"
"DB1","L4","L125","Veranda lantern · H · axis 10","Pendant lantern · opal","1","332","860","360","","18.7","2000 lm · 2700 K","Planning category; manufacturer / model / IP / final rating pending"
"DB1","L4","L126","Veranda lantern · H · axis 11","Pendant lantern · opal","1","332","860","360","","18.7","2000 lm · 2700 K","Planning category; manufacturer / model / IP / final rating pending"
"DB2","L9","L127","Central front door lantern · B","Wall lantern","1","404","440","240","","9.0","900 lm · 2700 K","Planning category; manufacturer / model / IP / final rating pending"
"DB2","L9","L128","Central front door lantern · H","Wall lantern","1","404","440","240","","9.0","900 lm · 2700 K","Planning category; manufacturer / model / IP / final rating pending"
"DB1","L5","L129","Side door lantern · B · 16.725 · front","Wall lantern","1","404","440","240","","9.0","900 lm · 2700 K","Planning category; manufacturer / model / IP / final rating pending"
"DB1","L5","L130","Side door lantern · B · 16.725 · rear","Wall lantern","1","404","440","240","","9.0","900 lm · 2700 K","Planning category; manufacturer / model / IP / final rating pending"
"DB1","L5","L131","Side door lantern · B · 34.725 · front","Wall lantern","1","404","440","240","","9.0","900 lm · 2700 K","Planning category; manufacturer / model / IP / final rating pending"
"DB1","L5","L132","Side door lantern · B · 34.725 · rear","Wall lantern","1","404","440","240","","9.0","900 lm · 2700 K","Planning category; manufacturer / model / IP / final rating pending"
"DB1","L5","L133","Side door lantern · B · 46.425 · front","Wall lantern","1","404","440","240","","9.0","900 lm · 2700 K","Planning category; manufacturer / model / IP / final rating pending"
"DB1","L5","L134","Side door lantern · B · 46.425 · rear","Wall lantern","1","404","440","240","","9.0","900 lm · 2700 K","Planning category; manufacturer / model / IP / final rating pending"
"DB1","L5","L135","Side door lantern · H · 16.725 · front","Wall lantern","1","404","440","240","","9.0","900 lm · 2700 K","Planning category; manufacturer / model / IP / final rating pending"
"DB1","L5","L136","Side door lantern · H · 16.725 · rear","Wall lantern","1","404","440","240","","9.0","900 lm · 2700 K","Planning category; manufacturer / model / IP / final rating pending"
"DB1","L5","L137","Side door lantern · H · 34.725 · front","Wall lantern","1","404","440","240","","9.0","900 lm · 2700 K","Planning category; manufacturer / model / IP / final rating pending"
"DB1","L5","L138","Side door lantern · H · 34.725 · rear","Wall lantern","1","404","440","240","","9.0","900 lm · 2700 K","Planning category; manufacturer / model / IP / final rating pending"
"DB1","L5","L139","Side door lantern · H · 46.425 · front","Wall lantern","1","404","440","240","","9.0","900 lm · 2700 K","Planning category; manufacturer / model / IP / final rating pending"
"DB1","L5","L140","Side door lantern · H · 46.425 · rear","Wall lantern","1","404","440","240","","9.0","900 lm · 2700 K","Planning category; manufacturer / model / IP / final rating pending"
"DB1","L3","L141","Service door lantern · B · front","Wall lantern","1","404","440","240","","4.0","400 lm · 2700 K","Planning category; manufacturer / model / IP / final rating pending"
"DB1","L3","L142","Service door lantern · B · rear","Wall lantern","1","404","440","240","","4.0","400 lm · 2700 K","Planning category; manufacturer / model / IP / final rating pending"
"DB1","L3","L143","Service door lantern · H · front","Wall lantern","1","404","440","240","","4.0","400 lm · 2700 K","Planning category; manufacturer / model / IP / final rating pending"
"DB1","L3","L144","Service door lantern · H · rear","Wall lantern","1","404","440","240","","4.0","400 lm · 2700 K","Planning category; manufacturer / model / IP / final rating pending"
"DB1","E1","L145","Exit sign · main doors","Exit sign (maintained)","1","55","170","380","","3.0","20 lm · 6500 K","Planning category; manufacturer / model / IP / final rating pending"
"DB1","E1","L146","Exit sign · side door 16.7 · B","Exit sign (maintained)","1","55","170","380","","3.0","20 lm · 6500 K","Planning category; manufacturer / model / IP / final rating pending"
"DB1","E1","L147","Exit sign · side door 16.7 · H","Exit sign (maintained)","1","55","170","380","","3.0","20 lm · 6500 K","Planning category; manufacturer / model / IP / final rating pending"
"DB1","E1","L148","Exit sign · side door 34.7 · B","Exit sign (maintained)","1","55","170","380","","3.0","20 lm · 6500 K","Planning category; manufacturer / model / IP / final rating pending"
"DB1","E1","L149","Exit sign · side door 34.7 · H","Exit sign (maintained)","1","55","170","380","","3.0","20 lm · 6500 K","Planning category; manufacturer / model / IP / final rating pending"
"DB2","L6","L150","Tower lower front wash · B","Tower floodlight · projecting arm","1","617","535","340","","27.2","3500 lm · 3000 K · 50° beam","Planning category; manufacturer / model / IP / final rating pending"
"DB2","L6","L151","Tower stage 2 flood · B","Tower floodlight · projecting arm","1","617","535","340","","54.4","7000 lm · 3000 K · 40° beam","Planning category; manufacturer / model / IP / final rating pending"
"DB2","L6","L152","Tower stage 3 flood · B","Tower floodlight · projecting arm","1","617","535","340","","46.7","6000 lm · 3000 K · 40° beam","Planning category; manufacturer / model / IP / final rating pending"
"DB2","L6","L153","Belfry front wash · B","Tower floodlight · projecting arm","1","617","535","340","","35.0","4500 lm · 3000 K · 40° beam","Planning category; manufacturer / model / IP / final rating pending"
"DB2","L6","L154","Dome front wash · B","Tower floodlight · projecting arm","1","617","535","340","","19.4","2500 lm · 3000 K · 36° beam","Planning category; manufacturer / model / IP / final rating pending"
"DB2","L6","L155","Belfry glow · B","Roof uplight · wide flood","1","320","220","300","","20.0","2500 lm · 2700 K · 100° beam","Planning category; manufacturer / model / IP / final rating pending"
"DB2","L6","L156","Tower lower side wash · B","Tower floodlight · projecting arm","1","617","535","340","","19.4","2500 lm · 3000 K · 50° beam","Planning category; manufacturer / model / IP / final rating pending"
"DB2","L6","L157","Tower stage 2 side wash · B","Tower floodlight · projecting arm","1","617","535","340","","38.9","5000 lm · 3000 K · 40° beam","Planning category; manufacturer / model / IP / final rating pending"
"DB2","L6","L158","Tower stage 3 side wash · B","Tower floodlight · projecting arm","1","617","535","340","","31.1","4000 lm · 3000 K · 40° beam","Planning category; manufacturer / model / IP / final rating pending"
"DB2","L6","L159","Belfry side wash · B","Tower floodlight · projecting arm","1","617","535","340","","23.3","3000 lm · 3000 K · 40° beam","Planning category; manufacturer / model / IP / final rating pending"
"DB2","L6","L160","Façade wash · B","Façade floodlight","1","215","535","340","","46.7","6000 lm · 3000 K · 50° beam","Planning category; manufacturer / model / IP / final rating pending"
"DB2","L6","L161","Tower lower front wash · H","Tower floodlight · projecting arm","1","617","535","340","","27.2","3500 lm · 3000 K · 50° beam","Planning category; manufacturer / model / IP / final rating pending"
"DB2","L6","L162","Tower stage 2 flood · H","Tower floodlight · projecting arm","1","617","535","340","","54.4","7000 lm · 3000 K · 40° beam","Planning category; manufacturer / model / IP / final rating pending"
"DB2","L6","L163","Tower stage 3 flood · H","Tower floodlight · projecting arm","1","617","535","340","","46.7","6000 lm · 3000 K · 40° beam","Planning category; manufacturer / model / IP / final rating pending"
"DB2","L6","L164","Belfry front wash · H","Tower floodlight · projecting arm","1","617","535","340","","35.0","4500 lm · 3000 K · 40° beam","Planning category; manufacturer / model / IP / final rating pending"
"DB2","L6","L165","Dome front wash · H","Tower floodlight · projecting arm","1","617","535","340","","19.4","2500 lm · 3000 K · 36° beam","Planning category; manufacturer / model / IP / final rating pending"
"DB2","L6","L166","Belfry glow · H","Roof uplight · wide flood","1","320","220","300","","20.0","2500 lm · 2700 K · 100° beam","Planning category; manufacturer / model / IP / final rating pending"
"DB2","L6","L167","Tower lower side wash · H","Tower floodlight · projecting arm","1","617","535","340","","19.4","2500 lm · 3000 K · 50° beam","Planning category; manufacturer / model / IP / final rating pending"
"DB2","L6","L168","Tower stage 2 side wash · H","Tower floodlight · projecting arm","1","617","535","340","","38.9","5000 lm · 3000 K · 40° beam","Planning category; manufacturer / model / IP / final rating pending"
"DB2","L6","L169","Tower stage 3 side wash · H","Tower floodlight · projecting arm","1","617","535","340","","31.1","4000 lm · 3000 K · 40° beam","Planning category; manufacturer / model / IP / final rating pending"
"DB2","L6","L170","Belfry side wash · H","Tower floodlight · projecting arm","1","617","535","340","","23.3","3000 lm · 3000 K · 40° beam","Planning category; manufacturer / model / IP / final rating pending"
"DB2","L6","L171","Façade wash · H","Façade floodlight","1","215","535","340","","46.7","6000 lm · 3000 K · 50° beam","Planning category; manufacturer / model / IP / final rating pending"
"DB2","L9","L172","Stage flood · tower B · outer","Façade floodlight","1","215","535","340","","70.0","9000 lm · 3000 K · 45° beam","Planning category; manufacturer / model / IP / final rating pending"
"DB2","L9","L173","Stage flood · tower B · inner","Façade floodlight","1","215","535","340","","70.0","9000 lm · 3000 K · 45° beam","Planning category; manufacturer / model / IP / final rating pending"
"DB1","L5","L174","Path light · axis 4 · B","LED projector · medium 36°","1","330","222","240","","20.8","2500 lm · 3000 K · 50° beam","Planning category; manufacturer / model / IP / final rating pending"
"DB1","L5","L175","Path light · axis 6 · B","LED projector · medium 36°","1","330","222","240","","20.8","2500 lm · 3000 K · 50° beam","Planning category; manufacturer / model / IP / final rating pending"
"DB1","L5","L176","Path light · axis 11 · B","LED projector · medium 36°","1","330","222","240","","20.8","2500 lm · 3000 K · 50° beam","Planning category; manufacturer / model / IP / final rating pending"
"DB1","L5","L177","Path light · wing gable B","LED projector · medium 36°","1","330","222","240","","25.0","3000 lm · 3000 K · 55° beam","Planning category; manufacturer / model / IP / final rating pending"
"DB1","L5","L178","Path light · rear · B","LED projector · medium 36°","1","330","222","240","","25.0","3000 lm · 3000 K · 55° beam","Planning category; manufacturer / model / IP / final rating pending"
"DB2","L9","L179","Stage flood · tower H · inner","Façade floodlight","1","215","535","340","","70.0","9000 lm · 3000 K · 45° beam","Planning category; manufacturer / model / IP / final rating pending"
"DB2","L9","L180","Stage flood · tower H · outer","Façade floodlight","1","215","535","340","","70.0","9000 lm · 3000 K · 45° beam","Planning category; manufacturer / model / IP / final rating pending"
"DB1","L5","L181","Path light · axis 4 · H","LED projector · medium 36°","1","330","222","240","","20.8","2500 lm · 3000 K · 50° beam","Planning category; manufacturer / model / IP / final rating pending"
"DB1","L5","L182","Path light · axis 6 · H","LED projector · medium 36°","1","330","222","240","","20.8","2500 lm · 3000 K · 50° beam","Planning category; manufacturer / model / IP / final rating pending"
"DB1","L5","L183","Path light · axis 11 · H","LED projector · medium 36°","1","330","222","240","","20.8","2500 lm · 3000 K · 50° beam","Planning category; manufacturer / model / IP / final rating pending"
"DB1","L5","L184","Path light · wing gable H","LED projector · medium 36°","1","330","222","240","","25.0","3000 lm · 3000 K · 55° beam","Planning category; manufacturer / model / IP / final rating pending"
"DB1","L5","L185","Path light · rear · H","LED projector · medium 36°","1","330","222","240","","25.0","3000 lm · 3000 K · 55° beam","Planning category; manufacturer / model / IP / final rating pending"
"DB2","L7","L186","Festival lights · roof ridge","Festival bulb string (outdoor)","1","100","100","47387","","80.4","0 lm · 2200 K · 47.3 m strand","Planning category; manufacturer / model / IP / final rating pending"
"DB2","L7","L187","Festival lights · main eave B · nave","Festival bulb string (outdoor)","1","100","100","31787","","53.9","0 lm · 2200 K · 31.7 m strand","Planning category; manufacturer / model / IP / final rating pending"
"DB2","L7","L188","Festival lights · main eave B · sanctuary","Festival bulb string (outdoor)","1","100","100","8987","","15.1","0 lm · 2200 K · 8.9 m strand","Planning category; manufacturer / model / IP / final rating pending"
"DB2","L7","L189","Festival lights · veranda eave B · nave","Festival bulb string (outdoor)","1","100","100","31787","","53.9","0 lm · 2200 K · 31.7 m strand","Planning category; manufacturer / model / IP / final rating pending"
"DB2","L7","L190","Festival lights · veranda eave B · sanctuary","Festival bulb string (outdoor)","1","100","100","8987","","15.1","0 lm · 2200 K · 8.9 m strand","Planning category; manufacturer / model / IP / final rating pending"
"DB2","L7","L191","Festival lights · rear gable B","Festival bulb string (outdoor)","1","100","5482","7387","","15.4","0 lm · 2200 K · 9.07 m strand","Planning category; manufacturer / model / IP / final rating pending"
"DB2","L7","L192","Festival lights · tower B · stage 1 · inner corner","Festival bulb string (outdoor)","1","100","7890","87","","13.2","0 lm · 2200 K · 7.790000000000001 m strand","Planning category; manufacturer / model / IP / final rating pending"
"DB2","L7","L193","Festival lights · tower B · stage 1 · outer corner","Festival bulb string (outdoor)","1","100","7890","87","","13.2","0 lm · 2200 K · 7.790000000000001 m strand","Planning category; manufacturer / model / IP / final rating pending"
"DB2","L7","L194","Festival lights · tower B · stage 2 · inner corner","Festival bulb string (outdoor)","1","100","6950","87","","11.6","0 lm · 2200 K · 6.85 m strand","Planning category; manufacturer / model / IP / final rating pending"
"DB2","L7","L195","Festival lights · tower B · stage 2 · outer corner","Festival bulb string (outdoor)","1","100","6950","87","","11.6","0 lm · 2200 K · 6.85 m strand","Planning category; manufacturer / model / IP / final rating pending"
"DB2","L7","L196","Festival lights · tower B · stage 3 · inner corner","Festival bulb string (outdoor)","1","100","6800","87","","11.4","0 lm · 2200 K · 6.700000000000001 m strand","Planning category; manufacturer / model / IP / final rating pending"
"DB2","L7","L197","Festival lights · tower B · stage 3 · outer corner","Festival bulb string (outdoor)","1","100","6800","87","","11.4","0 lm · 2200 K · 6.700000000000001 m strand","Planning category; manufacturer / model / IP / final rating pending"
"DB2","L7","L198","Festival lights · main eave H · nave","Festival bulb string (outdoor)","1","100","100","31787","","53.9","0 lm · 2200 K · 31.7 m strand","Planning category; manufacturer / model / IP / final rating pending"
"DB2","L7","L199","Festival lights · main eave H · sanctuary","Festival bulb string (outdoor)","1","100","100","8987","","15.1","0 lm · 2200 K · 8.9 m strand","Planning category; manufacturer / model / IP / final rating pending"
"DB2","L7","L200","Festival lights · veranda eave H · nave","Festival bulb string (outdoor)","1","100","100","31787","","53.9","0 lm · 2200 K · 31.7 m strand","Planning category; manufacturer / model / IP / final rating pending"
"DB2","L7","L201","Festival lights · veranda eave H · sanctuary","Festival bulb string (outdoor)","1","100","100","8987","","15.1","0 lm · 2200 K · 8.9 m strand","Planning category; manufacturer / model / IP / final rating pending"
"DB2","L7","L202","Festival lights · rear gable H","Festival bulb string (outdoor)","1","100","5482","7387","","15.4","0 lm · 2200 K · 9.07 m strand","Planning category; manufacturer / model / IP / final rating pending"
"DB2","L7","L203","Festival lights · tower H · stage 1 · inner corner","Festival bulb string (outdoor)","1","100","7890","87","","13.2","0 lm · 2200 K · 7.790000000000001 m strand","Planning category; manufacturer / model / IP / final rating pending"
"DB2","L7","L204","Festival lights · tower H · stage 1 · outer corner","Festival bulb string (outdoor)","1","100","7890","87","","13.2","0 lm · 2200 K · 7.790000000000001 m strand","Planning category; manufacturer / model / IP / final rating pending"
"DB2","L7","L205","Festival lights · tower H · stage 2 · inner corner","Festival bulb string (outdoor)","1","100","6950","87","","11.6","0 lm · 2200 K · 6.85 m strand","Planning category; manufacturer / model / IP / final rating pending"
"DB2","L7","L206","Festival lights · tower H · stage 2 · outer corner","Festival bulb string (outdoor)","1","100","6950","87","","11.6","0 lm · 2200 K · 6.85 m strand","Planning category; manufacturer / model / IP / final rating pending"
"DB2","L7","L207","Festival lights · tower H · stage 3 · inner corner","Festival bulb string (outdoor)","1","100","6800","87","","11.4","0 lm · 2200 K · 6.700000000000001 m strand","Planning category; manufacturer / model / IP / final rating pending"
"DB2","L7","L208","Festival lights · tower H · stage 3 · outer corner","Festival bulb string (outdoor)","1","100","6800","87","","11.4","0 lm · 2200 K · 6.700000000000001 m strand","Planning category; manufacturer / model / IP / final rating pending"
"DB2","L7","L209","Festival lights · front terrace between the towers","Festival bulb string (outdoor)","1","100","100","14887","","25.2","0 lm · 2200 K · 14.8 m strand","Planning category; manufacturer / model / IP / final rating pending"
"DB2","L7","L210","Festival flood · rear gable B","Façade floodlight","1","215","535","340","","70.0","9000 lm · 3000 K · 40° beam","Planning category; manufacturer / model / IP / final rating pending"
"DB2","L7","L211","Festival flood · rear gable H","Façade floodlight","1","215","535","340","","70.0","9000 lm · 3000 K · 40° beam","Planning category; manufacturer / model / IP / final rating pending"
"DB2","L6","L212","Central gable flood · B","Façade floodlight","1","215","535","340","","35.0","4500 lm · 3000 K · 26° beam","Planning category; manufacturer / model / IP / final rating pending"
"DB2","L6","L213","Central gable flood · H","Façade floodlight","1","215","535","340","","35.0","4500 lm · 3000 K · 26° beam","Planning category; manufacturer / model / IP / final rating pending"
"DB1","F1","F214","Ceiling fan · bay 2′–3 · B aisle","Ceiling fan · 1.42 m (56"")","1","1323","255","1391","1420","60.0","1.42 m diameter · 60 W at maximum speed","Planning category; manufacturer / model / IP / final rating pending"
"DB1","F1","F215","Ceiling fan · bay 2′–3 · H aisle","Ceiling fan · 1.42 m (56"")","1","1323","255","1391","1420","60.0","1.42 m diameter · 60 W at maximum speed","Planning category; manufacturer / model / IP / final rating pending"
"DB1","F1","F216","Ceiling fan · bay 3–4 · B aisle","Ceiling fan · 1.42 m (56"")","1","1323","255","1391","1420","60.0","1.42 m diameter · 60 W at maximum speed","Planning category; manufacturer / model / IP / final rating pending"
"DB1","F1","F217","Ceiling fan · bay 3–4 · H aisle","Ceiling fan · 1.42 m (56"")","1","1323","255","1391","1420","60.0","1.42 m diameter · 60 W at maximum speed","Planning category; manufacturer / model / IP / final rating pending"
"DB1","F1","F218","Ceiling fan · bay 4–5 · B aisle","Ceiling fan · 1.42 m (56"")","1","1323","255","1391","1420","60.0","1.42 m diameter · 60 W at maximum speed","Planning category; manufacturer / model / IP / final rating pending"
"DB1","F1","F219","Ceiling fan · bay 4–5 · H aisle","Ceiling fan · 1.42 m (56"")","1","1323","255","1391","1420","60.0","1.42 m diameter · 60 W at maximum speed","Planning category; manufacturer / model / IP / final rating pending"
"DB1","F1","F220","Ceiling fan · bay 5–6 · B aisle","Ceiling fan · 1.42 m (56"")","1","1323","255","1391","1420","60.0","1.42 m diameter · 60 W at maximum speed","Planning category; manufacturer / model / IP / final rating pending"
"DB1","F1","F221","Ceiling fan · bay 5–6 · H aisle","Ceiling fan · 1.42 m (56"")","1","1323","255","1391","1420","60.0","1.42 m diameter · 60 W at maximum speed","Planning category; manufacturer / model / IP / final rating pending"
"DB1","F1","F222","Ceiling fan · bay 6–7 · B aisle","Ceiling fan · 1.42 m (56"")","1","1323","255","1391","1420","60.0","1.42 m diameter · 60 W at maximum speed","Planning category; manufacturer / model / IP / final rating pending"
"DB1","F1","F223","Ceiling fan · bay 6–7 · H aisle","Ceiling fan · 1.42 m (56"")","1","1323","255","1391","1420","60.0","1.42 m diameter · 60 W at maximum speed","Planning category; manufacturer / model / IP / final rating pending"
"DB1","F1","F224","Ceiling fan · bay 7–8 · B aisle","Ceiling fan · 1.42 m (56"")","1","1323","255","1391","1420","60.0","1.42 m diameter · 60 W at maximum speed","Planning category; manufacturer / model / IP / final rating pending"
"DB1","F1","F225","Ceiling fan · bay 7–8 · H aisle","Ceiling fan · 1.42 m (56"")","1","1323","255","1391","1420","60.0","1.42 m diameter · 60 W at maximum speed","Planning category; manufacturer / model / IP / final rating pending"
"DB1","F1","F226","Ceiling fan · bay 8–9 · B aisle","Ceiling fan · 1.42 m (56"")","1","1323","255","1391","1420","60.0","1.42 m diameter · 60 W at maximum speed","Planning category; manufacturer / model / IP / final rating pending"
"DB1","F1","F227","Ceiling fan · bay 8–9 · H aisle","Ceiling fan · 1.42 m (56"")","1","1323","255","1391","1420","60.0","1.42 m diameter · 60 W at maximum speed","Planning category; manufacturer / model / IP / final rating pending"
"DB1","F1","F228","Ceiling fan · wing B · front","Ceiling fan · 1.42 m (56"")","1","1323","255","1391","1420","60.0","1.42 m diameter · 60 W at maximum speed","Planning category; manufacturer / model / IP / final rating pending"
"DB1","F1","F229","Ceiling fan · wing B · rear","Ceiling fan · 1.42 m (56"")","1","1323","255","1391","1420","60.0","1.42 m diameter · 60 W at maximum speed","Planning category; manufacturer / model / IP / final rating pending"
"DB1","F1","F230","Ceiling fan · wing H · front","Ceiling fan · 1.42 m (56"")","1","1323","255","1391","1420","60.0","1.42 m diameter · 60 W at maximum speed","Planning category; manufacturer / model / IP / final rating pending"
"DB1","F1","F231","Ceiling fan · wing H · rear","Ceiling fan · 1.42 m (56"")","1","1323","255","1391","1420","60.0","1.42 m diameter · 60 W at maximum speed","Planning category; manufacturer / model / IP / final rating pending"
"DB1","F2","F232","Wall fan · axis 4 · B","Wall fan · oscillating 45 cm","1","460","490","490","450","0.0","0.45 m diameter · 55 W at maximum speed","Hidden alternative / excluded from installed totals"
"DB1","F2","F233","Wall fan · axis 4 · H","Wall fan · oscillating 45 cm","1","460","490","490","450","0.0","0.45 m diameter · 55 W at maximum speed","Hidden alternative / excluded from installed totals"
"DB1","F2","F234","Wall fan · axis 6 · B","Wall fan · oscillating 45 cm","1","460","490","490","450","0.0","0.45 m diameter · 55 W at maximum speed","Hidden alternative / excluded from installed totals"
"DB1","F2","F235","Wall fan · axis 6 · H","Wall fan · oscillating 45 cm","1","460","490","490","450","0.0","0.45 m diameter · 55 W at maximum speed","Hidden alternative / excluded from installed totals"
"DB1","F2","F236","Wall fan · axis 8 · B","Wall fan · oscillating 45 cm","1","460","490","490","450","0.0","0.45 m diameter · 55 W at maximum speed","Hidden alternative / excluded from installed totals"
"DB1","F2","F237","Wall fan · axis 8 · H","Wall fan · oscillating 45 cm","1","460","490","490","450","0.0","0.45 m diameter · 55 W at maximum speed","Hidden alternative / excluded from installed totals"
"DB2","F4","F238","Entrance circulator · B","Large wall circulator · 90 cm","1","769","958","958","900","380.0","0.9 m diameter · 380 W at maximum speed","Planning category; manufacturer / model / IP / final rating pending"
"DB2","F4","F239","Entrance circulator · H","Large wall circulator · 90 cm","1","769","958","958","900","380.0","0.9 m diameter · 380 W at maximum speed","Planning category; manufacturer / model / IP / final rating pending"
"DB1","V1","F240","Exhaust fan · front gable · B outer","Exhaust (ventilation) fan · 50 cm","1","112","620","620","500","170.0","0.5 m diameter · 170 W at maximum speed","Planning category; manufacturer / model / IP / final rating pending"
"DB1","V1","F241","Exhaust fan · front gable · B inner","Exhaust (ventilation) fan · 50 cm","1","112","620","620","500","170.0","0.5 m diameter · 170 W at maximum speed","Planning category; manufacturer / model / IP / final rating pending"
"DB1","V1","F242","Exhaust fan · front gable · H inner","Exhaust (ventilation) fan · 50 cm","1","112","620","620","500","170.0","0.5 m diameter · 170 W at maximum speed","Planning category; manufacturer / model / IP / final rating pending"
"DB1","V1","F243","Exhaust fan · front gable · H outer","Exhaust (ventilation) fan · 50 cm","1","112","620","620","500","170.0","0.5 m diameter · 170 W at maximum speed","Planning category; manufacturer / model / IP / final rating pending"
"DB1","V1","F244","Exhaust fan · wing gable B · front","Exhaust (ventilation) fan · 50 cm","1","112","620","620","500","170.0","0.5 m diameter · 170 W at maximum speed","Planning category; manufacturer / model / IP / final rating pending"
"DB1","V1","F245","Exhaust fan · wing gable B · rear","Exhaust (ventilation) fan · 50 cm","1","112","620","620","500","170.0","0.5 m diameter · 170 W at maximum speed","Planning category; manufacturer / model / IP / final rating pending"
"DB1","V1","F246","Exhaust fan · wing gable H · front","Exhaust (ventilation) fan · 50 cm","1","112","620","620","500","170.0","0.5 m diameter · 170 W at maximum speed","Planning category; manufacturer / model / IP / final rating pending"
"DB1","V1","F247","Exhaust fan · wing gable H · rear","Exhaust (ventilation) fan · 50 cm","1","112","620","620","500","170.0","0.5 m diameter · 170 W at maximum speed","Planning category; manufacturer / model / IP / final rating pending"
"DB1","V1","F248","Exhaust fan · service room","Exhaust (ventilation) fan · 50 cm","1","112","620","620","500","170.0","0.5 m diameter · 170 W at maximum speed","Planning category; manufacturer / model / IP / final rating pending"
"DB1","A1","S249","Wall speaker · axis 4 · B","Slim wall column · 0.6 m, wall colour","1","146","600","60","","20.0","60 W audio rating · Passive / amplifier output · 88.7 ms delay","Planning category; manufacturer / model / IP / final rating pending"
"DB1","A1","S250","Wall speaker · axis 4 · H","Slim wall column · 0.6 m, wall colour","1","146","600","60","","20.0","60 W audio rating · Passive / amplifier output · 89.9 ms delay","Planning category; manufacturer / model / IP / final rating pending"
"DB1","A1","S251","Wall speaker · axis 5 · B","Slim wall column · 0.6 m, wall colour","1","146","600","60","","20.0","60 W audio rating · Passive / amplifier output · 75.8 ms delay","Planning category; manufacturer / model / IP / final rating pending"
"DB1","A1","S252","Wall speaker · axis 5 · H","Slim wall column · 0.6 m, wall colour","1","146","600","60","","20.0","60 W audio rating · Passive / amplifier output · 77.1 ms delay","Planning category; manufacturer / model / IP / final rating pending"
"DB1","A1","S253","Wall speaker · axis 6 · B","Slim wall column · 0.6 m, wall colour","1","146","600","60","","20.0","60 W audio rating · Passive / amplifier output · 62.9 ms delay","Planning category; manufacturer / model / IP / final rating pending"
"DB1","A1","S254","Wall speaker · axis 6 · H","Slim wall column · 0.6 m, wall colour","1","146","600","60","","20.0","60 W audio rating · Passive / amplifier output · 64.4 ms delay","Planning category; manufacturer / model / IP / final rating pending"
"DB1","A1","S255","Wall speaker · axis 7 · B","Slim wall column · 0.6 m, wall colour","1","146","600","60","","20.0","60 W audio rating · Passive / amplifier output · 50 ms delay","Planning category; manufacturer / model / IP / final rating pending"
"DB1","A1","S256","Wall speaker · axis 7 · H","Slim wall column · 0.6 m, wall colour","1","146","600","60","","20.0","60 W audio rating · Passive / amplifier output · 51.8 ms delay","Planning category; manufacturer / model / IP / final rating pending"
"DB1","A1","S257","Wall speaker · axis 8 · B","Slim wall column · 0.6 m, wall colour","1","146","600","60","","20.0","60 W audio rating · Passive / amplifier output · 37.1 ms delay","Planning category; manufacturer / model / IP / final rating pending"
"DB1","A1","S258","Wall speaker · axis 8 · H","Slim wall column · 0.6 m, wall colour","1","146","600","60","","20.0","60 W audio rating · Passive / amplifier output · 39.4 ms delay","Planning category; manufacturer / model / IP / final rating pending"
"DB1","A1","S259","Wall speaker · axis 9 · B","Slim wall column · 0.6 m, wall colour","1","146","600","60","","20.0","60 W audio rating · Passive / amplifier output · 24.2 ms delay","Planning category; manufacturer / model / IP / final rating pending"
"DB1","A1","S260","Wall speaker · axis 9 · H","Slim wall column · 0.6 m, wall colour","1","146","600","60","","20.0","60 W audio rating · Passive / amplifier output · 27.4 ms delay","Planning category; manufacturer / model / IP / final rating pending"
"DB1","A5","S261","Wall speaker · entrance hall · B","Slim wall column · 0.6 m, wall colour","1","146","600","60","","20.0","60 W audio rating · Passive / amplifier output · 98.7 ms delay","Planning category; manufacturer / model / IP / final rating pending"
"DB1","A5","S262","Wall speaker · entrance hall · H","Slim wall column · 0.6 m, wall colour","1","146","600","60","","20.0","60 W audio rating · Passive / amplifier output · 100.7 ms delay","Planning category; manufacturer / model / IP / final rating pending"
"DB1","A1","S263","Wing speaker · B · front block","Pendant loudspeaker · 6""","1","367","257","260","","10.0","30 W audio rating · Passive / amplifier output · 26.9 ms delay","Planning category; manufacturer / model / IP / final rating pending"
"DB1","A1","S264","Wing speaker · B · rear block","Pendant loudspeaker · 6""","1","367","257","260","","10.0","30 W audio rating · Passive / amplifier output · 23.8 ms delay","Planning category; manufacturer / model / IP / final rating pending"
"DB1","A1","S265","Wing speaker · H · front block","Pendant loudspeaker · 6""","1","367","257","260","","10.0","30 W audio rating · Passive / amplifier output · 40.4 ms delay","Planning category; manufacturer / model / IP / final rating pending"
"DB1","A1","S266","Wing speaker · H · rear block","Pendant loudspeaker · 6""","1","367","257","260","","10.0","30 W audio rating · Passive / amplifier output · 38.5 ms delay","Planning category; manufacturer / model / IP / final rating pending"
"DB1","A2","S267","Veranda fill · B · 12.2","Pendant loudspeaker · 6""","1","367","257","260","","10.0","30 W audio rating · Passive / amplifier output · 92.5 ms delay","Planning category; manufacturer / model / IP / final rating pending"
"DB1","A2","S268","Veranda fill · B · 25.7","Pendant loudspeaker · 6""","1","367","257","260","","10.0","30 W audio rating · Passive / amplifier output · 54.4 ms delay","Planning category; manufacturer / model / IP / final rating pending"
"DB1","A2","S269","Veranda fill · H · 12.2","Pendant loudspeaker · 6""","1","367","257","260","","10.0","30 W audio rating · Passive / amplifier output · 95.8 ms delay","Planning category; manufacturer / model / IP / final rating pending"
"DB1","A2","S270","Veranda fill · H · 25.7","Pendant loudspeaker · 6""","1","367","257","260","","10.0","30 W audio rating · Passive / amplifier output · 60 ms delay","Planning category; manufacturer / model / IP / final rating pending"
"DB1","A3","S271","Courtyard horn · B","Outdoor horn · 30 W","1","420","400","400","","10.0","30 W audio rating · Passive / amplifier output · 103.1 ms delay","Planning category; manufacturer / model / IP / final rating pending"
"DB1","A3","S272","Tower horn · B · outer","Outdoor horn · 30 W","1","420","400","400","","10.0","30 W audio rating · Passive / amplifier output · 94.9 ms delay","Planning category; manufacturer / model / IP / final rating pending"
"DB1","A3","S273","Side courtyard horn · axis 5 · B","Outdoor horn · 30 W","1","420","400","400","","10.0","30 W audio rating · Passive / amplifier output · 65.6 ms delay","Planning category; manufacturer / model / IP / final rating pending"
"DB1","A3","S274","Side courtyard horn · axis 8 · B","Outdoor horn · 30 W","1","420","400","400","","10.0","30 W audio rating · Passive / amplifier output · 28.3 ms delay","Planning category; manufacturer / model / IP / final rating pending"
"DB1","A3","S275","Courtyard horn · H","Outdoor horn · 30 W","1","420","400","400","","10.0","30 W audio rating · Passive / amplifier output · 104 ms delay","Planning category; manufacturer / model / IP / final rating pending"
"DB1","A3","S276","Tower horn · H · outer","Outdoor horn · 30 W","1","420","400","400","","10.0","30 W audio rating · Passive / amplifier output · 95.8 ms delay","Planning category; manufacturer / model / IP / final rating pending"
"DB1","A3","S277","Side courtyard horn · axis 5 · H","Outdoor horn · 30 W","1","420","400","400","","10.0","30 W audio rating · Passive / amplifier output · 69.8 ms delay","Planning category; manufacturer / model / IP / final rating pending"
"DB1","A3","S278","Side courtyard horn · axis 8 · H","Outdoor horn · 30 W","1","420","400","400","","10.0","30 W audio rating · Passive / amplifier output · 36.4 ms delay","Planning category; manufacturer / model / IP / final rating pending"
"DB1","MIC","S279","Ambo microphone","Gooseneck microphone (cardioid)","1","362","374","120","","0.0","Microphone signal → mixer input","Planning category; manufacturer / model / IP / final rating pending"
"DB1","MIC","S280","Altar microphone","Gooseneck microphone (cardioid)","1","362","374","120","","0.0","Microphone signal → mixer input","Planning category; manufacturer / model / IP / final rating pending"
"DB1","X1","D293","Christmas tree · front stage","Christmas tree with lights","1","1871","3350","1900","","0.0","350 lm · 2400 K","Hidden alternative / excluded from installed totals"
"DB1","X1","D294","Nativity grotto (hang đá) · front stage","Nativity grotto (hang đá)","1","2005","2858","3347","","0.0","400 lm · 3000 K","Hidden alternative / excluded from installed totals"
"DB1","X1","D295","Star over the crossing","Hanging illuminated star","1","60","1595","1046","","0.0","500 lm · 5000 K","Hidden alternative / excluded from installed totals"
"DB1","X1","D296","Red lanterns · veranda B · bay 4–5","String of red lanterns (đèn lồng)","1","320","1043","3405","","0.0","240 lm · 2200 K · 3.4 m strand","Hidden alternative / excluded from installed totals"
"DB1","X1","D297","Red lanterns · veranda H · bay 4–5","String of red lanterns (đèn lồng)","1","320","1043","3405","","0.0","240 lm · 2200 K · 3.4 m strand","Hidden alternative / excluded from installed totals"
"DB1","X1","D298","Red lanterns · veranda B · bay 5–6","String of red lanterns (đèn lồng)","1","320","1043","3405","","0.0","240 lm · 2200 K · 3.4 m strand","Hidden alternative / excluded from installed totals"
"DB1","X1","D299","Red lanterns · veranda H · bay 5–6","String of red lanterns (đèn lồng)","1","320","1043","3405","","0.0","240 lm · 2200 K · 3.4 m strand","Hidden alternative / excluded from installed totals"
"DB1","X1","D300","Red lanterns · veranda B · bay 7–8","String of red lanterns (đèn lồng)","1","320","1043","3405","","0.0","240 lm · 2200 K · 3.4 m strand","Hidden alternative / excluded from installed totals"
"DB1","X1","D301","Red lanterns · veranda H · bay 7–8","String of red lanterns (đèn lồng)","1","320","1043","3405","","0.0","240 lm · 2200 K · 3.4 m strand","Hidden alternative / excluded from installed totals"
"DB1","X1","D302","Red lanterns · veranda B · bay 8–9","String of red lanterns (đèn lồng)","1","320","1043","3405","","0.0","240 lm · 2200 K · 3.4 m strand","Hidden alternative / excluded from installed totals"
"DB1","X1","D303","Red lanterns · veranda H · bay 8–9","String of red lanterns (đèn lồng)","1","320","1043","3405","","0.0","240 lm · 2200 K · 3.4 m strand","Hidden alternative / excluded from installed totals"

"Route ID","Source","Board","Circuit","Destination IDs","Role","Route length m","Audio full home-run length m","Installation proposal","Specification status"
"feeder:DB2","DB1","DB2","DB2-FEED","","feeder","89.23","","Wall bands, wing perimeter containment, entrance wall riser","Cable type / conductors / cross-section / conduit: pending electrical design"
"feeder:AV1","DB1","DB1","AV1-SUPPLY","","feeder","5.79","","Existing service-room wall tray / local equipment connection","Cable type / conductors / cross-section / conduit: pending electrical design"
"feeder:LC1","DB1","DB1","LC1-SUPPLY","","feeder","2.56","","Existing service-room wall tray / local equipment connection","Cable type / conductors / cross-section / conduit: pending electrical design"
"feeder:FC1","DB1","DB1","FC1-SUPPLY","","feeder","3.41","","Existing service-room wall tray / local equipment connection","Cable type / conductors / cross-section / conduit: pending electrical design"
"local:L1","LC1","DB1","L3","L1","local","4.27","","Local service-room wall riser and ceiling conduit","Cable type / conductors / cross-section / conduit: pending electrical design"
"local:L2","LC1","DB1","L3","L2","local","6.17","","Local service-room wall riser and ceiling conduit","Cable type / conductors / cross-section / conduit: pending electrical design"
"trunk:LC1:L1:light:-1","LC1","DB1","L1","L3 / L4 / L7 / L8 / L11 / L12 / L15 / L16 / L19 / L20 / L23 / L24 / L27 / L28 / L59 / L60","trunk","77.95","","Concealed wall band above openings; ceiling containment at wing returns","Cable type / conductors / cross-section / conduit: pending electrical design"
"drop:LC1:L1:light:-1:L3","LC1","DB1","L1","L3","drop","8.39","","Wall / beam or roof containment, then pendant connection","Cable type / conductors / cross-section / conduit: pending electrical design"
"drop:LC1:L1:light:-1:L4","LC1","DB1","L1","L4","drop","7.01","","Wall / beam or roof containment, then pendant connection","Cable type / conductors / cross-section / conduit: pending electrical design"
"drop:LC1:L1:light:-1:L7","LC1","DB1","L1","L7","drop","7.01","","Wall / beam or roof containment, then pendant connection","Cable type / conductors / cross-section / conduit: pending electrical design"
"drop:LC1:L1:light:-1:L8","LC1","DB1","L1","L8","drop","7.01","","Wall / beam or roof containment, then pendant connection","Cable type / conductors / cross-section / conduit: pending electrical design"
"drop:LC1:L1:light:-1:L11","LC1","DB1","L1","L11","drop","7.01","","Wall / beam or roof containment, then pendant connection","Cable type / conductors / cross-section / conduit: pending electrical design"
"drop:LC1:L1:light:-1:L12","LC1","DB1","L1","L12","drop","7.01","","Wall / beam or roof containment, then pendant connection","Cable type / conductors / cross-section / conduit: pending electrical design"
"drop:LC1:L1:light:-1:L15","LC1","DB1","L1","L15","drop","7.01","","Wall / beam or roof containment, then pendant connection","Cable type / conductors / cross-section / conduit: pending electrical design"
"drop:LC1:L1:light:-1:L16","LC1","DB1","L1","L16","drop","7.01","","Wall / beam or roof containment, then pendant connection","Cable type / conductors / cross-section / conduit: pending electrical design"
"drop:LC1:L1:light:-1:L19","LC1","DB1","L1","L19","drop","7.01","","Wall / beam or roof containment, then pendant connection","Cable type / conductors / cross-section / conduit: pending electrical design"
"drop:LC1:L1:light:-1:L20","LC1","DB1","L1","L20","drop","7.01","","Wall / beam or roof containment, then pendant connection","Cable type / conductors / cross-section / conduit: pending electrical design"
"drop:LC1:L1:light:-1:L23","LC1","DB1","L1","L23","drop","7.01","","Wall / beam or roof containment, then pendant connection","Cable type / conductors / cross-section / conduit: pending electrical design"
"drop:LC1:L1:light:-1:L24","LC1","DB1","L1","L24","drop","7.01","","Wall / beam or roof containment, then pendant connection","Cable type / conductors / cross-section / conduit: pending electrical design"
"drop:LC1:L1:light:-1:L27","LC1","DB1","L1","L27","drop","12.89","","Wall / beam or roof containment, then pendant connection","Cable type / conductors / cross-section / conduit: pending electrical design"
"drop:LC1:L1:light:-1:L28","LC1","DB1","L1","L28","drop","12.89","","Wall / beam or roof containment, then pendant connection","Cable type / conductors / cross-section / conduit: pending electrical design"
"drop:LC1:L1:light:-1:L59","LC1","DB1","L1","L59","drop","8.99","","Concealed pier / wall drop, local termination","Cable type / conductors / cross-section / conduit: pending electrical design"
"drop:LC1:L1:light:-1:L60","LC1","DB1","L1","L60","drop","6.49","","Concealed pier / wall drop, local termination","Cable type / conductors / cross-section / conduit: pending electrical design"
"trunk:LC1:L1:light:1","LC1","DB1","L1","L5 / L6 / L9 / L10 / L13 / L14 / L17 / L18 / L21 / L22 / L25 / L26 / L29 / L30 / L61 / L62","trunk","85.14","","Concealed wall band above openings; ceiling containment at wing returns","Cable type / conductors / cross-section / conduit: pending electrical design"
"drop:LC1:L1:light:1:L5","LC1","DB1","L1","L5","drop","7.01","","Wall / beam or roof containment, then pendant connection","Cable type / conductors / cross-section / conduit: pending electrical design"
"drop:LC1:L1:light:1:L6","LC1","DB1","L1","L6","drop","7.01","","Wall / beam or roof containment, then pendant connection","Cable type / conductors / cross-section / conduit: pending electrical design"
"drop:LC1:L1:light:1:L9","LC1","DB1","L1","L9","drop","7.01","","Wall / beam or roof containment, then pendant connection","Cable type / conductors / cross-section / conduit: pending electrical design"
"drop:LC1:L1:light:1:L10","LC1","DB1","L1","L10","drop","7.01","","Wall / beam or roof containment, then pendant connection","Cable type / conductors / cross-section / conduit: pending electrical design"
"drop:LC1:L1:light:1:L13","LC1","DB1","L1","L13","drop","7.01","","Wall / beam or roof containment, then pendant connection","Cable type / conductors / cross-section / conduit: pending electrical design"
"drop:LC1:L1:light:1:L14","LC1","DB1","L1","L14","drop","7.01","","Wall / beam or roof containment, then pendant connection","Cable type / conductors / cross-section / conduit: pending electrical design"
"drop:LC1:L1:light:1:L17","LC1","DB1","L1","L17","drop","7.01","","Wall / beam or roof containment, then pendant connection","Cable type / conductors / cross-section / conduit: pending electrical design"
"drop:LC1:L1:light:1:L18","LC1","DB1","L1","L18","drop","7.01","","Wall / beam or roof containment, then pendant connection","Cable type / conductors / cross-section / conduit: pending electrical design"
"drop:LC1:L1:light:1:L21","LC1","DB1","L1","L21","drop","7.01","","Wall / beam or roof containment, then pendant connection","Cable type / conductors / cross-section / conduit: pending electrical design"
"drop:LC1:L1:light:1:L22","LC1","DB1","L1","L22","drop","7.01","","Wall / beam or roof containment, then pendant connection","Cable type / conductors / cross-section / conduit: pending electrical design"
"drop:LC1:L1:light:1:L25","LC1","DB1","L1","L25","drop","7.01","","Wall / beam or roof containment, then pendant connection","Cable type / conductors / cross-section / conduit: pending electrical design"
"drop:LC1:L1:light:1:L26","LC1","DB1","L1","L26","drop","7.01","","Wall / beam or roof containment, then pendant connection","Cable type / conductors / cross-section / conduit: pending electrical design"
"drop:LC1:L1:light:1:L29","LC1","DB1","L1","L29","drop","12.89","","Wall / beam or roof containment, then pendant connection","Cable type / conductors / cross-section / conduit: pending electrical design"
"drop:LC1:L1:light:1:L30","LC1","DB1","L1","L30","drop","12.89","","Wall / beam or roof containment, then pendant connection","Cable type / conductors / cross-section / conduit: pending electrical design"
"drop:LC1:L1:light:1:L61","LC1","DB1","L1","L61","drop","8.99","","Concealed pier / wall drop, local termination","Cable type / conductors / cross-section / conduit: pending electrical design"
"drop:LC1:L1:light:1:L62","LC1","DB1","L1","L62","drop","6.49","","Concealed pier / wall drop, local termination","Cable type / conductors / cross-section / conduit: pending electrical design"
"trunk:LC1:L2:light:-1","LC1","DB1","L2","L31 / L32 / L35 / L36 / L39 / L40 / L43 / L44 / L47 / L48 / L51 / L52 / L55 / L56","trunk","70.63","","Concealed wall band above openings; ceiling containment at wing returns","Cable type / conductors / cross-section / conduit: pending electrical design"
"drop:LC1:L2:light:-1:L31","LC1","DB1","L2","L31","drop","2.06","","Wall / beam or roof containment, then pendant connection","Cable type / conductors / cross-section / conduit: pending electrical design"
"drop:LC1:L2:light:-1:L32","LC1","DB1","L2","L32","drop","2.06","","Wall / beam or roof containment, then pendant connection","Cable type / conductors / cross-section / conduit: pending electrical design"
"drop:LC1:L2:light:-1:L35","LC1","DB1","L2","L35","drop","2.06","","Wall / beam or roof containment, then pendant connection","Cable type / conductors / cross-section / conduit: pending electrical design"
"drop:LC1:L2:light:-1:L36","LC1","DB1","L2","L36","drop","2.06","","Wall / beam or roof containment, then pendant connection","Cable type / conductors / cross-section / conduit: pending electrical design"
"drop:LC1:L2:light:-1:L39","LC1","DB1","L2","L39","drop","2.06","","Wall / beam or roof containment, then pendant connection","Cable type / conductors / cross-section / conduit: pending electrical design"
"drop:LC1:L2:light:-1:L40","LC1","DB1","L2","L40","drop","2.06","","Wall / beam or roof containment, then pendant connection","Cable type / conductors / cross-section / conduit: pending electrical design"
"drop:LC1:L2:light:-1:L43","LC1","DB1","L2","L43","drop","2.06","","Wall / beam or roof containment, then pendant connection","Cable type / conductors / cross-section / conduit: pending electrical design"
"drop:LC1:L2:light:-1:L44","LC1","DB1","L2","L44","drop","2.06","","Wall / beam or roof containment, then pendant connection","Cable type / conductors / cross-section / conduit: pending electrical design"
"drop:LC1:L2:light:-1:L47","LC1","DB1","L2","L47","drop","2.06","","Wall / beam or roof containment, then pendant connection","Cable type / conductors / cross-section / conduit: pending electrical design"
"drop:LC1:L2:light:-1:L48","LC1","DB1","L2","L48","drop","2.06","","Wall / beam or roof containment, then pendant connection","Cable type / conductors / cross-section / conduit: pending electrical design"
"drop:LC1:L2:light:-1:L51","LC1","DB1","L2","L51","drop","2.06","","Wall / beam or roof containment, then pendant connection","Cable type / conductors / cross-section / conduit: pending electrical design"
"drop:LC1:L2:light:-1:L52","LC1","DB1","L2","L52","drop","2.06","","Wall / beam or roof containment, then pendant connection","Cable type / conductors / cross-section / conduit: pending electrical design"
"drop:LC1:L2:light:-1:L55","LC1","DB1","L2","L55","drop","7.94","","Wall / beam or roof containment, then pendant connection","Cable type / conductors / cross-section / conduit: pending electrical design"
"drop:LC1:L2:light:-1:L56","LC1","DB1","L2","L56","drop","7.94","","Wall / beam or roof containment, then pendant connection","Cable type / conductors / cross-section / conduit: pending electrical design"
"trunk:LC1:L2:light:1","LC1","DB1","L2","L33 / L34 / L37 / L38 / L41 / L42 / L45 / L46 / L49 / L50 / L53 / L54 / L57 / L58","trunk","77.83","","Concealed wall band above openings; ceiling containment at wing returns","Cable type / conductors / cross-section / conduit: pending electrical design"
"drop:LC1:L2:light:1:L33","LC1","DB1","L2","L33","drop","2.06","","Wall / beam or roof containment, then pendant connection","Cable type / conductors / cross-section / conduit: pending electrical design"
"drop:LC1:L2:light:1:L34","LC1","DB1","L2","L34","drop","2.06","","Wall / beam or roof containment, then pendant connection","Cable type / conductors / cross-section / conduit: pending electrical design"
"drop:LC1:L2:light:1:L37","LC1","DB1","L2","L37","drop","2.06","","Wall / beam or roof containment, then pendant connection","Cable type / conductors / cross-section / conduit: pending electrical design"
"drop:LC1:L2:light:1:L38","LC1","DB1","L2","L38","drop","2.06","","Wall / beam or roof containment, then pendant connection","Cable type / conductors / cross-section / conduit: pending electrical design"
"drop:LC1:L2:light:1:L41","LC1","DB1","L2","L41","drop","2.06","","Wall / beam or roof containment, then pendant connection","Cable type / conductors / cross-section / conduit: pending electrical design"
"drop:LC1:L2:light:1:L42","LC1","DB1","L2","L42","drop","2.06","","Wall / beam or roof containment, then pendant connection","Cable type / conductors / cross-section / conduit: pending electrical design"
"drop:LC1:L2:light:1:L45","LC1","DB1","L2","L45","drop","2.06","","Wall / beam or roof containment, then pendant connection","Cable type / conductors / cross-section / conduit: pending electrical design"
"drop:LC1:L2:light:1:L46","LC1","DB1","L2","L46","drop","2.06","","Wall / beam or roof containment, then pendant connection","Cable type / conductors / cross-section / conduit: pending electrical design"
"drop:LC1:L2:light:1:L49","LC1","DB1","L2","L49","drop","2.06","","Wall / beam or roof containment, then pendant connection","Cable type / conductors / cross-section / conduit: pending electrical design"
"drop:LC1:L2:light:1:L50","LC1","DB1","L2","L50","drop","2.06","","Wall / beam or roof containment, then pendant connection","Cable type / conductors / cross-section / conduit: pending electrical design"
"drop:LC1:L2:light:1:L53","LC1","DB1","L2","L53","drop","2.06","","Wall / beam or roof containment, then pendant connection","Cable type / conductors / cross-section / conduit: pending electrical design"
"drop:LC1:L2:light:1:L54","LC1","DB1","L2","L54","drop","2.06","","Wall / beam or roof containment, then pendant connection","Cable type / conductors / cross-section / conduit: pending electrical design"
"drop:LC1:L2:light:1:L57","LC1","DB1","L2","L57","drop","7.94","","Wall / beam or roof containment, then pendant connection","Cable type / conductors / cross-section / conduit: pending electrical design"
"drop:LC1:L2:light:1:L58","LC1","DB1","L2","L58","drop","7.94","","Wall / beam or roof containment, then pendant connection","Cable type / conductors / cross-section / conduit: pending electrical design"
"trunk:LC1:L8:light:-1","LC1","DB1","L8","L63 / L64 / L65 / L66","trunk","34.55","","Concealed wall band above openings; ceiling containment at wing returns","Cable type / conductors / cross-section / conduit: pending electrical design"
"drop:LC1:L8:light:-1:L63","LC1","DB1","L8","L63","drop","2.48","","Concealed pier / wall drop, local termination","Cable type / conductors / cross-section / conduit: pending electrical design"
"drop:LC1:L8:light:-1:L64","LC1","DB1","L8","L64","drop","3.71","","Concealed pier / wall drop, local termination","Cable type / conductors / cross-section / conduit: pending electrical design"
"drop:LC1:L8:light:-1:L65","LC1","DB1","L8","L65","drop","2.48","","Concealed pier / wall drop, local termination","Cable type / conductors / cross-section / conduit: pending electrical design"
"drop:LC1:L8:light:-1:L66","LC1","DB1","L8","L66","drop","3.71","","Concealed pier / wall drop, local termination","Cable type / conductors / cross-section / conduit: pending electrical design"
"trunk:LC1:L8:light:1","LC1","DB1","L8","L67 / L68 / L69 / L70","trunk","41.75","","Concealed wall band above openings; ceiling containment at wing returns","Cable type / conductors / cross-section / conduit: pending electrical design"
"drop:LC1:L8:light:1:L67","LC1","DB1","L8","L67","drop","2.48","","Concealed pier / wall drop, local termination","Cable type / conductors / cross-section / conduit: pending electrical design"
"drop:LC1:L8:light:1:L68","LC1","DB1","L8","L68","drop","3.71","","Concealed pier / wall drop, local termination","Cable type / conductors / cross-section / conduit: pending electrical design"
"drop:LC1:L8:light:1:L69","LC1","DB1","L8","L69","drop","2.48","","Concealed pier / wall drop, local termination","Cable type / conductors / cross-section / conduit: pending electrical design"
"drop:LC1:L8:light:1:L70","LC1","DB1","L8","L70","drop","3.71","","Concealed pier / wall drop, local termination","Cable type / conductors / cross-section / conduit: pending electrical design"
"trunk:LC1:LA:light:-1","LC1","DB1","LA","L71 / L72 / L73 / L74 / L75 / L76 / L77 / L78","trunk","70.68","","Concealed wall band above openings; ceiling containment at wing returns","Cable type / conductors / cross-section / conduit: pending electrical design"
"drop:LC1:LA:light:-1:L71","LC1","DB1","LA","L71","drop","10.13","","Concealed pier / wall drop, local termination","Cable type / conductors / cross-section / conduit: pending electrical design"
"drop:LC1:LA:light:-1:L72","LC1","DB1","LA","L72","drop","10.13","","Concealed pier / wall drop, local termination","Cable type / conductors / cross-section / conduit: pending electrical design"
"drop:LC1:LA:light:-1:L73","LC1","DB1","LA","L73","drop","10.13","","Concealed pier / wall drop, local termination","Cable type / conductors / cross-section / conduit: pending electrical design"
"drop:LC1:LA:light:-1:L74","LC1","DB1","LA","L74","drop","10.13","","Concealed pier / wall drop, local termination","Cable type / conductors / cross-section / conduit: pending electrical design"
"drop:LC1:LA:light:-1:L75","LC1","DB1","LA","L75","drop","10.13","","Concealed pier / wall drop, local termination","Cable type / conductors / cross-section / conduit: pending electrical design"
"drop:LC1:LA:light:-1:L76","LC1","DB1","LA","L76","drop","10.13","","Concealed pier / wall drop, local termination","Cable type / conductors / cross-section / conduit: pending electrical design"
"drop:LC1:LA:light:-1:L77","LC1","DB1","LA","L77","drop","16.01","","Concealed pier / wall drop, local termination","Cable type / conductors / cross-section / conduit: pending electrical design"
"drop:LC1:LA:light:-1:L78","LC1","DB1","LA","L78","drop","10.13","","Concealed pier / wall drop, local termination","Cable type / conductors / cross-section / conduit: pending electrical design"
"trunk:LC1:LD:light:-1","LC1","DB1","LD","L79 / L80 / L81 / L82 / L83 / L85 / L87 / L89 / L91 / L93 / L95 / L97","trunk","70.69","","Concealed wall band above openings; ceiling containment at wing returns","Cable type / conductors / cross-section / conduit: pending electrical design"
"drop:LC1:LD:light:-1:L79","LC1","DB1","LD","L79","drop","15.51","","Wall / beam or roof containment, then pendant connection","Cable type / conductors / cross-section / conduit: pending electrical design"
"drop:LC1:LD:light:-1:L80","LC1","DB1","LD","L80","drop","15.51","","Wall / beam or roof containment, then pendant connection","Cable type / conductors / cross-section / conduit: pending electrical design"
"drop:LC1:LD:light:-1:L81","LC1","DB1","LD","L81","drop","15.51","","Wall / beam or roof containment, then pendant connection","Cable type / conductors / cross-section / conduit: pending electrical design"
"drop:LC1:LD:light:-1:L82","LC1","DB1","LD","L82","drop","23.92","","Wall / beam or roof containment, then pendant connection","Cable type / conductors / cross-section / conduit: pending electrical design"
"drop:LC1:LD:light:-1:L83","LC1","DB1","LD","L83","drop","2.11","","Concealed pier / wall drop, local termination","Cable type / conductors / cross-section / conduit: pending electrical design"
"drop:LC1:LD:light:-1:L85","LC1","DB1","LD","L85","drop","2.11","","Concealed pier / wall drop, local termination","Cable type / conductors / cross-section / conduit: pending electrical design"
"drop:LC1:LD:light:-1:L87","LC1","DB1","LD","L87","drop","2.11","","Concealed pier / wall drop, local termination","Cable type / conductors / cross-section / conduit: pending electrical design"
"drop:LC1:LD:light:-1:L89","LC1","DB1","LD","L89","drop","2.11","","Concealed pier / wall drop, local termination","Cable type / conductors / cross-section / conduit: pending electrical design"
"drop:LC1:LD:light:-1:L91","LC1","DB1","LD","L91","drop","2.11","","Concealed pier / wall drop, local termination","Cable type / conductors / cross-section / conduit: pending electrical design"
"drop:LC1:LD:light:-1:L93","LC1","DB1","LD","L93","drop","2.11","","Concealed pier / wall drop, local termination","Cable type / conductors / cross-section / conduit: pending electrical design"
"drop:LC1:LD:light:-1:L95","LC1","DB1","LD","L95","drop","7.99","","Concealed pier / wall drop, local termination","Cable type / conductors / cross-section / conduit: pending electrical design"
"drop:LC1:LD:light:-1:L97","LC1","DB1","LD","L97","drop","5.88","","Concealed pier / wall drop, local termination","Cable type / conductors / cross-section / conduit: pending electrical design"
"trunk:LC1:LD:light:1","LC1","DB1","LD","L84 / L86 / L88 / L90 / L92 / L94 / L96 / L98","trunk","77.89","","Concealed wall band above openings; ceiling containment at wing returns","Cable type / conductors / cross-section / conduit: pending electrical design"
"drop:LC1:LD:light:1:L84","LC1","DB1","LD","L84","drop","2.11","","Concealed pier / wall drop, local termination","Cable type / conductors / cross-section / conduit: pending electrical design"
"drop:LC1:LD:light:1:L86","LC1","DB1","LD","L86","drop","2.11","","Concealed pier / wall drop, local termination","Cable type / conductors / cross-section / conduit: pending electrical design"
"drop:LC1:LD:light:1:L88","LC1","DB1","LD","L88","drop","2.11","","Concealed pier / wall drop, local termination","Cable type / conductors / cross-section / conduit: pending electrical design"
"drop:LC1:LD:light:1:L90","LC1","DB1","LD","L90","drop","2.11","","Concealed pier / wall drop, local termination","Cable type / conductors / cross-section / conduit: pending electrical design"
"drop:LC1:LD:light:1:L92","LC1","DB1","LD","L92","drop","2.11","","Concealed pier / wall drop, local termination","Cable type / conductors / cross-section / conduit: pending electrical design"
"drop:LC1:LD:light:1:L94","LC1","DB1","LD","L94","drop","2.11","","Concealed pier / wall drop, local termination","Cable type / conductors / cross-section / conduit: pending electrical design"
"drop:LC1:LD:light:1:L96","LC1","DB1","LD","L96","drop","7.99","","Concealed pier / wall drop, local termination","Cable type / conductors / cross-section / conduit: pending electrical design"
"drop:LC1:LD:light:1:L98","LC1","DB1","LD","L98","drop","5.88","","Concealed pier / wall drop, local termination","Cable type / conductors / cross-section / conduit: pending electrical design"
"trunk:LC1:L3:light:-1","LC1","DB1","L3","L99 / L101 / L102 / L104 / L106 / L107 / L141 / L142","trunk","37.77","","Concealed wall band above openings; ceiling containment at wing returns","Cable type / conductors / cross-section / conduit: pending electrical design"
"drop:LC1:L3:light:-1:L99","LC1","DB1","L3","L99","drop","14.06","","Wall / beam or roof containment, then pendant connection","Cable type / conductors / cross-section / conduit: pending electrical design"
"drop:LC1:L3:light:-1:L101","LC1","DB1","L3","L101","drop","12.31","","Wall / beam or roof containment, then pendant connection","Cable type / conductors / cross-section / conduit: pending electrical design"
"drop:LC1:L3:light:-1:L102","LC1","DB1","L3","L102","drop","13.56","","Wall / beam or roof containment, then pendant connection","Cable type / conductors / cross-section / conduit: pending electrical design"
"drop:LC1:L3:light:-1:L104","LC1","DB1","L3","L104","drop","3.98","","Concealed pier / wall drop, local termination","Cable type / conductors / cross-section / conduit: pending electrical design"
"drop:LC1:L3:light:-1:L106","LC1","DB1","L3","L106","drop","5.54","","Concealed pier / wall drop, local termination","Cable type / conductors / cross-section / conduit: pending electrical design"
"drop:LC1:L3:light:-1:L107","LC1","DB1","L3","L107","drop","7.98","","Wall / beam or roof containment, then pendant connection","Cable type / conductors / cross-section / conduit: pending electrical design"
"drop:LC1:L3:light:-1:L141","LC1","DB1","L3","L141","drop","7.99","","Concealed pier / wall drop, local termination","Cable type / conductors / cross-section / conduit: pending electrical design"
"drop:LC1:L3:light:-1:L142","LC1","DB1","L3","L142","drop","8.70","","Concealed pier / wall drop, local termination","Cable type / conductors / cross-section / conduit: pending electrical design"
"trunk:LC1:L3:light:1","LC1","DB1","L3","L100 / L103 / L105 / L108 / L143 / L144","trunk","44.97","","Concealed wall band above openings; ceiling containment at wing returns","Cable type / conductors / cross-section / conduit: pending electrical design"
"drop:LC1:L3:light:1:L100","LC1","DB1","L3","L100","drop","14.06","","Wall / beam or roof containment, then pendant connection","Cable type / conductors / cross-section / conduit: pending electrical design"
"drop:LC1:L3:light:1:L103","LC1","DB1","L3","L103","drop","13.56","","Wall / beam or roof containment, then pendant connection","Cable type / conductors / cross-section / conduit: pending electrical design"
"drop:LC1:L3:light:1:L105","LC1","DB1","L3","L105","drop","3.98","","Concealed pier / wall drop, local termination","Cable type / conductors / cross-section / conduit: pending electrical design"
"drop:LC1:L3:light:1:L108","LC1","DB1","L3","L108","drop","7.98","","Wall / beam or roof containment, then pendant connection","Cable type / conductors / cross-section / conduit: pending electrical design"
"drop:LC1:L3:light:1:L143","LC1","DB1","L3","L143","drop","7.99","","Concealed pier / wall drop, local termination","Cable type / conductors / cross-section / conduit: pending electrical design"
"drop:LC1:L3:light:1:L144","LC1","DB1","L3","L144","drop","8.70","","Concealed pier / wall drop, local termination","Cable type / conductors / cross-section / conduit: pending electrical design"
"trunk:LC1:L4:light:-1","LC1","DB1","L4","L109 / L110 / L111 / L112 / L113 / L114 / L115 / L116 / L117","trunk","70.66","","Concealed wall band above openings; ceiling containment at wing returns","Cable type / conductors / cross-section / conduit: pending electrical design"
"drop:LC1:L4:light:-1:L109","LC1","DB1","L4","L109","drop","4.15","","Wall / beam or roof containment, then pendant connection","Cable type / conductors / cross-section / conduit: pending electrical design"
"drop:LC1:L4:light:-1:L110","LC1","DB1","L4","L110","drop","4.15","","Wall / beam or roof containment, then pendant connection","Cable type / conductors / cross-section / conduit: pending electrical design"
"drop:LC1:L4:light:-1:L111","LC1","DB1","L4","L111","drop","4.15","","Wall / beam or roof containment, then pendant connection","Cable type / conductors / cross-section / conduit: pending electrical design"
"drop:LC1:L4:light:-1:L112","LC1","DB1","L4","L112","drop","4.15","","Wall / beam or roof containment, then pendant connection","Cable type / conductors / cross-section / conduit: pending electrical design"
"drop:LC1:L4:light:-1:L113","LC1","DB1","L4","L113","drop","4.15","","Wall / beam or roof containment, then pendant connection","Cable type / conductors / cross-section / conduit: pending electrical design"
"drop:LC1:L4:light:-1:L114","LC1","DB1","L4","L114","drop","4.15","","Wall / beam or roof containment, then pendant connection","Cable type / conductors / cross-section / conduit: pending electrical design"
"drop:LC1:L4:light:-1:L115","LC1","DB1","L4","L115","drop","7.05","","Wall / beam or roof containment, then pendant connection","Cable type / conductors / cross-section / conduit: pending electrical design"
"drop:LC1:L4:light:-1:L116","LC1","DB1","L4","L116","drop","4.15","","Wall / beam or roof containment, then pendant connection","Cable type / conductors / cross-section / conduit: pending electrical design"
"drop:LC1:L4:light:-1:L117","LC1","DB1","L4","L117","drop","4.15","","Wall / beam or roof containment, then pendant connection","Cable type / conductors / cross-section / conduit: pending electrical design"
"trunk:LC1:L4:light:1","LC1","DB1","L4","L118 / L119 / L120 / L121 / L122 / L123 / L124 / L125 / L126","trunk","77.86","","Concealed wall band above openings; ceiling containment at wing returns","Cable type / conductors / cross-section / conduit: pending electrical design"
"drop:LC1:L4:light:1:L118","LC1","DB1","L4","L118","drop","4.15","","Wall / beam or roof containment, then pendant connection","Cable type / conductors / cross-section / conduit: pending electrical design"
"drop:LC1:L4:light:1:L119","LC1","DB1","L4","L119","drop","4.15","","Wall / beam or roof containment, then pendant connection","Cable type / conductors / cross-section / conduit: pending electrical design"
"drop:LC1:L4:light:1:L120","LC1","DB1","L4","L120","drop","4.15","","Wall / beam or roof containment, then pendant connection","Cable type / conductors / cross-section / conduit: pending electrical design"
"drop:LC1:L4:light:1:L121","LC1","DB1","L4","L121","drop","4.15","","Wall / beam or roof containment, then pendant connection","Cable type / conductors / cross-section / conduit: pending electrical design"
"drop:LC1:L4:light:1:L122","LC1","DB1","L4","L122","drop","4.15","","Wall / beam or roof containment, then pendant connection","Cable type / conductors / cross-section / conduit: pending electrical design"
"drop:LC1:L4:light:1:L123","LC1","DB1","L4","L123","drop","4.15","","Wall / beam or roof containment, then pendant connection","Cable type / conductors / cross-section / conduit: pending electrical design"
"drop:LC1:L4:light:1:L124","LC1","DB1","L4","L124","drop","7.05","","Wall / beam or roof containment, then pendant connection","Cable type / conductors / cross-section / conduit: pending electrical design"
"drop:LC1:L4:light:1:L125","LC1","DB1","L4","L125","drop","4.15","","Wall / beam or roof containment, then pendant connection","Cable type / conductors / cross-section / conduit: pending electrical design"
"drop:LC1:L4:light:1:L126","LC1","DB1","L4","L126","drop","4.15","","Wall / beam or roof containment, then pendant connection","Cable type / conductors / cross-section / conduit: pending electrical design"
"trunk:DB2:L9:light:-1","DB2","DB2","L9","L127 / L172 / L173","trunk","11.76","","Concealed wall band above openings; ceiling containment at wing returns","Cable type / conductors / cross-section / conduit: pending electrical design"
"drop:DB2:L9:light:-1:L127","DB2","DB2","L9","L127","drop","10.93","","Concealed pier / wall drop, local termination","Cable type / conductors / cross-section / conduit: pending electrical design"
"drop:DB2:L9:light:-1:L172","DB2","DB2","L9","L172","drop","8.84","","Concealed pier / wall drop, local termination","Cable type / conductors / cross-section / conduit: pending electrical design"
"drop:DB2:L9:light:-1:L173","DB2","DB2","L9","L173","drop","8.84","","Concealed pier / wall drop, local termination","Cable type / conductors / cross-section / conduit: pending electrical design"
"trunk:DB2:L9:light:1","DB2","DB2","L9","L128 / L179 / L180","trunk","18.36","","Concealed wall band above openings; ceiling containment at wing returns","Cable type / conductors / cross-section / conduit: pending electrical design"
"drop:DB2:L9:light:1:L128","DB2","DB2","L9","L128","drop","10.93","","Concealed pier / wall drop, local termination","Cable type / conductors / cross-section / conduit: pending electrical design"
"drop:DB2:L9:light:1:L179","DB2","DB2","L9","L179","drop","8.84","","Concealed pier / wall drop, local termination","Cable type / conductors / cross-section / conduit: pending electrical design"
"drop:DB2:L9:light:1:L180","DB2","DB2","L9","L180","drop","8.84","","Concealed pier / wall drop, local termination","Cable type / conductors / cross-section / conduit: pending electrical design"
"trunk:LC1:L5:light:-1","LC1","DB1","L5","L129 / L130 / L131 / L132 / L133 / L134 / L174 / L175 / L176 / L177 / L178","trunk","66.20","","Concealed wall band above openings; ceiling containment at wing returns","Cable type / conductors / cross-section / conduit: pending electrical design"
"drop:LC1:L5:light:-1:L129","LC1","DB1","L5","L129","drop","7.02","","Concealed pier / wall drop, local termination","Cable type / conductors / cross-section / conduit: pending electrical design"
"drop:LC1:L5:light:-1:L130","LC1","DB1","L5","L130","drop","7.02","","Concealed pier / wall drop, local termination","Cable type / conductors / cross-section / conduit: pending electrical design"
"drop:LC1:L5:light:-1:L131","LC1","DB1","L5","L131","drop","7.02","","Concealed pier / wall drop, local termination","Cable type / conductors / cross-section / conduit: pending electrical design"
"drop:LC1:L5:light:-1:L132","LC1","DB1","L5","L132","drop","7.02","","Concealed pier / wall drop, local termination","Cable type / conductors / cross-section / conduit: pending electrical design"
"drop:LC1:L5:light:-1:L133","LC1","DB1","L5","L133","drop","7.02","","Concealed pier / wall drop, local termination","Cable type / conductors / cross-section / conduit: pending electrical design"
"drop:LC1:L5:light:-1:L134","LC1","DB1","L5","L134","drop","7.02","","Concealed pier / wall drop, local termination","Cable type / conductors / cross-section / conduit: pending electrical design"
"drop:LC1:L5:light:-1:L174","LC1","DB1","L5","L174","drop","3.92","","Concealed pier / wall drop, local termination","Cable type / conductors / cross-section / conduit: pending electrical design"
"drop:LC1:L5:light:-1:L175","LC1","DB1","L5","L175","drop","3.92","","Concealed pier / wall drop, local termination","Cable type / conductors / cross-section / conduit: pending electrical design"
"drop:LC1:L5:light:-1:L176","LC1","DB1","L5","L176","drop","3.92","","Concealed pier / wall drop, local termination","Cable type / conductors / cross-section / conduit: pending electrical design"
"drop:LC1:L5:light:-1:L177","LC1","DB1","L5","L177","drop","0.34","","Concealed pier / wall drop, local termination","Cable type / conductors / cross-section / conduit: pending electrical design"
"drop:LC1:L5:light:-1:L178","LC1","DB1","L5","L178","drop","4.24","","Concealed pier / wall drop, local termination","Cable type / conductors / cross-section / conduit: pending electrical design"
"trunk:LC1:L5:light:1","LC1","DB1","L5","L135 / L136 / L137 / L138 / L139 / L140 / L181 / L182 / L183 / L184 / L185","trunk","73.40","","Concealed wall band above openings; ceiling containment at wing returns","Cable type / conductors / cross-section / conduit: pending electrical design"
"drop:LC1:L5:light:1:L135","LC1","DB1","L5","L135","drop","7.02","","Concealed pier / wall drop, local termination","Cable type / conductors / cross-section / conduit: pending electrical design"
"drop:LC1:L5:light:1:L136","LC1","DB1","L5","L136","drop","7.02","","Concealed pier / wall drop, local termination","Cable type / conductors / cross-section / conduit: pending electrical design"
"drop:LC1:L5:light:1:L137","LC1","DB1","L5","L137","drop","7.02","","Concealed pier / wall drop, local termination","Cable type / conductors / cross-section / conduit: pending electrical design"
"drop:LC1:L5:light:1:L138","LC1","DB1","L5","L138","drop","7.02","","Concealed pier / wall drop, local termination","Cable type / conductors / cross-section / conduit: pending electrical design"
"drop:LC1:L5:light:1:L139","LC1","DB1","L5","L139","drop","7.02","","Concealed pier / wall drop, local termination","Cable type / conductors / cross-section / conduit: pending electrical design"
"drop:LC1:L5:light:1:L140","LC1","DB1","L5","L140","drop","7.02","","Concealed pier / wall drop, local termination","Cable type / conductors / cross-section / conduit: pending electrical design"
"drop:LC1:L5:light:1:L181","LC1","DB1","L5","L181","drop","3.92","","Concealed pier / wall drop, local termination","Cable type / conductors / cross-section / conduit: pending electrical design"
"drop:LC1:L5:light:1:L182","LC1","DB1","L5","L182","drop","3.92","","Concealed pier / wall drop, local termination","Cable type / conductors / cross-section / conduit: pending electrical design"
"drop:LC1:L5:light:1:L183","LC1","DB1","L5","L183","drop","3.92","","Concealed pier / wall drop, local termination","Cable type / conductors / cross-section / conduit: pending electrical design"
"drop:LC1:L5:light:1:L184","LC1","DB1","L5","L184","drop","0.34","","Concealed pier / wall drop, local termination","Cable type / conductors / cross-section / conduit: pending electrical design"
"drop:LC1:L5:light:1:L185","LC1","DB1","L5","L185","drop","4.24","","Concealed pier / wall drop, local termination","Cable type / conductors / cross-section / conduit: pending electrical design"
"trunk:LC1:E1:light:-1","LC1","DB1","E1","L145 / L146 / L148","trunk","78.10","","Concealed wall band above openings; ceiling containment at wing returns","Cable type / conductors / cross-section / conduit: pending electrical design"
"drop:LC1:E1:light:-1:L145","LC1","DB1","E1","L145","drop","9.54","","Concealed pier / wall drop, local termination","Cable type / conductors / cross-section / conduit: pending electrical design"
"drop:LC1:E1:light:-1:L146","LC1","DB1","E1","L146","drop","2.02","","Concealed pier / wall drop, local termination","Cable type / conductors / cross-section / conduit: pending electrical design"
"drop:LC1:E1:light:-1:L148","LC1","DB1","E1","L148","drop","2.02","","Concealed pier / wall drop, local termination","Cable type / conductors / cross-section / conduit: pending electrical design"
"trunk:LC1:E1:light:1","LC1","DB1","E1","L147 / L149","trunk","71.22","","Concealed wall band above openings; ceiling containment at wing returns","Cable type / conductors / cross-section / conduit: pending electrical design"
"drop:LC1:E1:light:1:L147","LC1","DB1","E1","L147","drop","2.02","","Concealed pier / wall drop, local termination","Cable type / conductors / cross-section / conduit: pending electrical design"
"drop:LC1:E1:light:1:L149","LC1","DB1","E1","L149","drop","2.02","","Concealed pier / wall drop, local termination","Cable type / conductors / cross-section / conduit: pending electrical design"
"trunk:DB2:L6:light:-1","DB2","DB2","L6","L150 / L151 / L152 / L153 / L154 / L155 / L156 / L157 / L158 / L159 / L160 / L212","trunk","12.48","","Concealed wall band above openings; ceiling containment at wing returns","Cable type / conductors / cross-section / conduit: pending electrical design"
"drop:DB2:L6:light:-1:L150","DB2","DB2","L6","L150","drop","7.91","","Concealed pier / wall drop, local termination","Cable type / conductors / cross-section / conduit: pending electrical design"
"drop:DB2:L6:light:-1:L151","DB2","DB2","L6","L151","drop","7.21","","Concealed pier / wall drop, local termination","Cable type / conductors / cross-section / conduit: pending electrical design"
"drop:DB2:L6:light:-1:L152","DB2","DB2","L6","L152","drop","14.68","","Concealed pier / wall drop, local termination","Cable type / conductors / cross-section / conduit: pending electrical design"
"drop:DB2:L6:light:-1:L153","DB2","DB2","L6","L153","drop","22.10","","Concealed pier / wall drop, local termination","Cable type / conductors / cross-section / conduit: pending electrical design"
"drop:DB2:L6:light:-1:L154","DB2","DB2","L6","L154","drop","28.19","","Concealed pier / wall drop, local termination","Cable type / conductors / cross-section / conduit: pending electrical design"
"drop:DB2:L6:light:-1:L155","DB2","DB2","L6","L155","drop","24.24","","Concealed pier / wall drop, local termination","Cable type / conductors / cross-section / conduit: pending electrical design"
"drop:DB2:L6:light:-1:L156","DB2","DB2","L6","L156","drop","12.81","","Concealed pier / wall drop, local termination","Cable type / conductors / cross-section / conduit: pending electrical design"
"drop:DB2:L6:light:-1:L157","DB2","DB2","L6","L157","drop","12.02","","Concealed pier / wall drop, local termination","Cable type / conductors / cross-section / conduit: pending electrical design"
"drop:DB2:L6:light:-1:L158","DB2","DB2","L6","L158","drop","19.38","","Concealed pier / wall drop, local termination","Cable type / conductors / cross-section / conduit: pending electrical design"
"drop:DB2:L6:light:-1:L159","DB2","DB2","L6","L159","drop","26.60","","Concealed pier / wall drop, local termination","Cable type / conductors / cross-section / conduit: pending electrical design"
"drop:DB2:L6:light:-1:L160","DB2","DB2","L6","L160","drop","9.41","","Concealed pier / wall drop, local termination","Cable type / conductors / cross-section / conduit: pending electrical design"
"drop:DB2:L6:light:-1:L212","DB2","DB2","L6","L212","drop","9.56","","Concealed pier / wall drop, local termination","Cable type / conductors / cross-section / conduit: pending electrical design"
"trunk:DB2:L6:light:1","DB2","DB2","L6","L161 / L162 / L163 / L164 / L165 / L166 / L167 / L168 / L169 / L170 / L171 / L213","trunk","19.08","","Concealed wall band above openings; ceiling containment at wing returns","Cable type / conductors / cross-section / conduit: pending electrical design"
"drop:DB2:L6:light:1:L161","DB2","DB2","L6","L161","drop","7.91","","Concealed pier / wall drop, local termination","Cable type / conductors / cross-section / conduit: pending electrical design"
"drop:DB2:L6:light:1:L162","DB2","DB2","L6","L162","drop","7.21","","Concealed pier / wall drop, local termination","Cable type / conductors / cross-section / conduit: pending electrical design"
"drop:DB2:L6:light:1:L163","DB2","DB2","L6","L163","drop","14.68","","Concealed pier / wall drop, local termination","Cable type / conductors / cross-section / conduit: pending electrical design"
"drop:DB2:L6:light:1:L164","DB2","DB2","L6","L164","drop","22.10","","Concealed pier / wall drop, local termination","Cable type / conductors / cross-section / conduit: pending electrical design"
"drop:DB2:L6:light:1:L165","DB2","DB2","L6","L165","drop","28.19","","Concealed pier / wall drop, local termination","Cable type / conductors / cross-section / conduit: pending electrical design"
"drop:DB2:L6:light:1:L166","DB2","DB2","L6","L166","drop","24.24","","Concealed pier / wall drop, local termination","Cable type / conductors / cross-section / conduit: pending electrical design"
"drop:DB2:L6:light:1:L167","DB2","DB2","L6","L167","drop","12.81","","Concealed pier / wall drop, local termination","Cable type / conductors / cross-section / conduit: pending electrical design"
"drop:DB2:L6:light:1:L168","DB2","DB2","L6","L168","drop","12.02","","Concealed pier / wall drop, local termination","Cable type / conductors / cross-section / conduit: pending electrical design"
"drop:DB2:L6:light:1:L169","DB2","DB2","L6","L169","drop","19.38","","Concealed pier / wall drop, local termination","Cable type / conductors / cross-section / conduit: pending electrical design"
"drop:DB2:L6:light:1:L170","DB2","DB2","L6","L170","drop","26.60","","Concealed pier / wall drop, local termination","Cable type / conductors / cross-section / conduit: pending electrical design"
"drop:DB2:L6:light:1:L171","DB2","DB2","L6","L171","drop","9.41","","Concealed pier / wall drop, local termination","Cable type / conductors / cross-section / conduit: pending electrical design"
"drop:DB2:L6:light:1:L213","DB2","DB2","L6","L213","drop","9.56","","Concealed pier / wall drop, local termination","Cable type / conductors / cross-section / conduit: pending electrical design"
"trunk:DB2:L7:light:-1","DB2","DB2","L7","L186 / L187 / L188 / L189 / L190 / L191 / L192 / L193 / L194 / L195 / L196 / L197 / L209 / L210","trunk","74.21","","Concealed wall band above openings; ceiling containment at wing returns","Cable type / conductors / cross-section / conduit: pending electrical design"
"drop:DB2:L7:light:-1:L186","DB2","DB2","L7","L186","drop","10.06","","Concealed pier / wall drop, local termination","Cable type / conductors / cross-section / conduit: pending electrical design"
"drop:DB2:L7:light:-1:L187","DB2","DB2","L7","L187","drop","0.89","","Concealed pier / wall drop, local termination","Cable type / conductors / cross-section / conduit: pending electrical design"
"drop:DB2:L7:light:-1:L188","DB2","DB2","L7","L188","drop","0.89","","Concealed pier / wall drop, local termination","Cable type / conductors / cross-section / conduit: pending electrical design"
"drop:DB2:L7:light:-1:L189","DB2","DB2","L7","L189","drop","3.26","","Concealed pier / wall drop, local termination","Cable type / conductors / cross-section / conduit: pending electrical design"
"drop:DB2:L7:light:-1:L190","DB2","DB2","L7","L190","drop","3.26","","Concealed pier / wall drop, local termination","Cable type / conductors / cross-section / conduit: pending electrical design"
"drop:DB2:L7:light:-1:L191","DB2","DB2","L7","L191","drop","7.62","","Concealed pier / wall drop, local termination","Cable type / conductors / cross-section / conduit: pending electrical design"
"drop:DB2:L7:light:-1:L192","DB2","DB2","L7","L192","drop","12.49","","Concealed pier / wall drop, local termination","Cable type / conductors / cross-section / conduit: pending electrical design"
"drop:DB2:L7:light:-1:L193","DB2","DB2","L7","L193","drop","12.49","","Concealed pier / wall drop, local termination","Cable type / conductors / cross-section / conduit: pending electrical design"
"drop:DB2:L7:light:-1:L194","DB2","DB2","L7","L194","drop","13.28","","Concealed pier / wall drop, local termination","Cable type / conductors / cross-section / conduit: pending electrical design"
"drop:DB2:L7:light:-1:L195","DB2","DB2","L7","L195","drop","13.28","","Concealed pier / wall drop, local termination","Cable type / conductors / cross-section / conduit: pending electrical design"
"drop:DB2:L7:light:-1:L196","DB2","DB2","L7","L196","drop","20.54","","Concealed pier / wall drop, local termination","Cable type / conductors / cross-section / conduit: pending electrical design"
"drop:DB2:L7:light:-1:L197","DB2","DB2","L7","L197","drop","20.54","","Concealed pier / wall drop, local termination","Cable type / conductors / cross-section / conduit: pending electrical design"
"drop:DB2:L7:light:-1:L209","DB2","DB2","L7","L209","drop","9.57","","Concealed pier / wall drop, local termination","Cable type / conductors / cross-section / conduit: pending electrical design"
"drop:DB2:L7:light:-1:L210","DB2","DB2","L7","L210","drop","2.50","","Concealed pier / wall drop, local termination","Cable type / conductors / cross-section / conduit: pending electrical design"
"trunk:DB2:L7:light:1","DB2","DB2","L7","L198 / L199 / L200 / L201 / L202 / L203 / L204 / L205 / L206 / L207 / L208 / L211","trunk","80.81","","Concealed wall band above openings; ceiling containment at wing returns","Cable type / conductors / cross-section / conduit: pending electrical design"
"drop:DB2:L7:light:1:L198","DB2","DB2","L7","L198","drop","0.89","","Concealed pier / wall drop, local termination","Cable type / conductors / cross-section / conduit: pending electrical design"
"drop:DB2:L7:light:1:L199","DB2","DB2","L7","L199","drop","0.89","","Concealed pier / wall drop, local termination","Cable type / conductors / cross-section / conduit: pending electrical design"
"drop:DB2:L7:light:1:L200","DB2","DB2","L7","L200","drop","3.26","","Concealed pier / wall drop, local termination","Cable type / conductors / cross-section / conduit: pending electrical design"
"drop:DB2:L7:light:1:L201","DB2","DB2","L7","L201","drop","3.26","","Concealed pier / wall drop, local termination","Cable type / conductors / cross-section / conduit: pending electrical design"
"drop:DB2:L7:light:1:L202","DB2","DB2","L7","L202","drop","7.62","","Concealed pier / wall drop, local termination","Cable type / conductors / cross-section / conduit: pending electrical design"
"drop:DB2:L7:light:1:L203","DB2","DB2","L7","L203","drop","12.49","","Concealed pier / wall drop, local termination","Cable type / conductors / cross-section / conduit: pending electrical design"
"drop:DB2:L7:light:1:L204","DB2","DB2","L7","L204","drop","12.49","","Concealed pier / wall drop, local termination","Cable type / conductors / cross-section / conduit: pending electrical design"
"drop:DB2:L7:light:1:L205","DB2","DB2","L7","L205","drop","13.28","","Concealed pier / wall drop, local termination","Cable type / conductors / cross-section / conduit: pending electrical design"
"drop:DB2:L7:light:1:L206","DB2","DB2","L7","L206","drop","13.28","","Concealed pier / wall drop, local termination","Cable type / conductors / cross-section / conduit: pending electrical design"
"drop:DB2:L7:light:1:L207","DB2","DB2","L7","L207","drop","20.54","","Concealed pier / wall drop, local termination","Cable type / conductors / cross-section / conduit: pending electrical design"
"drop:DB2:L7:light:1:L208","DB2","DB2","L7","L208","drop","20.54","","Concealed pier / wall drop, local termination","Cable type / conductors / cross-section / conduit: pending electrical design"
"drop:DB2:L7:light:1:L211","DB2","DB2","L7","L211","drop","2.50","","Concealed pier / wall drop, local termination","Cable type / conductors / cross-section / conduit: pending electrical design"
"trunk:FC1:F1:fan:-1","FC1","DB1","F1","F214 / F216 / F218 / F220 / F222 / F224 / F226 / F228 / F229","trunk","72.60","","Concealed wall band above openings; ceiling containment at wing returns","Cable type / conductors / cross-section / conduit: pending electrical design"
"drop:FC1:F1:fan:-1:F214","FC1","DB1","F1","F214","drop","10.55","","Wall / beam or roof containment, then pendant connection","Cable type / conductors / cross-section / conduit: pending electrical design"
"drop:FC1:F1:fan:-1:F216","FC1","DB1","F1","F216","drop","10.55","","Wall / beam or roof containment, then pendant connection","Cable type / conductors / cross-section / conduit: pending electrical design"
"drop:FC1:F1:fan:-1:F218","FC1","DB1","F1","F218","drop","10.54","","Wall / beam or roof containment, then pendant connection","Cable type / conductors / cross-section / conduit: pending electrical design"
"drop:FC1:F1:fan:-1:F220","FC1","DB1","F1","F220","drop","10.55","","Wall / beam or roof containment, then pendant connection","Cable type / conductors / cross-section / conduit: pending electrical design"
"drop:FC1:F1:fan:-1:F222","FC1","DB1","F1","F222","drop","10.55","","Wall / beam or roof containment, then pendant connection","Cable type / conductors / cross-section / conduit: pending electrical design"
"drop:FC1:F1:fan:-1:F224","FC1","DB1","F1","F224","drop","10.55","","Wall / beam or roof containment, then pendant connection","Cable type / conductors / cross-section / conduit: pending electrical design"
"drop:FC1:F1:fan:-1:F226","FC1","DB1","F1","F226","drop","10.54","","Wall / beam or roof containment, then pendant connection","Cable type / conductors / cross-section / conduit: pending electrical design"
"drop:FC1:F1:fan:-1:F228","FC1","DB1","F1","F228","drop","10.05","","Wall / beam or roof containment, then pendant connection","Cable type / conductors / cross-section / conduit: pending electrical design"
"drop:FC1:F1:fan:-1:F229","FC1","DB1","F1","F229","drop","10.01","","Wall / beam or roof containment, then pendant connection","Cable type / conductors / cross-section / conduit: pending electrical design"
"trunk:FC1:F1:fan:1","FC1","DB1","F1","F215 / F217 / F219 / F221 / F223 / F225 / F227 / F230 / F231","trunk","79.80","","Concealed wall band above openings; ceiling containment at wing returns","Cable type / conductors / cross-section / conduit: pending electrical design"
"drop:FC1:F1:fan:1:F215","FC1","DB1","F1","F215","drop","10.55","","Wall / beam or roof containment, then pendant connection","Cable type / conductors / cross-section / conduit: pending electrical design"
"drop:FC1:F1:fan:1:F217","FC1","DB1","F1","F217","drop","10.55","","Wall / beam or roof containment, then pendant connection","Cable type / conductors / cross-section / conduit: pending electrical design"
"drop:FC1:F1:fan:1:F219","FC1","DB1","F1","F219","drop","10.54","","Wall / beam or roof containment, then pendant connection","Cable type / conductors / cross-section / conduit: pending electrical design"
"drop:FC1:F1:fan:1:F221","FC1","DB1","F1","F221","drop","10.55","","Wall / beam or roof containment, then pendant connection","Cable type / conductors / cross-section / conduit: pending electrical design"
"drop:FC1:F1:fan:1:F223","FC1","DB1","F1","F223","drop","10.55","","Wall / beam or roof containment, then pendant connection","Cable type / conductors / cross-section / conduit: pending electrical design"
"drop:FC1:F1:fan:1:F225","FC1","DB1","F1","F225","drop","10.55","","Wall / beam or roof containment, then pendant connection","Cable type / conductors / cross-section / conduit: pending electrical design"
"drop:FC1:F1:fan:1:F227","FC1","DB1","F1","F227","drop","10.54","","Wall / beam or roof containment, then pendant connection","Cable type / conductors / cross-section / conduit: pending electrical design"
"drop:FC1:F1:fan:1:F230","FC1","DB1","F1","F230","drop","10.05","","Wall / beam or roof containment, then pendant connection","Cable type / conductors / cross-section / conduit: pending electrical design"
"drop:FC1:F1:fan:1:F231","FC1","DB1","F1","F231","drop","10.01","","Wall / beam or roof containment, then pendant connection","Cable type / conductors / cross-section / conduit: pending electrical design"
"trunk:DB2:F4:fan:-1","DB2","DB2","F4","F238","trunk","12.04","","Concealed wall band above openings; ceiling containment at wing returns","Cable type / conductors / cross-section / conduit: pending electrical design"
"drop:DB2:F4:fan:-1:F238","DB2","DB2","F4","F238","drop","6.72","","Concealed pier / wall drop, local termination","Cable type / conductors / cross-section / conduit: pending electrical design"
"trunk:DB2:F4:fan:1","DB2","DB2","F4","F239","trunk","18.64","","Concealed wall band above openings; ceiling containment at wing returns","Cable type / conductors / cross-section / conduit: pending electrical design"
"drop:DB2:F4:fan:1:F239","DB2","DB2","F4","F239","drop","6.72","","Concealed pier / wall drop, local termination","Cable type / conductors / cross-section / conduit: pending electrical design"
"trunk:FC1:V1:fan:-1","FC1","DB1","V1","F240 / F241 / F244 / F245 / F248","trunk","76.18","","Concealed wall band above openings; ceiling containment at wing returns","Cable type / conductors / cross-section / conduit: pending electrical design"
"drop:FC1:V1:fan:-1:F240","FC1","DB1","V1","F240","drop","7.12","","Concealed pier / wall drop, local termination","Cable type / conductors / cross-section / conduit: pending electrical design"
"drop:FC1:V1:fan:-1:F241","FC1","DB1","V1","F241","drop","8.92","","Concealed pier / wall drop, local termination","Cable type / conductors / cross-section / conduit: pending electrical design"
"drop:FC1:V1:fan:-1:F244","FC1","DB1","V1","F244","drop","1.12","","Concealed pier / wall drop, local termination","Cable type / conductors / cross-section / conduit: pending electrical design"
"drop:FC1:V1:fan:-1:F245","FC1","DB1","V1","F245","drop","1.12","","Concealed pier / wall drop, local termination","Cable type / conductors / cross-section / conduit: pending electrical design"
"drop:FC1:V1:fan:-1:F248","FC1","DB1","V1","F248","drop","10.72","","Concealed pier / wall drop, local termination","Cable type / conductors / cross-section / conduit: pending electrical design"
"trunk:FC1:V1:fan:1","FC1","DB1","V1","F242 / F243 / F246 / F247","trunk","83.38","","Concealed wall band above openings; ceiling containment at wing returns","Cable type / conductors / cross-section / conduit: pending electrical design"
"drop:FC1:V1:fan:1:F242","FC1","DB1","V1","F242","drop","8.92","","Concealed pier / wall drop, local termination","Cable type / conductors / cross-section / conduit: pending electrical design"
"drop:FC1:V1:fan:1:F243","FC1","DB1","V1","F243","drop","7.12","","Concealed pier / wall drop, local termination","Cable type / conductors / cross-section / conduit: pending electrical design"
"drop:FC1:V1:fan:1:F246","FC1","DB1","V1","F246","drop","1.12","","Concealed pier / wall drop, local termination","Cable type / conductors / cross-section / conduit: pending electrical design"
"drop:FC1:V1:fan:1:F247","FC1","DB1","V1","F247","drop","1.12","","Concealed pier / wall drop, local termination","Cable type / conductors / cross-section / conduit: pending electrical design"
"trunk:AV1:A1:audio:-1","AV1","DB1","A1","S249 / S251 / S253 / S255 / S257 / S259 / S263 / S264","trunk","69.05","","Concealed wall band above openings; ceiling containment at wing returns","Cable type / conductors / cross-section / conduit: pending electrical design"
"drop:AV1:A1:audio:-1:S249","AV1","DB1","A1","S249","drop","2.89","71.94","Concealed pier / wall drop, local termination","Cable type / conductors / cross-section / conduit: pending electrical design"
"drop:AV1:A1:audio:-1:S251","AV1","DB1","A1","S251","drop","2.89","67.44","Concealed pier / wall drop, local termination","Cable type / conductors / cross-section / conduit: pending electrical design"
"drop:AV1:A1:audio:-1:S253","AV1","DB1","A1","S253","drop","2.89","62.94","Concealed pier / wall drop, local termination","Cable type / conductors / cross-section / conduit: pending electrical design"
"drop:AV1:A1:audio:-1:S255","AV1","DB1","A1","S255","drop","2.89","58.44","Concealed pier / wall drop, local termination","Cable type / conductors / cross-section / conduit: pending electrical design"
"drop:AV1:A1:audio:-1:S257","AV1","DB1","A1","S257","drop","2.89","53.94","Concealed pier / wall drop, local termination","Cable type / conductors / cross-section / conduit: pending electrical design"
"drop:AV1:A1:audio:-1:S259","AV1","DB1","A1","S259","drop","8.77","49.44","Concealed pier / wall drop, local termination","Cable type / conductors / cross-section / conduit: pending electrical design"
"drop:AV1:A1:audio:-1:S263","AV1","DB1","A1","S263","drop","8.82","47.53","Wall / beam or roof containment, then pendant connection","Cable type / conductors / cross-section / conduit: pending electrical design"
"drop:AV1:A1:audio:-1:S264","AV1","DB1","A1","S264","drop","8.76","44.18","Wall / beam or roof containment, then pendant connection","Cable type / conductors / cross-section / conduit: pending electrical design"
"trunk:AV1:A1:audio:1","AV1","DB1","A1","S250 / S252 / S254 / S256 / S258 / S260 / S265 / S266","trunk","76.25","","Concealed wall band above openings; ceiling containment at wing returns","Cable type / conductors / cross-section / conduit: pending electrical design"
"drop:AV1:A1:audio:1:S250","AV1","DB1","A1","S250","drop","2.89","79.14","Concealed pier / wall drop, local termination","Cable type / conductors / cross-section / conduit: pending electrical design"
"drop:AV1:A1:audio:1:S252","AV1","DB1","A1","S252","drop","2.89","74.64","Concealed pier / wall drop, local termination","Cable type / conductors / cross-section / conduit: pending electrical design"
"drop:AV1:A1:audio:1:S254","AV1","DB1","A1","S254","drop","2.89","70.14","Concealed pier / wall drop, local termination","Cable type / conductors / cross-section / conduit: pending electrical design"
"drop:AV1:A1:audio:1:S256","AV1","DB1","A1","S256","drop","2.89","65.64","Concealed pier / wall drop, local termination","Cable type / conductors / cross-section / conduit: pending electrical design"
"drop:AV1:A1:audio:1:S258","AV1","DB1","A1","S258","drop","2.89","61.14","Concealed pier / wall drop, local termination","Cable type / conductors / cross-section / conduit: pending electrical design"
"drop:AV1:A1:audio:1:S260","AV1","DB1","A1","S260","drop","8.77","56.64","Concealed pier / wall drop, local termination","Cable type / conductors / cross-section / conduit: pending electrical design"
"drop:AV1:A1:audio:1:S265","AV1","DB1","A1","S265","drop","8.82","54.73","Wall / beam or roof containment, then pendant connection","Cable type / conductors / cross-section / conduit: pending electrical design"
"drop:AV1:A1:audio:1:S266","AV1","DB1","A1","S266","drop","8.76","51.38","Wall / beam or roof containment, then pendant connection","Cable type / conductors / cross-section / conduit: pending electrical design"
"trunk:AV1:A5:audio:-1","AV1","DB1","A5","S261","trunk","80.86","","Concealed wall band above openings; ceiling containment at wing returns","Cable type / conductors / cross-section / conduit: pending electrical design"
"drop:AV1:A5:audio:-1:S261","AV1","DB1","A5","S261","drop","7.47","88.33","Concealed pier / wall drop, local termination","Cable type / conductors / cross-section / conduit: pending electrical design"
"trunk:AV1:A5:audio:1","AV1","DB1","A5","S262","trunk","88.06","","Concealed wall band above openings; ceiling containment at wing returns","Cable type / conductors / cross-section / conduit: pending electrical design"
"drop:AV1:A5:audio:1:S262","AV1","DB1","A5","S262","drop","7.47","95.53","Concealed pier / wall drop, local termination","Cable type / conductors / cross-section / conduit: pending electrical design"
"trunk:AV1:A2:audio:-1","AV1","DB1","A2","S267 / S268","trunk","70.01","","Concealed wall band above openings; ceiling containment at wing returns","Cable type / conductors / cross-section / conduit: pending electrical design"
"drop:AV1:A2:audio:-1:S267","AV1","DB1","A2","S267","drop","6.43","76.44","Wall / beam or roof containment, then pendant connection","Cable type / conductors / cross-section / conduit: pending electrical design"
"drop:AV1:A2:audio:-1:S268","AV1","DB1","A2","S268","drop","6.43","62.94","Wall / beam or roof containment, then pendant connection","Cable type / conductors / cross-section / conduit: pending electrical design"
"trunk:AV1:A2:audio:1","AV1","DB1","A2","S269 / S270","trunk","77.21","","Concealed wall band above openings; ceiling containment at wing returns","Cable type / conductors / cross-section / conduit: pending electrical design"
"drop:AV1:A2:audio:1:S269","AV1","DB1","A2","S269","drop","6.43","83.64","Wall / beam or roof containment, then pendant connection","Cable type / conductors / cross-section / conduit: pending electrical design"
"drop:AV1:A2:audio:1:S270","AV1","DB1","A2","S270","drop","6.43","70.14","Wall / beam or roof containment, then pendant connection","Cable type / conductors / cross-section / conduit: pending electrical design"
"trunk:AV1:A3:audio:-1","AV1","DB1","A3","S271 / S272 / S273 / S274","trunk","81.20","","Concealed wall band above openings; ceiling containment at wing returns","Cable type / conductors / cross-section / conduit: pending electrical design"
"drop:AV1:A3:audio:-1:S271","AV1","DB1","A3","S271","drop","10.16","91.36","Concealed pier / wall drop, local termination","Cable type / conductors / cross-section / conduit: pending electrical design"
"drop:AV1:A3:audio:-1:S272","AV1","DB1","A3","S272","drop","10.05","91.25","Concealed pier / wall drop, local termination","Cable type / conductors / cross-section / conduit: pending electrical design"
"drop:AV1:A3:audio:-1:S273","AV1","DB1","A3","S273","drop","3.87","68.45","Concealed pier / wall drop, local termination","Cable type / conductors / cross-section / conduit: pending electrical design"
"drop:AV1:A3:audio:-1:S274","AV1","DB1","A3","S274","drop","3.87","54.95","Concealed pier / wall drop, local termination","Cable type / conductors / cross-section / conduit: pending electrical design"
"trunk:AV1:A3:audio:1","AV1","DB1","A3","S275 / S276 / S277 / S278","trunk","88.41","","Concealed wall band above openings; ceiling containment at wing returns","Cable type / conductors / cross-section / conduit: pending electrical design"
"drop:AV1:A3:audio:1:S275","AV1","DB1","A3","S275","drop","10.16","98.56","Concealed pier / wall drop, local termination","Cable type / conductors / cross-section / conduit: pending electrical design"
"drop:AV1:A3:audio:1:S276","AV1","DB1","A3","S276","drop","10.05","98.45","Concealed pier / wall drop, local termination","Cable type / conductors / cross-section / conduit: pending electrical design"
"drop:AV1:A3:audio:1:S277","AV1","DB1","A3","S277","drop","3.87","75.65","Concealed pier / wall drop, local termination","Cable type / conductors / cross-section / conduit: pending electrical design"
"drop:AV1:A3:audio:1:S278","AV1","DB1","A3","S278","drop","3.87","62.15","Concealed pier / wall drop, local termination","Cable type / conductors / cross-section / conduit: pending electrical design"
"trunk:AV1:MIC:mic:-1","AV1","DB1","MIC","S279","trunk","35.36","","Concealed wall band above openings; ceiling containment at wing returns","Cable type / conductors / cross-section / conduit: pending electrical design"
"drop:AV1:MIC:mic:-1:S279","AV1","DB1","MIC","S279","drop","14.84","50.20","Concealed pier / wall drop, local termination","Cable type / conductors / cross-section / conduit: pending electrical design"
"trunk:AV1:MIC:mic:1","AV1","DB1","MIC","S280","trunk","34.59","","Concealed wall band above openings; ceiling containment at wing returns","Cable type / conductors / cross-section / conduit: pending electrical design"
"drop:AV1:MIC:mic:1:S280","AV1","DB1","MIC","S280","drop","11.15","45.74","Concealed pier / wall drop, local termination","Cable type / conductors / cross-section / conduit: pending electrical design"
