"Board","Circuit","ID","Component","Product category","Quantity","Model envelope X mm","Model envelope Y mm","Model envelope Z mm","Fan diameter mm","Load estimate W","Category specifications","Status"
"DB1","L3","L1","Service-room ceiling panel · 50.0 m","Service-room LED panel · 600 × 600 mm","1","600","33","600","","30.0","3000 lm · 4000 K","Planning category; manufacturer / model / IP / final rating pending"
"DB1","L3","L2","Service-room ceiling panel · 51.9 m","Service-room LED panel · 600 × 600 mm","1","600","33","600","","30.0","3000 lm · 4000 K","Planning category; manufacturer / model / IP / final rating pending"
"DB1","L1","L3","Reading light · axis 3 · B central","LED projector · medium 36°","1","330","222","240","","19.2","2300 lm · 3000 K · 28° beam","Planning category; manufacturer / model / IP / final rating pending"
"DB1","L1","L4","Reading light · axis 3 · B central · twin","LED projector · medium 36°","1","330","222","240","","19.2","2300 lm · 3000 K · 28° beam","Planning category; manufacturer / model / IP / final rating pending"
"DB1","L1","L5","Reading light · axis 3 · H central","LED projector · medium 36°","1","330","222","240","","19.2","2300 lm · 3000 K · 28° beam","Planning category; manufacturer / model / IP / final rating pending"
"DB1","L1","L6","Reading light · axis 3 · H central · twin","LED projector · medium 36°","1","330","222","240","","19.2","2300 lm · 3000 K · 28° beam","Planning category; manufacturer / model / IP / final rating pending"
"DB1","L1","L7","Reading light · axis 4 · B central","LED projector · medium 36°","1","330","222","240","","19.2","2300 lm · 3000 K · 28° beam","Planning category; manufacturer / model / IP / final rating pending"
"DB1","L1","L8","Reading light · axis 4 · B central · twin","LED projector · medium 36°","1","330","222","240","","19.2","2300 lm · 3000 K · 28° beam","Planning category; manufacturer / model / IP / final rating pending"
"DB1","L1","L9","Reading light · axis 4 · H central","LED projector · medium 36°","1","330","222","240","","19.2","2300 lm · 3000 K · 28° beam","Planning category; manufacturer / model / IP / final rating pending"
"DB1","L1","L10","Reading light · axis 4 · H central · twin","LED projector · medium 36°","1","330","222","240","","19.2","2300 lm · 3000 K · 28° beam","Planning category; manufacturer / model / IP / final rating pending"
"DB1","L1","L11","Reading light · axis 5 · B central","LED projector · medium 36°","1","330","222","240","","19.2","2300 lm · 3000 K · 28° beam","Planning category; manufacturer / model / IP / final rating pending"
"DB1","L1","L12","Reading light · axis 5 · B central · twin","LED projector · medium 36°","1","330","222","240","","19.2","2300 lm · 3000 K · 28° beam","Planning category; manufacturer / model / IP / final rating pending"
"DB1","L1","L13","Reading light · axis 5 · H central","LED projector · medium 36°","1","330","222","240","","19.2","2300 lm · 3000 K · 28° beam","Planning category; manufacturer / model / IP / final rating pending"
"DB1","L1","L14","Reading light · axis 5 · H central · twin","LED projector · medium 36°","1","330","222","240","","19.2","2300 lm · 3000 K · 28° beam","Planning category; manufacturer / model / IP / final rating pending"
"DB1","L1","L15","Reading light · axis 6 · B central","LED projector · medium 36°","1","330","222","240","","19.2","2300 lm · 3000 K · 28° beam","Planning category; manufacturer / model / IP / final rating pending"
"DB1","L1","L16","Reading light · axis 6 · B central · twin","LED projector · medium 36°","1","330","222","240","","19.2","2300 lm · 3000 K · 28° beam","Planning category; manufacturer / model / IP / final rating pending"
"DB1","L1","L17","Reading light · axis 6 · H central","LED projector · medium 36°","1","330","222","240","","19.2","2300 lm · 3000 K · 28° beam","Planning category; manufacturer / model / IP / final rating pending"
"DB1","L1","L18","Reading light · axis 6 · H central · twin","LED projector · medium 36°","1","330","222","240","","19.2","2300 lm · 3000 K · 28° beam","Planning category; manufacturer / model / IP / final rating pending"
"DB1","L1","L19","Reading light · axis 7 · B central","LED projector · medium 36°","1","330","222","240","","19.2","2300 lm · 3000 K · 28° beam","Planning category; manufacturer / model / IP / final rating pending"
"DB1","L1","L20","Reading light · axis 7 · B central · twin","LED projector · medium 36°","1","330","222","240","","19.2","2300 lm · 3000 K · 28° beam","Planning category; manufacturer / model / IP / final rating pending"
"DB1","L1","L21","Reading light · axis 7 · H central","LED projector · medium 36°","1","330","222","240","","19.2","2300 lm · 3000 K · 28° beam","Planning category; manufacturer / model / IP / final rating pending"
"DB1","L1","L22","Reading light · axis 7 · H central · twin","LED projector · medium 36°","1","330","222","240","","19.2","2300 lm · 3000 K · 28° beam","Planning category; manufacturer / model / IP / final rating pending"
"DB1","L1","L23","Reading light · axis 8 · B central","LED projector · medium 36°","1","330","222","240","","19.2","2300 lm · 3000 K · 28° beam","Planning category; manufacturer / model / IP / final rating pending"
"DB1","L1","L24","Reading light · axis 8 · B central · twin","LED projector · medium 36°","1","330","222","240","","19.2","2300 lm · 3000 K · 28° beam","Planning category; manufacturer / model / IP / final rating pending"
"DB1","L1","L25","Reading light · axis 8 · H central","LED projector · medium 36°","1","330","222","240","","19.2","2300 lm · 3000 K · 28° beam","Planning category; manufacturer / model / IP / final rating pending"
"DB1","L1","L26","Reading light · axis 8 · H central · twin","LED projector · medium 36°","1","330","222","240","","19.2","2300 lm · 3000 K · 28° beam","Planning category; manufacturer / model / IP / final rating pending"
"DB1","L1","L27","Reading light · axis 9 · B central","LED projector · medium 36°","1","330","222","240","","19.2","2300 lm · 3000 K · 28° beam","Planning category; manufacturer / model / IP / final rating pending"
"DB1","L1","L28","Reading light · axis 9 · B central · twin","LED projector · medium 36°","1","330","222","240","","19.2","2300 lm · 3000 K · 28° beam","Planning category; manufacturer / model / IP / final rating pending"
"DB1","L1","L29","Reading light · axis 9 · H central","LED projector · medium 36°","1","330","222","240","","19.2","2300 lm · 3000 K · 28° beam","Planning category; manufacturer / model / IP / final rating pending"
"DB1","L1","L30","Reading light · axis 9 · H central · twin","LED projector · medium 36°","1","330","222","240","","19.2","2300 lm · 3000 K · 28° beam","Planning category; manufacturer / model / IP / final rating pending"
"DB1","L2","L31","Reading light · axis 3 · B outer","LED projector · medium 36°","1","330","222","240","","19.2","2300 lm · 3000 K · 36° beam","Planning category; manufacturer / model / IP / final rating pending"
"DB1","L2","L32","Reading light · axis 3 · B outer · twin","LED projector · medium 36°","1","330","222","240","","19.2","2300 lm · 3000 K · 36° beam","Planning category; manufacturer / model / IP / final rating pending"
"DB1","L2","L33","Reading light · axis 3 · H outer","LED projector · medium 36°","1","330","222","240","","19.2","2300 lm · 3000 K · 36° beam","Planning category; manufacturer / model / IP / final rating pending"
"DB1","L2","L34","Reading light · axis 3 · H outer · twin","LED projector · medium 36°","1","330","222","240","","19.2","2300 lm · 3000 K · 36° beam","Planning category; manufacturer / model / IP / final rating pending"
"DB1","L2","L35","Reading light · axis 4 · B outer","LED projector · medium 36°","1","330","222","240","","19.2","2300 lm · 3000 K · 36° beam","Planning category; manufacturer / model / IP / final rating pending"
"DB1","L2","L36","Reading light · axis 4 · B outer · twin","LED projector · medium 36°","1","330","222","240","","19.2","2300 lm · 3000 K · 36° beam","Planning category; manufacturer / model / IP / final rating pending"
"DB1","L2","L37","Reading light · axis 4 · H outer","LED projector · medium 36°","1","330","222","240","","19.2","2300 lm · 3000 K · 36° beam","Planning category; manufacturer / model / IP / final rating pending"
"DB1","L2","L38","Reading light · axis 4 · H outer · twin","LED projector · medium 36°","1","330","222","240","","19.2","2300 lm · 3000 K · 36° beam","Planning category; manufacturer / model / IP / final rating pending"
"DB1","L2","L39","Reading light · axis 5 · B outer","LED projector · medium 36°","1","330","222","240","","19.2","2300 lm · 3000 K · 36° beam","Planning category; manufacturer / model / IP / final rating pending"
"DB1","L2","L40","Reading light · axis 5 · B outer · twin","LED projector · medium 36°","1","330","222","240","","19.2","2300 lm · 3000 K · 36° beam","Planning category; manufacturer / model / IP / final rating pending"
"DB1","L2","L41","Reading light · axis 5 · H outer","LED projector · medium 36°","1","330","222","240","","19.2","2300 lm · 3000 K · 36° beam","Planning category; manufacturer / model / IP / final rating pending"
"DB1","L2","L42","Reading light · axis 5 · H outer · twin","LED projector · medium 36°","1","330","222","240","","19.2","2300 lm · 3000 K · 36° beam","Planning category; manufacturer / model / IP / final rating pending"
"DB1","L2","L43","Reading light · axis 6 · B outer","LED projector · medium 36°","1","330","222","240","","19.2","2300 lm · 3000 K · 36° beam","Planning category; manufacturer / model / IP / final rating pending"
"DB1","L2","L44","Reading light · axis 6 · B outer · twin","LED projector · medium 36°","1","330","222","240","","19.2","2300 lm · 3000 K · 36° beam","Planning category; manufacturer / model / IP / final rating pending"
"DB1","L2","L45","Reading light · axis 6 · H outer","LED projector · medium 36°","1","330","222","240","","19.2","2300 lm · 3000 K · 36° beam","Planning category; manufacturer / model / IP / final rating pending"
"DB1","L2","L46","Reading light · axis 6 · H outer · twin","LED projector · medium 36°","1","330","222","240","","19.2","2300 lm · 3000 K · 36° beam","Planning category; manufacturer / model / IP / final rating pending"
"DB1","L2","L47","Reading light · axis 7 · B outer","LED projector · medium 36°","1","330","222","240","","19.2","2300 lm · 3000 K · 36° beam","Planning category; manufacturer / model / IP / final rating pending"
"DB1","L2","L48","Reading light · axis 7 · B outer · twin","LED projector · medium 36°","1","330","222","240","","19.2","2300 lm · 3000 K · 36° beam","Planning category; manufacturer / model / IP / final rating pending"
"DB1","L2","L49","Reading light · axis 7 · H outer","LED projector · medium 36°","1","330","222","240","","19.2","2300 lm · 3000 K · 36° beam","Planning category; manufacturer / model / IP / final rating pending"
"DB1","L2","L50","Reading light · axis 7 · H outer · twin","LED projector · medium 36°","1","330","222","240","","19.2","2300 lm · 3000 K · 36° beam","Planning category; manufacturer / model / IP / final rating pending"
"DB1","L2","L51","Reading light · axis 8 · B outer","LED projector · medium 36°","1","330","222","240","","19.2","2300 lm · 3000 K · 36° beam","Planning category; manufacturer / model / IP / final rating pending"
"DB1","L2","L52","Reading light · axis 8 · B outer · twin","LED projector · medium 36°","1","330","222","240","","19.2","2300 lm · 3000 K · 36° beam","Planning category; manufacturer / model / IP / final rating pending"
"DB1","L2","L53","Reading light · axis 8 · H outer","LED projector · medium 36°","1","330","222","240","","19.2","2300 lm · 3000 K · 36° beam","Planning category; manufacturer / model / IP / final rating pending"
"DB1","L2","L54","Reading light · axis 8 · H outer · twin","LED projector · medium 36°","1","330","222","240","","19.2","2300 lm · 3000 K · 36° beam","Planning category; manufacturer / model / IP / final rating pending"
"DB1","L2","L55","Reading light · axis 9 · B outer","LED projector · medium 36°","1","330","222","240","","19.2","2300 lm · 3000 K · 36° beam","Planning category; manufacturer / model / IP / final rating pending"
"DB1","L2","L56","Reading light · axis 9 · B outer · twin","LED projector · medium 36°","1","330","222","240","","19.2","2300 lm · 3000 K · 36° beam","Planning category; manufacturer / model / IP / final rating pending"
"DB1","L2","L57","Reading light · axis 9 · H outer","LED projector · medium 36°","1","330","222","240","","19.2","2300 lm · 3000 K · 36° beam","Planning category; manufacturer / model / IP / final rating pending"
"DB1","L2","L58","Reading light · axis 9 · H outer · twin","LED projector · medium 36°","1","330","222","240","","19.2","2300 lm · 3000 K · 36° beam","Planning category; manufacturer / model / IP / final rating pending"
"DB1","L1","L59","Rear rows light · entrance façade · B","LED projector · medium 36°","1","330","222","240","","50.0","6000 lm · 3000 K · 44° beam","Planning category; manufacturer / model / IP / final rating pending"
"DB1","L1","L60","Rear centre light · entrance façade · B","LED projector · medium 36°","1","330","222","240","","27.5","3300 lm · 3000 K · 50° beam","Planning category; manufacturer / model / IP / final rating pending"
"DB1","L1","L61","Rear rows light · entrance façade · H","LED projector · medium 36°","1","330","222","240","","50.0","6000 lm · 3000 K · 44° beam","Planning category; manufacturer / model / IP / final rating pending"
"DB1","L1","L62","Rear centre light · entrance façade · H","LED projector · medium 36°","1","330","222","240","","27.5","3300 lm · 3000 K · 50° beam","Planning category; manufacturer / model / IP / final rating pending"
"DB1","L8","L63","Wing light · B · front block · back rows","Small brass chandelier + reading optic · concept","1","1340","1240","1179","","51.0","5640 lm · 2700 K · 100° beam","Planning category; manufacturer / model / IP / final rating pending"
"DB1","L8","L65","Wing light · B · rear block · back rows","Small brass chandelier + reading optic · concept","1","1340","1240","1179","","51.0","5640 lm · 2700 K · 100° beam","Planning category; manufacturer / model / IP / final rating pending"
"DB1","L8","L67","Wing light · H · front block · back rows","Small brass chandelier + reading optic · concept","1","1340","1240","1179","","51.0","5640 lm · 2700 K · 100° beam","Planning category; manufacturer / model / IP / final rating pending"
"DB1","L8","L69","Wing light · H · rear block · back rows","Small brass chandelier + reading optic · concept","1","1340","1240","1179","","51.0","5640 lm · 2700 K · 100° beam","Planning category; manufacturer / model / IP / final rating pending"
"DB1","LA","L71","Roof uplight · axis 3","Roof uplight · wide flood","1","320","220","300","","32.0","4000 lm · 2700 K · 100° beam","Planning category; manufacturer / model / IP / final rating pending"
"DB1","LA","L72","Roof uplight · axis 4","Roof uplight · wide flood","1","320","220","300","","32.0","4000 lm · 2700 K · 100° beam","Planning category; manufacturer / model / IP / final rating pending"
"DB1","LA","L73","Roof uplight · axis 5","Roof uplight · wide flood","1","320","220","300","","32.0","4000 lm · 2700 K · 100° beam","Planning category; manufacturer / model / IP / final rating pending"
"DB1","LA","L74","Roof uplight · axis 6","Roof uplight · wide flood","1","320","220","300","","32.0","4000 lm · 2700 K · 100° beam","Planning category; manufacturer / model / IP / final rating pending"
"DB1","LA","L75","Roof uplight · axis 7","Roof uplight · wide flood","1","320","220","300","","32.0","4000 lm · 2700 K · 100° beam","Planning category; manufacturer / model / IP / final rating pending"
"DB1","LA","L76","Roof uplight · axis 8","Roof uplight · wide flood","1","320","220","300","","32.0","4000 lm · 2700 K · 100° beam","Planning category; manufacturer / model / IP / final rating pending"
"DB1","LA","L77","Roof uplight · axis 9","Roof uplight · wide flood","1","320","220","300","","32.0","4000 lm · 2700 K · 100° beam","Planning category; manufacturer / model / IP / final rating pending"
"DB1","LD","L78","Chandelier · bay 4–5","Brass candle chandelier · 8 lamps","1","2040","1150","2040","","36.0","3760 lm · 2700 K","Planning category; manufacturer / model / IP / final rating pending"
"DB1","LD","L79","Chandelier · bay 6–7","Brass candle chandelier · 8 lamps","1","2040","1150","2040","","36.0","3760 lm · 2700 K","Planning category; manufacturer / model / IP / final rating pending"
"DB1","LD","L80","Chandelier · bay 8–9","Brass candle chandelier · 8 lamps","1","2040","1150","2040","","36.0","3760 lm · 2700 K","Planning category; manufacturer / model / IP / final rating pending"
"DB1","LD","L81","Grand chandelier · crossing 9–10","Grand chandelier · 12 lamps","1","2640","1150","2640","","54.0","5640 lm · 2700 K","Planning category; manufacturer / model / IP / final rating pending"
"DB1","LD","L82","Sconce · axis 3 · B","Brass candle sconce · 2 lamps","1","306","516","453","","9.0","940 lm · 2700 K","Planning category; manufacturer / model / IP / final rating pending"
"DB1","LD","L83","Sconce · axis 3 · H","Brass candle sconce · 2 lamps","1","306","516","453","","9.0","940 lm · 2700 K","Planning category; manufacturer / model / IP / final rating pending"
"DB1","LD","L84","Sconce · axis 4 · B","Brass candle sconce · 2 lamps","1","306","516","453","","9.0","940 lm · 2700 K","Planning category; manufacturer / model / IP / final rating pending"
"DB1","LD","L85","Sconce · axis 4 · H","Brass candle sconce · 2 lamps","1","306","516","453","","9.0","940 lm · 2700 K","Planning category; manufacturer / model / IP / final rating pending"
"DB1","LD","L86","Sconce · axis 5 · B","Brass candle sconce · 2 lamps","1","306","516","453","","9.0","940 lm · 2700 K","Planning category; manufacturer / model / IP / final rating pending"
"DB1","LD","L87","Sconce · axis 5 · H","Brass candle sconce · 2 lamps","1","306","516","453","","9.0","940 lm · 2700 K","Planning category; manufacturer / model / IP / final rating pending"
"DB1","LD","L88","Sconce · axis 6 · B","Brass candle sconce · 2 lamps","1","306","516","453","","9.0","940 lm · 2700 K","Planning category; manufacturer / model / IP / final rating pending"
"DB1","LD","L89","Sconce · axis 6 · H","Brass candle sconce · 2 lamps","1","306","516","453","","9.0","940 lm · 2700 K","Planning category; manufacturer / model / IP / final rating pending"
"DB1","LD","L90","Sconce · axis 7 · B","Brass candle sconce · 2 lamps","1","306","516","453","","9.0","940 lm · 2700 K","Planning category; manufacturer / model / IP / final rating pending"
"DB1","LD","L91","Sconce · axis 7 · H","Brass candle sconce · 2 lamps","1","306","516","453","","9.0","940 lm · 2700 K","Planning category; manufacturer / model / IP / final rating pending"
"DB1","LD","L92","Sconce · axis 8 · B","Brass candle sconce · 2 lamps","1","306","516","453","","9.0","940 lm · 2700 K","Planning category; manufacturer / model / IP / final rating pending"
"DB1","LD","L93","Sconce · axis 8 · H","Brass candle sconce · 2 lamps","1","306","516","453","","9.0","940 lm · 2700 K","Planning category; manufacturer / model / IP / final rating pending"
"DB1","LD","L94","Sconce · axis 9 · B","Brass candle sconce · 2 lamps","1","306","516","453","","9.0","940 lm · 2700 K","Planning category; manufacturer / model / IP / final rating pending"
"DB1","LD","L95","Sconce · axis 9 · H","Brass candle sconce · 2 lamps","1","306","516","453","","9.0","940 lm · 2700 K","Planning category; manufacturer / model / IP / final rating pending"
"DB1","LD","L96","Sconce · sanctuary pier · B","Brass candle sconce · 2 lamps","1","306","516","453","","5.4","560 lm · 2700 K","Planning category; manufacturer / model / IP / final rating pending"
"DB1","LD","L97","Sconce · sanctuary pier · H","Brass candle sconce · 2 lamps","1","306","516","453","","5.4","560 lm · 2700 K","Planning category; manufacturer / model / IP / final rating pending"
"DB1","L3","L98","Altar key light · B","LED projector · narrow 24°","1","330","222","240","","37.5","4500 lm · 3000 K · 24° beam","Planning category; manufacturer / model / IP / final rating pending"
"DB1","L3","L99","Altar key light · H","LED projector · narrow 24°","1","330","222","240","","37.5","4500 lm · 3000 K · 24° beam","Planning category; manufacturer / model / IP / final rating pending"
"DB1","L3","L100","Ambo key light","Accent spotlight · 15°","1","269","197","190","","16.7","1900 lm · 3000 K · 15° beam","Planning category; manufacturer / model / IP / final rating pending"
"DB1","L3","L101","Sanctuary step fill · B","LED projector · medium 36°","1","330","222","240","","33.3","4000 lm · 3000 K · 36° beam","Planning category; manufacturer / model / IP / final rating pending"
"DB1","L3","L102","Sanctuary step fill · H","LED projector · medium 36°","1","330","222","240","","33.3","4000 lm · 3000 K · 36° beam","Planning category; manufacturer / model / IP / final rating pending"
"DB1","L3","L103","Presider chair light","Accent spotlight · 15°","1","269","197","190","","12.3","1400 lm · 3000 K · 15° beam","Planning category; manufacturer / model / IP / final rating pending"
"DB1","L3","L104","Sanctuary frame wash · B","LED projector · medium 36°","1","330","222","240","","29.2","3500 lm · 3000 K · 50° beam","Planning category; manufacturer / model / IP / final rating pending"
"DB1","L3","L105","Sanctuary frame wash · H","LED projector · medium 36°","1","330","222","240","","29.2","3500 lm · 3000 K · 50° beam","Planning category; manufacturer / model / IP / final rating pending"
"DB1","L3","L106","Crucifix accent · B","Accent spotlight · 15°","1","269","197","190","","6.2","700 lm · 3000 K · 24° beam","Planning category; manufacturer / model / IP / final rating pending"
"DB1","L3","L107","Reredos wash · B","LED projector · medium 36°","1","330","222","240","","5.4","650 lm · 3000 K · 36° beam","Planning category; manufacturer / model / IP / final rating pending"
"DB1","L3","L108","Reredos base wash · B","LED projector · medium 36°","1","330","222","240","","10.8","1300 lm · 3000 K · 36° beam","Planning category; manufacturer / model / IP / final rating pending"
"DB1","L3","L109","Sanctuary vault uplight · B","Roof uplight · wide flood","1","320","220","300","","17.6","2200 lm · 2700 K · 100° beam","Planning category; manufacturer / model / IP / final rating pending"
"DB1","L3","L110","Crucifix accent · H","Accent spotlight · 15°","1","269","197","190","","6.2","700 lm · 3000 K · 24° beam","Planning category; manufacturer / model / IP / final rating pending"
"DB1","L3","L111","Reredos wash · H","LED projector · medium 36°","1","330","222","240","","5.4","650 lm · 3000 K · 36° beam","Planning category; manufacturer / model / IP / final rating pending"
"DB1","L3","L112","Reredos base wash · H","LED projector · medium 36°","1","330","222","240","","10.8","1300 lm · 3000 K · 36° beam","Planning category; manufacturer / model / IP / final rating pending"
"DB1","L3","L113","Sanctuary vault uplight · H","Roof uplight · wide flood","1","320","220","300","","17.6","2200 lm · 2700 K · 100° beam","Planning category; manufacturer / model / IP / final rating pending"
"DB1","L3","L114","Tabernacle accent","Accent spotlight · 15°","1","269","197","190","","2.6","300 lm · 3000 K · 10° beam","Planning category; manufacturer / model / IP / final rating pending"
"DB1","L3","L115","Statue accent · B","Accent spotlight · 15°","1","269","197","190","","1.9","220 lm · 3000 K · 12° beam","Planning category; manufacturer / model / IP / final rating pending"
"DB1","L3","L116","Shrine wash · B","LED projector · medium 36°","1","330","222","240","","20.0","2400 lm · 3000 K · 50° beam","Planning category; manufacturer / model / IP / final rating pending"
"DB1","L3","L117","Statue accent · H","Accent spotlight · 15°","1","269","197","190","","1.9","220 lm · 3000 K · 12° beam","Planning category; manufacturer / model / IP / final rating pending"
"DB1","L3","L118","Shrine wash · H","LED projector · medium 36°","1","330","222","240","","20.0","2400 lm · 3000 K · 50° beam","Planning category; manufacturer / model / IP / final rating pending"
"DB1","L4","L119","Veranda lantern · B · axis 3","Pendant lantern · opal","1","332","860","360","","18.7","2000 lm · 2700 K","Planning category; manufacturer / model / IP / final rating pending"
"DB1","L4","L120","Veranda lantern · B · axis 4","Pendant lantern · opal","1","332","860","360","","18.7","2000 lm · 2700 K","Planning category; manufacturer / model / IP / final rating pending"
"DB1","L4","L121","Veranda lantern · B · axis 5","Pendant lantern · opal","1","332","860","360","","18.7","2000 lm · 2700 K","Planning category; manufacturer / model / IP / final rating pending"
"DB1","L4","L122","Veranda lantern · B · axis 6","Pendant lantern · opal","1","332","860","360","","18.7","2000 lm · 2700 K","Planning category; manufacturer / model / IP / final rating pending"
"DB1","L4","L123","Veranda lantern · B · axis 7","Pendant lantern · opal","1","332","860","360","","18.7","2000 lm · 2700 K","Planning category; manufacturer / model / IP / final rating pending"
"DB1","L4","L124","Veranda lantern · B · axis 8","Pendant lantern · opal","1","332","860","360","","18.7","2000 lm · 2700 K","Planning category; manufacturer / model / IP / final rating pending"
"DB1","L4","L125","Veranda lantern · B · axis 9","Pendant lantern · opal","1","332","860","360","","18.7","2000 lm · 2700 K","Planning category; manufacturer / model / IP / final rating pending"
"DB1","L4","L126","Veranda lantern · B · axis 10","Pendant lantern · opal","1","332","860","360","","18.7","2000 lm · 2700 K","Planning category; manufacturer / model / IP / final rating pending"
"DB1","L4","L127","Veranda lantern · B · axis 11","Pendant lantern · opal","1","332","860","360","","18.7","2000 lm · 2700 K","Planning category; manufacturer / model / IP / final rating pending"
"DB1","L4","L128","Veranda lantern · H · axis 3","Pendant lantern · opal","1","332","860","360","","18.7","2000 lm · 2700 K","Planning category; manufacturer / model / IP / final rating pending"
"DB1","L4","L129","Veranda lantern · H · axis 4","Pendant lantern · opal","1","332","860","360","","18.7","2000 lm · 2700 K","Planning category; manufacturer / model / IP / final rating pending"
"DB1","L4","L130","Veranda lantern · H · axis 5","Pendant lantern · opal","1","332","860","360","","18.7","2000 lm · 2700 K","Planning category; manufacturer / model / IP / final rating pending"
"DB1","L4","L131","Veranda lantern · H · axis 6","Pendant lantern · opal","1","332","860","360","","18.7","2000 lm · 2700 K","Planning category; manufacturer / model / IP / final rating pending"
"DB1","L4","L132","Veranda lantern · H · axis 7","Pendant lantern · opal","1","332","860","360","","18.7","2000 lm · 2700 K","Planning category; manufacturer / model / IP / final rating pending"
"DB1","L4","L133","Veranda lantern · H · axis 8","Pendant lantern · opal","1","332","860","360","","18.7","2000 lm · 2700 K","Planning category; manufacturer / model / IP / final rating pending"
"DB1","L4","L134","Veranda lantern · H · axis 9","Pendant lantern · opal","1","332","860","360","","18.7","2000 lm · 2700 K","Planning category; manufacturer / model / IP / final rating pending"
"DB1","L4","L135","Veranda lantern · H · axis 10","Pendant lantern · opal","1","332","860","360","","18.7","2000 lm · 2700 K","Planning category; manufacturer / model / IP / final rating pending"
"DB1","L4","L136","Veranda lantern · H · axis 11","Pendant lantern · opal","1","332","860","360","","18.7","2000 lm · 2700 K","Planning category; manufacturer / model / IP / final rating pending"
"DB2","L9","L137","Central front door lantern · B","Wall lantern","1","404","440","240","","9.0","900 lm · 2700 K","Planning category; manufacturer / model / IP / final rating pending"
"DB2","L9","L138","Central front door lantern · H","Wall lantern","1","404","440","240","","9.0","900 lm · 2700 K","Planning category; manufacturer / model / IP / final rating pending"
"DB1","L5","L139","Side door lantern · B · 16.725 · front","Wall lantern","1","404","440","240","","9.0","900 lm · 2700 K","Planning category; manufacturer / model / IP / final rating pending"
"DB1","L5","L140","Side door lantern · B · 16.725 · rear","Wall lantern","1","404","440","240","","9.0","900 lm · 2700 K","Planning category; manufacturer / model / IP / final rating pending"
"DB1","L5","L141","Side door lantern · B · 34.725 · front","Wall lantern","1","404","440","240","","9.0","900 lm · 2700 K","Planning category; manufacturer / model / IP / final rating pending"
"DB1","L5","L142","Side door lantern · B · 34.725 · rear","Wall lantern","1","404","440","240","","9.0","900 lm · 2700 K","Planning category; manufacturer / model / IP / final rating pending"
"DB1","L5","L143","Side door lantern · B · 46.425 · front","Wall lantern","1","404","440","240","","9.0","900 lm · 2700 K","Planning category; manufacturer / model / IP / final rating pending"
"DB1","L5","L144","Side door lantern · B · 46.425 · rear","Wall lantern","1","404","440","240","","9.0","900 lm · 2700 K","Planning category; manufacturer / model / IP / final rating pending"
"DB1","L5","L145","Side door lantern · H · 16.725 · front","Wall lantern","1","404","440","240","","9.0","900 lm · 2700 K","Planning category; manufacturer / model / IP / final rating pending"
"DB1","L5","L146","Side door lantern · H · 16.725 · rear","Wall lantern","1","404","440","240","","9.0","900 lm · 2700 K","Planning category; manufacturer / model / IP / final rating pending"
"DB1","L5","L147","Side door lantern · H · 34.725 · front","Wall lantern","1","404","440","240","","9.0","900 lm · 2700 K","Planning category; manufacturer / model / IP / final rating pending"
"DB1","L5","L148","Side door lantern · H · 34.725 · rear","Wall lantern","1","404","440","240","","9.0","900 lm · 2700 K","Planning category; manufacturer / model / IP / final rating pending"
"DB1","L5","L149","Side door lantern · H · 46.425 · front","Wall lantern","1","404","440","240","","9.0","900 lm · 2700 K","Planning category; manufacturer / model / IP / final rating pending"
"DB1","L5","L150","Side door lantern · H · 46.425 · rear","Wall lantern","1","404","440","240","","9.0","900 lm · 2700 K","Planning category; manufacturer / model / IP / final rating pending"
"DB1","L3","L151","Service door lantern · B · front","Wall lantern","1","404","440","240","","4.0","400 lm · 2700 K","Planning category; manufacturer / model / IP / final rating pending"
"DB1","L3","L152","Service door lantern · B · rear","Wall lantern","1","404","440","240","","4.0","400 lm · 2700 K","Planning category; manufacturer / model / IP / final rating pending"
"DB1","L3","L153","Service door lantern · H · front","Wall lantern","1","404","440","240","","4.0","400 lm · 2700 K","Planning category; manufacturer / model / IP / final rating pending"
"DB1","L3","L154","Service door lantern · H · rear","Wall lantern","1","404","440","240","","4.0","400 lm · 2700 K","Planning category; manufacturer / model / IP / final rating pending"
"DB1","E1","L155","Exit sign · main doors","Exit sign (maintained)","1","55","170","380","","3.0","20 lm · 6500 K","Planning category; manufacturer / model / IP / final rating pending"
"DB1","E1","L156","Exit sign · side door 16.7 · B","Exit sign (maintained)","1","55","170","380","","3.0","20 lm · 6500 K","Planning category; manufacturer / model / IP / final rating pending"
"DB1","E1","L157","Exit sign · side door 16.7 · H","Exit sign (maintained)","1","55","170","380","","3.0","20 lm · 6500 K","Planning category; manufacturer / model / IP / final rating pending"
"DB1","E1","L158","Exit sign · side door 34.7 · B","Exit sign (maintained)","1","55","170","380","","3.0","20 lm · 6500 K","Planning category; manufacturer / model / IP / final rating pending"
"DB1","E1","L159","Exit sign · side door 34.7 · H","Exit sign (maintained)","1","55","170","380","","3.0","20 lm · 6500 K","Planning category; manufacturer / model / IP / final rating pending"
"DB2","L6","L160","Tower lower front wash · B","Tower floodlight · projecting arm","1","617","535","340","","27.2","3500 lm · 3000 K · 50° beam","Planning category; manufacturer / model / IP / final rating pending"
"DB2","L6","L161","Tower stage 2 flood · B","Tower floodlight · projecting arm","1","617","535","340","","54.4","7000 lm · 3000 K · 40° beam","Planning category; manufacturer / model / IP / final rating pending"
"DB2","L6","L162","Tower stage 3 flood · B","Tower floodlight · projecting arm","1","617","535","340","","46.7","6000 lm · 3000 K · 40° beam","Planning category; manufacturer / model / IP / final rating pending"
"DB2","L6","L163","Belfry front wash · B","Tower floodlight · projecting arm","1","617","535","340","","35.0","4500 lm · 3000 K · 40° beam","Planning category; manufacturer / model / IP / final rating pending"
"DB2","L6","L164","Dome front wash · B","Tower floodlight · projecting arm","1","617","535","340","","19.4","2500 lm · 3000 K · 36° beam","Planning category; manufacturer / model / IP / final rating pending"
"DB2","L6","L165","Belfry glow · B","Roof uplight · wide flood","1","320","220","300","","20.0","2500 lm · 2700 K · 100° beam","Planning category; manufacturer / model / IP / final rating pending"
"DB2","L6","L166","Tower lower side wash · B","Tower floodlight · projecting arm","1","617","535","340","","19.4","2500 lm · 3000 K · 50° beam","Planning category; manufacturer / model / IP / final rating pending"
"DB2","L6","L167","Tower stage 2 side wash · B","Tower floodlight · projecting arm","1","617","535","340","","38.9","5000 lm · 3000 K · 40° beam","Planning category; manufacturer / model / IP / final rating pending"
"DB2","L6","L168","Tower stage 3 side wash · B","Tower floodlight · projecting arm","1","617","535","340","","31.1","4000 lm · 3000 K · 40° beam","Planning category; manufacturer / model / IP / final rating pending"
"DB2","L6","L169","Belfry side wash · B","Tower floodlight · projecting arm","1","617","535","340","","23.3","3000 lm · 3000 K · 40° beam","Planning category; manufacturer / model / IP / final rating pending"
"DB2","L6","L170","Façade wash · B","Façade floodlight","1","215","535","340","","46.7","6000 lm · 3000 K · 50° beam","Planning category; manufacturer / model / IP / final rating pending"
"DB2","L6","L171","Tower lower front wash · H","Tower floodlight · projecting arm","1","617","535","340","","27.2","3500 lm · 3000 K · 50° beam","Planning category; manufacturer / model / IP / final rating pending"
"DB2","L6","L172","Tower stage 2 flood · H","Tower floodlight · projecting arm","1","617","535","340","","54.4","7000 lm · 3000 K · 40° beam","Planning category; manufacturer / model / IP / final rating pending"
"DB2","L6","L173","Tower stage 3 flood · H","Tower floodlight · projecting arm","1","617","535","340","","46.7","6000 lm · 3000 K · 40° beam","Planning category; manufacturer / model / IP / final rating pending"
"DB2","L6","L174","Belfry front wash · H","Tower floodlight · projecting arm","1","617","535","340","","35.0","4500 lm · 3000 K · 40° beam","Planning category; manufacturer / model / IP / final rating pending"
"DB2","L6","L175","Dome front wash · H","Tower floodlight · projecting arm","1","617","535","340","","19.4","2500 lm · 3000 K · 36° beam","Planning category; manufacturer / model / IP / final rating pending"
"DB2","L6","L176","Belfry glow · H","Roof uplight · wide flood","1","320","220","300","","20.0","2500 lm · 2700 K · 100° beam","Planning category; manufacturer / model / IP / final rating pending"
"DB2","L6","L177","Tower lower side wash · H","Tower floodlight · projecting arm","1","617","535","340","","19.4","2500 lm · 3000 K · 50° beam","Planning category; manufacturer / model / IP / final rating pending"
"DB2","L6","L178","Tower stage 2 side wash · H","Tower floodlight · projecting arm","1","617","535","340","","38.9","5000 lm · 3000 K · 40° beam","Planning category; manufacturer / model / IP / final rating pending"
"DB2","L6","L179","Tower stage 3 side wash · H","Tower floodlight · projecting arm","1","617","535","340","","31.1","4000 lm · 3000 K · 40° beam","Planning category; manufacturer / model / IP / final rating pending"
"DB2","L6","L180","Belfry side wash · H","Tower floodlight · projecting arm","1","617","535","340","","23.3","3000 lm · 3000 K · 40° beam","Planning category; manufacturer / model / IP / final rating pending"
"DB2","L6","L181","Façade wash · H","Façade floodlight","1","215","535","340","","46.7","6000 lm · 3000 K · 50° beam","Planning category; manufacturer / model / IP / final rating pending"
"DB2","L9","L182","Stage flood · tower B · outer","Façade floodlight","1","215","535","340","","70.0","9000 lm · 3000 K · 45° beam","Planning category; manufacturer / model / IP / final rating pending"
"DB2","L9","L183","Stage flood · tower B · inner","Façade floodlight","1","215","535","340","","70.0","9000 lm · 3000 K · 45° beam","Planning category; manufacturer / model / IP / final rating pending"
"DB1","L5","L184","Path light · axis 4 · B","LED projector · medium 36°","1","330","222","240","","20.8","2500 lm · 3000 K · 50° beam","Planning category; manufacturer / model / IP / final rating pending"
"DB1","L5","L185","Path light · axis 6 · B","LED projector · medium 36°","1","330","222","240","","20.8","2500 lm · 3000 K · 50° beam","Planning category; manufacturer / model / IP / final rating pending"
"DB1","L5","L186","Path light · axis 11 · B","LED projector · medium 36°","1","330","222","240","","20.8","2500 lm · 3000 K · 50° beam","Planning category; manufacturer / model / IP / final rating pending"
"DB1","L5","L187","Path light · wing gable B","LED projector · medium 36°","1","330","222","240","","25.0","3000 lm · 3000 K · 55° beam","Planning category; manufacturer / model / IP / final rating pending"
"DB1","L5","L188","Path light · rear · B","LED projector · medium 36°","1","330","222","240","","25.0","3000 lm · 3000 K · 55° beam","Planning category; manufacturer / model / IP / final rating pending"
"DB2","L9","L189","Stage flood · tower H · inner","Façade floodlight","1","215","535","340","","70.0","9000 lm · 3000 K · 45° beam","Planning category; manufacturer / model / IP / final rating pending"
"DB2","L9","L190","Stage flood · tower H · outer","Façade floodlight","1","215","535","340","","70.0","9000 lm · 3000 K · 45° beam","Planning category; manufacturer / model / IP / final rating pending"
"DB1","L5","L191","Path light · axis 4 · H","LED projector · medium 36°","1","330","222","240","","20.8","2500 lm · 3000 K · 50° beam","Planning category; manufacturer / model / IP / final rating pending"
"DB1","L5","L192","Path light · axis 6 · H","LED projector · medium 36°","1","330","222","240","","20.8","2500 lm · 3000 K · 50° beam","Planning category; manufacturer / model / IP / final rating pending"
"DB1","L5","L193","Path light · axis 11 · H","LED projector · medium 36°","1","330","222","240","","20.8","2500 lm · 3000 K · 50° beam","Planning category; manufacturer / model / IP / final rating pending"
"DB1","L5","L194","Path light · wing gable H","LED projector · medium 36°","1","330","222","240","","25.0","3000 lm · 3000 K · 55° beam","Planning category; manufacturer / model / IP / final rating pending"
"DB1","L5","L195","Path light · rear · H","LED projector · medium 36°","1","330","222","240","","25.0","3000 lm · 3000 K · 55° beam","Planning category; manufacturer / model / IP / final rating pending"
"DB2","L7","L196","Festival lights · roof ridge","Festival bulb string (outdoor)","1","100","100","47387","","80.0","80 bulbs · 1 W/bulb assumed · lumen data needed · 2200 K · 47.3 m strand","Planning category; manufacturer / model / IP / final rating pending"
"DB2","L7","L197","Festival lights · main eave B · nave","Festival bulb string (outdoor)","1","100","100","31787","","54.0","54 bulbs · 1 W/bulb assumed · lumen data needed · 2200 K · 31.7 m strand","Planning category; manufacturer / model / IP / final rating pending"
"DB2","L7","L198","Festival lights · main eave B · sanctuary","Festival bulb string (outdoor)","1","100","100","8987","","16.0","16 bulbs · 1 W/bulb assumed · lumen data needed · 2200 K · 8.9 m strand","Planning category; manufacturer / model / IP / final rating pending"
"DB2","L7","L199","Festival lights · veranda eave B · nave","Festival bulb string (outdoor)","1","100","100","31787","","54.0","54 bulbs · 1 W/bulb assumed · lumen data needed · 2200 K · 31.7 m strand","Planning category; manufacturer / model / IP / final rating pending"
"DB2","L7","L200","Festival lights · veranda eave B · sanctuary","Festival bulb string (outdoor)","1","100","100","8987","","16.0","16 bulbs · 1 W/bulb assumed · lumen data needed · 2200 K · 8.9 m strand","Planning category; manufacturer / model / IP / final rating pending"
"DB2","L7","L201","Festival lights · rear gable B","Festival bulb string (outdoor)","1","100","5482","7387","","16.0","16 bulbs · 1 W/bulb assumed · lumen data needed · 2200 K · 9.07 m strand","Planning category; manufacturer / model / IP / final rating pending"
"DB2","L7","L202","Festival lights · tower B · stage 1 · inner corner","Festival bulb string (outdoor)","1","100","7890","87","","14.0","14 bulbs · 1 W/bulb assumed · lumen data needed · 2200 K · 7.790000000000001 m strand","Planning category; manufacturer / model / IP / final rating pending"
"DB2","L7","L203","Festival lights · tower B · stage 1 · outer corner","Festival bulb string (outdoor)","1","100","7890","87","","14.0","14 bulbs · 1 W/bulb assumed · lumen data needed · 2200 K · 7.790000000000001 m strand","Planning category; manufacturer / model / IP / final rating pending"
"DB2","L7","L204","Festival lights · tower B · stage 2 · inner corner","Festival bulb string (outdoor)","1","100","6950","87","","12.0","12 bulbs · 1 W/bulb assumed · lumen data needed · 2200 K · 6.85 m strand","Planning category; manufacturer / model / IP / final rating pending"
"DB2","L7","L205","Festival lights · tower B · stage 2 · outer corner","Festival bulb string (outdoor)","1","100","6950","87","","12.0","12 bulbs · 1 W/bulb assumed · lumen data needed · 2200 K · 6.85 m strand","Planning category; manufacturer / model / IP / final rating pending"
"DB2","L7","L206","Festival lights · tower B · stage 3 · inner corner","Festival bulb string (outdoor)","1","100","6800","87","","12.0","12 bulbs · 1 W/bulb assumed · lumen data needed · 2200 K · 6.700000000000001 m strand","Planning category; manufacturer / model / IP / final rating pending"
"DB2","L7","L207","Festival lights · tower B · stage 3 · outer corner","Festival bulb string (outdoor)","1","100","6800","87","","12.0","12 bulbs · 1 W/bulb assumed · lumen data needed · 2200 K · 6.700000000000001 m strand","Planning category; manufacturer / model / IP / final rating pending"
"DB2","L7","L208","Festival lights · main eave H · nave","Festival bulb string (outdoor)","1","100","100","31787","","54.0","54 bulbs · 1 W/bulb assumed · lumen data needed · 2200 K · 31.7 m strand","Planning category; manufacturer / model / IP / final rating pending"
"DB2","L7","L209","Festival lights · main eave H · sanctuary","Festival bulb string (outdoor)","1","100","100","8987","","16.0","16 bulbs · 1 W/bulb assumed · lumen data needed · 2200 K · 8.9 m strand","Planning category; manufacturer / model / IP / final rating pending"
"DB2","L7","L210","Festival lights · veranda eave H · nave","Festival bulb string (outdoor)","1","100","100","31787","","54.0","54 bulbs · 1 W/bulb assumed · lumen data needed · 2200 K · 31.7 m strand","Planning category; manufacturer / model / IP / final rating pending"
"DB2","L7","L211","Festival lights · veranda eave H · sanctuary","Festival bulb string (outdoor)","1","100","100","8987","","16.0","16 bulbs · 1 W/bulb assumed · lumen data needed · 2200 K · 8.9 m strand","Planning category; manufacturer / model / IP / final rating pending"
"DB2","L7","L212","Festival lights · rear gable H","Festival bulb string (outdoor)","1","100","5482","7387","","16.0","16 bulbs · 1 W/bulb assumed · lumen data needed · 2200 K · 9.07 m strand","Planning category; manufacturer / model / IP / final rating pending"
"DB2","L7","L213","Festival lights · tower H · stage 1 · inner corner","Festival bulb string (outdoor)","1","100","7890","87","","14.0","14 bulbs · 1 W/bulb assumed · lumen data needed · 2200 K · 7.790000000000001 m strand","Planning category; manufacturer / model / IP / final rating pending"
"DB2","L7","L214","Festival lights · tower H · stage 1 · outer corner","Festival bulb string (outdoor)","1","100","7890","87","","14.0","14 bulbs · 1 W/bulb assumed · lumen data needed · 2200 K · 7.790000000000001 m strand","Planning category; manufacturer / model / IP / final rating pending"
"DB2","L7","L215","Festival lights · tower H · stage 2 · inner corner","Festival bulb string (outdoor)","1","100","6950","87","","12.0","12 bulbs · 1 W/bulb assumed · lumen data needed · 2200 K · 6.85 m strand","Planning category; manufacturer / model / IP / final rating pending"
"DB2","L7","L216","Festival lights · tower H · stage 2 · outer corner","Festival bulb string (outdoor)","1","100","6950","87","","12.0","12 bulbs · 1 W/bulb assumed · lumen data needed · 2200 K · 6.85 m strand","Planning category; manufacturer / model / IP / final rating pending"
"DB2","L7","L217","Festival lights · tower H · stage 3 · inner corner","Festival bulb string (outdoor)","1","100","6800","87","","12.0","12 bulbs · 1 W/bulb assumed · lumen data needed · 2200 K · 6.700000000000001 m strand","Planning category; manufacturer / model / IP / final rating pending"
"DB2","L7","L218","Festival lights · tower H · stage 3 · outer corner","Festival bulb string (outdoor)","1","100","6800","87","","12.0","12 bulbs · 1 W/bulb assumed · lumen data needed · 2200 K · 6.700000000000001 m strand","Planning category; manufacturer / model / IP / final rating pending"
"DB2","L7","L219","Festival lights · front terrace between the towers","Festival bulb string (outdoor)","1","100","100","14887","","26.0","26 bulbs · 1 W/bulb assumed · lumen data needed · 2200 K · 14.8 m strand","Planning category; manufacturer / model / IP / final rating pending"
"DB2","L7","L220","Festival flood · rear gable B","Façade floodlight","1","215","535","340","","70.0","9000 lm · 3000 K · 40° beam","Planning category; manufacturer / model / IP / final rating pending"
"DB2","L7","L221","Festival flood · rear gable H","Façade floodlight","1","215","535","340","","70.0","9000 lm · 3000 K · 40° beam","Planning category; manufacturer / model / IP / final rating pending"
"DB2","L6","L222","Central gable flood · B","Façade floodlight","1","215","535","340","","50.6","6500 lm · 3000 K · 60° beam","Planning category; manufacturer / model / IP / final rating pending"
"DB2","L6","L223","Central crown wash · B","Façade floodlight","1","215","535","340","","46.7","6000 lm · 3000 K · 55° beam","Planning category; manufacturer / model / IP / final rating pending"
"DB2","L6","L224","Central gable flood · H","Façade floodlight","1","215","535","340","","50.6","6500 lm · 3000 K · 60° beam","Planning category; manufacturer / model / IP / final rating pending"
"DB2","L6","L225","Central crown wash · H","Façade floodlight","1","215","535","340","","46.7","6000 lm · 3000 K · 55° beam","Planning category; manufacturer / model / IP / final rating pending"
"DB1","F1","F226","Ceiling fan · bay 2′–3 · B aisle","Ceiling fan · 1.42 m (56"")","1","1323","255","1391","1420","60.0","1.42 m diameter · 60 W at maximum speed","Planning category; manufacturer / model / IP / final rating pending"
"DB1","F1","F227","Ceiling fan · bay 2′–3 · H aisle","Ceiling fan · 1.42 m (56"")","1","1323","255","1391","1420","60.0","1.42 m diameter · 60 W at maximum speed","Planning category; manufacturer / model / IP / final rating pending"
"DB1","F1","F228","Ceiling fan · bay 3–4 · B aisle","Ceiling fan · 1.42 m (56"")","1","1323","255","1391","1420","60.0","1.42 m diameter · 60 W at maximum speed","Planning category; manufacturer / model / IP / final rating pending"
"DB1","F1","F229","Ceiling fan · bay 3–4 · H aisle","Ceiling fan · 1.42 m (56"")","1","1323","255","1391","1420","60.0","1.42 m diameter · 60 W at maximum speed","Planning category; manufacturer / model / IP / final rating pending"
"DB1","F1","F230","Ceiling fan · bay 4–5 · B aisle","Ceiling fan · 1.42 m (56"")","1","1323","255","1391","1420","60.0","1.42 m diameter · 60 W at maximum speed","Planning category; manufacturer / model / IP / final rating pending"
"DB1","F1","F231","Ceiling fan · bay 4–5 · H aisle","Ceiling fan · 1.42 m (56"")","1","1323","255","1391","1420","60.0","1.42 m diameter · 60 W at maximum speed","Planning category; manufacturer / model / IP / final rating pending"
"DB1","F1","F232","Ceiling fan · bay 5–6 · B aisle","Ceiling fan · 1.42 m (56"")","1","1323","255","1391","1420","60.0","1.42 m diameter · 60 W at maximum speed","Planning category; manufacturer / model / IP / final rating pending"
"DB1","F1","F233","Ceiling fan · bay 5–6 · H aisle","Ceiling fan · 1.42 m (56"")","1","1323","255","1391","1420","60.0","1.42 m diameter · 60 W at maximum speed","Planning category; manufacturer / model / IP / final rating pending"
"DB1","F1","F234","Ceiling fan · bay 6–7 · B aisle","Ceiling fan · 1.42 m (56"")","1","1323","255","1391","1420","60.0","1.42 m diameter · 60 W at maximum speed","Planning category; manufacturer / model / IP / final rating pending"
"DB1","F1","F235","Ceiling fan · bay 6–7 · H aisle","Ceiling fan · 1.42 m (56"")","1","1323","255","1391","1420","60.0","1.42 m diameter · 60 W at maximum speed","Planning category; manufacturer / model / IP / final rating pending"
"DB1","F1","F236","Ceiling fan · bay 7–8 · B aisle","Ceiling fan · 1.42 m (56"")","1","1323","255","1391","1420","60.0","1.42 m diameter · 60 W at maximum speed","Planning category; manufacturer / model / IP / final rating pending"
"DB1","F1","F237","Ceiling fan · bay 7–8 · H aisle","Ceiling fan · 1.42 m (56"")","1","1323","255","1391","1420","60.0","1.42 m diameter · 60 W at maximum speed","Planning category; manufacturer / model / IP / final rating pending"
"DB1","F1","F238","Ceiling fan · bay 8–9 · B aisle","Ceiling fan · 1.42 m (56"")","1","1323","255","1391","1420","60.0","1.42 m diameter · 60 W at maximum speed","Planning category; manufacturer / model / IP / final rating pending"
"DB1","F1","F239","Ceiling fan · bay 8–9 · H aisle","Ceiling fan · 1.42 m (56"")","1","1323","255","1391","1420","60.0","1.42 m diameter · 60 W at maximum speed","Planning category; manufacturer / model / IP / final rating pending"
"DB1","F5","F240","Wall fan · wing B · 1 · held review","Wing wall fan · 45 cm · extended bracket concept","1","665","490","490","450","55.0","0.45 m diameter · 55 W at maximum speed","Planning category; manufacturer / model / IP / final rating pending"
"DB1","F5","F241","Wall fan · wing B · 2 · held review","Wing wall fan · 45 cm · extended bracket concept","1","665","490","490","450","55.0","0.45 m diameter · 55 W at maximum speed","Planning category; manufacturer / model / IP / final rating pending"
"DB1","F5","F242","Wall fan · wing H · 1 · held review","Wing wall fan · 45 cm · extended bracket concept","1","665","490","490","450","55.0","0.45 m diameter · 55 W at maximum speed","Planning category; manufacturer / model / IP / final rating pending"
"DB1","F5","F243","Wall fan · wing H · 2 · held review","Wing wall fan · 45 cm · extended bracket concept","1","665","490","490","450","55.0","0.45 m diameter · 55 W at maximum speed","Planning category; manufacturer / model / IP / final rating pending"
"DB1","F2","F244","Wall fan · axis 4 · B","Wall fan · oscillating 45 cm","1","460","490","490","450","55.0","0.45 m diameter · 55 W at maximum speed","Planning category; manufacturer / model / IP / final rating pending"
"DB1","F2","F245","Wall fan · axis 4 · H","Wall fan · oscillating 45 cm","1","460","490","490","450","55.0","0.45 m diameter · 55 W at maximum speed","Planning category; manufacturer / model / IP / final rating pending"
"DB1","F2","F246","Wall fan · axis 6 · B","Wall fan · oscillating 45 cm","1","460","490","490","450","55.0","0.45 m diameter · 55 W at maximum speed","Planning category; manufacturer / model / IP / final rating pending"
"DB1","F2","F247","Wall fan · axis 6 · H","Wall fan · oscillating 45 cm","1","460","490","490","450","55.0","0.45 m diameter · 55 W at maximum speed","Planning category; manufacturer / model / IP / final rating pending"
"DB1","F2","F248","Wall fan · axis 8 · B","Wall fan · oscillating 45 cm","1","460","490","490","450","55.0","0.45 m diameter · 55 W at maximum speed","Planning category; manufacturer / model / IP / final rating pending"
"DB1","F2","F249","Wall fan · axis 8 · H","Wall fan · oscillating 45 cm","1","460","490","490","450","55.0","0.45 m diameter · 55 W at maximum speed","Planning category; manufacturer / model / IP / final rating pending"
"DB2","F4","F250","Entrance circulator · B","Large wall circulator · 90 cm","1","769","958","958","900","380.0","0.9 m diameter · 380 W at maximum speed","Planning category; manufacturer / model / IP / final rating pending"
"DB2","F4","F251","Entrance circulator · H","Large wall circulator · 90 cm","1","769","958","958","900","380.0","0.9 m diameter · 380 W at maximum speed","Planning category; manufacturer / model / IP / final rating pending"
"DB1","V1","F252","Exhaust fan · front gable · B outer","Exhaust (ventilation) fan · 50 cm","1","112","620","620","500","170.0","0.5 m diameter · 170 W at maximum speed","Planning category; manufacturer / model / IP / final rating pending"
"DB1","V1","F253","Exhaust fan · front gable · B inner","Exhaust (ventilation) fan · 50 cm","1","112","620","620","500","170.0","0.5 m diameter · 170 W at maximum speed","Planning category; manufacturer / model / IP / final rating pending"
"DB1","V1","F254","Exhaust fan · front gable · H inner","Exhaust (ventilation) fan · 50 cm","1","112","620","620","500","170.0","0.5 m diameter · 170 W at maximum speed","Planning category; manufacturer / model / IP / final rating pending"
"DB1","V1","F255","Exhaust fan · front gable · H outer","Exhaust (ventilation) fan · 50 cm","1","112","620","620","500","170.0","0.5 m diameter · 170 W at maximum speed","Planning category; manufacturer / model / IP / final rating pending"
"DB1","V1","F256","Exhaust fan · wing gable B · front","Exhaust (ventilation) fan · 50 cm","1","112","620","620","500","170.0","0.5 m diameter · 170 W at maximum speed","Planning category; manufacturer / model / IP / final rating pending"
"DB1","V1","F257","Exhaust fan · wing gable B · rear","Exhaust (ventilation) fan · 50 cm","1","112","620","620","500","170.0","0.5 m diameter · 170 W at maximum speed","Planning category; manufacturer / model / IP / final rating pending"
"DB1","V1","F258","Exhaust fan · wing gable H · front","Exhaust (ventilation) fan · 50 cm","1","112","620","620","500","170.0","0.5 m diameter · 170 W at maximum speed","Planning category; manufacturer / model / IP / final rating pending"
"DB1","V1","F259","Exhaust fan · wing gable H · rear","Exhaust (ventilation) fan · 50 cm","1","112","620","620","500","170.0","0.5 m diameter · 170 W at maximum speed","Planning category; manufacturer / model / IP / final rating pending"
"DB1","V1","F260","Exhaust fan · service room","Exhaust (ventilation) fan · 50 cm","1","112","620","620","500","170.0","0.5 m diameter · 170 W at maximum speed","Planning category; manufacturer / model / IP / final rating pending"
"DB1","A1","S261","Wall speaker · axis 4 · B","Slim wall column · 0.6 m, wall colour","1","146","600","60","","20.0","60 W audio rating · Passive / amplifier output · 85.1 ms delay","Planning category; manufacturer / model / IP / final rating pending"
"DB1","A1","S262","Wall speaker · axis 4 · H","Slim wall column · 0.6 m, wall colour","1","146","600","60","","20.0","60 W audio rating · Passive / amplifier output · 86.2 ms delay","Planning category; manufacturer / model / IP / final rating pending"
"DB1","A1","S263","Wall speaker · axis 5 · B","Slim wall column · 0.6 m, wall colour","1","146","600","60","","20.0","60 W audio rating · Passive / amplifier output · 72.2 ms delay","Planning category; manufacturer / model / IP / final rating pending"
"DB1","A1","S264","Wall speaker · axis 5 · H","Slim wall column · 0.6 m, wall colour","1","146","600","60","","20.0","60 W audio rating · Passive / amplifier output · 73.5 ms delay","Planning category; manufacturer / model / IP / final rating pending"
"DB1","A1","S265","Wall speaker · axis 6 · B","Slim wall column · 0.6 m, wall colour","1","146","600","60","","20.0","60 W audio rating · Passive / amplifier output · 59.2 ms delay","Planning category; manufacturer / model / IP / final rating pending"
"DB1","A1","S266","Wall speaker · axis 6 · H","Slim wall column · 0.6 m, wall colour","1","146","600","60","","20.0","60 W audio rating · Passive / amplifier output · 60.8 ms delay","Planning category; manufacturer / model / IP / final rating pending"
"DB1","A1","S267","Wall speaker · axis 7 · B","Slim wall column · 0.6 m, wall colour","1","146","600","60","","20.0","60 W audio rating · Passive / amplifier output · 46.3 ms delay","Planning category; manufacturer / model / IP / final rating pending"
"DB1","A1","S268","Wall speaker · axis 7 · H","Slim wall column · 0.6 m, wall colour","1","146","600","60","","20.0","60 W audio rating · Passive / amplifier output · 48.3 ms delay","Planning category; manufacturer / model / IP / final rating pending"
"DB1","A1","S269","Wall speaker · axis 8 · B","Slim wall column · 0.6 m, wall colour","1","146","600","60","","20.0","60 W audio rating · Passive / amplifier output · 33.5 ms delay","Planning category; manufacturer / model / IP / final rating pending"
"DB1","A1","S270","Wall speaker · axis 8 · H","Slim wall column · 0.6 m, wall colour","1","146","600","60","","20.0","60 W audio rating · Passive / amplifier output · 36 ms delay","Planning category; manufacturer / model / IP / final rating pending"
"DB1","A1","S271","Wall speaker · axis 9 · B","Slim wall column · 0.6 m, wall colour","1","146","600","60","","20.0","60 W audio rating · Passive / amplifier output · 20.6 ms delay","Planning category; manufacturer / model / IP / final rating pending"
"DB1","A1","S272","Wall speaker · axis 9 · H","Slim wall column · 0.6 m, wall colour","1","146","600","60","","20.0","60 W audio rating · Passive / amplifier output · 24.1 ms delay","Planning category; manufacturer / model / IP / final rating pending"
"DB1","A5","S273","Wall speaker · entrance hall · B","Slim wall column · 0.6 m, wall colour","1","146","600","60","","20.0","60 W audio rating · Passive / amplifier output · 94.9 ms delay","Planning category; manufacturer / model / IP / final rating pending"
"DB1","A5","S274","Wall speaker · entrance hall · H","Slim wall column · 0.6 m, wall colour","1","146","600","60","","20.0","60 W audio rating · Passive / amplifier output · 96.5 ms delay","Planning category; manufacturer / model / IP / final rating pending"
"DB1","A1","S276","Wing speaker · B · toward entrance · held","Slim wall column · 0.6 m, wall colour","1","146","600","60","","20.0","60 W audio rating · Passive / amplifier output · 22.9 ms delay","Planning category; manufacturer / model / IP / final rating pending"
"DB1","A1","S278","Wing speaker · H · toward entrance · held","Slim wall column · 0.6 m, wall colour","1","146","600","60","","20.0","60 W audio rating · Passive / amplifier output · 37.1 ms delay","Planning category; manufacturer / model / IP / final rating pending"
"DB1","A2","S279","Veranda fill · B · 12.2","Pendant loudspeaker · 6""","1","367","257","260","","10.0","30 W audio rating · Passive / amplifier output · 88.8 ms delay","Planning category; manufacturer / model / IP / final rating pending"
"DB1","A2","S280","Veranda fill · B · 25.7","Pendant loudspeaker · 6""","1","367","257","260","","10.0","30 W audio rating · Passive / amplifier output · 50.9 ms delay","Planning category; manufacturer / model / IP / final rating pending"
"DB1","A2","S281","Veranda fill · H · 12.2","Pendant loudspeaker · 6""","1","367","257","260","","10.0","30 W audio rating · Passive / amplifier output · 92.3 ms delay","Planning category; manufacturer / model / IP / final rating pending"
"DB1","A2","S282","Veranda fill · H · 25.7","Pendant loudspeaker · 6""","1","367","257","260","","10.0","30 W audio rating · Passive / amplifier output · 56.8 ms delay","Planning category; manufacturer / model / IP / final rating pending"
"DB1","A3","S283","Courtyard horn · B","Outdoor horn · 30 W","1","420","400","400","","10.0","30 W audio rating · Passive / amplifier output · 99.4 ms delay","Planning category; manufacturer / model / IP / final rating pending"
"DB1","A3","S284","Tower horn · B · outer","Outdoor horn · 30 W","1","420","400","400","","10.0","30 W audio rating · Passive / amplifier output · 91.3 ms delay","Planning category; manufacturer / model / IP / final rating pending"
"DB1","A3","S285","Side courtyard horn · axis 5 · B","Outdoor horn · 30 W","1","420","400","400","","10.0","30 W audio rating · Passive / amplifier output · 62 ms delay","Planning category; manufacturer / model / IP / final rating pending"
"DB1","A3","S286","Side courtyard horn · axis 8 · B","Outdoor horn · 30 W","1","420","400","400","","10.0","30 W audio rating · Passive / amplifier output · 25 ms delay","Planning category; manufacturer / model / IP / final rating pending"
"DB1","A3","S287","Courtyard horn · H","Outdoor horn · 30 W","1","420","400","400","","10.0","30 W audio rating · Passive / amplifier output · 100.3 ms delay","Planning category; manufacturer / model / IP / final rating pending"
"DB1","A3","S288","Tower horn · H · outer","Outdoor horn · 30 W","1","420","400","400","","10.0","30 W audio rating · Passive / amplifier output · 92.2 ms delay","Planning category; manufacturer / model / IP / final rating pending"
"DB1","A3","S289","Side courtyard horn · axis 5 · H","Outdoor horn · 30 W","1","420","400","400","","10.0","30 W audio rating · Passive / amplifier output · 66.4 ms delay","Planning category; manufacturer / model / IP / final rating pending"
"DB1","A3","S290","Side courtyard horn · axis 8 · H","Outdoor horn · 30 W","1","420","400","400","","10.0","30 W audio rating · Passive / amplifier output · 33.6 ms delay","Planning category; manufacturer / model / IP / final rating pending"
"DB1","MIC","S291","Ambo microphone","Gooseneck microphone (cardioid)","1","362","374","120","","0.0","Microphone signal → mixer input","Planning category; manufacturer / model / IP / final rating pending"
"DB1","MIC","S292","Altar microphone","Gooseneck microphone (cardioid)","1","362","374","120","","0.0","Microphone signal → mixer input","Planning category; manufacturer / model / IP / final rating pending"
"DB1","X1","D309","Christmas tree · front stage","Christmas tree with lights","1","1871","3350","1900","","0.0","350 lm · 2400 K","Hidden alternative / excluded from installed totals"
"DB1","X1","D310","Nativity grotto (hang đá) · front stage","Nativity grotto (hang đá)","1","2005","2858","3347","","0.0","400 lm · 3000 K","Hidden alternative / excluded from installed totals"
"DB1","X1","D311","Star over the crossing","Hanging illuminated star","1","60","1595","1046","","0.0","500 lm · 5000 K","Hidden alternative / excluded from installed totals"
"DB1","X1","D312","Red lanterns · veranda B · bay 4–5","String of red lanterns (đèn lồng)","1","320","1043","3405","","0.0","240 lm · 2200 K · 3.4 m strand","Hidden alternative / excluded from installed totals"
"DB1","X1","D313","Red lanterns · veranda H · bay 4–5","String of red lanterns (đèn lồng)","1","320","1043","3405","","0.0","240 lm · 2200 K · 3.4 m strand","Hidden alternative / excluded from installed totals"
"DB1","X1","D314","Red lanterns · veranda B · bay 5–6","String of red lanterns (đèn lồng)","1","320","1043","3405","","0.0","240 lm · 2200 K · 3.4 m strand","Hidden alternative / excluded from installed totals"
"DB1","X1","D315","Red lanterns · veranda H · bay 5–6","String of red lanterns (đèn lồng)","1","320","1043","3405","","0.0","240 lm · 2200 K · 3.4 m strand","Hidden alternative / excluded from installed totals"
"DB1","X1","D316","Red lanterns · veranda B · bay 7–8","String of red lanterns (đèn lồng)","1","320","1043","3405","","0.0","240 lm · 2200 K · 3.4 m strand","Hidden alternative / excluded from installed totals"
"DB1","X1","D317","Red lanterns · veranda H · bay 7–8","String of red lanterns (đèn lồng)","1","320","1043","3405","","0.0","240 lm · 2200 K · 3.4 m strand","Hidden alternative / excluded from installed totals"
"DB1","X1","D318","Red lanterns · veranda B · bay 8–9","String of red lanterns (đèn lồng)","1","320","1043","3405","","0.0","240 lm · 2200 K · 3.4 m strand","Hidden alternative / excluded from installed totals"
"DB1","X1","D319","Red lanterns · veranda H · bay 8–9","String of red lanterns (đèn lồng)","1","320","1043","3405","","0.0","240 lm · 2200 K · 3.4 m strand","Hidden alternative / excluded from installed totals"

"Route ID","Source","Board","Circuit","Destination IDs","Role","Route length m","Audio full home-run length m","Installation proposal","Specification status"
"feeder:DB2","DB1","DB2","DB2-FEED","","feeder","80.68","","Wall bands, covered wing-roof crossing, entrance wall riser","Cable type / conductors / cross-section / conduit: pending electrical design"
"feeder:AV1","DB1","DB1","AV1-SUPPLY","","feeder","5.79","","Existing service-room wall tray / local equipment connection","Cable type / conductors / cross-section / conduit: pending electrical design"
"feeder:LC1","DB1","DB1","LC1-SUPPLY","","feeder","2.56","","Existing service-room wall tray / local equipment connection","Cable type / conductors / cross-section / conduit: pending electrical design"
"feeder:FC1","DB1","DB1","FC1-SUPPLY","","feeder","3.41","","Existing service-room wall tray / local equipment connection","Cable type / conductors / cross-section / conduit: pending electrical design"
"local:L1","LC1","DB1","L3","L1","local","8.03","","Wall riser beside niche; containment above ceiling top +4.27 m; panel cable entry pending structural coordination.","Cable type / conductors / cross-section / conduit: pending electrical design"
"local:L2","LC1","DB1","L3","L2","local","9.93","","Wall riser beside niche; containment above ceiling top +4.27 m; panel cable entry pending structural coordination.","Cable type / conductors / cross-section / conduit: pending electrical design"
"trunk:LC1:L1:light:-1","LC1","DB1","L1","L3 / L4 / L7 / L8 / L11 / L12 / L15 / L16 / L19 / L20 / L23 / L24 / L27 / L28 / L59 / L60","trunk","69.66","","Wall bands above openings; concealed finish-matched soffit crossing over the 9–10 wing opening.","Cable type / conductors / cross-section / conduit: pending electrical design"
"drop:LC1:L1:light:-1:L3","LC1","DB1","L1","L3","drop","8.73","","Above lining / beam tops, short covered joint and rear-face return to fitting. Roof access, rafter/tie interface and removable cover details pending; no timber drilling / notching.","Cable type / conductors / cross-section / conduit: pending electrical design"
"drop:LC1:L1:light:-1:L4","LC1","DB1","L1","L4","drop","8.73","","Above lining / beam tops, short covered joint and rear-face return to fitting. Roof access, rafter/tie interface and removable cover details pending; no timber drilling / notching.","Cable type / conductors / cross-section / conduit: pending electrical design"
"drop:LC1:L1:light:-1:L7","LC1","DB1","L1","L7","drop","8.73","","Above lining / beam tops, short covered joint and rear-face return to fitting. Roof access, rafter/tie interface and removable cover details pending; no timber drilling / notching.","Cable type / conductors / cross-section / conduit: pending electrical design"
"drop:LC1:L1:light:-1:L8","LC1","DB1","L1","L8","drop","8.73","","Above lining / beam tops, short covered joint and rear-face return to fitting. Roof access, rafter/tie interface and removable cover details pending; no timber drilling / notching.","Cable type / conductors / cross-section / conduit: pending electrical design"
"drop:LC1:L1:light:-1:L11","LC1","DB1","L1","L11","drop","8.73","","Above lining / beam tops, short covered joint and rear-face return to fitting. Roof access, rafter/tie interface and removable cover details pending; no timber drilling / notching.","Cable type / conductors / cross-section / conduit: pending electrical design"
"drop:LC1:L1:light:-1:L12","LC1","DB1","L1","L12","drop","8.73","","Above lining / beam tops, short covered joint and rear-face return to fitting. Roof access, rafter/tie interface and removable cover details pending; no timber drilling / notching.","Cable type / conductors / cross-section / conduit: pending electrical design"
"drop:LC1:L1:light:-1:L15","LC1","DB1","L1","L15","drop","8.73","","Above lining / beam tops, short covered joint and rear-face return to fitting. Roof access, rafter/tie interface and removable cover details pending; no timber drilling / notching.","Cable type / conductors / cross-section / conduit: pending electrical design"
"drop:LC1:L1:light:-1:L16","LC1","DB1","L1","L16","drop","8.73","","Above lining / beam tops, short covered joint and rear-face return to fitting. Roof access, rafter/tie interface and removable cover details pending; no timber drilling / notching.","Cable type / conductors / cross-section / conduit: pending electrical design"
"drop:LC1:L1:light:-1:L19","LC1","DB1","L1","L19","drop","8.73","","Above lining / beam tops, short covered joint and rear-face return to fitting. Roof access, rafter/tie interface and removable cover details pending; no timber drilling / notching.","Cable type / conductors / cross-section / conduit: pending electrical design"
"drop:LC1:L1:light:-1:L20","LC1","DB1","L1","L20","drop","8.73","","Above lining / beam tops, short covered joint and rear-face return to fitting. Roof access, rafter/tie interface and removable cover details pending; no timber drilling / notching.","Cable type / conductors / cross-section / conduit: pending electrical design"
"drop:LC1:L1:light:-1:L23","LC1","DB1","L1","L23","drop","8.73","","Above lining / beam tops, short covered joint and rear-face return to fitting. Roof access, rafter/tie interface and removable cover details pending; no timber drilling / notching.","Cable type / conductors / cross-section / conduit: pending electrical design"
"drop:LC1:L1:light:-1:L24","LC1","DB1","L1","L24","drop","8.73","","Above lining / beam tops, short covered joint and rear-face return to fitting. Roof access, rafter/tie interface and removable cover details pending; no timber drilling / notching.","Cable type / conductors / cross-section / conduit: pending electrical design"
"drop:LC1:L1:light:-1:L27","LC1","DB1","L1","L27","drop","8.73","","Above lining / beam tops, short covered joint and rear-face return to fitting. Roof access, rafter/tie interface and removable cover details pending; no timber drilling / notching.","Cable type / conductors / cross-section / conduit: pending electrical design"
"drop:LC1:L1:light:-1:L28","LC1","DB1","L1","L28","drop","8.73","","Above lining / beam tops, short covered joint and rear-face return to fitting. Roof access, rafter/tie interface and removable cover details pending; no timber drilling / notching.","Cable type / conductors / cross-section / conduit: pending electrical design"
"drop:LC1:L1:light:-1:L59","LC1","DB1","L1","L59","drop","9.44","","Concealed entrance wall band, solid pier and local termination.","Cable type / conductors / cross-section / conduit: pending electrical design"
"drop:LC1:L1:light:-1:L60","LC1","DB1","L1","L60","drop","6.94","","Concealed entrance wall band, solid pier and local termination.","Cable type / conductors / cross-section / conduit: pending electrical design"
"trunk:LC1:L1:light:1","LC1","DB1","L1","L5 / L6 / L9 / L10 / L13 / L14 / L17 / L18 / L21 / L22 / L25 / L26 / L29 / L30 / L61 / L62","trunk","76.26","","Wall bands above openings; concealed finish-matched soffit crossing over the 9–10 wing opening.","Cable type / conductors / cross-section / conduit: pending electrical design"
"drop:LC1:L1:light:1:L5","LC1","DB1","L1","L5","drop","8.73","","Above lining / beam tops, short covered joint and rear-face return to fitting. Roof access, rafter/tie interface and removable cover details pending; no timber drilling / notching.","Cable type / conductors / cross-section / conduit: pending electrical design"
"drop:LC1:L1:light:1:L6","LC1","DB1","L1","L6","drop","8.73","","Above lining / beam tops, short covered joint and rear-face return to fitting. Roof access, rafter/tie interface and removable cover details pending; no timber drilling / notching.","Cable type / conductors / cross-section / conduit: pending electrical design"
"drop:LC1:L1:light:1:L9","LC1","DB1","L1","L9","drop","8.73","","Above lining / beam tops, short covered joint and rear-face return to fitting. Roof access, rafter/tie interface and removable cover details pending; no timber drilling / notching.","Cable type / conductors / cross-section / conduit: pending electrical design"
"drop:LC1:L1:light:1:L10","LC1","DB1","L1","L10","drop","8.73","","Above lining / beam tops, short covered joint and rear-face return to fitting. Roof access, rafter/tie interface and removable cover details pending; no timber drilling / notching.","Cable type / conductors / cross-section / conduit: pending electrical design"
"drop:LC1:L1:light:1:L13","LC1","DB1","L1","L13","drop","8.73","","Above lining / beam tops, short covered joint and rear-face return to fitting. Roof access, rafter/tie interface and removable cover details pending; no timber drilling / notching.","Cable type / conductors / cross-section / conduit: pending electrical design"
"drop:LC1:L1:light:1:L14","LC1","DB1","L1","L14","drop","8.73","","Above lining / beam tops, short covered joint and rear-face return to fitting. Roof access, rafter/tie interface and removable cover details pending; no timber drilling / notching.","Cable type / conductors / cross-section / conduit: pending electrical design"
"drop:LC1:L1:light:1:L17","LC1","DB1","L1","L17","drop","8.73","","Above lining / beam tops, short covered joint and rear-face return to fitting. Roof access, rafter/tie interface and removable cover details pending; no timber drilling / notching.","Cable type / conductors / cross-section / conduit: pending electrical design"
"drop:LC1:L1:light:1:L18","LC1","DB1","L1","L18","drop","8.73","","Above lining / beam tops, short covered joint and rear-face return to fitting. Roof access, rafter/tie interface and removable cover details pending; no timber drilling / notching.","Cable type / conductors / cross-section / conduit: pending electrical design"
"drop:LC1:L1:light:1:L21","LC1","DB1","L1","L21","drop","8.73","","Above lining / beam tops, short covered joint and rear-face return to fitting. Roof access, rafter/tie interface and removable cover details pending; no timber drilling / notching.","Cable type / conductors / cross-section / conduit: pending electrical design"
"drop:LC1:L1:light:1:L22","LC1","DB1","L1","L22","drop","8.73","","Above lining / beam tops, short covered joint and rear-face return to fitting. Roof access, rafter/tie interface and removable cover details pending; no timber drilling / notching.","Cable type / conductors / cross-section / conduit: pending electrical design"
"drop:LC1:L1:light:1:L25","LC1","DB1","L1","L25","drop","8.73","","Above lining / beam tops, short covered joint and rear-face return to fitting. Roof access, rafter/tie interface and removable cover details pending; no timber drilling / notching.","Cable type / conductors / cross-section / conduit: pending electrical design"
"drop:LC1:L1:light:1:L26","LC1","DB1","L1","L26","drop","8.73","","Above lining / beam tops, short covered joint and rear-face return to fitting. Roof access, rafter/tie interface and removable cover details pending; no timber drilling / notching.","Cable type / conductors / cross-section / conduit: pending electrical design"
"drop:LC1:L1:light:1:L29","LC1","DB1","L1","L29","drop","8.73","","Above lining / beam tops, short covered joint and rear-face return to fitting. Roof access, rafter/tie interface and removable cover details pending; no timber drilling / notching.","Cable type / conductors / cross-section / conduit: pending electrical design"
"drop:LC1:L1:light:1:L30","LC1","DB1","L1","L30","drop","8.73","","Above lining / beam tops, short covered joint and rear-face return to fitting. Roof access, rafter/tie interface and removable cover details pending; no timber drilling / notching.","Cable type / conductors / cross-section / conduit: pending electrical design"
"drop:LC1:L1:light:1:L61","LC1","DB1","L1","L61","drop","9.44","","Concealed entrance wall band, solid pier and local termination.","Cable type / conductors / cross-section / conduit: pending electrical design"
"drop:LC1:L1:light:1:L62","LC1","DB1","L1","L62","drop","6.94","","Concealed entrance wall band, solid pier and local termination.","Cable type / conductors / cross-section / conduit: pending electrical design"
"trunk:LC1:L2:light:-1","LC1","DB1","L2","L31 / L32 / L35 / L36 / L39 / L40 / L43 / L44 / L47 / L48 / L51 / L52 / L55 / L56","trunk","62.33","","Wall bands above openings; concealed finish-matched soffit crossing over the 9–10 wing opening.","Cable type / conductors / cross-section / conduit: pending electrical design"
"drop:LC1:L2:light:-1:L31","LC1","DB1","L2","L31","drop","3.73","","Above lining / beam tops, short covered joint and rear-face return to fitting. Roof access, rafter/tie interface and removable cover details pending; no timber drilling / notching.","Cable type / conductors / cross-section / conduit: pending electrical design"
"drop:LC1:L2:light:-1:L32","LC1","DB1","L2","L32","drop","3.73","","Above lining / beam tops, short covered joint and rear-face return to fitting. Roof access, rafter/tie interface and removable cover details pending; no timber drilling / notching.","Cable type / conductors / cross-section / conduit: pending electrical design"
"drop:LC1:L2:light:-1:L35","LC1","DB1","L2","L35","drop","3.73","","Above lining / beam tops, short covered joint and rear-face return to fitting. Roof access, rafter/tie interface and removable cover details pending; no timber drilling / notching.","Cable type / conductors / cross-section / conduit: pending electrical design"
"drop:LC1:L2:light:-1:L36","LC1","DB1","L2","L36","drop","3.73","","Above lining / beam tops, short covered joint and rear-face return to fitting. Roof access, rafter/tie interface and removable cover details pending; no timber drilling / notching.","Cable type / conductors / cross-section / conduit: pending electrical design"
"drop:LC1:L2:light:-1:L39","LC1","DB1","L2","L39","drop","3.73","","Above lining / beam tops, short covered joint and rear-face return to fitting. Roof access, rafter/tie interface and removable cover details pending; no timber drilling / notching.","Cable type / conductors / cross-section / conduit: pending electrical design"
"drop:LC1:L2:light:-1:L40","LC1","DB1","L2","L40","drop","3.73","","Above lining / beam tops, short covered joint and rear-face return to fitting. Roof access, rafter/tie interface and removable cover details pending; no timber drilling / notching.","Cable type / conductors / cross-section / conduit: pending electrical design"
"drop:LC1:L2:light:-1:L43","LC1","DB1","L2","L43","drop","3.73","","Above lining / beam tops, short covered joint and rear-face return to fitting. Roof access, rafter/tie interface and removable cover details pending; no timber drilling / notching.","Cable type / conductors / cross-section / conduit: pending electrical design"
"drop:LC1:L2:light:-1:L44","LC1","DB1","L2","L44","drop","3.73","","Above lining / beam tops, short covered joint and rear-face return to fitting. Roof access, rafter/tie interface and removable cover details pending; no timber drilling / notching.","Cable type / conductors / cross-section / conduit: pending electrical design"
"drop:LC1:L2:light:-1:L47","LC1","DB1","L2","L47","drop","3.73","","Above lining / beam tops, short covered joint and rear-face return to fitting. Roof access, rafter/tie interface and removable cover details pending; no timber drilling / notching.","Cable type / conductors / cross-section / conduit: pending electrical design"
"drop:LC1:L2:light:-1:L48","LC1","DB1","L2","L48","drop","3.73","","Above lining / beam tops, short covered joint and rear-face return to fitting. Roof access, rafter/tie interface and removable cover details pending; no timber drilling / notching.","Cable type / conductors / cross-section / conduit: pending electrical design"
"drop:LC1:L2:light:-1:L51","LC1","DB1","L2","L51","drop","3.73","","Above lining / beam tops, short covered joint and rear-face return to fitting. Roof access, rafter/tie interface and removable cover details pending; no timber drilling / notching.","Cable type / conductors / cross-section / conduit: pending electrical design"
"drop:LC1:L2:light:-1:L52","LC1","DB1","L2","L52","drop","3.73","","Above lining / beam tops, short covered joint and rear-face return to fitting. Roof access, rafter/tie interface and removable cover details pending; no timber drilling / notching.","Cable type / conductors / cross-section / conduit: pending electrical design"
"drop:LC1:L2:light:-1:L55","LC1","DB1","L2","L55","drop","3.73","","Above lining / beam tops, short covered joint and rear-face return to fitting. Roof access, rafter/tie interface and removable cover details pending; no timber drilling / notching.","Cable type / conductors / cross-section / conduit: pending electrical design"
"drop:LC1:L2:light:-1:L56","LC1","DB1","L2","L56","drop","3.73","","Above lining / beam tops, short covered joint and rear-face return to fitting. Roof access, rafter/tie interface and removable cover details pending; no timber drilling / notching.","Cable type / conductors / cross-section / conduit: pending electrical design"
"trunk:LC1:L2:light:1","LC1","DB1","L2","L33 / L34 / L37 / L38 / L41 / L42 / L45 / L46 / L49 / L50 / L53 / L54 / L57 / L58","trunk","68.93","","Wall bands above openings; concealed finish-matched soffit crossing over the 9–10 wing opening.","Cable type / conductors / cross-section / conduit: pending electrical design"
"drop:LC1:L2:light:1:L33","LC1","DB1","L2","L33","drop","3.73","","Above lining / beam tops, short covered joint and rear-face return to fitting. Roof access, rafter/tie interface and removable cover details pending; no timber drilling / notching.","Cable type / conductors / cross-section / conduit: pending electrical design"
"drop:LC1:L2:light:1:L34","LC1","DB1","L2","L34","drop","3.73","","Above lining / beam tops, short covered joint and rear-face return to fitting. Roof access, rafter/tie interface and removable cover details pending; no timber drilling / notching.","Cable type / conductors / cross-section / conduit: pending electrical design"
"drop:LC1:L2:light:1:L37","LC1","DB1","L2","L37","drop","3.73","","Above lining / beam tops, short covered joint and rear-face return to fitting. Roof access, rafter/tie interface and removable cover details pending; no timber drilling / notching.","Cable type / conductors / cross-section / conduit: pending electrical design"
"drop:LC1:L2:light:1:L38","LC1","DB1","L2","L38","drop","3.73","","Above lining / beam tops, short covered joint and rear-face return to fitting. Roof access, rafter/tie interface and removable cover details pending; no timber drilling / notching.","Cable type / conductors / cross-section / conduit: pending electrical design"
"drop:LC1:L2:light:1:L41","LC1","DB1","L2","L41","drop","3.73","","Above lining / beam tops, short covered joint and rear-face return to fitting. Roof access, rafter/tie interface and removable cover details pending; no timber drilling / notching.","Cable type / conductors / cross-section / conduit: pending electrical design"
"drop:LC1:L2:light:1:L42","LC1","DB1","L2","L42","drop","3.73","","Above lining / beam tops, short covered joint and rear-face return to fitting. Roof access, rafter/tie interface and removable cover details pending; no timber drilling / notching.","Cable type / conductors / cross-section / conduit: pending electrical design"
"drop:LC1:L2:light:1:L45","LC1","DB1","L2","L45","drop","3.73","","Above lining / beam tops, short covered joint and rear-face return to fitting. Roof access, rafter/tie interface and removable cover details pending; no timber drilling / notching.","Cable type / conductors / cross-section / conduit: pending electrical design"
"drop:LC1:L2:light:1:L46","LC1","DB1","L2","L46","drop","3.73","","Above lining / beam tops, short covered joint and rear-face return to fitting. Roof access, rafter/tie interface and removable cover details pending; no timber drilling / notching.","Cable type / conductors / cross-section / conduit: pending electrical design"
"drop:LC1:L2:light:1:L49","LC1","DB1","L2","L49","drop","3.73","","Above lining / beam tops, short covered joint and rear-face return to fitting. Roof access, rafter/tie interface and removable cover details pending; no timber drilling / notching.","Cable type / conductors / cross-section / conduit: pending electrical design"
"drop:LC1:L2:light:1:L50","LC1","DB1","L2","L50","drop","3.73","","Above lining / beam tops, short covered joint and rear-face return to fitting. Roof access, rafter/tie interface and removable cover details pending; no timber drilling / notching.","Cable type / conductors / cross-section / conduit: pending electrical design"
"drop:LC1:L2:light:1:L53","LC1","DB1","L2","L53","drop","3.73","","Above lining / beam tops, short covered joint and rear-face return to fitting. Roof access, rafter/tie interface and removable cover details pending; no timber drilling / notching.","Cable type / conductors / cross-section / conduit: pending electrical design"
"drop:LC1:L2:light:1:L54","LC1","DB1","L2","L54","drop","3.73","","Above lining / beam tops, short covered joint and rear-face return to fitting. Roof access, rafter/tie interface and removable cover details pending; no timber drilling / notching.","Cable type / conductors / cross-section / conduit: pending electrical design"
"drop:LC1:L2:light:1:L57","LC1","DB1","L2","L57","drop","3.73","","Above lining / beam tops, short covered joint and rear-face return to fitting. Roof access, rafter/tie interface and removable cover details pending; no timber drilling / notching.","Cable type / conductors / cross-section / conduit: pending electrical design"
"drop:LC1:L2:light:1:L58","LC1","DB1","L2","L58","drop","3.73","","Above lining / beam tops, short covered joint and rear-face return to fitting. Roof access, rafter/tie interface and removable cover details pending; no timber drilling / notching.","Cable type / conductors / cross-section / conduit: pending electrical design"
"trunk:LC1:L8:light:-1","LC1","DB1","L8","L63 / L65","trunk","31.84","","Wall bands above openings; concealed finish-matched soffit crossing over the 9–10 wing opening.","Cable type / conductors / cross-section / conduit: pending electrical design"
"drop:LC1:L8:light:-1:L63","LC1","DB1","L8","L63","drop","6.94","","Above nave lining / covered soffit route at wings and verandas; cable continues inside the existing pendant stem. Roof build-up, supports and access pending.","Cable type / conductors / cross-section / conduit: pending electrical design"
"drop:LC1:L8:light:-1:L65","LC1","DB1","L8","L65","drop","6.94","","Above nave lining / covered soffit route at wings and verandas; cable continues inside the existing pendant stem. Roof build-up, supports and access pending.","Cable type / conductors / cross-section / conduit: pending electrical design"
"trunk:LC1:L8:light:1","LC1","DB1","L8","L67 / L69","trunk","38.44","","Wall bands above openings; concealed finish-matched soffit crossing over the 9–10 wing opening.","Cable type / conductors / cross-section / conduit: pending electrical design"
"drop:LC1:L8:light:1:L67","LC1","DB1","L8","L67","drop","6.94","","Above nave lining / covered soffit route at wings and verandas; cable continues inside the existing pendant stem. Roof build-up, supports and access pending.","Cable type / conductors / cross-section / conduit: pending electrical design"
"drop:LC1:L8:light:1:L69","LC1","DB1","L8","L69","drop","6.94","","Above nave lining / covered soffit route at wings and verandas; cable continues inside the existing pendant stem. Roof build-up, supports and access pending.","Cable type / conductors / cross-section / conduit: pending electrical design"
"trunk:LC1:LA:light:-1","LC1","DB1","LA","L71 / L72 / L73 / L74 / L75 / L76 / L77","trunk","62.31","","Wall bands above openings; concealed finish-matched soffit crossing over the 9–10 wing opening.","Cable type / conductors / cross-section / conduit: pending electrical design"
"drop:LC1:LA:light:-1:L71","LC1","DB1","LA","L71","drop","10.20","","Above lining / beam tops, short covered joint and rear-face return to fitting. Roof access, rafter/tie interface and removable cover details pending; no timber drilling / notching.","Cable type / conductors / cross-section / conduit: pending electrical design"
"drop:LC1:LA:light:-1:L72","LC1","DB1","LA","L72","drop","10.20","","Above lining / beam tops, short covered joint and rear-face return to fitting. Roof access, rafter/tie interface and removable cover details pending; no timber drilling / notching.","Cable type / conductors / cross-section / conduit: pending electrical design"
"drop:LC1:LA:light:-1:L73","LC1","DB1","LA","L73","drop","10.20","","Above lining / beam tops, short covered joint and rear-face return to fitting. Roof access, rafter/tie interface and removable cover details pending; no timber drilling / notching.","Cable type / conductors / cross-section / conduit: pending electrical design"
"drop:LC1:LA:light:-1:L74","LC1","DB1","LA","L74","drop","10.20","","Above lining / beam tops, short covered joint and rear-face return to fitting. Roof access, rafter/tie interface and removable cover details pending; no timber drilling / notching.","Cable type / conductors / cross-section / conduit: pending electrical design"
"drop:LC1:LA:light:-1:L75","LC1","DB1","LA","L75","drop","10.20","","Above lining / beam tops, short covered joint and rear-face return to fitting. Roof access, rafter/tie interface and removable cover details pending; no timber drilling / notching.","Cable type / conductors / cross-section / conduit: pending electrical design"
"drop:LC1:LA:light:-1:L76","LC1","DB1","LA","L76","drop","10.20","","Above lining / beam tops, short covered joint and rear-face return to fitting. Roof access, rafter/tie interface and removable cover details pending; no timber drilling / notching.","Cable type / conductors / cross-section / conduit: pending electrical design"
"drop:LC1:LA:light:-1:L77","LC1","DB1","LA","L77","drop","10.20","","Above lining / beam tops, short covered joint and rear-face return to fitting. Roof access, rafter/tie interface and removable cover details pending; no timber drilling / notching.","Cable type / conductors / cross-section / conduit: pending electrical design"
"trunk:LC1:LD:light:-1","LC1","DB1","LD","L78 / L79 / L80 / L81 / L82 / L84 / L86 / L88 / L90 / L92 / L94 / L96","trunk","62.30","","Wall bands above openings; concealed finish-matched soffit crossing over the 9–10 wing opening.","Cable type / conductors / cross-section / conduit: pending electrical design"
"drop:LC1:LD:light:-1:L78","LC1","DB1","LD","L78","drop","16.28","","Above nave lining / covered soffit route at wings and verandas; cable continues inside the existing pendant stem. Roof build-up, supports and access pending.","Cable type / conductors / cross-section / conduit: pending electrical design"
"drop:LC1:LD:light:-1:L79","LC1","DB1","LD","L79","drop","16.28","","Above nave lining / covered soffit route at wings and verandas; cable continues inside the existing pendant stem. Roof build-up, supports and access pending.","Cable type / conductors / cross-section / conduit: pending electrical design"
"drop:LC1:LD:light:-1:L80","LC1","DB1","LD","L80","drop","16.28","","Above nave lining / covered soffit route at wings and verandas; cable continues inside the existing pendant stem. Roof build-up, supports and access pending.","Cable type / conductors / cross-section / conduit: pending electrical design"
"drop:LC1:LD:light:-1:L81","LC1","DB1","LD","L81","drop","11.56","","Above nave lining / covered soffit route at wings and verandas; cable continues inside the existing pendant stem. Roof build-up, supports and access pending.","Cable type / conductors / cross-section / conduit: pending electrical design"
"drop:LC1:LD:light:-1:L82","LC1","DB1","LD","L82","drop","1.63","","Concealed solid-pier / wall drop and local termination.","Cable type / conductors / cross-section / conduit: pending electrical design"
"drop:LC1:LD:light:-1:L84","LC1","DB1","LD","L84","drop","1.63","","Concealed solid-pier / wall drop and local termination.","Cable type / conductors / cross-section / conduit: pending electrical design"
"drop:LC1:LD:light:-1:L86","LC1","DB1","LD","L86","drop","1.63","","Concealed solid-pier / wall drop and local termination.","Cable type / conductors / cross-section / conduit: pending electrical design"
"drop:LC1:LD:light:-1:L88","LC1","DB1","LD","L88","drop","1.63","","Concealed solid-pier / wall drop and local termination.","Cable type / conductors / cross-section / conduit: pending electrical design"
"drop:LC1:LD:light:-1:L90","LC1","DB1","LD","L90","drop","1.63","","Concealed solid-pier / wall drop and local termination.","Cable type / conductors / cross-section / conduit: pending electrical design"
"drop:LC1:LD:light:-1:L92","LC1","DB1","LD","L92","drop","1.63","","Concealed solid-pier / wall drop and local termination.","Cable type / conductors / cross-section / conduit: pending electrical design"
"drop:LC1:LD:light:-1:L94","LC1","DB1","LD","L94","drop","1.63","","Concealed solid-pier / wall drop and local termination.","Cable type / conductors / cross-section / conduit: pending electrical design"
"drop:LC1:LD:light:-1:L96","LC1","DB1","LD","L96","drop","7.81","","Back-wall band to service space behind chamber lining; local termination behind the fitting / cornice. Removable lining and cable-entry detail pending.","Cable type / conductors / cross-section / conduit: pending electrical design"
"trunk:LC1:LD:light:1","LC1","DB1","LD","L83 / L85 / L87 / L89 / L91 / L93 / L95 / L97","trunk","68.90","","Wall bands above openings; concealed finish-matched soffit crossing over the 9–10 wing opening.","Cable type / conductors / cross-section / conduit: pending electrical design"
"drop:LC1:LD:light:1:L83","LC1","DB1","LD","L83","drop","1.63","","Concealed solid-pier / wall drop and local termination.","Cable type / conductors / cross-section / conduit: pending electrical design"
"drop:LC1:LD:light:1:L85","LC1","DB1","LD","L85","drop","1.63","","Concealed solid-pier / wall drop and local termination.","Cable type / conductors / cross-section / conduit: pending electrical design"
"drop:LC1:LD:light:1:L87","LC1","DB1","LD","L87","drop","1.63","","Concealed solid-pier / wall drop and local termination.","Cable type / conductors / cross-section / conduit: pending electrical design"
"drop:LC1:LD:light:1:L89","LC1","DB1","LD","L89","drop","1.63","","Concealed solid-pier / wall drop and local termination.","Cable type / conductors / cross-section / conduit: pending electrical design"
"drop:LC1:LD:light:1:L91","LC1","DB1","LD","L91","drop","1.63","","Concealed solid-pier / wall drop and local termination.","Cable type / conductors / cross-section / conduit: pending electrical design"
"drop:LC1:LD:light:1:L93","LC1","DB1","LD","L93","drop","1.63","","Concealed solid-pier / wall drop and local termination.","Cable type / conductors / cross-section / conduit: pending electrical design"
"drop:LC1:LD:light:1:L95","LC1","DB1","LD","L95","drop","1.63","","Concealed solid-pier / wall drop and local termination.","Cable type / conductors / cross-section / conduit: pending electrical design"
"drop:LC1:LD:light:1:L97","LC1","DB1","LD","L97","drop","7.81","","Back-wall band to service space behind chamber lining; local termination behind the fitting / cornice. Removable lining and cable-entry detail pending.","Cable type / conductors / cross-section / conduit: pending electrical design"
"trunk:LC1:L3:light:-1","LC1","DB1","L3","L98 / L100 / L101 / L104 / L106 / L107 / L108 / L109 / L114 / L115 / L116 / L151 / L152","trunk","35.32","","Wall bands above openings; concealed finish-matched soffit crossing over the 9–10 wing opening.","Cable type / conductors / cross-section / conduit: pending electrical design"
"drop:LC1:L3:light:-1:L98","LC1","DB1","L3","L98","drop","9.91","","Above lining / beam tops, short covered joint and rear-face return to fitting. Roof access, rafter/tie interface and removable cover details pending; no timber drilling / notching.","Cable type / conductors / cross-section / conduit: pending electrical design"
"drop:LC1:L3:light:-1:L100","LC1","DB1","L3","L100","drop","9.19","","Above beam and covered rear-face return to lamp-body cable entry. Existing canopy/capital contact remains on mounting coordination hold; optical position unchanged.","Cable type / conductors / cross-section / conduit: pending electrical design"
"drop:LC1:L3:light:-1:L101","LC1","DB1","L3","L101","drop","9.41","","Above lining / beam tops, short covered joint and rear-face return to fitting. Roof access, rafter/tie interface and removable cover details pending; no timber drilling / notching.","Cable type / conductors / cross-section / conduit: pending electrical design"
"drop:LC1:L3:light:-1:L104","LC1","DB1","L3","L104","drop","10.71","","Above lining / beam tops, short covered joint and rear-face return to fitting. Roof access, rafter/tie interface and removable cover details pending; no timber drilling / notching.","Cable type / conductors / cross-section / conduit: pending electrical design"
"drop:LC1:L3:light:-1:L106","LC1","DB1","L3","L106","drop","9.55","","Back-wall band to service space behind chamber lining; local termination behind the fitting / cornice. Removable lining and cable-entry detail pending.","Cable type / conductors / cross-section / conduit: pending electrical design"
"drop:LC1:L3:light:-1:L107","LC1","DB1","L3","L107","drop","8.65","","Back-wall band to service space behind chamber lining; local termination behind the fitting / cornice. Removable lining and cable-entry detail pending.","Cable type / conductors / cross-section / conduit: pending electrical design"
"drop:LC1:L3:light:-1:L108","LC1","DB1","L3","L108","drop","8.39","","Back-wall band to service space behind chamber lining; local termination behind the fitting / cornice. Removable lining and cable-entry detail pending.","Cable type / conductors / cross-section / conduit: pending electrical design"
"drop:LC1:L3:light:-1:L109","LC1","DB1","L3","L109","drop","10.07","","Back-wall band to service space behind chamber lining; local termination behind the fitting / cornice. Removable lining and cable-entry detail pending.","Cable type / conductors / cross-section / conduit: pending electrical design"
"drop:LC1:L3:light:-1:L114","LC1","DB1","L3","L114","drop","8.89","","Back-wall band to service space behind chamber lining; local termination behind the fitting / cornice. Removable lining and cable-entry detail pending.","Cable type / conductors / cross-section / conduit: pending electrical design"
"drop:LC1:L3:light:-1:L115","LC1","DB1","L3","L115","drop","4.07","","Above lining / beam tops, short covered joint and rear-face return to fitting. Roof access, rafter/tie interface and removable cover details pending; no timber drilling / notching.","Cable type / conductors / cross-section / conduit: pending electrical design"
"drop:LC1:L3:light:-1:L116","LC1","DB1","L3","L116","drop","4.42","","Above lining / beam tops, short covered joint and rear-face return to fitting. Roof access, rafter/tie interface and removable cover details pending; no timber drilling / notching.","Cable type / conductors / cross-section / conduit: pending electrical design"
"drop:LC1:L3:light:-1:L151","LC1","DB1","L3","L151","drop","6.93","","Rear-wall band and local termination; gable / weatherproof entry details pending.","Cable type / conductors / cross-section / conduit: pending electrical design"
"drop:LC1:L3:light:-1:L152","LC1","DB1","L3","L152","drop","4.93","","Rear-wall band and local termination; gable / weatherproof entry details pending.","Cable type / conductors / cross-section / conduit: pending electrical design"
"trunk:LC1:L3:light:1","LC1","DB1","L3","L99 / L102 / L103 / L105 / L110 / L111 / L112 / L113 / L117 / L118 / L153 / L154","trunk","41.92","","Wall bands above openings; concealed finish-matched soffit crossing over the 9–10 wing opening.","Cable type / conductors / cross-section / conduit: pending electrical design"
"drop:LC1:L3:light:1:L99","LC1","DB1","L3","L99","drop","9.91","","Above lining / beam tops, short covered joint and rear-face return to fitting. Roof access, rafter/tie interface and removable cover details pending; no timber drilling / notching.","Cable type / conductors / cross-section / conduit: pending electrical design"
"drop:LC1:L3:light:1:L102","LC1","DB1","L3","L102","drop","9.41","","Above lining / beam tops, short covered joint and rear-face return to fitting. Roof access, rafter/tie interface and removable cover details pending; no timber drilling / notching.","Cable type / conductors / cross-section / conduit: pending electrical design"
"drop:LC1:L3:light:1:L103","LC1","DB1","L3","L103","drop","8.31","","Above lining / beam tops, short covered joint and rear-face return to fitting. Roof access, rafter/tie interface and removable cover details pending; no timber drilling / notching.","Cable type / conductors / cross-section / conduit: pending electrical design"
"drop:LC1:L3:light:1:L105","LC1","DB1","L3","L105","drop","10.71","","Above lining / beam tops, short covered joint and rear-face return to fitting. Roof access, rafter/tie interface and removable cover details pending; no timber drilling / notching.","Cable type / conductors / cross-section / conduit: pending electrical design"
"drop:LC1:L3:light:1:L110","LC1","DB1","L3","L110","drop","9.55","","Back-wall band to service space behind chamber lining; local termination behind the fitting / cornice. Removable lining and cable-entry detail pending.","Cable type / conductors / cross-section / conduit: pending electrical design"
"drop:LC1:L3:light:1:L111","LC1","DB1","L3","L111","drop","8.65","","Back-wall band to service space behind chamber lining; local termination behind the fitting / cornice. Removable lining and cable-entry detail pending.","Cable type / conductors / cross-section / conduit: pending electrical design"
"drop:LC1:L3:light:1:L112","LC1","DB1","L3","L112","drop","8.39","","Back-wall band to service space behind chamber lining; local termination behind the fitting / cornice. Removable lining and cable-entry detail pending.","Cable type / conductors / cross-section / conduit: pending electrical design"
"drop:LC1:L3:light:1:L113","LC1","DB1","L3","L113","drop","10.07","","Back-wall band to service space behind chamber lining; local termination behind the fitting / cornice. Removable lining and cable-entry detail pending.","Cable type / conductors / cross-section / conduit: pending electrical design"
"drop:LC1:L3:light:1:L117","LC1","DB1","L3","L117","drop","4.07","","Above lining / beam tops, short covered joint and rear-face return to fitting. Roof access, rafter/tie interface and removable cover details pending; no timber drilling / notching.","Cable type / conductors / cross-section / conduit: pending electrical design"
"drop:LC1:L3:light:1:L118","LC1","DB1","L3","L118","drop","4.42","","Above lining / beam tops, short covered joint and rear-face return to fitting. Roof access, rafter/tie interface and removable cover details pending; no timber drilling / notching.","Cable type / conductors / cross-section / conduit: pending electrical design"
"drop:LC1:L3:light:1:L153","LC1","DB1","L3","L153","drop","6.93","","Rear-wall band and local termination; gable / weatherproof entry details pending.","Cable type / conductors / cross-section / conduit: pending electrical design"
"drop:LC1:L3:light:1:L154","LC1","DB1","L3","L154","drop","4.93","","Rear-wall band and local termination; gable / weatherproof entry details pending.","Cable type / conductors / cross-section / conduit: pending electrical design"
"trunk:LC1:L4:light:-1","LC1","DB1","L4","L119 / L120 / L121 / L122 / L123 / L124 / L125 / L126 / L127","trunk","62.31","","Wall bands above openings; concealed finish-matched soffit crossing over the 9–10 wing opening.","Cable type / conductors / cross-section / conduit: pending electrical design"
"drop:LC1:L4:light:-1:L119","LC1","DB1","L4","L119","drop","4.76","","Above nave lining / covered soffit route at wings and verandas; cable continues inside the existing pendant stem. Roof build-up, supports and access pending.","Cable type / conductors / cross-section / conduit: pending electrical design"
"drop:LC1:L4:light:-1:L120","LC1","DB1","L4","L120","drop","4.76","","Above nave lining / covered soffit route at wings and verandas; cable continues inside the existing pendant stem. Roof build-up, supports and access pending.","Cable type / conductors / cross-section / conduit: pending electrical design"
"drop:LC1:L4:light:-1:L121","LC1","DB1","L4","L121","drop","4.76","","Above nave lining / covered soffit route at wings and verandas; cable continues inside the existing pendant stem. Roof build-up, supports and access pending.","Cable type / conductors / cross-section / conduit: pending electrical design"
"drop:LC1:L4:light:-1:L122","LC1","DB1","L4","L122","drop","4.76","","Above nave lining / covered soffit route at wings and verandas; cable continues inside the existing pendant stem. Roof build-up, supports and access pending.","Cable type / conductors / cross-section / conduit: pending electrical design"
"drop:LC1:L4:light:-1:L123","LC1","DB1","L4","L123","drop","4.76","","Above nave lining / covered soffit route at wings and verandas; cable continues inside the existing pendant stem. Roof build-up, supports and access pending.","Cable type / conductors / cross-section / conduit: pending electrical design"
"drop:LC1:L4:light:-1:L124","LC1","DB1","L4","L124","drop","4.76","","Above nave lining / covered soffit route at wings and verandas; cable continues inside the existing pendant stem. Roof build-up, supports and access pending.","Cable type / conductors / cross-section / conduit: pending electrical design"
"drop:LC1:L4:light:-1:L125","LC1","DB1","L4","L125","drop","4.76","","Above nave lining / covered soffit route at wings and verandas; cable continues inside the existing pendant stem. Roof build-up, supports and access pending.","Cable type / conductors / cross-section / conduit: pending electrical design"
"drop:LC1:L4:light:-1:L126","LC1","DB1","L4","L126","drop","4.76","","Above nave lining / covered soffit route at wings and verandas; cable continues inside the existing pendant stem. Roof build-up, supports and access pending.","Cable type / conductors / cross-section / conduit: pending electrical design"
"drop:LC1:L4:light:-1:L127","LC1","DB1","L4","L127","drop","4.76","","Above nave lining / covered soffit route at wings and verandas; cable continues inside the existing pendant stem. Roof build-up, supports and access pending.","Cable type / conductors / cross-section / conduit: pending electrical design"
"trunk:LC1:L4:light:1","LC1","DB1","L4","L128 / L129 / L130 / L131 / L132 / L133 / L134 / L135 / L136","trunk","68.91","","Wall bands above openings; concealed finish-matched soffit crossing over the 9–10 wing opening.","Cable type / conductors / cross-section / conduit: pending electrical design"
"drop:LC1:L4:light:1:L128","LC1","DB1","L4","L128","drop","4.76","","Above nave lining / covered soffit route at wings and verandas; cable continues inside the existing pendant stem. Roof build-up, supports and access pending.","Cable type / conductors / cross-section / conduit: pending electrical design"
"drop:LC1:L4:light:1:L129","LC1","DB1","L4","L129","drop","4.76","","Above nave lining / covered soffit route at wings and verandas; cable continues inside the existing pendant stem. Roof build-up, supports and access pending.","Cable type / conductors / cross-section / conduit: pending electrical design"
"drop:LC1:L4:light:1:L130","LC1","DB1","L4","L130","drop","4.76","","Above nave lining / covered soffit route at wings and verandas; cable continues inside the existing pendant stem. Roof build-up, supports and access pending.","Cable type / conductors / cross-section / conduit: pending electrical design"
"drop:LC1:L4:light:1:L131","LC1","DB1","L4","L131","drop","4.76","","Above nave lining / covered soffit route at wings and verandas; cable continues inside the existing pendant stem. Roof build-up, supports and access pending.","Cable type / conductors / cross-section / conduit: pending electrical design"
"drop:LC1:L4:light:1:L132","LC1","DB1","L4","L132","drop","4.76","","Above nave lining / covered soffit route at wings and verandas; cable continues inside the existing pendant stem. Roof build-up, supports and access pending.","Cable type / conductors / cross-section / conduit: pending electrical design"
"drop:LC1:L4:light:1:L133","LC1","DB1","L4","L133","drop","4.76","","Above nave lining / covered soffit route at wings and verandas; cable continues inside the existing pendant stem. Roof build-up, supports and access pending.","Cable type / conductors / cross-section / conduit: pending electrical design"
"drop:LC1:L4:light:1:L134","LC1","DB1","L4","L134","drop","4.76","","Above nave lining / covered soffit route at wings and verandas; cable continues inside the existing pendant stem. Roof build-up, supports and access pending.","Cable type / conductors / cross-section / conduit: pending electrical design"
"drop:LC1:L4:light:1:L135","LC1","DB1","L4","L135","drop","4.76","","Above nave lining / covered soffit route at wings and verandas; cable continues inside the existing pendant stem. Roof build-up, supports and access pending.","Cable type / conductors / cross-section / conduit: pending electrical design"
"drop:LC1:L4:light:1:L136","LC1","DB1","L4","L136","drop","4.76","","Above nave lining / covered soffit route at wings and verandas; cable continues inside the existing pendant stem. Roof build-up, supports and access pending.","Cable type / conductors / cross-section / conduit: pending electrical design"
"trunk:DB2:L9:light:-1","DB2","DB2","L9","L137 / L182 / L183","trunk","12.27","","Wall bands above openings; concealed finish-matched soffit crossing over the 9–10 wing opening.","Cable type / conductors / cross-section / conduit: pending electrical design"
"drop:DB2:L9:light:-1:L137","DB2","DB2","L9","L137","drop","11.44","","Concealed entrance wall band, solid pier and local termination.","Cable type / conductors / cross-section / conduit: pending electrical design"
"drop:DB2:L9:light:-1:L182","DB2","DB2","L9","L182","drop","10.55","","Solid tower corner/piers, stepped behind cornices; local ledge/fitting connection. No riser through louver openings; chase/finish and weathering details pending.","Cable type / conductors / cross-section / conduit: pending electrical design"
"drop:DB2:L9:light:-1:L183","DB2","DB2","L9","L183","drop","6.13","","Solid tower corner/piers, stepped behind cornices; local ledge/fitting connection. No riser through louver openings; chase/finish and weathering details pending.","Cable type / conductors / cross-section / conduit: pending electrical design"
"trunk:DB2:L9:light:1","DB2","DB2","L9","L138 / L189 / L190","trunk","18.87","","Wall bands above openings; concealed finish-matched soffit crossing over the 9–10 wing opening.","Cable type / conductors / cross-section / conduit: pending electrical design"
"drop:DB2:L9:light:1:L138","DB2","DB2","L9","L138","drop","11.44","","Concealed entrance wall band, solid pier and local termination.","Cable type / conductors / cross-section / conduit: pending electrical design"
"drop:DB2:L9:light:1:L189","DB2","DB2","L9","L189","drop","6.13","","Solid tower corner/piers, stepped behind cornices; local ledge/fitting connection. No riser through louver openings; chase/finish and weathering details pending.","Cable type / conductors / cross-section / conduit: pending electrical design"
"drop:DB2:L9:light:1:L190","DB2","DB2","L9","L190","drop","10.55","","Solid tower corner/piers, stepped behind cornices; local ledge/fitting connection. No riser through louver openings; chase/finish and weathering details pending.","Cable type / conductors / cross-section / conduit: pending electrical design"
"trunk:LC1:L5:light:-1","LC1","DB1","L5","L139 / L140 / L141 / L142 / L143 / L144 / L184 / L185 / L186 / L187 / L188","trunk","57.79","","Wall bands above openings; concealed finish-matched soffit crossing over the 9–10 wing opening.","Cable type / conductors / cross-section / conduit: pending electrical design"
"drop:LC1:L5:light:-1:L139","LC1","DB1","L5","L139","drop","8.08","","Covered roof-soffit crossing into outer arcade / wing-gable wall, then concealed pier drop. No exposed crossing at equipment height.","Cable type / conductors / cross-section / conduit: pending electrical design"
"drop:LC1:L5:light:-1:L140","LC1","DB1","L5","L140","drop","8.08","","Covered roof-soffit crossing into outer arcade / wing-gable wall, then concealed pier drop. No exposed crossing at equipment height.","Cable type / conductors / cross-section / conduit: pending electrical design"
"drop:LC1:L5:light:-1:L141","LC1","DB1","L5","L141","drop","8.08","","Covered roof-soffit crossing into outer arcade / wing-gable wall, then concealed pier drop. No exposed crossing at equipment height.","Cable type / conductors / cross-section / conduit: pending electrical design"
"drop:LC1:L5:light:-1:L142","LC1","DB1","L5","L142","drop","8.08","","Covered roof-soffit crossing into outer arcade / wing-gable wall, then concealed pier drop. No exposed crossing at equipment height.","Cable type / conductors / cross-section / conduit: pending electrical design"
"drop:LC1:L5:light:-1:L143","LC1","DB1","L5","L143","drop","8.08","","Covered roof-soffit crossing into outer arcade / wing-gable wall, then concealed pier drop. No exposed crossing at equipment height.","Cable type / conductors / cross-section / conduit: pending electrical design"
"drop:LC1:L5:light:-1:L144","LC1","DB1","L5","L144","drop","8.08","","Covered roof-soffit crossing into outer arcade / wing-gable wall, then concealed pier drop. No exposed crossing at equipment height.","Cable type / conductors / cross-section / conduit: pending electrical design"
"drop:LC1:L5:light:-1:L184","LC1","DB1","L5","L184","drop","4.98","","Covered roof-soffit crossing into outer arcade / wing-gable wall, then concealed pier drop. No exposed crossing at equipment height.","Cable type / conductors / cross-section / conduit: pending electrical design"
"drop:LC1:L5:light:-1:L185","LC1","DB1","L5","L185","drop","4.98","","Covered roof-soffit crossing into outer arcade / wing-gable wall, then concealed pier drop. No exposed crossing at equipment height.","Cable type / conductors / cross-section / conduit: pending electrical design"
"drop:LC1:L5:light:-1:L186","LC1","DB1","L5","L186","drop","4.98","","Covered roof-soffit crossing into outer arcade / wing-gable wall, then concealed pier drop. No exposed crossing at equipment height.","Cable type / conductors / cross-section / conduit: pending electrical design"
"drop:LC1:L5:light:-1:L187","LC1","DB1","L5","L187","drop","9.08","","Covered roof-soffit crossing into outer arcade / wing-gable wall, then concealed pier drop. No exposed crossing at equipment height.","Cable type / conductors / cross-section / conduit: pending electrical design"
"drop:LC1:L5:light:-1:L188","LC1","DB1","L5","L188","drop","3.79","","Rear-wall band and local termination; gable / weatherproof entry details pending.","Cable type / conductors / cross-section / conduit: pending electrical design"
"trunk:LC1:L5:light:1","LC1","DB1","L5","L145 / L146 / L147 / L148 / L149 / L150 / L191 / L192 / L193 / L194 / L195","trunk","64.39","","Wall bands above openings; concealed finish-matched soffit crossing over the 9–10 wing opening.","Cable type / conductors / cross-section / conduit: pending electrical design"
"drop:LC1:L5:light:1:L145","LC1","DB1","L5","L145","drop","8.08","","Covered roof-soffit crossing into outer arcade / wing-gable wall, then concealed pier drop. No exposed crossing at equipment height.","Cable type / conductors / cross-section / conduit: pending electrical design"
"drop:LC1:L5:light:1:L146","LC1","DB1","L5","L146","drop","8.08","","Covered roof-soffit crossing into outer arcade / wing-gable wall, then concealed pier drop. No exposed crossing at equipment height.","Cable type / conductors / cross-section / conduit: pending electrical design"
"drop:LC1:L5:light:1:L147","LC1","DB1","L5","L147","drop","8.08","","Covered roof-soffit crossing into outer arcade / wing-gable wall, then concealed pier drop. No exposed crossing at equipment height.","Cable type / conductors / cross-section / conduit: pending electrical design"
"drop:LC1:L5:light:1:L148","LC1","DB1","L5","L148","drop","8.08","","Covered roof-soffit crossing into outer arcade / wing-gable wall, then concealed pier drop. No exposed crossing at equipment height.","Cable type / conductors / cross-section / conduit: pending electrical design"
"drop:LC1:L5:light:1:L149","LC1","DB1","L5","L149","drop","8.08","","Covered roof-soffit crossing into outer arcade / wing-gable wall, then concealed pier drop. No exposed crossing at equipment height.","Cable type / conductors / cross-section / conduit: pending electrical design"
"drop:LC1:L5:light:1:L150","LC1","DB1","L5","L150","drop","8.08","","Covered roof-soffit crossing into outer arcade / wing-gable wall, then concealed pier drop. No exposed crossing at equipment height.","Cable type / conductors / cross-section / conduit: pending electrical design"
"drop:LC1:L5:light:1:L191","LC1","DB1","L5","L191","drop","4.98","","Covered roof-soffit crossing into outer arcade / wing-gable wall, then concealed pier drop. No exposed crossing at equipment height.","Cable type / conductors / cross-section / conduit: pending electrical design"
"drop:LC1:L5:light:1:L192","LC1","DB1","L5","L192","drop","4.98","","Covered roof-soffit crossing into outer arcade / wing-gable wall, then concealed pier drop. No exposed crossing at equipment height.","Cable type / conductors / cross-section / conduit: pending electrical design"
"drop:LC1:L5:light:1:L193","LC1","DB1","L5","L193","drop","4.98","","Covered roof-soffit crossing into outer arcade / wing-gable wall, then concealed pier drop. No exposed crossing at equipment height.","Cable type / conductors / cross-section / conduit: pending electrical design"
"drop:LC1:L5:light:1:L194","LC1","DB1","L5","L194","drop","9.08","","Covered roof-soffit crossing into outer arcade / wing-gable wall, then concealed pier drop. No exposed crossing at equipment height.","Cable type / conductors / cross-section / conduit: pending electrical design"
"drop:LC1:L5:light:1:L195","LC1","DB1","L5","L195","drop","3.79","","Rear-wall band and local termination; gable / weatherproof entry details pending.","Cable type / conductors / cross-section / conduit: pending electrical design"
"trunk:LC1:E1:light:-1","LC1","DB1","E1","L155 / L156 / L158","trunk","69.58","","Wall bands above openings; concealed finish-matched soffit crossing over the 9–10 wing opening.","Cable type / conductors / cross-section / conduit: pending electrical design"
"drop:LC1:E1:light:-1:L155","LC1","DB1","E1","L155","drop","10.05","","Concealed entrance wall band, solid pier and local termination.","Cable type / conductors / cross-section / conduit: pending electrical design"
"drop:LC1:E1:light:-1:L156","LC1","DB1","E1","L156","drop","1.50","","Concealed solid-pier / wall drop and local termination.","Cable type / conductors / cross-section / conduit: pending electrical design"
"drop:LC1:E1:light:-1:L158","LC1","DB1","E1","L158","drop","1.50","","Concealed solid-pier / wall drop and local termination.","Cable type / conductors / cross-section / conduit: pending electrical design"
"trunk:LC1:E1:light:1","LC1","DB1","E1","L157 / L159","trunk","62.10","","Wall bands above openings; concealed finish-matched soffit crossing over the 9–10 wing opening.","Cable type / conductors / cross-section / conduit: pending electrical design"
"drop:LC1:E1:light:1:L157","LC1","DB1","E1","L157","drop","1.50","","Concealed solid-pier / wall drop and local termination.","Cable type / conductors / cross-section / conduit: pending electrical design"
"drop:LC1:E1:light:1:L159","LC1","DB1","E1","L159","drop","1.50","","Concealed solid-pier / wall drop and local termination.","Cable type / conductors / cross-section / conduit: pending electrical design"
"trunk:DB2:L6:light:-1","DB2","DB2","L6","L160 / L161 / L162 / L163 / L164 / L165 / L166 / L167 / L168 / L169 / L170 / L222 / L223","trunk","12.98","","Wall bands above openings; concealed finish-matched soffit crossing over the 9–10 wing opening.","Cable type / conductors / cross-section / conduit: pending electrical design"
"drop:DB2:L6:light:-1:L160","DB2","DB2","L6","L160","drop","11.60","","Solid tower corner/piers, stepped behind cornices; local ledge/fitting connection. No riser through louver openings; chase/finish and weathering details pending.","Cable type / conductors / cross-section / conduit: pending electrical design"
"drop:DB2:L6:light:-1:L161","DB2","DB2","L6","L161","drop","12.30","","Solid tower corner/piers, stepped behind cornices; local ledge/fitting connection. No riser through louver openings; chase/finish and weathering details pending.","Cable type / conductors / cross-section / conduit: pending electrical design"
"drop:DB2:L6:light:-1:L162","DB2","DB2","L6","L162","drop","19.89","","Solid tower corner/piers, stepped behind cornices; local ledge/fitting connection. No riser through louver openings; chase/finish and weathering details pending.","Cable type / conductors / cross-section / conduit: pending electrical design"
"drop:DB2:L6:light:-1:L163","DB2","DB2","L6","L163","drop","27.68","","Solid tower corner/piers, stepped behind cornices; local ledge/fitting connection. No riser through louver openings; chase/finish and weathering details pending.","Cable type / conductors / cross-section / conduit: pending electrical design"
"drop:DB2:L6:light:-1:L164","DB2","DB2","L6","L164","drop","33.46","","Tower pier to proposed service space behind removable cornice finish, then local fitting lead. Cornice cavity, access, weathering and cable-entry details remain unresolved.","Cable type / conductors / cross-section / conduit: pending electrical design"
"drop:DB2:L6:light:-1:L165","DB2","DB2","L6","L165","drop","29.39","","Tower pier to proposed service space behind removable cornice finish, then local fitting lead. Cornice cavity, access, weathering and cable-entry details remain unresolved.","Cable type / conductors / cross-section / conduit: pending electrical design"
"drop:DB2:L6:light:-1:L166","DB2","DB2","L6","L166","drop","13.60","","Solid tower corner/piers, stepped behind cornices; local ledge/fitting connection. No riser through louver openings; chase/finish and weathering details pending.","Cable type / conductors / cross-section / conduit: pending electrical design"
"drop:DB2:L6:light:-1:L167","DB2","DB2","L6","L167","drop","12.87","","Solid tower corner/piers, stepped behind cornices; local ledge/fitting connection. No riser through louver openings; chase/finish and weathering details pending.","Cable type / conductors / cross-section / conduit: pending electrical design"
"drop:DB2:L6:light:-1:L168","DB2","DB2","L6","L168","drop","20.42","","Solid tower corner/piers, stepped behind cornices; local ledge/fitting connection. No riser through louver openings; chase/finish and weathering details pending.","Cable type / conductors / cross-section / conduit: pending electrical design"
"drop:DB2:L6:light:-1:L169","DB2","DB2","L6","L169","drop","28.19","","Solid tower corner/piers, stepped behind cornices; local ledge/fitting connection. No riser through louver openings; chase/finish and weathering details pending.","Cable type / conductors / cross-section / conduit: pending electrical design"
"drop:DB2:L6:light:-1:L170","DB2","DB2","L6","L170","drop","5.92","","Solid tower corner/piers, stepped behind cornices; local ledge/fitting connection. No riser through louver openings; chase/finish and weathering details pending.","Cable type / conductors / cross-section / conduit: pending electrical design"
"drop:DB2:L6:light:-1:L222","DB2","DB2","L6","L222","drop","6.07","","Solid tower corner/piers, stepped behind cornices; local ledge/fitting connection. No riser through louver openings; chase/finish and weathering details pending.","Cable type / conductors / cross-section / conduit: pending electrical design"
"drop:DB2:L6:light:-1:L223","DB2","DB2","L6","L223","drop","13.76","","Solid tower corner/piers, stepped behind cornices; local ledge/fitting connection. No riser through louver openings; chase/finish and weathering details pending.","Cable type / conductors / cross-section / conduit: pending electrical design"
"trunk:DB2:L6:light:1","DB2","DB2","L6","L171 / L172 / L173 / L174 / L175 / L176 / L177 / L178 / L179 / L180 / L181 / L224 / L225","trunk","19.58","","Wall bands above openings; concealed finish-matched soffit crossing over the 9–10 wing opening.","Cable type / conductors / cross-section / conduit: pending electrical design"
"drop:DB2:L6:light:1:L171","DB2","DB2","L6","L171","drop","11.60","","Solid tower corner/piers, stepped behind cornices; local ledge/fitting connection. No riser through louver openings; chase/finish and weathering details pending.","Cable type / conductors / cross-section / conduit: pending electrical design"
"drop:DB2:L6:light:1:L172","DB2","DB2","L6","L172","drop","12.30","","Solid tower corner/piers, stepped behind cornices; local ledge/fitting connection. No riser through louver openings; chase/finish and weathering details pending.","Cable type / conductors / cross-section / conduit: pending electrical design"
"drop:DB2:L6:light:1:L173","DB2","DB2","L6","L173","drop","19.89","","Solid tower corner/piers, stepped behind cornices; local ledge/fitting connection. No riser through louver openings; chase/finish and weathering details pending.","Cable type / conductors / cross-section / conduit: pending electrical design"
"drop:DB2:L6:light:1:L174","DB2","DB2","L6","L174","drop","27.68","","Solid tower corner/piers, stepped behind cornices; local ledge/fitting connection. No riser through louver openings; chase/finish and weathering details pending.","Cable type / conductors / cross-section / conduit: pending electrical design"
"drop:DB2:L6:light:1:L175","DB2","DB2","L6","L175","drop","33.46","","Tower pier to proposed service space behind removable cornice finish, then local fitting lead. Cornice cavity, access, weathering and cable-entry details remain unresolved.","Cable type / conductors / cross-section / conduit: pending electrical design"
"drop:DB2:L6:light:1:L176","DB2","DB2","L6","L176","drop","29.39","","Tower pier to proposed service space behind removable cornice finish, then local fitting lead. Cornice cavity, access, weathering and cable-entry details remain unresolved.","Cable type / conductors / cross-section / conduit: pending electrical design"
"drop:DB2:L6:light:1:L177","DB2","DB2","L6","L177","drop","13.60","","Solid tower corner/piers, stepped behind cornices; local ledge/fitting connection. No riser through louver openings; chase/finish and weathering details pending.","Cable type / conductors / cross-section / conduit: pending electrical design"
"drop:DB2:L6:light:1:L178","DB2","DB2","L6","L178","drop","12.87","","Solid tower corner/piers, stepped behind cornices; local ledge/fitting connection. No riser through louver openings; chase/finish and weathering details pending.","Cable type / conductors / cross-section / conduit: pending electrical design"
"drop:DB2:L6:light:1:L179","DB2","DB2","L6","L179","drop","20.42","","Solid tower corner/piers, stepped behind cornices; local ledge/fitting connection. No riser through louver openings; chase/finish and weathering details pending.","Cable type / conductors / cross-section / conduit: pending electrical design"
"drop:DB2:L6:light:1:L180","DB2","DB2","L6","L180","drop","28.19","","Solid tower corner/piers, stepped behind cornices; local ledge/fitting connection. No riser through louver openings; chase/finish and weathering details pending.","Cable type / conductors / cross-section / conduit: pending electrical design"
"drop:DB2:L6:light:1:L181","DB2","DB2","L6","L181","drop","5.92","","Solid tower corner/piers, stepped behind cornices; local ledge/fitting connection. No riser through louver openings; chase/finish and weathering details pending.","Cable type / conductors / cross-section / conduit: pending electrical design"
"drop:DB2:L6:light:1:L224","DB2","DB2","L6","L224","drop","6.07","","Solid tower corner/piers, stepped behind cornices; local ledge/fitting connection. No riser through louver openings; chase/finish and weathering details pending.","Cable type / conductors / cross-section / conduit: pending electrical design"
"drop:DB2:L6:light:1:L225","DB2","DB2","L6","L225","drop","13.76","","Solid tower corner/piers, stepped behind cornices; local ledge/fitting connection. No riser through louver openings; chase/finish and weathering details pending.","Cable type / conductors / cross-section / conduit: pending electrical design"
"trunk:DB2:L7:light:-1","DB2","DB2","L7","L196 / L197 / L198 / L199 / L200 / L201 / L202 / L203 / L204 / L205 / L206 / L207 / L219 / L220","trunk","66.76","","Wall bands above openings; concealed finish-matched soffit crossing over the 9–10 wing opening.","Cable type / conductors / cross-section / conduit: pending electrical design"
"drop:DB2:L7:light:-1:L196","DB2","DB2","L7","L196","drop","10.46","","Concealed roof route to local roof-mounted fitting; weatherproof cable entry pending.","Cable type / conductors / cross-section / conduit: pending electrical design"
"drop:DB2:L7:light:-1:L197","DB2","DB2","L7","L197","drop","1.37","","Concealed roof route to local roof-mounted fitting; weatherproof cable entry pending.","Cable type / conductors / cross-section / conduit: pending electrical design"
"drop:DB2:L7:light:-1:L198","DB2","DB2","L7","L198","drop","1.37","","Concealed roof route to local roof-mounted fitting; weatherproof cable entry pending.","Cable type / conductors / cross-section / conduit: pending electrical design"
"drop:DB2:L7:light:-1:L199","DB2","DB2","L7","L199","drop","4.67","","Concealed roof route to local roof-mounted fitting; weatherproof cable entry pending.","Cable type / conductors / cross-section / conduit: pending electrical design"
"drop:DB2:L7:light:-1:L200","DB2","DB2","L7","L200","drop","4.67","","Concealed roof route to local roof-mounted fitting; weatherproof cable entry pending.","Cable type / conductors / cross-section / conduit: pending electrical design"
"drop:DB2:L7:light:-1:L201","DB2","DB2","L7","L201","drop","8.16","","Rear-wall band and local termination; gable / weatherproof entry details pending.","Cable type / conductors / cross-section / conduit: pending electrical design"
"drop:DB2:L7:light:-1:L202","DB2","DB2","L7","L202","drop","8.58","","Solid tower corner/piers, stepped behind cornices; local ledge/fitting connection. No riser through louver openings; chase/finish and weathering details pending.","Cable type / conductors / cross-section / conduit: pending electrical design"
"drop:DB2:L7:light:-1:L203","DB2","DB2","L7","L203","drop","13.00","","Solid tower corner/piers, stepped behind cornices; local ledge/fitting connection. No riser through louver openings; chase/finish and weathering details pending.","Cable type / conductors / cross-section / conduit: pending electrical design"
"drop:DB2:L7:light:-1:L204","DB2","DB2","L7","L204","drop","9.80","","Solid tower corner/piers, stepped behind cornices; local ledge/fitting connection. No riser through louver openings; chase/finish and weathering details pending.","Cable type / conductors / cross-section / conduit: pending electrical design"
"drop:DB2:L7:light:-1:L205","DB2","DB2","L7","L205","drop","14.22","","Solid tower corner/piers, stepped behind cornices; local ledge/fitting connection. No riser through louver openings; chase/finish and weathering details pending.","Cable type / conductors / cross-section / conduit: pending electrical design"
"drop:DB2:L7:light:-1:L206","DB2","DB2","L7","L206","drop","17.38","","Solid tower corner/piers, stepped behind cornices; local ledge/fitting connection. No riser through louver openings; chase/finish and weathering details pending.","Cable type / conductors / cross-section / conduit: pending electrical design"
"drop:DB2:L7:light:-1:L207","DB2","DB2","L7","L207","drop","21.80","","Solid tower corner/piers, stepped behind cornices; local ledge/fitting connection. No riser through louver openings; chase/finish and weathering details pending.","Cable type / conductors / cross-section / conduit: pending electrical design"
"drop:DB2:L7:light:-1:L219","DB2","DB2","L7","L219","drop","10.08","","Concealed entrance wall band, solid pier and local termination.","Cable type / conductors / cross-section / conduit: pending electrical design"
"drop:DB2:L7:light:-1:L220","DB2","DB2","L7","L220","drop","3.75","","Concealed roof route to local roof-mounted fitting; weatherproof cable entry pending.","Cable type / conductors / cross-section / conduit: pending electrical design"
"trunk:DB2:L7:light:1","DB2","DB2","L7","L208 / L209 / L210 / L211 / L212 / L213 / L214 / L215 / L216 / L217 / L218 / L221","trunk","73.36","","Wall bands above openings; concealed finish-matched soffit crossing over the 9–10 wing opening.","Cable type / conductors / cross-section / conduit: pending electrical design"
"drop:DB2:L7:light:1:L208","DB2","DB2","L7","L208","drop","1.37","","Concealed roof route to local roof-mounted fitting; weatherproof cable entry pending.","Cable type / conductors / cross-section / conduit: pending electrical design"
"drop:DB2:L7:light:1:L209","DB2","DB2","L7","L209","drop","1.37","","Concealed roof route to local roof-mounted fitting; weatherproof cable entry pending.","Cable type / conductors / cross-section / conduit: pending electrical design"
"drop:DB2:L7:light:1:L210","DB2","DB2","L7","L210","drop","4.67","","Concealed roof route to local roof-mounted fitting; weatherproof cable entry pending.","Cable type / conductors / cross-section / conduit: pending electrical design"
"drop:DB2:L7:light:1:L211","DB2","DB2","L7","L211","drop","4.67","","Concealed roof route to local roof-mounted fitting; weatherproof cable entry pending.","Cable type / conductors / cross-section / conduit: pending electrical design"
"drop:DB2:L7:light:1:L212","DB2","DB2","L7","L212","drop","8.16","","Rear-wall band and local termination; gable / weatherproof entry details pending.","Cable type / conductors / cross-section / conduit: pending electrical design"
"drop:DB2:L7:light:1:L213","DB2","DB2","L7","L213","drop","8.58","","Solid tower corner/piers, stepped behind cornices; local ledge/fitting connection. No riser through louver openings; chase/finish and weathering details pending.","Cable type / conductors / cross-section / conduit: pending electrical design"
"drop:DB2:L7:light:1:L214","DB2","DB2","L7","L214","drop","13.00","","Solid tower corner/piers, stepped behind cornices; local ledge/fitting connection. No riser through louver openings; chase/finish and weathering details pending.","Cable type / conductors / cross-section / conduit: pending electrical design"
"drop:DB2:L7:light:1:L215","DB2","DB2","L7","L215","drop","9.80","","Solid tower corner/piers, stepped behind cornices; local ledge/fitting connection. No riser through louver openings; chase/finish and weathering details pending.","Cable type / conductors / cross-section / conduit: pending electrical design"
"drop:DB2:L7:light:1:L216","DB2","DB2","L7","L216","drop","14.22","","Solid tower corner/piers, stepped behind cornices; local ledge/fitting connection. No riser through louver openings; chase/finish and weathering details pending.","Cable type / conductors / cross-section / conduit: pending electrical design"
"drop:DB2:L7:light:1:L217","DB2","DB2","L7","L217","drop","17.38","","Solid tower corner/piers, stepped behind cornices; local ledge/fitting connection. No riser through louver openings; chase/finish and weathering details pending.","Cable type / conductors / cross-section / conduit: pending electrical design"
"drop:DB2:L7:light:1:L218","DB2","DB2","L7","L218","drop","21.80","","Solid tower corner/piers, stepped behind cornices; local ledge/fitting connection. No riser through louver openings; chase/finish and weathering details pending.","Cable type / conductors / cross-section / conduit: pending electrical design"
"drop:DB2:L7:light:1:L221","DB2","DB2","L7","L221","drop","3.75","","Concealed roof route to local roof-mounted fitting; weatherproof cable entry pending.","Cable type / conductors / cross-section / conduit: pending electrical design"
"trunk:FC1:F1:fan:-1","FC1","DB1","F1","F226 / F228 / F230 / F232 / F234 / F236 / F238","trunk","64.03","","Wall bands above openings; concealed finish-matched soffit crossing over the 9–10 wing opening.","Cable type / conductors / cross-section / conduit: pending electrical design"
"drop:FC1:F1:fan:-1:F226","FC1","DB1","F1","F226","drop","11.29","","Above nave lining / covered soffit route at wings and verandas; cable continues inside the existing pendant stem. Roof build-up, supports and access pending.","Cable type / conductors / cross-section / conduit: pending electrical design"
"drop:FC1:F1:fan:-1:F228","FC1","DB1","F1","F228","drop","11.29","","Above nave lining / covered soffit route at wings and verandas; cable continues inside the existing pendant stem. Roof build-up, supports and access pending.","Cable type / conductors / cross-section / conduit: pending electrical design"
"drop:FC1:F1:fan:-1:F230","FC1","DB1","F1","F230","drop","11.28","","Above nave lining / covered soffit route at wings and verandas; cable continues inside the existing pendant stem. Roof build-up, supports and access pending.","Cable type / conductors / cross-section / conduit: pending electrical design"
"drop:FC1:F1:fan:-1:F232","FC1","DB1","F1","F232","drop","11.29","","Above nave lining / covered soffit route at wings and verandas; cable continues inside the existing pendant stem. Roof build-up, supports and access pending.","Cable type / conductors / cross-section / conduit: pending electrical design"
"drop:FC1:F1:fan:-1:F234","FC1","DB1","F1","F234","drop","11.29","","Above nave lining / covered soffit route at wings and verandas; cable continues inside the existing pendant stem. Roof build-up, supports and access pending.","Cable type / conductors / cross-section / conduit: pending electrical design"
"drop:FC1:F1:fan:-1:F236","FC1","DB1","F1","F236","drop","11.29","","Above nave lining / covered soffit route at wings and verandas; cable continues inside the existing pendant stem. Roof build-up, supports and access pending.","Cable type / conductors / cross-section / conduit: pending electrical design"
"drop:FC1:F1:fan:-1:F238","FC1","DB1","F1","F238","drop","11.28","","Above nave lining / covered soffit route at wings and verandas; cable continues inside the existing pendant stem. Roof build-up, supports and access pending.","Cable type / conductors / cross-section / conduit: pending electrical design"
"trunk:FC1:F1:fan:1","FC1","DB1","F1","F227 / F229 / F231 / F233 / F235 / F237 / F239","trunk","70.63","","Wall bands above openings; concealed finish-matched soffit crossing over the 9–10 wing opening.","Cable type / conductors / cross-section / conduit: pending electrical design"
"drop:FC1:F1:fan:1:F227","FC1","DB1","F1","F227","drop","11.29","","Above nave lining / covered soffit route at wings and verandas; cable continues inside the existing pendant stem. Roof build-up, supports and access pending.","Cable type / conductors / cross-section / conduit: pending electrical design"
"drop:FC1:F1:fan:1:F229","FC1","DB1","F1","F229","drop","11.29","","Above nave lining / covered soffit route at wings and verandas; cable continues inside the existing pendant stem. Roof build-up, supports and access pending.","Cable type / conductors / cross-section / conduit: pending electrical design"
"drop:FC1:F1:fan:1:F231","FC1","DB1","F1","F231","drop","11.28","","Above nave lining / covered soffit route at wings and verandas; cable continues inside the existing pendant stem. Roof build-up, supports and access pending.","Cable type / conductors / cross-section / conduit: pending electrical design"
"drop:FC1:F1:fan:1:F233","FC1","DB1","F1","F233","drop","11.29","","Above nave lining / covered soffit route at wings and verandas; cable continues inside the existing pendant stem. Roof build-up, supports and access pending.","Cable type / conductors / cross-section / conduit: pending electrical design"
"drop:FC1:F1:fan:1:F235","FC1","DB1","F1","F235","drop","11.29","","Above nave lining / covered soffit route at wings and verandas; cable continues inside the existing pendant stem. Roof build-up, supports and access pending.","Cable type / conductors / cross-section / conduit: pending electrical design"
"drop:FC1:F1:fan:1:F237","FC1","DB1","F1","F237","drop","11.29","","Above nave lining / covered soffit route at wings and verandas; cable continues inside the existing pendant stem. Roof build-up, supports and access pending.","Cable type / conductors / cross-section / conduit: pending electrical design"
"drop:FC1:F1:fan:1:F239","FC1","DB1","F1","F239","drop","11.28","","Above nave lining / covered soffit route at wings and verandas; cable continues inside the existing pendant stem. Roof build-up, supports and access pending.","Cable type / conductors / cross-section / conduit: pending electrical design"
"trunk:FC1:F5:fan:-1","FC1","DB1","F5","F240 / F241","trunk","33.83","","Wall bands above openings; concealed finish-matched soffit crossing over the 9–10 wing opening.","Cable type / conductors / cross-section / conduit: pending electrical design"
"drop:FC1:F5:fan:-1:F240","FC1","DB1","F5","F240","drop","9.26","","Covered roof-soffit crossing into outer arcade / wing-gable wall, then concealed pier drop. No exposed crossing at equipment height.","Cable type / conductors / cross-section / conduit: pending electrical design"
"drop:FC1:F5:fan:-1:F241","FC1","DB1","F5","F241","drop","9.26","","Covered roof-soffit crossing into outer arcade / wing-gable wall, then concealed pier drop. No exposed crossing at equipment height.","Cable type / conductors / cross-section / conduit: pending electrical design"
"trunk:FC1:F5:fan:1","FC1","DB1","F5","F242 / F243","trunk","40.43","","Wall bands above openings; concealed finish-matched soffit crossing over the 9–10 wing opening.","Cable type / conductors / cross-section / conduit: pending electrical design"
"drop:FC1:F5:fan:1:F242","FC1","DB1","F5","F242","drop","9.26","","Covered roof-soffit crossing into outer arcade / wing-gable wall, then concealed pier drop. No exposed crossing at equipment height.","Cable type / conductors / cross-section / conduit: pending electrical design"
"drop:FC1:F5:fan:1:F243","FC1","DB1","F5","F243","drop","9.26","","Covered roof-soffit crossing into outer arcade / wing-gable wall, then concealed pier drop. No exposed crossing at equipment height.","Cable type / conductors / cross-section / conduit: pending electrical design"
"trunk:FC1:F2:fan:-1","FC1","DB1","F2","F244 / F246 / F248","trunk","58.58","","Wall bands above openings; concealed finish-matched soffit crossing over the 9–10 wing opening.","Cable type / conductors / cross-section / conduit: pending electrical design"
"drop:FC1:F2:fan:-1:F244","FC1","DB1","F2","F244","drop","0.75","","Concealed solid-pier / wall drop and local termination.","Cable type / conductors / cross-section / conduit: pending electrical design"
"drop:FC1:F2:fan:-1:F246","FC1","DB1","F2","F246","drop","0.75","","Concealed solid-pier / wall drop and local termination.","Cable type / conductors / cross-section / conduit: pending electrical design"
"drop:FC1:F2:fan:-1:F248","FC1","DB1","F2","F248","drop","0.75","","Concealed solid-pier / wall drop and local termination.","Cable type / conductors / cross-section / conduit: pending electrical design"
"trunk:FC1:F2:fan:1","FC1","DB1","F2","F245 / F247 / F249","trunk","65.18","","Wall bands above openings; concealed finish-matched soffit crossing over the 9–10 wing opening.","Cable type / conductors / cross-section / conduit: pending electrical design"
"drop:FC1:F2:fan:1:F245","FC1","DB1","F2","F245","drop","0.75","","Concealed solid-pier / wall drop and local termination.","Cable type / conductors / cross-section / conduit: pending electrical design"
"drop:FC1:F2:fan:1:F247","FC1","DB1","F2","F247","drop","0.75","","Concealed solid-pier / wall drop and local termination.","Cable type / conductors / cross-section / conduit: pending electrical design"
"drop:FC1:F2:fan:1:F249","FC1","DB1","F2","F249","drop","0.75","","Concealed solid-pier / wall drop and local termination.","Cable type / conductors / cross-section / conduit: pending electrical design"
"trunk:DB2:F4:fan:-1","DB2","DB2","F4","F250","trunk","12.52","","Wall bands above openings; concealed finish-matched soffit crossing over the 9–10 wing opening.","Cable type / conductors / cross-section / conduit: pending electrical design"
"drop:DB2:F4:fan:-1:F250","DB2","DB2","F4","F250","drop","7.92","","Concealed entrance wall band, solid pier and local termination.","Cable type / conductors / cross-section / conduit: pending electrical design"
"trunk:DB2:F4:fan:1","DB2","DB2","F4","F251","trunk","19.12","","Wall bands above openings; concealed finish-matched soffit crossing over the 9–10 wing opening.","Cable type / conductors / cross-section / conduit: pending electrical design"
"drop:DB2:F4:fan:1:F251","DB2","DB2","F4","F251","drop","7.92","","Concealed entrance wall band, solid pier and local termination.","Cable type / conductors / cross-section / conduit: pending electrical design"
"trunk:FC1:V1:fan:-1","FC1","DB1","V1","F252 / F253 / F256 / F257 / F260","trunk","67.55","","Wall bands above openings; concealed finish-matched soffit crossing over the 9–10 wing opening.","Cable type / conductors / cross-section / conduit: pending electrical design"
"drop:FC1:V1:fan:-1:F252","FC1","DB1","V1","F252","drop","8.69","","Above roof lining to solid front gable above terrace; local fan connection.","Cable type / conductors / cross-section / conduit: pending electrical design"
"drop:FC1:V1:fan:-1:F253","FC1","DB1","V1","F253","drop","11.83","","Above roof lining to solid front gable above terrace; local fan connection.","Cable type / conductors / cross-section / conduit: pending electrical design"
"drop:FC1:V1:fan:-1:F256","FC1","DB1","V1","F256","drop","6.97","","Covered roof-soffit crossing into outer arcade / wing-gable wall, then concealed pier drop. No exposed crossing at equipment height.","Cable type / conductors / cross-section / conduit: pending electrical design"
"drop:FC1:V1:fan:-1:F257","FC1","DB1","V1","F257","drop","6.97","","Covered roof-soffit crossing into outer arcade / wing-gable wall, then concealed pier drop. No exposed crossing at equipment height.","Cable type / conductors / cross-section / conduit: pending electrical design"
"drop:FC1:V1:fan:-1:F260","FC1","DB1","V1","F260","drop","10.20","","Rear-wall band and local termination; gable / weatherproof entry details pending.","Cable type / conductors / cross-section / conduit: pending electrical design"
"trunk:FC1:V1:fan:1","FC1","DB1","V1","F254 / F255 / F258 / F259","trunk","74.15","","Wall bands above openings; concealed finish-matched soffit crossing over the 9–10 wing opening.","Cable type / conductors / cross-section / conduit: pending electrical design"
"drop:FC1:V1:fan:1:F254","FC1","DB1","V1","F254","drop","11.83","","Above roof lining to solid front gable above terrace; local fan connection.","Cable type / conductors / cross-section / conduit: pending electrical design"
"drop:FC1:V1:fan:1:F255","FC1","DB1","V1","F255","drop","8.69","","Above roof lining to solid front gable above terrace; local fan connection.","Cable type / conductors / cross-section / conduit: pending electrical design"
"drop:FC1:V1:fan:1:F258","FC1","DB1","V1","F258","drop","6.97","","Covered roof-soffit crossing into outer arcade / wing-gable wall, then concealed pier drop. No exposed crossing at equipment height.","Cable type / conductors / cross-section / conduit: pending electrical design"
"drop:FC1:V1:fan:1:F259","FC1","DB1","V1","F259","drop","6.97","","Covered roof-soffit crossing into outer arcade / wing-gable wall, then concealed pier drop. No exposed crossing at equipment height.","Cable type / conductors / cross-section / conduit: pending electrical design"
"trunk:AV1:A1:audio:-1","AV1","DB1","A1","S261 / S263 / S265 / S267 / S269 / S271 / S276","trunk","61.27","","Wall bands above openings; concealed finish-matched soffit crossing over the 9–10 wing opening.","Cable type / conductors / cross-section / conduit: pending electrical design"
"drop:AV1:A1:audio:-1:S261","AV1","DB1","A1","S261","drop","2.53","63.81","Concealed solid-pier / wall drop and local termination.","Cable type / conductors / cross-section / conduit: pending electrical design"
"drop:AV1:A1:audio:-1:S263","AV1","DB1","A1","S263","drop","2.53","59.31","Concealed solid-pier / wall drop and local termination.","Cable type / conductors / cross-section / conduit: pending electrical design"
"drop:AV1:A1:audio:-1:S265","AV1","DB1","A1","S265","drop","2.53","54.81","Concealed solid-pier / wall drop and local termination.","Cable type / conductors / cross-section / conduit: pending electrical design"
"drop:AV1:A1:audio:-1:S267","AV1","DB1","A1","S267","drop","2.53","50.31","Concealed solid-pier / wall drop and local termination.","Cable type / conductors / cross-section / conduit: pending electrical design"
"drop:AV1:A1:audio:-1:S269","AV1","DB1","A1","S269","drop","2.53","45.81","Concealed solid-pier / wall drop and local termination.","Cable type / conductors / cross-section / conduit: pending electrical design"
"drop:AV1:A1:audio:-1:S271","AV1","DB1","A1","S271","drop","2.53","41.31","Concealed solid-pier / wall drop and local termination.","Cable type / conductors / cross-section / conduit: pending electrical design"
"drop:AV1:A1:audio:-1:S276","AV1","DB1","A1","S276","drop","8.04","37.01","Covered roof-soffit crossing into outer arcade / wing-gable wall, then concealed pier drop. No exposed crossing at equipment height.","Cable type / conductors / cross-section / conduit: pending electrical design"
"trunk:AV1:A1:audio:1","AV1","DB1","A1","S262 / S264 / S266 / S268 / S270 / S272 / S278","trunk","67.87","","Wall bands above openings; concealed finish-matched soffit crossing over the 9–10 wing opening.","Cable type / conductors / cross-section / conduit: pending electrical design"
"drop:AV1:A1:audio:1:S262","AV1","DB1","A1","S262","drop","2.53","70.41","Concealed solid-pier / wall drop and local termination.","Cable type / conductors / cross-section / conduit: pending electrical design"
"drop:AV1:A1:audio:1:S264","AV1","DB1","A1","S264","drop","2.53","65.91","Concealed solid-pier / wall drop and local termination.","Cable type / conductors / cross-section / conduit: pending electrical design"
"drop:AV1:A1:audio:1:S266","AV1","DB1","A1","S266","drop","2.53","61.41","Concealed solid-pier / wall drop and local termination.","Cable type / conductors / cross-section / conduit: pending electrical design"
"drop:AV1:A1:audio:1:S268","AV1","DB1","A1","S268","drop","2.53","56.91","Concealed solid-pier / wall drop and local termination.","Cable type / conductors / cross-section / conduit: pending electrical design"
"drop:AV1:A1:audio:1:S270","AV1","DB1","A1","S270","drop","2.53","52.41","Concealed solid-pier / wall drop and local termination.","Cable type / conductors / cross-section / conduit: pending electrical design"
"drop:AV1:A1:audio:1:S272","AV1","DB1","A1","S272","drop","2.53","47.91","Concealed solid-pier / wall drop and local termination.","Cable type / conductors / cross-section / conduit: pending electrical design"
"drop:AV1:A1:audio:1:S278","AV1","DB1","A1","S278","drop","8.04","43.61","Covered roof-soffit crossing into outer arcade / wing-gable wall, then concealed pier drop. No exposed crossing at equipment height.","Cable type / conductors / cross-section / conduit: pending electrical design"
"trunk:AV1:A5:audio:-1","AV1","DB1","A5","S273","trunk","73.06","","Wall bands above openings; concealed finish-matched soffit crossing over the 9–10 wing opening.","Cable type / conductors / cross-section / conduit: pending electrical design"
"drop:AV1:A5:audio:-1:S273","AV1","DB1","A5","S273","drop","10.61","83.68","Concealed entrance wall band, solid pier and local termination.","Cable type / conductors / cross-section / conduit: pending electrical design"
"trunk:AV1:A5:audio:1","AV1","DB1","A5","S274","trunk","79.66","","Wall bands above openings; concealed finish-matched soffit crossing over the 9–10 wing opening.","Cable type / conductors / cross-section / conduit: pending electrical design"
"drop:AV1:A5:audio:1:S274","AV1","DB1","A5","S274","drop","10.61","90.28","Concealed entrance wall band, solid pier and local termination.","Cable type / conductors / cross-section / conduit: pending electrical design"
"trunk:AV1:A2:audio:-1","AV1","DB1","A2","S279 / S280","trunk","62.21","","Wall bands above openings; concealed finish-matched soffit crossing over the 9–10 wing opening.","Cable type / conductors / cross-section / conduit: pending electrical design"
"drop:AV1:A2:audio:-1:S279","AV1","DB1","A2","S279","drop","6.94","69.15","Above nave lining / covered soffit route at wings and verandas; cable continues inside the existing pendant stem. Roof build-up, supports and access pending.","Cable type / conductors / cross-section / conduit: pending electrical design"
"drop:AV1:A2:audio:-1:S280","AV1","DB1","A2","S280","drop","6.94","55.65","Above nave lining / covered soffit route at wings and verandas; cable continues inside the existing pendant stem. Roof build-up, supports and access pending.","Cable type / conductors / cross-section / conduit: pending electrical design"
"trunk:AV1:A2:audio:1","AV1","DB1","A2","S281 / S282","trunk","68.81","","Wall bands above openings; concealed finish-matched soffit crossing over the 9–10 wing opening.","Cable type / conductors / cross-section / conduit: pending electrical design"
"drop:AV1:A2:audio:1:S281","AV1","DB1","A2","S281","drop","6.94","75.75","Above nave lining / covered soffit route at wings and verandas; cable continues inside the existing pendant stem. Roof build-up, supports and access pending.","Cable type / conductors / cross-section / conduit: pending electrical design"
"drop:AV1:A2:audio:1:S282","AV1","DB1","A2","S282","drop","6.94","62.25","Above nave lining / covered soffit route at wings and verandas; cable continues inside the existing pendant stem. Roof build-up, supports and access pending.","Cable type / conductors / cross-section / conduit: pending electrical design"
"trunk:AV1:A3:audio:-1","AV1","DB1","A3","S283 / S284 / S285 / S286","trunk","73.38","","Wall bands above openings; concealed finish-matched soffit crossing over the 9–10 wing opening.","Cable type / conductors / cross-section / conduit: pending electrical design"
"drop:AV1:A3:audio:-1:S283","AV1","DB1","A3","S283","drop","6.82","80.20","Solid tower corner/piers, stepped behind cornices; local ledge/fitting connection. No riser through louver openings; chase/finish and weathering details pending.","Cable type / conductors / cross-section / conduit: pending electrical design"
"drop:AV1:A3:audio:-1:S284","AV1","DB1","A3","S284","drop","11.35","84.73","Solid tower corner/piers, stepped behind cornices; local ledge/fitting connection. No riser through louver openings; chase/finish and weathering details pending.","Cable type / conductors / cross-section / conduit: pending electrical design"
"drop:AV1:A3:audio:-1:S285","AV1","DB1","A3","S285","drop","5.52","62.28","Covered roof-soffit crossing into outer arcade / wing-gable wall, then concealed pier drop. No exposed crossing at equipment height.","Cable type / conductors / cross-section / conduit: pending electrical design"
"drop:AV1:A3:audio:-1:S286","AV1","DB1","A3","S286","drop","5.52","48.78","Covered roof-soffit crossing into outer arcade / wing-gable wall, then concealed pier drop. No exposed crossing at equipment height.","Cable type / conductors / cross-section / conduit: pending electrical design"
"trunk:AV1:A3:audio:1","AV1","DB1","A3","S287 / S288 / S289 / S290","trunk","79.98","","Wall bands above openings; concealed finish-matched soffit crossing over the 9–10 wing opening.","Cable type / conductors / cross-section / conduit: pending electrical design"
"drop:AV1:A3:audio:1:S287","AV1","DB1","A3","S287","drop","6.82","86.80","Solid tower corner/piers, stepped behind cornices; local ledge/fitting connection. No riser through louver openings; chase/finish and weathering details pending.","Cable type / conductors / cross-section / conduit: pending electrical design"
"drop:AV1:A3:audio:1:S288","AV1","DB1","A3","S288","drop","11.35","91.33","Solid tower corner/piers, stepped behind cornices; local ledge/fitting connection. No riser through louver openings; chase/finish and weathering details pending.","Cable type / conductors / cross-section / conduit: pending electrical design"
"drop:AV1:A3:audio:1:S289","AV1","DB1","A3","S289","drop","5.52","68.88","Covered roof-soffit crossing into outer arcade / wing-gable wall, then concealed pier drop. No exposed crossing at equipment height.","Cable type / conductors / cross-section / conduit: pending electrical design"
"drop:AV1:A3:audio:1:S290","AV1","DB1","A3","S290","drop","5.52","55.38","Covered roof-soffit crossing into outer arcade / wing-gable wall, then concealed pier drop. No exposed crossing at equipment height.","Cable type / conductors / cross-section / conduit: pending electrical design"
"trunk:AV1:MIC:mic:-1","AV1","DB1","MIC","S291","trunk","11.91","","Separate microphone home-run bundle below service-room and sanctuary floors; floor build-up / access pending.","Cable type / conductors / cross-section / conduit: pending electrical design"
"drop:AV1:MIC:mic:-1:S291","AV1","DB1","MIC","S291","drop","3.58","15.49","Separate AV-1 home run below floor; central ambo passage through proposed hollow neck, sloped desk and removable microphone socket. Floorbox, furniture bore and access pending.","Cable type / conductors / cross-section / conduit: pending electrical design"
"trunk:AV1:MIC:mic:1","AV1","DB1","MIC","S292","trunk","5.74","","Separate microphone home-run bundle below service-room and sanctuary floors; floor build-up / access pending.","Cable type / conductors / cross-section / conduit: pending electrical design"
"drop:AV1:MIC:mic:1:S292","AV1","DB1","MIC","S292","drop","2.80","8.54","Separate AV-1 home run below the floor; proposed furniture cable passage to microphone base. Floorbox, floor build-up and furniture access pending.","Cable type / conductors / cross-section / conduit: pending electrical design"
