Route ID,Vertex (1-based),X m,Y m,Z m
feeder:DB2,1,48.895,1.75,-1.55
feeder:DB2,2,48.735,1.75,-1.55
feeder:DB2,3,48.735,1.75,-2.24
feeder:DB2,4,48.735,4.33,-2.24
feeder:DB2,5,48.735,4.33,-3.3
feeder:DB2,6,53.016,4.33,-3.3
feeder:DB2,7,53.016,6.26,-3.3
feeder:DB2,8,53.016,6.26,-7.36
feeder:DB2,9,44.175,6.26,-7.36
feeder:DB2,10,44.175,7.04,-7.36
feeder:DB2,11,43.535,7.04,-7.36
feeder:DB2,12,43.455,6.950412371134024,-7.36
feeder:DB2,13,40.574999999999996,9.269999999999994,-7.36
feeder:DB2,14,37.695,6.950412371134018,-7.36
feeder:DB2,15,37.615,7.04,-7.36
feeder:DB2,16,36.975,7.04,-7.36
feeder:DB2,17,36.975,6.26,-7.36
feeder:DB2,18,5.475,6.26,-7.36
feeder:DB2,19,2.35,6.26,-7.36
feeder:DB2,20,2.35,7.65,-7.36
feeder:DB2,21,2.35,7.65,-3.3
feeder:DB2,22,2.35,1.5,-3.3
feeder:DB2,23,2.73,1.5,-3.3
feeder:AV1,1,48.895,1.75,-1.55
feeder:AV1,2,48.735,1.75,-1.55
feeder:AV1,3,48.735,2.42,-1.55
feeder:AV1,4,48.735,2.42,1.4
feeder:AV1,5,48.735,0.95,1.4
feeder:AV1,6,49.275,0.95,1.4
feeder:LC1,1,48.895,1.75,-1.55
feeder:LC1,2,48.735,1.75,-1.55
feeder:LC1,3,48.735,2.42,-1.55
feeder:LC1,4,48.735,2.42,-0.55
feeder:LC1,5,48.735,1.85,-0.55
feeder:LC1,6,48.895,1.85,-0.55
feeder:FC1,1,48.895,1.75,-1.55
feeder:FC1,2,48.735,1.75,-1.55
feeder:FC1,3,48.735,2.42,-1.55
feeder:FC1,4,48.735,2.42,0.4
feeder:FC1,5,48.735,1.95,0.4
feeder:FC1,6,48.895,1.95,0.4
local:L1,1,48.895,1.85,-0.55
local:L1,2,48.735,1.85,-0.55
local:L1,3,48.735,1.85,-2.24
local:L1,4,48.735,4.33,-2.24
local:L1,5,50,4.33,-2.24
local:L1,6,50,4.33,0
local:L1,7,50,4.14,0
local:L2,1,48.895,1.85,-0.55
local:L2,2,48.735,1.85,-0.55
local:L2,3,48.735,1.85,-2.24
local:L2,4,48.735,4.33,-2.24
local:L2,5,51.9,4.33,-2.24
local:L2,6,51.9,4.33,0
local:L2,7,51.9,4.14,0
trunk:LC1:L1:light:-1,1,48.895,1.85,-0.55
trunk:LC1:L1:light:-1,2,48.735,1.85,-0.55
trunk:LC1:L1:light:-1,3,48.735,1.85,-2.24
trunk:LC1:L1:light:-1,4,48.735,4.33,-2.24
trunk:LC1:L1:light:-1,5,48.735,4.33,-3.3
trunk:LC1:L1:light:-1,6,53.016,4.33,-3.3
trunk:LC1:L1:light:-1,7,53.016,5.9,-3.3
trunk:LC1:L1:light:-1,8,53.016,5.9,-7.36
trunk:LC1:L1:light:-1,9,44.175,5.9,-7.36
trunk:LC1:L1:light:-1,10,44.175,7.04,-7.36
trunk:LC1:L1:light:-1,11,43.535,7.04,-7.36
trunk:LC1:L1:light:-1,12,43.455,6.950412371134024,-7.36
trunk:LC1:L1:light:-1,13,40.574999999999996,9.269999999999994,-7.36
trunk:LC1:L1:light:-1,14,37.695,6.950412371134018,-7.36
trunk:LC1:L1:light:-1,15,37.615,7.04,-7.36
trunk:LC1:L1:light:-1,16,36.975,7.04,-7.36
trunk:LC1:L1:light:-1,17,36.975,5.9,-7.36
trunk:LC1:L1:light:-1,18,5.475,5.9,-7.36
trunk:LC1:L1:light:-1,19,2.65,5.9,-7.36
drop:LC1:L1:light:-1:L3,1,9.975000000000001,5.9,-7.36
drop:LC1:L1:light:-1:L3,2,10.32,5.9,-7.36
drop:LC1:L1:light:-1:L3,3,10.32,7.04,-7.36
drop:LC1:L1:light:-1:L3,4,10.32,9.442448369565216,-4.050000000000001
drop:LC1:L1:light:-1:L3,5,10.32,9.235,-4.05
drop:LC1:L1:light:-1:L3,6,10.32,9.235,-3
drop:LC1:L1:light:-1:L3,7,9.975,9.235,-3
drop:LC1:L1:light:-1:L3,8,9.975,9.235,-2.6
drop:LC1:L1:light:-1:L3,9,10.18,9.235,-2.6
drop:LC1:L1:light:-1:L3,10,10.18,8.54,-2.6
drop:LC1:L1:light:-1:L3,11,9.975,8.54,-2.6
drop:LC1:L1:light:-1:L3,12,9.975,8.584999999999999,-2.6
drop:LC1:L1:light:-1:L4,1,9.975000000000001,5.9,-7.36
drop:LC1:L1:light:-1:L4,2,10.32,5.9,-7.36
drop:LC1:L1:light:-1:L4,3,10.32,7.04,-7.36
drop:LC1:L1:light:-1:L4,4,10.32,9.442448369565216,-4.050000000000001
drop:LC1:L1:light:-1:L4,5,10.32,9.235,-4.05
drop:LC1:L1:light:-1:L4,6,10.32,9.235,-3
drop:LC1:L1:light:-1:L4,7,9.975,9.235,-3
drop:LC1:L1:light:-1:L4,8,9.975,9.235,-2.6
drop:LC1:L1:light:-1:L4,9,10.18,9.235,-2.6
drop:LC1:L1:light:-1:L4,10,10.18,8.54,-2.6
drop:LC1:L1:light:-1:L4,11,9.975,8.54,-2.6
drop:LC1:L1:light:-1:L4,12,9.975,8.584999999999999,-2.6
drop:LC1:L1:light:-1:L7,1,14.475000000000001,5.9,-7.36
drop:LC1:L1:light:-1:L7,2,14.82,5.9,-7.36
drop:LC1:L1:light:-1:L7,3,14.82,7.04,-7.36
drop:LC1:L1:light:-1:L7,4,14.82,9.442448369565216,-4.050000000000001
drop:LC1:L1:light:-1:L7,5,14.82,9.235,-4.05
drop:LC1:L1:light:-1:L7,6,14.82,9.235,-3
drop:LC1:L1:light:-1:L7,7,14.475,9.235,-3
drop:LC1:L1:light:-1:L7,8,14.475,9.235,-2.6
drop:LC1:L1:light:-1:L7,9,14.68,9.235,-2.6
drop:LC1:L1:light:-1:L7,10,14.68,8.54,-2.6
drop:LC1:L1:light:-1:L7,11,14.475,8.54,-2.6
drop:LC1:L1:light:-1:L7,12,14.475,8.584999999999999,-2.6
drop:LC1:L1:light:-1:L8,1,14.475000000000001,5.9,-7.36
drop:LC1:L1:light:-1:L8,2,14.82,5.9,-7.36
drop:LC1:L1:light:-1:L8,3,14.82,7.04,-7.36
drop:LC1:L1:light:-1:L8,4,14.82,9.442448369565216,-4.050000000000001
drop:LC1:L1:light:-1:L8,5,14.82,9.235,-4.05
drop:LC1:L1:light:-1:L8,6,14.82,9.235,-3
drop:LC1:L1:light:-1:L8,7,14.475,9.235,-3
drop:LC1:L1:light:-1:L8,8,14.475,9.235,-2.6
drop:LC1:L1:light:-1:L8,9,14.68,9.235,-2.6
drop:LC1:L1:light:-1:L8,10,14.68,8.54,-2.6
drop:LC1:L1:light:-1:L8,11,14.475,8.54,-2.6
drop:LC1:L1:light:-1:L8,12,14.475,8.584999999999999,-2.6
drop:LC1:L1:light:-1:L11,1,18.975,5.9,-7.36
drop:LC1:L1:light:-1:L11,2,19.32,5.9,-7.36
drop:LC1:L1:light:-1:L11,3,19.32,7.04,-7.36
drop:LC1:L1:light:-1:L11,4,19.32,9.442448369565216,-4.050000000000001
drop:LC1:L1:light:-1:L11,5,19.32,9.235,-4.05
drop:LC1:L1:light:-1:L11,6,19.32,9.235,-3
drop:LC1:L1:light:-1:L11,7,18.975,9.235,-3
drop:LC1:L1:light:-1:L11,8,18.975,9.235,-2.6
drop:LC1:L1:light:-1:L11,9,19.18,9.235,-2.6
drop:LC1:L1:light:-1:L11,10,19.18,8.54,-2.6
drop:LC1:L1:light:-1:L11,11,18.975,8.54,-2.6
drop:LC1:L1:light:-1:L11,12,18.975,8.584999999999999,-2.6
drop:LC1:L1:light:-1:L12,1,18.975,5.9,-7.36
drop:LC1:L1:light:-1:L12,2,19.32,5.9,-7.36
drop:LC1:L1:light:-1:L12,3,19.32,7.04,-7.36
drop:LC1:L1:light:-1:L12,4,19.32,9.442448369565216,-4.050000000000001
drop:LC1:L1:light:-1:L12,5,19.32,9.235,-4.05
drop:LC1:L1:light:-1:L12,6,19.32,9.235,-3
drop:LC1:L1:light:-1:L12,7,18.975,9.235,-3
drop:LC1:L1:light:-1:L12,8,18.975,9.235,-2.6
drop:LC1:L1:light:-1:L12,9,19.18,9.235,-2.6
drop:LC1:L1:light:-1:L12,10,19.18,8.54,-2.6
drop:LC1:L1:light:-1:L12,11,18.975,8.54,-2.6
drop:LC1:L1:light:-1:L12,12,18.975,8.584999999999999,-2.6
drop:LC1:L1:light:-1:L15,1,23.475,5.9,-7.36
drop:LC1:L1:light:-1:L15,2,23.82,5.9,-7.36
drop:LC1:L1:light:-1:L15,3,23.82,7.04,-7.36
drop:LC1:L1:light:-1:L15,4,23.82,9.442448369565216,-4.050000000000001
drop:LC1:L1:light:-1:L15,5,23.82,9.235,-4.05
drop:LC1:L1:light:-1:L15,6,23.82,9.235,-3
drop:LC1:L1:light:-1:L15,7,23.475,9.235,-3
drop:LC1:L1:light:-1:L15,8,23.475,9.235,-2.6
drop:LC1:L1:light:-1:L15,9,23.68,9.235,-2.6
drop:LC1:L1:light:-1:L15,10,23.68,8.54,-2.6
drop:LC1:L1:light:-1:L15,11,23.475,8.54,-2.6
drop:LC1:L1:light:-1:L15,12,23.475,8.584999999999999,-2.6
drop:LC1:L1:light:-1:L16,1,23.475,5.9,-7.36
drop:LC1:L1:light:-1:L16,2,23.82,5.9,-7.36
drop:LC1:L1:light:-1:L16,3,23.82,7.04,-7.36
drop:LC1:L1:light:-1:L16,4,23.82,9.442448369565216,-4.050000000000001
drop:LC1:L1:light:-1:L16,5,23.82,9.235,-4.05
drop:LC1:L1:light:-1:L16,6,23.82,9.235,-3
drop:LC1:L1:light:-1:L16,7,23.475,9.235,-3
drop:LC1:L1:light:-1:L16,8,23.475,9.235,-2.6
drop:LC1:L1:light:-1:L16,9,23.68,9.235,-2.6
drop:LC1:L1:light:-1:L16,10,23.68,8.54,-2.6
drop:LC1:L1:light:-1:L16,11,23.475,8.54,-2.6
drop:LC1:L1:light:-1:L16,12,23.475,8.584999999999999,-2.6
drop:LC1:L1:light:-1:L19,1,27.975,5.9,-7.36
drop:LC1:L1:light:-1:L19,2,28.32,5.9,-7.36
drop:LC1:L1:light:-1:L19,3,28.32,7.04,-7.36
drop:LC1:L1:light:-1:L19,4,28.32,9.442448369565216,-4.050000000000001
drop:LC1:L1:light:-1:L19,5,28.32,9.235,-4.05
drop:LC1:L1:light:-1:L19,6,28.32,9.235,-3
drop:LC1:L1:light:-1:L19,7,27.975,9.235,-3
drop:LC1:L1:light:-1:L19,8,27.975,9.235,-2.6
drop:LC1:L1:light:-1:L19,9,28.18,9.235,-2.6
drop:LC1:L1:light:-1:L19,10,28.18,8.54,-2.6
drop:LC1:L1:light:-1:L19,11,27.975,8.54,-2.6
drop:LC1:L1:light:-1:L19,12,27.975,8.584999999999999,-2.6
drop:LC1:L1:light:-1:L20,1,27.975,5.9,-7.36
drop:LC1:L1:light:-1:L20,2,28.32,5.9,-7.36
drop:LC1:L1:light:-1:L20,3,28.32,7.04,-7.36
drop:LC1:L1:light:-1:L20,4,28.32,9.442448369565216,-4.050000000000001
drop:LC1:L1:light:-1:L20,5,28.32,9.235,-4.05
drop:LC1:L1:light:-1:L20,6,28.32,9.235,-3
drop:LC1:L1:light:-1:L20,7,27.975,9.235,-3
drop:LC1:L1:light:-1:L20,8,27.975,9.235,-2.6
drop:LC1:L1:light:-1:L20,9,28.18,9.235,-2.6
drop:LC1:L1:light:-1:L20,10,28.18,8.54,-2.6
drop:LC1:L1:light:-1:L20,11,27.975,8.54,-2.6
drop:LC1:L1:light:-1:L20,12,27.975,8.584999999999999,-2.6
drop:LC1:L1:light:-1:L23,1,32.475,5.9,-7.36
drop:LC1:L1:light:-1:L23,2,32.82,5.9,-7.36
drop:LC1:L1:light:-1:L23,3,32.82,7.04,-7.36
drop:LC1:L1:light:-1:L23,4,32.82,9.442448369565216,-4.050000000000001
drop:LC1:L1:light:-1:L23,5,32.82,9.235,-4.05
drop:LC1:L1:light:-1:L23,6,32.82,9.235,-3
drop:LC1:L1:light:-1:L23,7,32.475,9.235,-3
drop:LC1:L1:light:-1:L23,8,32.475,9.235,-2.6
drop:LC1:L1:light:-1:L23,9,32.68,9.235,-2.6
drop:LC1:L1:light:-1:L23,10,32.68,8.54,-2.6
drop:LC1:L1:light:-1:L23,11,32.475,8.54,-2.6
drop:LC1:L1:light:-1:L23,12,32.475,8.584999999999999,-2.6
drop:LC1:L1:light:-1:L24,1,32.475,5.9,-7.36
drop:LC1:L1:light:-1:L24,2,32.82,5.9,-7.36
drop:LC1:L1:light:-1:L24,3,32.82,7.04,-7.36
drop:LC1:L1:light:-1:L24,4,32.82,9.442448369565216,-4.050000000000001
drop:LC1:L1:light:-1:L24,5,32.82,9.235,-4.05
drop:LC1:L1:light:-1:L24,6,32.82,9.235,-3
drop:LC1:L1:light:-1:L24,7,32.475,9.235,-3
drop:LC1:L1:light:-1:L24,8,32.475,9.235,-2.6
drop:LC1:L1:light:-1:L24,9,32.68,9.235,-2.6
drop:LC1:L1:light:-1:L24,10,32.68,8.54,-2.6
drop:LC1:L1:light:-1:L24,11,32.475,8.54,-2.6
drop:LC1:L1:light:-1:L24,12,32.475,8.584999999999999,-2.6
drop:LC1:L1:light:-1:L27,1,36.975,5.9,-7.36
drop:LC1:L1:light:-1:L27,2,37.32,5.9,-7.36
drop:LC1:L1:light:-1:L27,3,37.32,7.04,-7.36
drop:LC1:L1:light:-1:L27,4,37.32,9.442448369565216,-4.050000000000001
drop:LC1:L1:light:-1:L27,5,37.32,9.235,-4.05
drop:LC1:L1:light:-1:L27,6,37.32,9.235,-3
drop:LC1:L1:light:-1:L27,7,36.975,9.235,-3
drop:LC1:L1:light:-1:L27,8,36.975,9.235,-2.6
drop:LC1:L1:light:-1:L27,9,37.18,9.235,-2.6
drop:LC1:L1:light:-1:L27,10,37.18,8.54,-2.6
drop:LC1:L1:light:-1:L27,11,36.975,8.54,-2.6
drop:LC1:L1:light:-1:L27,12,36.975,8.584999999999999,-2.6
drop:LC1:L1:light:-1:L28,1,36.975,5.9,-7.36
drop:LC1:L1:light:-1:L28,2,37.32,5.9,-7.36
drop:LC1:L1:light:-1:L28,3,37.32,7.04,-7.36
drop:LC1:L1:light:-1:L28,4,37.32,9.442448369565216,-4.050000000000001
drop:LC1:L1:light:-1:L28,5,37.32,9.235,-4.05
drop:LC1:L1:light:-1:L28,6,37.32,9.235,-3
drop:LC1:L1:light:-1:L28,7,36.975,9.235,-3
drop:LC1:L1:light:-1:L28,8,36.975,9.235,-2.6
drop:LC1:L1:light:-1:L28,9,37.18,9.235,-2.6
drop:LC1:L1:light:-1:L28,10,37.18,8.54,-2.6
drop:LC1:L1:light:-1:L28,11,36.975,8.54,-2.6
drop:LC1:L1:light:-1:L28,12,36.975,8.584999999999999,-2.6
drop:LC1:L1:light:-1:L59,1,2.65,5.9,-7.36
drop:LC1:L1:light:-1:L59,2,2.35,7.65,-7.36
drop:LC1:L1:light:-1:L59,3,2.35,7.65,-4.2
drop:LC1:L1:light:-1:L59,4,2.35,3.45,-4.2
drop:LC1:L1:light:-1:L59,5,2.65,3.45,-4.2
drop:LC1:L1:light:-1:L60,1,2.65,5.9,-7.36
drop:LC1:L1:light:-1:L60,2,2.35,7.65,-7.36
drop:LC1:L1:light:-1:L60,3,2.35,7.65,-4.2
drop:LC1:L1:light:-1:L60,4,2.35,5.95,-4.2
drop:LC1:L1:light:-1:L60,5,2.65,5.95,-4.2
trunk:LC1:L1:light:1,1,48.895,1.85,-0.55
trunk:LC1:L1:light:1,2,48.735,1.85,-0.55
trunk:LC1:L1:light:1,3,48.735,1.85,-2.24
trunk:LC1:L1:light:1,4,48.735,4.33,-2.24
trunk:LC1:L1:light:1,5,48.735,4.33,-3.3
trunk:LC1:L1:light:1,6,53.016,4.33,-3.3
trunk:LC1:L1:light:1,7,53.016,5.9,-3.3
trunk:LC1:L1:light:1,8,53.016,5.9,7.36
trunk:LC1:L1:light:1,9,44.175,5.9,7.36
trunk:LC1:L1:light:1,10,44.175,7.04,7.36
trunk:LC1:L1:light:1,11,43.535,7.04,7.36
trunk:LC1:L1:light:1,12,43.455,6.950412371134024,7.36
trunk:LC1:L1:light:1,13,40.574999999999996,9.269999999999994,7.36
trunk:LC1:L1:light:1,14,37.695,6.950412371134018,7.36
trunk:LC1:L1:light:1,15,37.615,7.04,7.36
trunk:LC1:L1:light:1,16,36.975,7.04,7.36
trunk:LC1:L1:light:1,17,36.975,5.9,7.36
trunk:LC1:L1:light:1,18,5.475,5.9,7.36
trunk:LC1:L1:light:1,19,2.65,5.9,7.36
drop:LC1:L1:light:1:L5,1,9.975000000000001,5.9,7.36
drop:LC1:L1:light:1:L5,2,10.32,5.9,7.36
drop:LC1:L1:light:1:L5,3,10.32,7.04,7.36
drop:LC1:L1:light:1:L5,4,10.32,9.442448369565216,4.050000000000001
drop:LC1:L1:light:1:L5,5,10.32,9.235,4.05
drop:LC1:L1:light:1:L5,6,10.32,9.235,3
drop:LC1:L1:light:1:L5,7,9.975,9.235,3
drop:LC1:L1:light:1:L5,8,9.975,9.235,2.6
drop:LC1:L1:light:1:L5,9,10.18,9.235,2.6
drop:LC1:L1:light:1:L5,10,10.18,8.54,2.6
drop:LC1:L1:light:1:L5,11,9.975,8.54,2.6
drop:LC1:L1:light:1:L5,12,9.975,8.584999999999999,2.6
drop:LC1:L1:light:1:L6,1,9.975000000000001,5.9,7.36
drop:LC1:L1:light:1:L6,2,10.32,5.9,7.36
drop:LC1:L1:light:1:L6,3,10.32,7.04,7.36
drop:LC1:L1:light:1:L6,4,10.32,9.442448369565216,4.050000000000001
drop:LC1:L1:light:1:L6,5,10.32,9.235,4.05
drop:LC1:L1:light:1:L6,6,10.32,9.235,3
drop:LC1:L1:light:1:L6,7,9.975,9.235,3
drop:LC1:L1:light:1:L6,8,9.975,9.235,2.6
drop:LC1:L1:light:1:L6,9,10.18,9.235,2.6
drop:LC1:L1:light:1:L6,10,10.18,8.54,2.6
drop:LC1:L1:light:1:L6,11,9.975,8.54,2.6
drop:LC1:L1:light:1:L6,12,9.975,8.584999999999999,2.6
drop:LC1:L1:light:1:L9,1,14.475000000000001,5.9,7.36
drop:LC1:L1:light:1:L9,2,14.82,5.9,7.36
drop:LC1:L1:light:1:L9,3,14.82,7.04,7.36
drop:LC1:L1:light:1:L9,4,14.82,9.442448369565216,4.050000000000001
drop:LC1:L1:light:1:L9,5,14.82,9.235,4.05
drop:LC1:L1:light:1:L9,6,14.82,9.235,3
drop:LC1:L1:light:1:L9,7,14.475,9.235,3
drop:LC1:L1:light:1:L9,8,14.475,9.235,2.6
drop:LC1:L1:light:1:L9,9,14.68,9.235,2.6
drop:LC1:L1:light:1:L9,10,14.68,8.54,2.6
drop:LC1:L1:light:1:L9,11,14.475,8.54,2.6
drop:LC1:L1:light:1:L9,12,14.475,8.584999999999999,2.6
drop:LC1:L1:light:1:L10,1,14.475000000000001,5.9,7.36
drop:LC1:L1:light:1:L10,2,14.82,5.9,7.36
drop:LC1:L1:light:1:L10,3,14.82,7.04,7.36
drop:LC1:L1:light:1:L10,4,14.82,9.442448369565216,4.050000000000001
drop:LC1:L1:light:1:L10,5,14.82,9.235,4.05
drop:LC1:L1:light:1:L10,6,14.82,9.235,3
drop:LC1:L1:light:1:L10,7,14.475,9.235,3
drop:LC1:L1:light:1:L10,8,14.475,9.235,2.6
drop:LC1:L1:light:1:L10,9,14.68,9.235,2.6
drop:LC1:L1:light:1:L10,10,14.68,8.54,2.6
drop:LC1:L1:light:1:L10,11,14.475,8.54,2.6
drop:LC1:L1:light:1:L10,12,14.475,8.584999999999999,2.6
drop:LC1:L1:light:1:L13,1,18.975,5.9,7.36
drop:LC1:L1:light:1:L13,2,19.32,5.9,7.36
drop:LC1:L1:light:1:L13,3,19.32,7.04,7.36
drop:LC1:L1:light:1:L13,4,19.32,9.442448369565216,4.050000000000001
drop:LC1:L1:light:1:L13,5,19.32,9.235,4.05
drop:LC1:L1:light:1:L13,6,19.32,9.235,3
drop:LC1:L1:light:1:L13,7,18.975,9.235,3
drop:LC1:L1:light:1:L13,8,18.975,9.235,2.6
drop:LC1:L1:light:1:L13,9,19.18,9.235,2.6
drop:LC1:L1:light:1:L13,10,19.18,8.54,2.6
drop:LC1:L1:light:1:L13,11,18.975,8.54,2.6
drop:LC1:L1:light:1:L13,12,18.975,8.584999999999999,2.6
drop:LC1:L1:light:1:L14,1,18.975,5.9,7.36
drop:LC1:L1:light:1:L14,2,19.32,5.9,7.36
drop:LC1:L1:light:1:L14,3,19.32,7.04,7.36
drop:LC1:L1:light:1:L14,4,19.32,9.442448369565216,4.050000000000001
drop:LC1:L1:light:1:L14,5,19.32,9.235,4.05
drop:LC1:L1:light:1:L14,6,19.32,9.235,3
drop:LC1:L1:light:1:L14,7,18.975,9.235,3
drop:LC1:L1:light:1:L14,8,18.975,9.235,2.6
drop:LC1:L1:light:1:L14,9,19.18,9.235,2.6
drop:LC1:L1:light:1:L14,10,19.18,8.54,2.6
drop:LC1:L1:light:1:L14,11,18.975,8.54,2.6
drop:LC1:L1:light:1:L14,12,18.975,8.584999999999999,2.6
drop:LC1:L1:light:1:L17,1,23.475,5.9,7.36
drop:LC1:L1:light:1:L17,2,23.82,5.9,7.36
drop:LC1:L1:light:1:L17,3,23.82,7.04,7.36
drop:LC1:L1:light:1:L17,4,23.82,9.442448369565216,4.050000000000001
drop:LC1:L1:light:1:L17,5,23.82,9.235,4.05
drop:LC1:L1:light:1:L17,6,23.82,9.235,3
drop:LC1:L1:light:1:L17,7,23.475,9.235,3
drop:LC1:L1:light:1:L17,8,23.475,9.235,2.6
drop:LC1:L1:light:1:L17,9,23.68,9.235,2.6
drop:LC1:L1:light:1:L17,10,23.68,8.54,2.6
drop:LC1:L1:light:1:L17,11,23.475,8.54,2.6
drop:LC1:L1:light:1:L17,12,23.475,8.584999999999999,2.6
drop:LC1:L1:light:1:L18,1,23.475,5.9,7.36
drop:LC1:L1:light:1:L18,2,23.82,5.9,7.36
drop:LC1:L1:light:1:L18,3,23.82,7.04,7.36
drop:LC1:L1:light:1:L18,4,23.82,9.442448369565216,4.050000000000001
drop:LC1:L1:light:1:L18,5,23.82,9.235,4.05
drop:LC1:L1:light:1:L18,6,23.82,9.235,3
drop:LC1:L1:light:1:L18,7,23.475,9.235,3
drop:LC1:L1:light:1:L18,8,23.475,9.235,2.6
drop:LC1:L1:light:1:L18,9,23.68,9.235,2.6
drop:LC1:L1:light:1:L18,10,23.68,8.54,2.6
drop:LC1:L1:light:1:L18,11,23.475,8.54,2.6
drop:LC1:L1:light:1:L18,12,23.475,8.584999999999999,2.6
drop:LC1:L1:light:1:L21,1,27.975,5.9,7.36
drop:LC1:L1:light:1:L21,2,28.32,5.9,7.36
drop:LC1:L1:light:1:L21,3,28.32,7.04,7.36
drop:LC1:L1:light:1:L21,4,28.32,9.442448369565216,4.050000000000001
drop:LC1:L1:light:1:L21,5,28.32,9.235,4.05
drop:LC1:L1:light:1:L21,6,28.32,9.235,3
drop:LC1:L1:light:1:L21,7,27.975,9.235,3
drop:LC1:L1:light:1:L21,8,27.975,9.235,2.6
drop:LC1:L1:light:1:L21,9,28.18,9.235,2.6
drop:LC1:L1:light:1:L21,10,28.18,8.54,2.6
drop:LC1:L1:light:1:L21,11,27.975,8.54,2.6
drop:LC1:L1:light:1:L21,12,27.975,8.584999999999999,2.6
drop:LC1:L1:light:1:L22,1,27.975,5.9,7.36
drop:LC1:L1:light:1:L22,2,28.32,5.9,7.36
drop:LC1:L1:light:1:L22,3,28.32,7.04,7.36
drop:LC1:L1:light:1:L22,4,28.32,9.442448369565216,4.050000000000001
drop:LC1:L1:light:1:L22,5,28.32,9.235,4.05
drop:LC1:L1:light:1:L22,6,28.32,9.235,3
drop:LC1:L1:light:1:L22,7,27.975,9.235,3
drop:LC1:L1:light:1:L22,8,27.975,9.235,2.6
drop:LC1:L1:light:1:L22,9,28.18,9.235,2.6
drop:LC1:L1:light:1:L22,10,28.18,8.54,2.6
drop:LC1:L1:light:1:L22,11,27.975,8.54,2.6
drop:LC1:L1:light:1:L22,12,27.975,8.584999999999999,2.6
drop:LC1:L1:light:1:L25,1,32.475,5.9,7.36
drop:LC1:L1:light:1:L25,2,32.82,5.9,7.36
drop:LC1:L1:light:1:L25,3,32.82,7.04,7.36
drop:LC1:L1:light:1:L25,4,32.82,9.442448369565216,4.050000000000001
drop:LC1:L1:light:1:L25,5,32.82,9.235,4.05
drop:LC1:L1:light:1:L25,6,32.82,9.235,3
drop:LC1:L1:light:1:L25,7,32.475,9.235,3
drop:LC1:L1:light:1:L25,8,32.475,9.235,2.6
drop:LC1:L1:light:1:L25,9,32.68,9.235,2.6
drop:LC1:L1:light:1:L25,10,32.68,8.54,2.6
drop:LC1:L1:light:1:L25,11,32.475,8.54,2.6
drop:LC1:L1:light:1:L25,12,32.475,8.584999999999999,2.6
drop:LC1:L1:light:1:L26,1,32.475,5.9,7.36
drop:LC1:L1:light:1:L26,2,32.82,5.9,7.36
drop:LC1:L1:light:1:L26,3,32.82,7.04,7.36
drop:LC1:L1:light:1:L26,4,32.82,9.442448369565216,4.050000000000001
drop:LC1:L1:light:1:L26,5,32.82,9.235,4.05
drop:LC1:L1:light:1:L26,6,32.82,9.235,3
drop:LC1:L1:light:1:L26,7,32.475,9.235,3
drop:LC1:L1:light:1:L26,8,32.475,9.235,2.6
drop:LC1:L1:light:1:L26,9,32.68,9.235,2.6
drop:LC1:L1:light:1:L26,10,32.68,8.54,2.6
drop:LC1:L1:light:1:L26,11,32.475,8.54,2.6
drop:LC1:L1:light:1:L26,12,32.475,8.584999999999999,2.6
drop:LC1:L1:light:1:L29,1,36.975,5.9,7.36
drop:LC1:L1:light:1:L29,2,37.32,5.9,7.36
drop:LC1:L1:light:1:L29,3,37.32,7.04,7.36
drop:LC1:L1:light:1:L29,4,37.32,9.442448369565216,4.050000000000001
drop:LC1:L1:light:1:L29,5,37.32,9.235,4.05
drop:LC1:L1:light:1:L29,6,37.32,9.235,3
drop:LC1:L1:light:1:L29,7,36.975,9.235,3
drop:LC1:L1:light:1:L29,8,36.975,9.235,2.6
drop:LC1:L1:light:1:L29,9,37.18,9.235,2.6
drop:LC1:L1:light:1:L29,10,37.18,8.54,2.6
drop:LC1:L1:light:1:L29,11,36.975,8.54,2.6
drop:LC1:L1:light:1:L29,12,36.975,8.584999999999999,2.6
drop:LC1:L1:light:1:L30,1,36.975,5.9,7.36
drop:LC1:L1:light:1:L30,2,37.32,5.9,7.36
drop:LC1:L1:light:1:L30,3,37.32,7.04,7.36
drop:LC1:L1:light:1:L30,4,37.32,9.442448369565216,4.050000000000001
drop:LC1:L1:light:1:L30,5,37.32,9.235,4.05
drop:LC1:L1:light:1:L30,6,37.32,9.235,3
drop:LC1:L1:light:1:L30,7,36.975,9.235,3
drop:LC1:L1:light:1:L30,8,36.975,9.235,2.6
drop:LC1:L1:light:1:L30,9,37.18,9.235,2.6
drop:LC1:L1:light:1:L30,10,37.18,8.54,2.6
drop:LC1:L1:light:1:L30,11,36.975,8.54,2.6
drop:LC1:L1:light:1:L30,12,36.975,8.584999999999999,2.6
drop:LC1:L1:light:1:L61,1,2.65,5.9,7.36
drop:LC1:L1:light:1:L61,2,2.35,7.65,7.36
drop:LC1:L1:light:1:L61,3,2.35,7.65,4.2
drop:LC1:L1:light:1:L61,4,2.35,3.45,4.2
drop:LC1:L1:light:1:L61,5,2.65,3.45,4.2
drop:LC1:L1:light:1:L62,1,2.65,5.9,7.36
drop:LC1:L1:light:1:L62,2,2.35,7.65,7.36
drop:LC1:L1:light:1:L62,3,2.35,7.65,4.2
drop:LC1:L1:light:1:L62,4,2.35,5.95,4.2
drop:LC1:L1:light:1:L62,5,2.65,5.95,4.2
trunk:LC1:L2:light:-1,1,48.895,1.85,-0.55
trunk:LC1:L2:light:-1,2,48.735,1.85,-0.55
trunk:LC1:L2:light:-1,3,48.735,1.85,-2.24
trunk:LC1:L2:light:-1,4,48.735,4.33,-2.24
trunk:LC1:L2:light:-1,5,48.735,4.33,-3.3
trunk:LC1:L2:light:-1,6,53.016,4.33,-3.3
trunk:LC1:L2:light:-1,7,53.016,5.908,-3.3
trunk:LC1:L2:light:-1,8,53.016,5.908,-7.36
trunk:LC1:L2:light:-1,9,44.175,5.908,-7.36
trunk:LC1:L2:light:-1,10,44.175,7.04,-7.36
trunk:LC1:L2:light:-1,11,43.535,7.04,-7.36
trunk:LC1:L2:light:-1,12,43.455,6.950412371134024,-7.36
trunk:LC1:L2:light:-1,13,40.574999999999996,9.269999999999994,-7.36
trunk:LC1:L2:light:-1,14,37.695,6.950412371134018,-7.36
trunk:LC1:L2:light:-1,15,37.615,7.04,-7.36
trunk:LC1:L2:light:-1,16,36.975,7.04,-7.36
trunk:LC1:L2:light:-1,17,36.975,5.908,-7.36
trunk:LC1:L2:light:-1,18,9.975000000000001,5.908,-7.36
drop:LC1:L2:light:-1:L31,1,9.975000000000001,5.908,-7.36
drop:LC1:L2:light:-1:L31,2,9.975,7.055,-7.36
drop:LC1:L2:light:-1:L31,3,9.975,7.055,-5.6
drop:LC1:L2:light:-1:L31,4,10.139999999999999,7.055,-5.6
drop:LC1:L2:light:-1:L31,5,10.139999999999999,6.61,-5.6
drop:LC1:L2:light:-1:L31,6,9.975,6.61,-5.6
drop:LC1:L2:light:-1:L31,7,9.975,6.655,-5.6
drop:LC1:L2:light:-1:L32,1,9.975000000000001,5.908,-7.36
drop:LC1:L2:light:-1:L32,2,9.975,7.055,-7.36
drop:LC1:L2:light:-1:L32,3,9.975,7.055,-5.6
drop:LC1:L2:light:-1:L32,4,10.139999999999999,7.055,-5.6
drop:LC1:L2:light:-1:L32,5,10.139999999999999,6.61,-5.6
drop:LC1:L2:light:-1:L32,6,9.975,6.61,-5.6
drop:LC1:L2:light:-1:L32,7,9.975,6.655,-5.6
drop:LC1:L2:light:-1:L35,1,14.475000000000001,5.908,-7.36
drop:LC1:L2:light:-1:L35,2,14.475,7.055,-7.36
drop:LC1:L2:light:-1:L35,3,14.475,7.055,-5.6
drop:LC1:L2:light:-1:L35,4,14.639999999999999,7.055,-5.6
drop:LC1:L2:light:-1:L35,5,14.639999999999999,6.61,-5.6
drop:LC1:L2:light:-1:L35,6,14.475,6.61,-5.6
drop:LC1:L2:light:-1:L35,7,14.475,6.655,-5.6
drop:LC1:L2:light:-1:L36,1,14.475000000000001,5.908,-7.36
drop:LC1:L2:light:-1:L36,2,14.475,7.055,-7.36
drop:LC1:L2:light:-1:L36,3,14.475,7.055,-5.6
drop:LC1:L2:light:-1:L36,4,14.639999999999999,7.055,-5.6
drop:LC1:L2:light:-1:L36,5,14.639999999999999,6.61,-5.6
drop:LC1:L2:light:-1:L36,6,14.475,6.61,-5.6
drop:LC1:L2:light:-1:L36,7,14.475,6.655,-5.6
drop:LC1:L2:light:-1:L39,1,18.975,5.908,-7.36
drop:LC1:L2:light:-1:L39,2,18.975,7.055,-7.36
drop:LC1:L2:light:-1:L39,3,18.975,7.055,-5.6
drop:LC1:L2:light:-1:L39,4,19.14,7.055,-5.6
drop:LC1:L2:light:-1:L39,5,19.14,6.61,-5.6
drop:LC1:L2:light:-1:L39,6,18.975,6.61,-5.6
drop:LC1:L2:light:-1:L39,7,18.975,6.655,-5.6
drop:LC1:L2:light:-1:L40,1,18.975,5.908,-7.36
drop:LC1:L2:light:-1:L40,2,18.975,7.055,-7.36
drop:LC1:L2:light:-1:L40,3,18.975,7.055,-5.6
drop:LC1:L2:light:-1:L40,4,19.14,7.055,-5.6
drop:LC1:L2:light:-1:L40,5,19.14,6.61,-5.6
drop:LC1:L2:light:-1:L40,6,18.975,6.61,-5.6
drop:LC1:L2:light:-1:L40,7,18.975,6.655,-5.6
drop:LC1:L2:light:-1:L43,1,23.475,5.908,-7.36
drop:LC1:L2:light:-1:L43,2,23.475,7.055,-7.36
drop:LC1:L2:light:-1:L43,3,23.475,7.055,-5.6
drop:LC1:L2:light:-1:L43,4,23.64,7.055,-5.6
drop:LC1:L2:light:-1:L43,5,23.64,6.61,-5.6
drop:LC1:L2:light:-1:L43,6,23.475,6.61,-5.6
drop:LC1:L2:light:-1:L43,7,23.475,6.655,-5.6
drop:LC1:L2:light:-1:L44,1,23.475,5.908,-7.36
drop:LC1:L2:light:-1:L44,2,23.475,7.055,-7.36
drop:LC1:L2:light:-1:L44,3,23.475,7.055,-5.6
drop:LC1:L2:light:-1:L44,4,23.64,7.055,-5.6
drop:LC1:L2:light:-1:L44,5,23.64,6.61,-5.6
drop:LC1:L2:light:-1:L44,6,23.475,6.61,-5.6
drop:LC1:L2:light:-1:L44,7,23.475,6.655,-5.6
drop:LC1:L2:light:-1:L47,1,27.975,5.908,-7.36
drop:LC1:L2:light:-1:L47,2,27.975,7.055,-7.36
drop:LC1:L2:light:-1:L47,3,27.975,7.055,-5.6
drop:LC1:L2:light:-1:L47,4,28.14,7.055,-5.6
drop:LC1:L2:light:-1:L47,5,28.14,6.61,-5.6
drop:LC1:L2:light:-1:L47,6,27.975,6.61,-5.6
drop:LC1:L2:light:-1:L47,7,27.975,6.655,-5.6
drop:LC1:L2:light:-1:L48,1,27.975,5.908,-7.36
drop:LC1:L2:light:-1:L48,2,27.975,7.055,-7.36
drop:LC1:L2:light:-1:L48,3,27.975,7.055,-5.6
drop:LC1:L2:light:-1:L48,4,28.14,7.055,-5.6
drop:LC1:L2:light:-1:L48,5,28.14,6.61,-5.6
drop:LC1:L2:light:-1:L48,6,27.975,6.61,-5.6
drop:LC1:L2:light:-1:L48,7,27.975,6.655,-5.6
drop:LC1:L2:light:-1:L51,1,32.475,5.908,-7.36
drop:LC1:L2:light:-1:L51,2,32.475,7.055,-7.36
drop:LC1:L2:light:-1:L51,3,32.475,7.055,-5.6
drop:LC1:L2:light:-1:L51,4,32.64,7.055,-5.6
drop:LC1:L2:light:-1:L51,5,32.64,6.61,-5.6
drop:LC1:L2:light:-1:L51,6,32.475,6.61,-5.6
drop:LC1:L2:light:-1:L51,7,32.475,6.655,-5.6
drop:LC1:L2:light:-1:L52,1,32.475,5.908,-7.36
drop:LC1:L2:light:-1:L52,2,32.475,7.055,-7.36
drop:LC1:L2:light:-1:L52,3,32.475,7.055,-5.6
drop:LC1:L2:light:-1:L52,4,32.64,7.055,-5.6
drop:LC1:L2:light:-1:L52,5,32.64,6.61,-5.6
drop:LC1:L2:light:-1:L52,6,32.475,6.61,-5.6
drop:LC1:L2:light:-1:L52,7,32.475,6.655,-5.6
drop:LC1:L2:light:-1:L55,1,36.975,5.908,-7.36
drop:LC1:L2:light:-1:L55,2,36.975,7.055,-7.36
drop:LC1:L2:light:-1:L55,3,36.975,7.055,-5.6
drop:LC1:L2:light:-1:L55,4,37.14,7.055,-5.6
drop:LC1:L2:light:-1:L55,5,37.14,6.61,-5.6
drop:LC1:L2:light:-1:L55,6,36.975,6.61,-5.6
drop:LC1:L2:light:-1:L55,7,36.975,6.655,-5.6
drop:LC1:L2:light:-1:L56,1,36.975,5.908,-7.36
drop:LC1:L2:light:-1:L56,2,36.975,7.055,-7.36
drop:LC1:L2:light:-1:L56,3,36.975,7.055,-5.6
drop:LC1:L2:light:-1:L56,4,37.14,7.055,-5.6
drop:LC1:L2:light:-1:L56,5,37.14,6.61,-5.6
drop:LC1:L2:light:-1:L56,6,36.975,6.61,-5.6
drop:LC1:L2:light:-1:L56,7,36.975,6.655,-5.6
trunk:LC1:L2:light:1,1,48.895,1.85,-0.55
trunk:LC1:L2:light:1,2,48.735,1.85,-0.55
trunk:LC1:L2:light:1,3,48.735,1.85,-2.24
trunk:LC1:L2:light:1,4,48.735,4.33,-2.24
trunk:LC1:L2:light:1,5,48.735,4.33,-3.3
trunk:LC1:L2:light:1,6,53.016,4.33,-3.3
trunk:LC1:L2:light:1,7,53.016,5.908,-3.3
trunk:LC1:L2:light:1,8,53.016,5.908,7.36
trunk:LC1:L2:light:1,9,44.175,5.908,7.36
trunk:LC1:L2:light:1,10,44.175,7.04,7.36
trunk:LC1:L2:light:1,11,43.535,7.04,7.36
trunk:LC1:L2:light:1,12,43.455,6.950412371134024,7.36
trunk:LC1:L2:light:1,13,40.574999999999996,9.269999999999994,7.36
trunk:LC1:L2:light:1,14,37.695,6.950412371134018,7.36
trunk:LC1:L2:light:1,15,37.615,7.04,7.36
trunk:LC1:L2:light:1,16,36.975,7.04,7.36
trunk:LC1:L2:light:1,17,36.975,5.908,7.36
trunk:LC1:L2:light:1,18,9.975000000000001,5.908,7.36
drop:LC1:L2:light:1:L33,1,9.975000000000001,5.908,7.36
drop:LC1:L2:light:1:L33,2,9.975,7.055,7.36
drop:LC1:L2:light:1:L33,3,9.975,7.055,5.6
drop:LC1:L2:light:1:L33,4,10.139999999999999,7.055,5.6
drop:LC1:L2:light:1:L33,5,10.139999999999999,6.61,5.6
drop:LC1:L2:light:1:L33,6,9.975,6.61,5.6
drop:LC1:L2:light:1:L33,7,9.975,6.655,5.6
drop:LC1:L2:light:1:L34,1,9.975000000000001,5.908,7.36
drop:LC1:L2:light:1:L34,2,9.975,7.055,7.36
drop:LC1:L2:light:1:L34,3,9.975,7.055,5.6
drop:LC1:L2:light:1:L34,4,10.139999999999999,7.055,5.6
drop:LC1:L2:light:1:L34,5,10.139999999999999,6.61,5.6
drop:LC1:L2:light:1:L34,6,9.975,6.61,5.6
drop:LC1:L2:light:1:L34,7,9.975,6.655,5.6
drop:LC1:L2:light:1:L37,1,14.475000000000001,5.908,7.36
drop:LC1:L2:light:1:L37,2,14.475,7.055,7.36
drop:LC1:L2:light:1:L37,3,14.475,7.055,5.6
drop:LC1:L2:light:1:L37,4,14.639999999999999,7.055,5.6
drop:LC1:L2:light:1:L37,5,14.639999999999999,6.61,5.6
drop:LC1:L2:light:1:L37,6,14.475,6.61,5.6
drop:LC1:L2:light:1:L37,7,14.475,6.655,5.6
drop:LC1:L2:light:1:L38,1,14.475000000000001,5.908,7.36
drop:LC1:L2:light:1:L38,2,14.475,7.055,7.36
drop:LC1:L2:light:1:L38,3,14.475,7.055,5.6
drop:LC1:L2:light:1:L38,4,14.639999999999999,7.055,5.6
drop:LC1:L2:light:1:L38,5,14.639999999999999,6.61,5.6
drop:LC1:L2:light:1:L38,6,14.475,6.61,5.6
drop:LC1:L2:light:1:L38,7,14.475,6.655,5.6
drop:LC1:L2:light:1:L41,1,18.975,5.908,7.36
drop:LC1:L2:light:1:L41,2,18.975,7.055,7.36
drop:LC1:L2:light:1:L41,3,18.975,7.055,5.6
drop:LC1:L2:light:1:L41,4,19.14,7.055,5.6
drop:LC1:L2:light:1:L41,5,19.14,6.61,5.6
drop:LC1:L2:light:1:L41,6,18.975,6.61,5.6
drop:LC1:L2:light:1:L41,7,18.975,6.655,5.6
drop:LC1:L2:light:1:L42,1,18.975,5.908,7.36
drop:LC1:L2:light:1:L42,2,18.975,7.055,7.36
drop:LC1:L2:light:1:L42,3,18.975,7.055,5.6
drop:LC1:L2:light:1:L42,4,19.14,7.055,5.6
drop:LC1:L2:light:1:L42,5,19.14,6.61,5.6
drop:LC1:L2:light:1:L42,6,18.975,6.61,5.6
drop:LC1:L2:light:1:L42,7,18.975,6.655,5.6
drop:LC1:L2:light:1:L45,1,23.475,5.908,7.36
drop:LC1:L2:light:1:L45,2,23.475,7.055,7.36
drop:LC1:L2:light:1:L45,3,23.475,7.055,5.6
drop:LC1:L2:light:1:L45,4,23.64,7.055,5.6
drop:LC1:L2:light:1:L45,5,23.64,6.61,5.6
drop:LC1:L2:light:1:L45,6,23.475,6.61,5.6
drop:LC1:L2:light:1:L45,7,23.475,6.655,5.6
drop:LC1:L2:light:1:L46,1,23.475,5.908,7.36
drop:LC1:L2:light:1:L46,2,23.475,7.055,7.36
drop:LC1:L2:light:1:L46,3,23.475,7.055,5.6
drop:LC1:L2:light:1:L46,4,23.64,7.055,5.6
drop:LC1:L2:light:1:L46,5,23.64,6.61,5.6
drop:LC1:L2:light:1:L46,6,23.475,6.61,5.6
drop:LC1:L2:light:1:L46,7,23.475,6.655,5.6
drop:LC1:L2:light:1:L49,1,27.975,5.908,7.36
drop:LC1:L2:light:1:L49,2,27.975,7.055,7.36
drop:LC1:L2:light:1:L49,3,27.975,7.055,5.6
drop:LC1:L2:light:1:L49,4,28.14,7.055,5.6
drop:LC1:L2:light:1:L49,5,28.14,6.61,5.6
drop:LC1:L2:light:1:L49,6,27.975,6.61,5.6
drop:LC1:L2:light:1:L49,7,27.975,6.655,5.6
drop:LC1:L2:light:1:L50,1,27.975,5.908,7.36
drop:LC1:L2:light:1:L50,2,27.975,7.055,7.36
drop:LC1:L2:light:1:L50,3,27.975,7.055,5.6
drop:LC1:L2:light:1:L50,4,28.14,7.055,5.6
drop:LC1:L2:light:1:L50,5,28.14,6.61,5.6
drop:LC1:L2:light:1:L50,6,27.975,6.61,5.6
drop:LC1:L2:light:1:L50,7,27.975,6.655,5.6
drop:LC1:L2:light:1:L53,1,32.475,5.908,7.36
drop:LC1:L2:light:1:L53,2,32.475,7.055,7.36
drop:LC1:L2:light:1:L53,3,32.475,7.055,5.6
drop:LC1:L2:light:1:L53,4,32.64,7.055,5.6
drop:LC1:L2:light:1:L53,5,32.64,6.61,5.6
drop:LC1:L2:light:1:L53,6,32.475,6.61,5.6
drop:LC1:L2:light:1:L53,7,32.475,6.655,5.6
drop:LC1:L2:light:1:L54,1,32.475,5.908,7.36
drop:LC1:L2:light:1:L54,2,32.475,7.055,7.36
drop:LC1:L2:light:1:L54,3,32.475,7.055,5.6
drop:LC1:L2:light:1:L54,4,32.64,7.055,5.6
drop:LC1:L2:light:1:L54,5,32.64,6.61,5.6
drop:LC1:L2:light:1:L54,6,32.475,6.61,5.6
drop:LC1:L2:light:1:L54,7,32.475,6.655,5.6
drop:LC1:L2:light:1:L57,1,36.975,5.908,7.36
drop:LC1:L2:light:1:L57,2,36.975,7.055,7.36
drop:LC1:L2:light:1:L57,3,36.975,7.055,5.6
drop:LC1:L2:light:1:L57,4,37.14,7.055,5.6
drop:LC1:L2:light:1:L57,5,37.14,6.61,5.6
drop:LC1:L2:light:1:L57,6,36.975,6.61,5.6
drop:LC1:L2:light:1:L57,7,36.975,6.655,5.6
drop:LC1:L2:light:1:L58,1,36.975,5.908,7.36
drop:LC1:L2:light:1:L58,2,36.975,7.055,7.36
drop:LC1:L2:light:1:L58,3,36.975,7.055,5.6
drop:LC1:L2:light:1:L58,4,37.14,7.055,5.6
drop:LC1:L2:light:1:L58,5,37.14,6.61,5.6
drop:LC1:L2:light:1:L58,6,36.975,6.61,5.6
drop:LC1:L2:light:1:L58,7,36.975,6.655,5.6
trunk:LC1:L8:light:-1,1,48.895,1.85,-0.55
trunk:LC1:L8:light:-1,2,48.735,1.85,-0.55
trunk:LC1:L8:light:-1,3,48.735,1.85,-2.24
trunk:LC1:L8:light:-1,4,48.735,4.33,-2.24
trunk:LC1:L8:light:-1,5,48.735,4.33,-3.3
trunk:LC1:L8:light:-1,6,53.016,4.33,-3.3
trunk:LC1:L8:light:-1,7,53.016,5.956,-3.3
trunk:LC1:L8:light:-1,8,53.016,5.956,-7.36
trunk:LC1:L8:light:-1,9,44.175,5.956,-7.36
trunk:LC1:L8:light:-1,10,44.175,7.04,-7.36
trunk:LC1:L8:light:-1,11,43.535,7.04,-7.36
trunk:LC1:L8:light:-1,12,43.455,6.950412371134024,-7.36
trunk:LC1:L8:light:-1,13,40.574999999999996,9.269999999999994,-7.36
trunk:LC1:L8:light:-1,14,38.94,7.953150773195872,-7.36
drop:LC1:L8:light:-1:L63,1,38.94,7.953150773195872,-7.36
drop:LC1:L8:light:-1:L63,2,38.94,7.953150773195873,-10.15
drop:LC1:L8:light:-1:L63,3,38.94,3.8,-10.15
drop:LC1:L8:light:-1:L65,1,42.22,7.945096649484534,-7.36
drop:LC1:L8:light:-1:L65,2,42.22,7.9450966494845385,-10.15
drop:LC1:L8:light:-1:L65,3,42.22,3.8,-10.15
trunk:LC1:L8:light:1,1,48.895,1.85,-0.55
trunk:LC1:L8:light:1,2,48.735,1.85,-0.55
trunk:LC1:L8:light:1,3,48.735,1.85,-2.24
trunk:LC1:L8:light:1,4,48.735,4.33,-2.24
trunk:LC1:L8:light:1,5,48.735,4.33,-3.3
trunk:LC1:L8:light:1,6,53.016,4.33,-3.3
trunk:LC1:L8:light:1,7,53.016,5.956,-3.3
trunk:LC1:L8:light:1,8,53.016,5.956,7.36
trunk:LC1:L8:light:1,9,44.175,5.956,7.36
trunk:LC1:L8:light:1,10,44.175,7.04,7.36
trunk:LC1:L8:light:1,11,43.535,7.04,7.36
trunk:LC1:L8:light:1,12,43.455,6.950412371134024,7.36
trunk:LC1:L8:light:1,13,40.574999999999996,9.269999999999994,7.36
trunk:LC1:L8:light:1,14,38.94,7.953150773195872,7.36
drop:LC1:L8:light:1:L67,1,38.94,7.953150773195872,7.36
drop:LC1:L8:light:1:L67,2,38.94,7.953150773195873,10.15
drop:LC1:L8:light:1:L67,3,38.94,3.8,10.15
drop:LC1:L8:light:1:L69,1,42.22,7.945096649484534,7.36
drop:LC1:L8:light:1:L69,2,42.22,7.9450966494845385,10.15
drop:LC1:L8:light:1:L69,3,42.22,3.8,10.15
trunk:LC1:LA:light:-1,1,48.895,1.85,-0.55
trunk:LC1:LA:light:-1,2,48.735,1.85,-0.55
trunk:LC1:LA:light:-1,3,48.735,1.85,-2.24
trunk:LC1:LA:light:-1,4,48.735,4.33,-2.24
trunk:LC1:LA:light:-1,5,48.735,4.33,-3.3
trunk:LC1:LA:light:-1,6,53.016,4.33,-3.3
trunk:LC1:LA:light:-1,7,53.016,5.932,-3.3
trunk:LC1:LA:light:-1,8,53.016,5.932,-7.36
trunk:LC1:LA:light:-1,9,44.175,5.932,-7.36
trunk:LC1:LA:light:-1,10,44.175,7.04,-7.36
trunk:LC1:LA:light:-1,11,43.535,7.04,-7.36
trunk:LC1:LA:light:-1,12,43.455,6.950412371134024,-7.36
trunk:LC1:LA:light:-1,13,40.574999999999996,9.269999999999994,-7.36
trunk:LC1:LA:light:-1,14,37.695,6.950412371134018,-7.36
trunk:LC1:LA:light:-1,15,37.615,7.04,-7.36
trunk:LC1:LA:light:-1,16,36.975,7.04,-7.36
trunk:LC1:LA:light:-1,17,36.975,5.932,-7.36
trunk:LC1:LA:light:-1,18,9.975000000000001,5.932,-7.36
drop:LC1:LA:light:-1:L71,1,9.975000000000001,5.932,-7.36
drop:LC1:LA:light:-1:L71,2,10.32,5.932,-7.36
drop:LC1:LA:light:-1:L71,3,10.32,7.04,-7.36
drop:LC1:LA:light:-1:L71,4,10.32,9.442448369565216,-4.050000000000001
drop:LC1:LA:light:-1:L71,5,10.32,9.235,-4.05
drop:LC1:LA:light:-1:L71,6,10.32,9.235,-3
drop:LC1:LA:light:-1:L71,7,9.975,9.235,-3
drop:LC1:LA:light:-1:L71,8,9.975,9.235,0
drop:LC1:LA:light:-1:L71,9,9.975,9.18,0
drop:LC1:LA:light:-1:L72,1,14.475000000000001,5.932,-7.36
drop:LC1:LA:light:-1:L72,2,14.82,5.932,-7.36
drop:LC1:LA:light:-1:L72,3,14.82,7.04,-7.36
drop:LC1:LA:light:-1:L72,4,14.82,9.442448369565216,-4.050000000000001
drop:LC1:LA:light:-1:L72,5,14.82,9.235,-4.05
drop:LC1:LA:light:-1:L72,6,14.82,9.235,-3
drop:LC1:LA:light:-1:L72,7,14.475,9.235,-3
drop:LC1:LA:light:-1:L72,8,14.475,9.235,0
drop:LC1:LA:light:-1:L72,9,14.475,9.18,0
drop:LC1:LA:light:-1:L73,1,18.975,5.932,-7.36
drop:LC1:LA:light:-1:L73,2,19.32,5.932,-7.36
drop:LC1:LA:light:-1:L73,3,19.32,7.04,-7.36
drop:LC1:LA:light:-1:L73,4,19.32,9.442448369565216,-4.050000000000001
drop:LC1:LA:light:-1:L73,5,19.32,9.235,-4.05
drop:LC1:LA:light:-1:L73,6,19.32,9.235,-3
drop:LC1:LA:light:-1:L73,7,18.975,9.235,-3
drop:LC1:LA:light:-1:L73,8,18.975,9.235,0
drop:LC1:LA:light:-1:L73,9,18.975,9.18,0
drop:LC1:LA:light:-1:L74,1,23.475,5.932,-7.36
drop:LC1:LA:light:-1:L74,2,23.82,5.932,-7.36
drop:LC1:LA:light:-1:L74,3,23.82,7.04,-7.36
drop:LC1:LA:light:-1:L74,4,23.82,9.442448369565216,-4.050000000000001
drop:LC1:LA:light:-1:L74,5,23.82,9.235,-4.05
drop:LC1:LA:light:-1:L74,6,23.82,9.235,-3
drop:LC1:LA:light:-1:L74,7,23.475,9.235,-3
drop:LC1:LA:light:-1:L74,8,23.475,9.235,0
drop:LC1:LA:light:-1:L74,9,23.475,9.18,0
drop:LC1:LA:light:-1:L75,1,27.975,5.932,-7.36
drop:LC1:LA:light:-1:L75,2,28.32,5.932,-7.36
drop:LC1:LA:light:-1:L75,3,28.32,7.04,-7.36
drop:LC1:LA:light:-1:L75,4,28.32,9.442448369565216,-4.050000000000001
drop:LC1:LA:light:-1:L75,5,28.32,9.235,-4.05
drop:LC1:LA:light:-1:L75,6,28.32,9.235,-3
drop:LC1:LA:light:-1:L75,7,27.975,9.235,-3
drop:LC1:LA:light:-1:L75,8,27.975,9.235,0
drop:LC1:LA:light:-1:L75,9,27.975,9.18,0
drop:LC1:LA:light:-1:L76,1,32.475,5.932,-7.36
drop:LC1:LA:light:-1:L76,2,32.82,5.932,-7.36
drop:LC1:LA:light:-1:L76,3,32.82,7.04,-7.36
drop:LC1:LA:light:-1:L76,4,32.82,9.442448369565216,-4.050000000000001
drop:LC1:LA:light:-1:L76,5,32.82,9.235,-4.05
drop:LC1:LA:light:-1:L76,6,32.82,9.235,-3
drop:LC1:LA:light:-1:L76,7,32.475,9.235,-3
drop:LC1:LA:light:-1:L76,8,32.475,9.235,0
drop:LC1:LA:light:-1:L76,9,32.475,9.18,0
drop:LC1:LA:light:-1:L77,1,36.975,5.932,-7.36
drop:LC1:LA:light:-1:L77,2,37.32,5.932,-7.36
drop:LC1:LA:light:-1:L77,3,37.32,7.04,-7.36
drop:LC1:LA:light:-1:L77,4,37.32,9.442448369565216,-4.050000000000001
drop:LC1:LA:light:-1:L77,5,37.32,9.235,-4.05
drop:LC1:LA:light:-1:L77,6,37.32,9.235,-3
drop:LC1:LA:light:-1:L77,7,36.975,9.235,-3
drop:LC1:LA:light:-1:L77,8,36.975,9.235,0
drop:LC1:LA:light:-1:L77,9,36.975,9.18,0
trunk:LC1:LD:light:-1,1,48.895,1.85,-0.55
trunk:LC1:LD:light:-1,2,48.735,1.85,-0.55
trunk:LC1:LD:light:-1,3,48.735,1.85,-2.24
trunk:LC1:LD:light:-1,4,48.735,4.33,-2.24
trunk:LC1:LD:light:-1,5,48.735,4.33,-3.3
trunk:LC1:LD:light:-1,6,53.016,4.33,-3.3
trunk:LC1:LD:light:-1,7,53.016,5.94,-3.3
trunk:LC1:LD:light:-1,8,53.016,5.94,-7.36
trunk:LC1:LD:light:-1,9,44.175,5.94,-7.36
trunk:LC1:LD:light:-1,10,44.175,7.04,-7.36
trunk:LC1:LD:light:-1,11,43.535,7.04,-7.36
trunk:LC1:LD:light:-1,12,43.455,6.950412371134024,-7.36
trunk:LC1:LD:light:-1,13,40.574999999999996,9.269999999999994,-7.36
trunk:LC1:LD:light:-1,14,37.695,6.950412371134018,-7.36
trunk:LC1:LD:light:-1,15,37.615,7.04,-7.36
trunk:LC1:LD:light:-1,16,36.975,7.04,-7.36
trunk:LC1:LD:light:-1,17,36.975,5.94,-7.36
trunk:LC1:LD:light:-1,18,9.975000000000001,5.94,-7.36
drop:LC1:LD:light:-1:L78,1,16.725,5.94,-7.36
drop:LC1:LD:light:-1:L78,2,16.725,7.04,-7.36
drop:LC1:LD:light:-1:L78,3,16.725,12.382,0
drop:LC1:LD:light:-1:L78,4,16.725,12.152,0
drop:LC1:LD:light:-1:L78,5,16.725,6.3,0
drop:LC1:LD:light:-1:L79,1,25.725,5.94,-7.36
drop:LC1:LD:light:-1:L79,2,25.725,7.04,-7.36
drop:LC1:LD:light:-1:L79,3,25.725,12.382,0
drop:LC1:LD:light:-1:L79,4,25.725,12.152,0
drop:LC1:LD:light:-1:L79,5,25.725,6.3,0
drop:LC1:LD:light:-1:L80,1,34.725,5.94,-7.36
drop:LC1:LD:light:-1:L80,2,34.725,7.04,-7.36
drop:LC1:LD:light:-1:L80,3,34.725,12.382,0
drop:LC1:LD:light:-1:L80,4,34.725,12.152,0
drop:LC1:LD:light:-1:L80,5,34.725,6.3,0
drop:LC1:LD:light:-1:L81,1,40.575,9.269999999999989,-7.36
drop:LC1:LD:light:-1:L81,2,40.575,9.27,-4.24
drop:LC1:LD:light:-1:L81,3,40.575,9.362608695652174,-4.16
drop:LC1:LD:light:-1:L81,4,40.575,12.382,0
drop:LC1:LD:light:-1:L81,5,40.575,12.152,0
drop:LC1:LD:light:-1:L81,6,40.575,9.2,0
drop:LC1:LD:light:-1:L82,1,9.975000000000001,5.94,-7.36
drop:LC1:LD:light:-1:L82,2,9.975000000000001,4.6,-7.36
drop:LC1:LD:light:-1:L82,3,9.975,4.6,-7.07
drop:LC1:LD:light:-1:L84,1,14.475000000000001,5.94,-7.36
drop:LC1:LD:light:-1:L84,2,14.475000000000001,4.6,-7.36
drop:LC1:LD:light:-1:L84,3,14.475,4.6,-7.07
drop:LC1:LD:light:-1:L86,1,18.975,5.94,-7.36
drop:LC1:LD:light:-1:L86,2,18.975,4.6,-7.36
drop:LC1:LD:light:-1:L86,3,18.975,4.6,-7.07
drop:LC1:LD:light:-1:L88,1,23.475,5.94,-7.36
drop:LC1:LD:light:-1:L88,2,23.475,4.6,-7.36
drop:LC1:LD:light:-1:L88,3,23.475,4.6,-7.07
drop:LC1:LD:light:-1:L90,1,27.975,5.94,-7.36
drop:LC1:LD:light:-1:L90,2,27.975,4.6,-7.36
drop:LC1:LD:light:-1:L90,3,27.975,4.6,-7.07
drop:LC1:LD:light:-1:L92,1,32.475,5.94,-7.36
drop:LC1:LD:light:-1:L92,2,32.475,4.6,-7.36
drop:LC1:LD:light:-1:L92,3,32.475,4.6,-7.07
drop:LC1:LD:light:-1:L94,1,36.975,5.94,-7.36
drop:LC1:LD:light:-1:L94,2,36.975,4.6,-7.36
drop:LC1:LD:light:-1:L94,3,36.975,4.6,-7.07
drop:LC1:LD:light:-1:L96,1,48.5,5.94,-7.36
drop:LC1:LD:light:-1:L96,2,48.5,5.94,-3.525
drop:LC1:LD:light:-1:L96,3,46.455,5.94,-3.525
drop:LC1:LD:light:-1:L96,4,46.455,4.3,-3.525
drop:LC1:LD:light:-1:L96,5,46.455,4.3,-3.2399999999999998
trunk:LC1:LD:light:1,1,48.895,1.85,-0.55
trunk:LC1:LD:light:1,2,48.735,1.85,-0.55
trunk:LC1:LD:light:1,3,48.735,1.85,-2.24
trunk:LC1:LD:light:1,4,48.735,4.33,-2.24
trunk:LC1:LD:light:1,5,48.735,4.33,-3.3
trunk:LC1:LD:light:1,6,53.016,4.33,-3.3
trunk:LC1:LD:light:1,7,53.016,5.94,-3.3
trunk:LC1:LD:light:1,8,53.016,5.94,7.36
trunk:LC1:LD:light:1,9,44.175,5.94,7.36
trunk:LC1:LD:light:1,10,44.175,7.04,7.36
trunk:LC1:LD:light:1,11,43.535,7.04,7.36
trunk:LC1:LD:light:1,12,43.455,6.950412371134024,7.36
trunk:LC1:LD:light:1,13,40.574999999999996,9.269999999999994,7.36
trunk:LC1:LD:light:1,14,37.695,6.950412371134018,7.36
trunk:LC1:LD:light:1,15,37.615,7.04,7.36
trunk:LC1:LD:light:1,16,36.975,7.04,7.36
trunk:LC1:LD:light:1,17,36.975,5.94,7.36
trunk:LC1:LD:light:1,18,9.975000000000001,5.94,7.36
drop:LC1:LD:light:1:L83,1,9.975000000000001,5.94,7.36
drop:LC1:LD:light:1:L83,2,9.975000000000001,4.6,7.36
drop:LC1:LD:light:1:L83,3,9.975,4.6,7.07
drop:LC1:LD:light:1:L85,1,14.475000000000001,5.94,7.36
drop:LC1:LD:light:1:L85,2,14.475000000000001,4.6,7.36
drop:LC1:LD:light:1:L85,3,14.475,4.6,7.07
drop:LC1:LD:light:1:L87,1,18.975,5.94,7.36
drop:LC1:LD:light:1:L87,2,18.975,4.6,7.36
drop:LC1:LD:light:1:L87,3,18.975,4.6,7.07
drop:LC1:LD:light:1:L89,1,23.475,5.94,7.36
drop:LC1:LD:light:1:L89,2,23.475,4.6,7.36
drop:LC1:LD:light:1:L89,3,23.475,4.6,7.07
drop:LC1:LD:light:1:L91,1,27.975,5.94,7.36
drop:LC1:LD:light:1:L91,2,27.975,4.6,7.36
drop:LC1:LD:light:1:L91,3,27.975,4.6,7.07
drop:LC1:LD:light:1:L93,1,32.475,5.94,7.36
drop:LC1:LD:light:1:L93,2,32.475,4.6,7.36
drop:LC1:LD:light:1:L93,3,32.475,4.6,7.07
drop:LC1:LD:light:1:L95,1,36.975,5.94,7.36
drop:LC1:LD:light:1:L95,2,36.975,4.6,7.36
drop:LC1:LD:light:1:L95,3,36.975,4.6,7.07
drop:LC1:LD:light:1:L97,1,48.5,5.94,7.36
drop:LC1:LD:light:1:L97,2,48.5,5.94,3.525
drop:LC1:LD:light:1:L97,3,46.455,5.94,3.525
drop:LC1:LD:light:1:L97,4,46.455,4.3,3.525
drop:LC1:LD:light:1:L97,5,46.455,4.3,3.2399999999999998
trunk:LC1:L3:light:-1,1,48.895,1.85,-0.55
trunk:LC1:L3:light:-1,2,48.735,1.85,-0.55
trunk:LC1:L3:light:-1,3,48.735,1.85,-2.24
trunk:LC1:L3:light:-1,4,48.735,4.33,-2.24
trunk:LC1:L3:light:-1,5,48.735,4.33,-3.3
trunk:LC1:L3:light:-1,6,53.016,4.33,-3.3
trunk:LC1:L3:light:-1,7,53.016,5.916,-3.3
trunk:LC1:L3:light:-1,8,53.016,5.916,-7.36
trunk:LC1:L3:light:-1,9,44.175,5.916,-7.36
trunk:LC1:L3:light:-1,10,44.175,7.04,-7.36
trunk:LC1:L3:light:-1,11,43.535,7.04,-7.36
trunk:LC1:L3:light:-1,12,43.455,6.950412371134024,-7.36
trunk:LC1:L3:light:-1,13,40.574999999999996,9.269999999999994,-7.36
trunk:LC1:L3:light:-1,14,37.695,6.950412371134018,-7.36
trunk:LC1:L3:light:-1,15,37.615,7.04,-7.36
trunk:LC1:L3:light:-1,16,36.975,7.04,-7.36
trunk:LC1:L3:light:-1,17,36.975,5.916,-7.36
drop:LC1:L3:light:-1:L98,1,36.975,5.916,-7.36
drop:LC1:L3:light:-1:L98,2,37.32,5.916,-7.36
drop:LC1:L3:light:-1:L98,3,37.32,7.04,-7.36
drop:LC1:L3:light:-1:L98,4,37.32,9.442448369565216,-4.050000000000001
drop:LC1:L3:light:-1:L98,5,37.32,9.235,-4.05
drop:LC1:L3:light:-1:L98,6,37.32,9.235,-3
drop:LC1:L3:light:-1:L98,7,36.975,9.235,-3
drop:LC1:L3:light:-1:L98,8,36.975,9.235,-1.4
drop:LC1:L3:light:-1:L98,9,37.18,9.235,-1.4
drop:LC1:L3:light:-1:L98,10,37.18,8.54,-1.4
drop:LC1:L3:light:-1:L98,11,36.975,8.54,-1.4
drop:LC1:L3:light:-1:L98,12,36.975,8.584999999999999,-1.4
drop:LC1:L3:light:-1:L100,1,36.975,5.916,-7.36
drop:LC1:L3:light:-1:L100,2,37.32,5.916,-7.36
drop:LC1:L3:light:-1:L100,3,37.32,7.04,-7.36
drop:LC1:L3:light:-1:L100,4,37.32,9.442448369565216,-4.050000000000001
drop:LC1:L3:light:-1:L100,5,37.32,9.235,-4.05
drop:LC1:L3:light:-1:L100,6,37.32,9.235,-3
drop:LC1:L3:light:-1:L100,7,36.975,9.235,-3
drop:LC1:L3:light:-1:L100,8,36.975,9.235,-3.15
drop:LC1:L3:light:-1:L100,9,37.495000000000005,9.235,-3.15
drop:LC1:L3:light:-1:L100,10,37.495000000000005,8.48,-3.15
drop:LC1:L3:light:-1:L100,11,36.92780262285554,8.48,-3.15
drop:LC1:L3:light:-1:L100,12,36.92780262285554,8.48,-3.155385276617129
drop:LC1:L3:light:-1:L100,13,36.92780262285554,8.50936929692361,-3.155385276617129
drop:LC1:L3:light:-1:L101,1,36.975,5.916,-7.36
drop:LC1:L3:light:-1:L101,2,37.32,5.916,-7.36
drop:LC1:L3:light:-1:L101,3,37.32,7.04,-7.36
drop:LC1:L3:light:-1:L101,4,37.32,9.442448369565216,-4.050000000000001
drop:LC1:L3:light:-1:L101,5,37.32,9.235,-4.05
drop:LC1:L3:light:-1:L101,6,37.32,9.235,-3
drop:LC1:L3:light:-1:L101,7,36.975,9.235,-3
drop:LC1:L3:light:-1:L101,8,36.975,9.235,-1.9
drop:LC1:L3:light:-1:L101,9,37.18,9.235,-1.9
drop:LC1:L3:light:-1:L101,10,37.18,8.54,-1.9
drop:LC1:L3:light:-1:L101,11,36.975,8.54,-1.9
drop:LC1:L3:light:-1:L101,12,36.975,8.584999999999999,-1.9
drop:LC1:L3:light:-1:L104,1,36.975,5.916,-7.36
drop:LC1:L3:light:-1:L104,2,37.32,5.916,-7.36
drop:LC1:L3:light:-1:L104,3,37.32,7.04,-7.36
drop:LC1:L3:light:-1:L104,4,37.32,9.442448369565216,-4.050000000000001
drop:LC1:L3:light:-1:L104,5,37.32,9.235,-4.05
drop:LC1:L3:light:-1:L104,6,37.32,9.235,-3
drop:LC1:L3:light:-1:L104,7,36.975,9.235,-3
drop:LC1:L3:light:-1:L104,8,36.975,9.235,-0.6
drop:LC1:L3:light:-1:L104,9,37.18,9.235,-0.6
drop:LC1:L3:light:-1:L104,10,37.18,8.54,-0.6
drop:LC1:L3:light:-1:L104,11,36.975,8.54,-0.6
drop:LC1:L3:light:-1:L104,12,36.975,8.584999999999999,-0.6
drop:LC1:L3:light:-1:L106,1,48.5,5.916,-7.36
drop:LC1:L3:light:-1:L106,2,48.5,5.916,-3.525
drop:LC1:L3:light:-1:L106,3,44.75,5.916,-3.525
drop:LC1:L3:light:-1:L106,4,44.75,7.6,-3.525
drop:LC1:L3:light:-1:L106,5,44.75,7.6,-3.2399999999999998
drop:LC1:L3:light:-1:L107,1,48.5,5.916,-7.36
drop:LC1:L3:light:-1:L107,2,48.5,5.916,-3.525
drop:LC1:L3:light:-1:L107,3,44.75,5.916,-3.525
drop:LC1:L3:light:-1:L107,4,44.75,6.7,-3.525
drop:LC1:L3:light:-1:L107,5,44.75,6.7,-3.2399999999999998
drop:LC1:L3:light:-1:L108,1,48.5,5.916,-7.36
drop:LC1:L3:light:-1:L108,2,48.5,5.916,-3.525
drop:LC1:L3:light:-1:L108,3,44.75,5.916,-3.525
drop:LC1:L3:light:-1:L108,4,44.75,5.4,-3.525
drop:LC1:L3:light:-1:L108,5,44.75,5.4,-3.2399999999999998
drop:LC1:L3:light:-1:L109,1,48.5,5.916,-7.36
drop:LC1:L3:light:-1:L109,2,48.5,5.916,-3.525
drop:LC1:L3:light:-1:L109,3,45.35,5.916,-3.525
drop:LC1:L3:light:-1:L109,4,45.35,8.42,-3.525
drop:LC1:L3:light:-1:L109,5,45.35,8.42,-2.94
drop:LC1:L3:light:-1:L114,1,48.5,5.916,-7.36
drop:LC1:L3:light:-1:L114,2,48.5,5.916,-3.525
drop:LC1:L3:light:-1:L114,3,44.75,5.916,-3.525
drop:LC1:L3:light:-1:L114,4,44.75,4.9,-3.525
drop:LC1:L3:light:-1:L114,5,44.75,4.9,-3.2399999999999998
drop:LC1:L3:light:-1:L115,1,36.975,5.916,-7.36
drop:LC1:L3:light:-1:L115,2,36.975,7.055,-7.36
drop:LC1:L3:light:-1:L115,3,36.975,7.055,-5.25
drop:LC1:L3:light:-1:L115,4,37.14,7.055,-5.25
drop:LC1:L3:light:-1:L115,5,37.14,6.61,-5.25
drop:LC1:L3:light:-1:L115,6,36.975,6.61,-5.25
drop:LC1:L3:light:-1:L115,7,36.975,6.655,-5.25
drop:LC1:L3:light:-1:L116,1,36.975,5.916,-7.36
drop:LC1:L3:light:-1:L116,2,36.975,7.055,-7.36
drop:LC1:L3:light:-1:L116,3,36.975,7.055,-4.9
drop:LC1:L3:light:-1:L116,4,37.14,7.055,-4.9
drop:LC1:L3:light:-1:L116,5,37.14,6.61,-4.9
drop:LC1:L3:light:-1:L116,6,36.975,6.61,-4.9
drop:LC1:L3:light:-1:L116,7,36.975,6.655,-4.9
drop:LC1:L3:light:-1:L151,1,52.8,5.916,-7.36
drop:LC1:L3:light:-1:L151,2,53.016,5.916,-7.36
drop:LC1:L3:light:-1:L151,3,53.016,5.916,-4.48
drop:LC1:L3:light:-1:L151,4,53.016,2.3,-4.48
drop:LC1:L3:light:-1:L151,5,52.8,2.3,-4.48
drop:LC1:L3:light:-1:L152,1,52.8,5.916,-7.36
drop:LC1:L3:light:-1:L152,2,53.016,5.916,-7.36
drop:LC1:L3:light:-1:L152,3,53.016,5.916,-6.48
drop:LC1:L3:light:-1:L152,4,53.016,2.3,-6.48
drop:LC1:L3:light:-1:L152,5,52.8,2.3,-6.48
trunk:LC1:L3:light:1,1,48.895,1.85,-0.55
trunk:LC1:L3:light:1,2,48.735,1.85,-0.55
trunk:LC1:L3:light:1,3,48.735,1.85,-2.24
trunk:LC1:L3:light:1,4,48.735,4.33,-2.24
trunk:LC1:L3:light:1,5,48.735,4.33,-3.3
trunk:LC1:L3:light:1,6,53.016,4.33,-3.3
trunk:LC1:L3:light:1,7,53.016,5.916,-3.3
trunk:LC1:L3:light:1,8,53.016,5.916,7.36
trunk:LC1:L3:light:1,9,44.175,5.916,7.36
trunk:LC1:L3:light:1,10,44.175,7.04,7.36
trunk:LC1:L3:light:1,11,43.535,7.04,7.36
trunk:LC1:L3:light:1,12,43.455,6.950412371134024,7.36
trunk:LC1:L3:light:1,13,40.574999999999996,9.269999999999994,7.36
trunk:LC1:L3:light:1,14,37.695,6.950412371134018,7.36
trunk:LC1:L3:light:1,15,37.615,7.04,7.36
trunk:LC1:L3:light:1,16,36.975,7.04,7.36
trunk:LC1:L3:light:1,17,36.975,5.916,7.36
drop:LC1:L3:light:1:L99,1,36.975,5.916,7.36
drop:LC1:L3:light:1:L99,2,37.32,5.916,7.36
drop:LC1:L3:light:1:L99,3,37.32,7.04,7.36
drop:LC1:L3:light:1:L99,4,37.32,9.442448369565216,4.050000000000001
drop:LC1:L3:light:1:L99,5,37.32,9.235,4.05
drop:LC1:L3:light:1:L99,6,37.32,9.235,3
drop:LC1:L3:light:1:L99,7,36.975,9.235,3
drop:LC1:L3:light:1:L99,8,36.975,9.235,1.4
drop:LC1:L3:light:1:L99,9,37.18,9.235,1.4
drop:LC1:L3:light:1:L99,10,37.18,8.54,1.4
drop:LC1:L3:light:1:L99,11,36.975,8.54,1.4
drop:LC1:L3:light:1:L99,12,36.975,8.584999999999999,1.4
drop:LC1:L3:light:1:L102,1,36.975,5.916,7.36
drop:LC1:L3:light:1:L102,2,37.32,5.916,7.36
drop:LC1:L3:light:1:L102,3,37.32,7.04,7.36
drop:LC1:L3:light:1:L102,4,37.32,9.442448369565216,4.050000000000001
drop:LC1:L3:light:1:L102,5,37.32,9.235,4.05
drop:LC1:L3:light:1:L102,6,37.32,9.235,3
drop:LC1:L3:light:1:L102,7,36.975,9.235,3
drop:LC1:L3:light:1:L102,8,36.975,9.235,1.9
drop:LC1:L3:light:1:L102,9,37.18,9.235,1.9
drop:LC1:L3:light:1:L102,10,37.18,8.54,1.9
drop:LC1:L3:light:1:L102,11,36.975,8.54,1.9
drop:LC1:L3:light:1:L102,12,36.975,8.584999999999999,1.9
drop:LC1:L3:light:1:L103,1,36.975,5.916,7.36
drop:LC1:L3:light:1:L103,2,37.32,5.916,7.36
drop:LC1:L3:light:1:L103,3,37.32,7.04,7.36
drop:LC1:L3:light:1:L103,4,37.32,9.442448369565216,4.050000000000001
drop:LC1:L3:light:1:L103,5,37.32,9.235,4.05
drop:LC1:L3:light:1:L103,6,37.32,9.235,3
drop:LC1:L3:light:1:L103,7,36.975,9.235,3
drop:LC1:L3:light:1:L103,8,37.18,9.235,3
drop:LC1:L3:light:1:L103,9,37.18,8.54,3
drop:LC1:L3:light:1:L103,10,36.975,8.54,3
drop:LC1:L3:light:1:L103,11,36.975,8.584999999999999,3
drop:LC1:L3:light:1:L105,1,36.975,5.916,7.36
drop:LC1:L3:light:1:L105,2,37.32,5.916,7.36
drop:LC1:L3:light:1:L105,3,37.32,7.04,7.36
drop:LC1:L3:light:1:L105,4,37.32,9.442448369565216,4.050000000000001
drop:LC1:L3:light:1:L105,5,37.32,9.235,4.05
drop:LC1:L3:light:1:L105,6,37.32,9.235,3
drop:LC1:L3:light:1:L105,7,36.975,9.235,3
drop:LC1:L3:light:1:L105,8,36.975,9.235,0.6
drop:LC1:L3:light:1:L105,9,37.18,9.235,0.6
drop:LC1:L3:light:1:L105,10,37.18,8.54,0.6
drop:LC1:L3:light:1:L105,11,36.975,8.54,0.6
drop:LC1:L3:light:1:L105,12,36.975,8.584999999999999,0.6
drop:LC1:L3:light:1:L110,1,48.5,5.916,7.36
drop:LC1:L3:light:1:L110,2,48.5,5.916,3.525
drop:LC1:L3:light:1:L110,3,44.75,5.916,3.525
drop:LC1:L3:light:1:L110,4,44.75,7.6,3.525
drop:LC1:L3:light:1:L110,5,44.75,7.6,3.2399999999999998
drop:LC1:L3:light:1:L111,1,48.5,5.916,7.36
drop:LC1:L3:light:1:L111,2,48.5,5.916,3.525
drop:LC1:L3:light:1:L111,3,44.75,5.916,3.525
drop:LC1:L3:light:1:L111,4,44.75,6.7,3.525
drop:LC1:L3:light:1:L111,5,44.75,6.7,3.2399999999999998
drop:LC1:L3:light:1:L112,1,48.5,5.916,7.36
drop:LC1:L3:light:1:L112,2,48.5,5.916,3.525
drop:LC1:L3:light:1:L112,3,44.75,5.916,3.525
drop:LC1:L3:light:1:L112,4,44.75,5.4,3.525
drop:LC1:L3:light:1:L112,5,44.75,5.4,3.2399999999999998
drop:LC1:L3:light:1:L113,1,48.5,5.916,7.36
drop:LC1:L3:light:1:L113,2,48.5,5.916,3.525
drop:LC1:L3:light:1:L113,3,45.35,5.916,3.525
drop:LC1:L3:light:1:L113,4,45.35,8.42,3.525
drop:LC1:L3:light:1:L113,5,45.35,8.42,2.94
drop:LC1:L3:light:1:L117,1,36.975,5.916,7.36
drop:LC1:L3:light:1:L117,2,36.975,7.055,7.36
drop:LC1:L3:light:1:L117,3,36.975,7.055,5.25
drop:LC1:L3:light:1:L117,4,37.14,7.055,5.25
drop:LC1:L3:light:1:L117,5,37.14,6.61,5.25
drop:LC1:L3:light:1:L117,6,36.975,6.61,5.25
drop:LC1:L3:light:1:L117,7,36.975,6.655,5.25
drop:LC1:L3:light:1:L118,1,36.975,5.916,7.36
drop:LC1:L3:light:1:L118,2,36.975,7.055,7.36
drop:LC1:L3:light:1:L118,3,36.975,7.055,4.9
drop:LC1:L3:light:1:L118,4,37.14,7.055,4.9
drop:LC1:L3:light:1:L118,5,37.14,6.61,4.9
drop:LC1:L3:light:1:L118,6,36.975,6.61,4.9
drop:LC1:L3:light:1:L118,7,36.975,6.655,4.9
drop:LC1:L3:light:1:L153,1,52.8,5.916,7.36
drop:LC1:L3:light:1:L153,2,53.016,5.916,7.36
drop:LC1:L3:light:1:L153,3,53.016,5.916,4.48
drop:LC1:L3:light:1:L153,4,53.016,2.3,4.48
drop:LC1:L3:light:1:L153,5,52.8,2.3,4.48
drop:LC1:L3:light:1:L154,1,52.8,5.916,7.36
drop:LC1:L3:light:1:L154,2,53.016,5.916,7.36
drop:LC1:L3:light:1:L154,3,53.016,5.916,6.48
drop:LC1:L3:light:1:L154,4,53.016,2.3,6.48
drop:LC1:L3:light:1:L154,5,52.8,2.3,6.48
trunk:LC1:L4:light:-1,1,48.895,1.85,-0.55
trunk:LC1:L4:light:-1,2,48.735,1.85,-0.55
trunk:LC1:L4:light:-1,3,48.735,1.85,-2.24
trunk:LC1:L4:light:-1,4,48.735,4.33,-2.24
trunk:LC1:L4:light:-1,5,48.735,4.33,-3.3
trunk:LC1:L4:light:-1,6,53.016,4.33,-3.3
trunk:LC1:L4:light:-1,7,53.016,5.924,-3.3
trunk:LC1:L4:light:-1,8,53.016,5.924,-7.36
trunk:LC1:L4:light:-1,9,44.175,5.924,-7.36
trunk:LC1:L4:light:-1,10,44.175,7.04,-7.36
trunk:LC1:L4:light:-1,11,43.535,7.04,-7.36
trunk:LC1:L4:light:-1,12,43.455,6.950412371134024,-7.36
trunk:LC1:L4:light:-1,13,40.574999999999996,9.269999999999994,-7.36
trunk:LC1:L4:light:-1,14,37.695,6.950412371134018,-7.36
trunk:LC1:L4:light:-1,15,37.615,7.04,-7.36
trunk:LC1:L4:light:-1,16,36.975,7.04,-7.36
trunk:LC1:L4:light:-1,17,36.975,5.924,-7.36
trunk:LC1:L4:light:-1,18,9.975000000000001,5.924,-7.36
drop:LC1:L4:light:-1:L119,1,9.975000000000001,5.924,-7.36
drop:LC1:L4:light:-1:L119,2,9.975000000000001,7.04,-7.36
drop:LC1:L4:light:-1:L119,3,9.975,6.932561064262868,-7.438421052631579
drop:LC1:L4:light:-1:L119,4,9.975,6.618660220994475,-8.85
drop:LC1:L4:light:-1:L119,5,9.975,4.55,-8.85
drop:LC1:L4:light:-1:L120,1,14.475000000000001,5.924,-7.36
drop:LC1:L4:light:-1:L120,2,14.475000000000001,7.04,-7.36
drop:LC1:L4:light:-1:L120,3,14.475,6.932561064262868,-7.438421052631579
drop:LC1:L4:light:-1:L120,4,14.475,6.618660220994475,-8.85
drop:LC1:L4:light:-1:L120,5,14.475,4.55,-8.85
drop:LC1:L4:light:-1:L121,1,18.975,5.924,-7.36
drop:LC1:L4:light:-1:L121,2,18.975,7.04,-7.36
drop:LC1:L4:light:-1:L121,3,18.975,6.932561064262868,-7.438421052631579
drop:LC1:L4:light:-1:L121,4,18.975,6.618660220994475,-8.85
drop:LC1:L4:light:-1:L121,5,18.975,4.55,-8.85
drop:LC1:L4:light:-1:L122,1,23.475,5.924,-7.36
drop:LC1:L4:light:-1:L122,2,23.475,7.04,-7.36
drop:LC1:L4:light:-1:L122,3,23.475,6.932561064262868,-7.438421052631579
drop:LC1:L4:light:-1:L122,4,23.475,6.618660220994475,-8.85
drop:LC1:L4:light:-1:L122,5,23.475,4.55,-8.85
drop:LC1:L4:light:-1:L123,1,27.975,5.924,-7.36
drop:LC1:L4:light:-1:L123,2,27.975,7.04,-7.36
drop:LC1:L4:light:-1:L123,3,27.975,6.932561064262868,-7.438421052631579
drop:LC1:L4:light:-1:L123,4,27.975,6.618660220994475,-8.85
drop:LC1:L4:light:-1:L123,5,27.975,4.55,-8.85
drop:LC1:L4:light:-1:L124,1,32.475,5.924,-7.36
drop:LC1:L4:light:-1:L124,2,32.475,7.04,-7.36
drop:LC1:L4:light:-1:L124,3,32.475,6.932561064262868,-7.438421052631579
drop:LC1:L4:light:-1:L124,4,32.475,6.618660220994475,-8.85
drop:LC1:L4:light:-1:L124,5,32.475,4.55,-8.85
drop:LC1:L4:light:-1:L125,1,36.975,5.924,-7.36
drop:LC1:L4:light:-1:L125,2,36.975,7.04,-7.36
drop:LC1:L4:light:-1:L125,3,36.975,6.932561064262868,-7.438421052631579
drop:LC1:L4:light:-1:L125,4,36.975,6.618660220994475,-8.85
drop:LC1:L4:light:-1:L125,5,36.975,4.55,-8.85
drop:LC1:L4:light:-1:L126,1,44.175,5.924,-7.36
drop:LC1:L4:light:-1:L126,2,44.175,7.04,-7.36
drop:LC1:L4:light:-1:L126,3,44.175,6.932561064262868,-7.438421052631579
drop:LC1:L4:light:-1:L126,4,44.175,6.618660220994475,-8.85
drop:LC1:L4:light:-1:L126,5,44.175,4.55,-8.85
drop:LC1:L4:light:-1:L127,1,48.675,5.924,-7.36
drop:LC1:L4:light:-1:L127,2,48.675,7.04,-7.36
drop:LC1:L4:light:-1:L127,3,48.675,6.932561064262868,-7.438421052631579
drop:LC1:L4:light:-1:L127,4,48.675,6.618660220994475,-8.85
drop:LC1:L4:light:-1:L127,5,48.675,4.55,-8.85
trunk:LC1:L4:light:1,1,48.895,1.85,-0.55
trunk:LC1:L4:light:1,2,48.735,1.85,-0.55
trunk:LC1:L4:light:1,3,48.735,1.85,-2.24
trunk:LC1:L4:light:1,4,48.735,4.33,-2.24
trunk:LC1:L4:light:1,5,48.735,4.33,-3.3
trunk:LC1:L4:light:1,6,53.016,4.33,-3.3
trunk:LC1:L4:light:1,7,53.016,5.924,-3.3
trunk:LC1:L4:light:1,8,53.016,5.924,7.36
trunk:LC1:L4:light:1,9,44.175,5.924,7.36
trunk:LC1:L4:light:1,10,44.175,7.04,7.36
trunk:LC1:L4:light:1,11,43.535,7.04,7.36
trunk:LC1:L4:light:1,12,43.455,6.950412371134024,7.36
trunk:LC1:L4:light:1,13,40.574999999999996,9.269999999999994,7.36
trunk:LC1:L4:light:1,14,37.695,6.950412371134018,7.36
trunk:LC1:L4:light:1,15,37.615,7.04,7.36
trunk:LC1:L4:light:1,16,36.975,7.04,7.36
trunk:LC1:L4:light:1,17,36.975,5.924,7.36
trunk:LC1:L4:light:1,18,9.975000000000001,5.924,7.36
drop:LC1:L4:light:1:L128,1,9.975000000000001,5.924,7.36
drop:LC1:L4:light:1:L128,2,9.975000000000001,7.04,7.36
drop:LC1:L4:light:1:L128,3,9.975,6.932561064262868,7.438421052631579
drop:LC1:L4:light:1:L128,4,9.975,6.618660220994475,8.85
drop:LC1:L4:light:1:L128,5,9.975,4.55,8.85
drop:LC1:L4:light:1:L129,1,14.475000000000001,5.924,7.36
drop:LC1:L4:light:1:L129,2,14.475000000000001,7.04,7.36
drop:LC1:L4:light:1:L129,3,14.475,6.932561064262868,7.438421052631579
drop:LC1:L4:light:1:L129,4,14.475,6.618660220994475,8.85
drop:LC1:L4:light:1:L129,5,14.475,4.55,8.85
drop:LC1:L4:light:1:L130,1,18.975,5.924,7.36
drop:LC1:L4:light:1:L130,2,18.975,7.04,7.36
drop:LC1:L4:light:1:L130,3,18.975,6.932561064262868,7.438421052631579
drop:LC1:L4:light:1:L130,4,18.975,6.618660220994475,8.85
drop:LC1:L4:light:1:L130,5,18.975,4.55,8.85
drop:LC1:L4:light:1:L131,1,23.475,5.924,7.36
drop:LC1:L4:light:1:L131,2,23.475,7.04,7.36
drop:LC1:L4:light:1:L131,3,23.475,6.932561064262868,7.438421052631579
drop:LC1:L4:light:1:L131,4,23.475,6.618660220994475,8.85
drop:LC1:L4:light:1:L131,5,23.475,4.55,8.85
drop:LC1:L4:light:1:L132,1,27.975,5.924,7.36
drop:LC1:L4:light:1:L132,2,27.975,7.04,7.36
drop:LC1:L4:light:1:L132,3,27.975,6.932561064262868,7.438421052631579
drop:LC1:L4:light:1:L132,4,27.975,6.618660220994475,8.85
drop:LC1:L4:light:1:L132,5,27.975,4.55,8.85
drop:LC1:L4:light:1:L133,1,32.475,5.924,7.36
drop:LC1:L4:light:1:L133,2,32.475,7.04,7.36
drop:LC1:L4:light:1:L133,3,32.475,6.932561064262868,7.438421052631579
drop:LC1:L4:light:1:L133,4,32.475,6.618660220994475,8.85
drop:LC1:L4:light:1:L133,5,32.475,4.55,8.85
drop:LC1:L4:light:1:L134,1,36.975,5.924,7.36
drop:LC1:L4:light:1:L134,2,36.975,7.04,7.36
drop:LC1:L4:light:1:L134,3,36.975,6.932561064262868,7.438421052631579
drop:LC1:L4:light:1:L134,4,36.975,6.618660220994475,8.85
drop:LC1:L4:light:1:L134,5,36.975,4.55,8.85
drop:LC1:L4:light:1:L135,1,44.175,5.924,7.36
drop:LC1:L4:light:1:L135,2,44.175,7.04,7.36
drop:LC1:L4:light:1:L135,3,44.175,6.932561064262868,7.438421052631579
drop:LC1:L4:light:1:L135,4,44.175,6.618660220994475,8.85
drop:LC1:L4:light:1:L135,5,44.175,4.55,8.85
drop:LC1:L4:light:1:L136,1,48.675,5.924,7.36
drop:LC1:L4:light:1:L136,2,48.675,7.04,7.36
drop:LC1:L4:light:1:L136,3,48.675,6.932561064262868,7.438421052631579
drop:LC1:L4:light:1:L136,4,48.675,6.618660220994475,8.85
drop:LC1:L4:light:1:L136,5,48.675,4.55,8.85
trunk:DB2:L9:light:-1,1,2.73,1.5,-3.3
trunk:DB2:L9:light:-1,2,2.35,1.5,-3.3
trunk:DB2:L9:light:-1,3,2.35,7.65,-3.3
trunk:DB2:L9:light:-1,4,2.35,7.65,-7.36
trunk:DB2:L9:light:-1,5,2.35,5.972,-7.36
drop:DB2:L9:light:-1:L137,1,2.35,5.972,-7.36
drop:DB2:L9:light:-1:L137,2,2.35,7.65,-7.36
drop:DB2:L9:light:-1:L137,3,2.35,7.65,-2.4
drop:DB2:L9:light:-1:L137,4,2.35,3,-2.4
drop:DB2:L9:light:-1:L137,5,2.2,3,-2.4
drop:DB2:L9:light:-1:L182,1,2.35,5.972,-7.36
drop:DB2:L9:light:-1:L182,2,2.35,7.65,-7.36
drop:DB2:L9:light:-1:L182,3,2.35,7.65,-7.703
drop:DB2:L9:light:-1:L182,4,0,7.65,-7.703
drop:DB2:L9:light:-1:L182,5,0,7.65,-12.363
drop:DB2:L9:light:-1:L182,6,0,8.4,-12.363
drop:DB2:L9:light:-1:L182,7,0.09,8.4,-12.363
drop:DB2:L9:light:-1:L182,8,0.09,8.4,-12.238
drop:DB2:L9:light:-1:L182,9,0.09,8.4,-11.853
drop:DB2:L9:light:-1:L182,10,-0.0750000000000001,8.4,-11.853
drop:DB2:L9:light:-1:L183,1,2.35,5.972,-7.36
drop:DB2:L9:light:-1:L183,2,2.35,7.65,-7.36
drop:DB2:L9:light:-1:L183,3,2.35,7.65,-7.703
drop:DB2:L9:light:-1:L183,4,0,7.65,-7.703
drop:DB2:L9:light:-1:L183,5,0,7.65,-7.9430000000000005
drop:DB2:L9:light:-1:L183,6,0,8.4,-7.9430000000000005
drop:DB2:L9:light:-1:L183,7,0.09,8.4,-7.9430000000000005
drop:DB2:L9:light:-1:L183,8,0.09,8.4,-8.068000000000001
drop:DB2:L9:light:-1:L183,9,0.09,8.4,-8.453000000000001
drop:DB2:L9:light:-1:L183,10,-0.0750000000000001,8.4,-8.453000000000001
trunk:DB2:L9:light:1,1,2.73,1.5,-3.3
trunk:DB2:L9:light:1,2,2.35,1.5,-3.3
trunk:DB2:L9:light:1,3,2.35,7.65,-3.3
trunk:DB2:L9:light:1,4,2.35,7.65,7.36
trunk:DB2:L9:light:1,5,2.35,5.972,7.36
drop:DB2:L9:light:1:L138,1,2.35,5.972,7.36
drop:DB2:L9:light:1:L138,2,2.35,7.65,7.36
drop:DB2:L9:light:1:L138,3,2.35,7.65,2.4
drop:DB2:L9:light:1:L138,4,2.35,3,2.4
drop:DB2:L9:light:1:L138,5,2.2,3,2.4
drop:DB2:L9:light:1:L189,1,2.35,5.972,7.36
drop:DB2:L9:light:1:L189,2,2.35,7.65,7.36
drop:DB2:L9:light:1:L189,3,2.35,7.65,7.703
drop:DB2:L9:light:1:L189,4,0,7.65,7.703
drop:DB2:L9:light:1:L189,5,0,7.65,7.9430000000000005
drop:DB2:L9:light:1:L189,6,0,8.4,7.9430000000000005
drop:DB2:L9:light:1:L189,7,0.09,8.4,7.9430000000000005
drop:DB2:L9:light:1:L189,8,0.09,8.4,8.068000000000001
drop:DB2:L9:light:1:L189,9,0.09,8.4,8.453000000000001
drop:DB2:L9:light:1:L189,10,-0.0750000000000001,8.4,8.453000000000001
drop:DB2:L9:light:1:L190,1,2.35,5.972,7.36
drop:DB2:L9:light:1:L190,2,2.35,7.65,7.36
drop:DB2:L9:light:1:L190,3,2.35,7.65,7.703
drop:DB2:L9:light:1:L190,4,0,7.65,7.703
drop:DB2:L9:light:1:L190,5,0,7.65,12.363
drop:DB2:L9:light:1:L190,6,0,8.4,12.363
drop:DB2:L9:light:1:L190,7,0.09,8.4,12.363
drop:DB2:L9:light:1:L190,8,0.09,8.4,12.238
drop:DB2:L9:light:1:L190,9,0.09,8.4,11.853
drop:DB2:L9:light:1:L190,10,-0.0750000000000001,8.4,11.853
trunk:LC1:L5:light:-1,1,48.895,1.85,-0.55
trunk:LC1:L5:light:-1,2,48.735,1.85,-0.55
trunk:LC1:L5:light:-1,3,48.735,1.85,-2.24
trunk:LC1:L5:light:-1,4,48.735,4.33,-2.24
trunk:LC1:L5:light:-1,5,48.735,4.33,-3.3
trunk:LC1:L5:light:-1,6,53.016,4.33,-3.3
trunk:LC1:L5:light:-1,7,53.016,5.948,-3.3
trunk:LC1:L5:light:-1,8,53.016,5.948,-7.36
trunk:LC1:L5:light:-1,9,44.175,5.948,-7.36
trunk:LC1:L5:light:-1,10,44.175,7.04,-7.36
trunk:LC1:L5:light:-1,11,43.535,7.04,-7.36
trunk:LC1:L5:light:-1,12,43.455,6.950412371134024,-7.36
trunk:LC1:L5:light:-1,13,40.574999999999996,9.269999999999994,-7.36
trunk:LC1:L5:light:-1,14,37.695,6.950412371134018,-7.36
trunk:LC1:L5:light:-1,15,37.615,7.04,-7.36
trunk:LC1:L5:light:-1,16,36.975,7.04,-7.36
trunk:LC1:L5:light:-1,17,36.975,5.948,-7.36
trunk:LC1:L5:light:-1,18,14.475000000000001,5.948,-7.36
drop:LC1:L5:light:-1:L139,1,15.3,5.948,-7.36
drop:LC1:L5:light:-1:L139,2,15.3,7.04,-7.36
drop:LC1:L5:light:-1:L139,3,15.3,6.932586272843179,-7.438307692307693
drop:LC1:L5:light:-1:L139,4,15.3,6.270864640883978,-10.414
drop:LC1:L5:light:-1:L139,5,15.3,2.6,-10.414
drop:LC1:L5:light:-1:L139,6,15.3,2.6,-10.55
drop:LC1:L5:light:-1:L140,1,18.150000000000002,5.948,-7.36
drop:LC1:L5:light:-1:L140,2,18.150000000000002,7.04,-7.36
drop:LC1:L5:light:-1:L140,3,18.150000000000002,6.932586272843179,-7.438307692307693
drop:LC1:L5:light:-1:L140,4,18.150000000000002,6.270864640883978,-10.414
drop:LC1:L5:light:-1:L140,5,18.150000000000002,2.6,-10.414
drop:LC1:L5:light:-1:L140,6,18.150000000000002,2.6,-10.55
drop:LC1:L5:light:-1:L141,1,33.300000000000004,5.948,-7.36
drop:LC1:L5:light:-1:L141,2,33.300000000000004,7.04,-7.36
drop:LC1:L5:light:-1:L141,3,33.300000000000004,6.932586272843179,-7.438307692307693
drop:LC1:L5:light:-1:L141,4,33.300000000000004,6.270864640883978,-10.414
drop:LC1:L5:light:-1:L141,5,33.300000000000004,2.6,-10.414
drop:LC1:L5:light:-1:L141,6,33.300000000000004,2.6,-10.55
drop:LC1:L5:light:-1:L142,1,36.15,5.948,-7.36
drop:LC1:L5:light:-1:L142,2,36.15,7.04,-7.36
drop:LC1:L5:light:-1:L142,3,36.15,6.932586272843179,-7.438307692307693
drop:LC1:L5:light:-1:L142,4,36.15,6.270864640883978,-10.414
drop:LC1:L5:light:-1:L142,5,36.15,2.6,-10.414
drop:LC1:L5:light:-1:L142,6,36.15,2.6,-10.55
drop:LC1:L5:light:-1:L143,1,45,5.948,-7.36
drop:LC1:L5:light:-1:L143,2,45,7.04,-7.36
drop:LC1:L5:light:-1:L143,3,45,6.932586272843179,-7.438307692307693
drop:LC1:L5:light:-1:L143,4,45,6.270864640883978,-10.414
drop:LC1:L5:light:-1:L143,5,45,2.6,-10.414
drop:LC1:L5:light:-1:L143,6,45,2.6,-10.55
drop:LC1:L5:light:-1:L144,1,47.849999999999994,5.948,-7.36
drop:LC1:L5:light:-1:L144,2,47.849999999999994,7.04,-7.36
drop:LC1:L5:light:-1:L144,3,47.849999999999994,6.932586272843179,-7.438307692307693
drop:LC1:L5:light:-1:L144,4,47.849999999999994,6.270864640883978,-10.414
drop:LC1:L5:light:-1:L144,5,47.849999999999994,2.6,-10.414
drop:LC1:L5:light:-1:L144,6,47.849999999999994,2.6,-10.55
drop:LC1:L5:light:-1:L184,1,14.475000000000001,5.948,-7.36
drop:LC1:L5:light:-1:L184,2,14.475000000000001,7.04,-7.36
drop:LC1:L5:light:-1:L184,3,14.475,6.932586272843179,-7.438307692307693
drop:LC1:L5:light:-1:L184,4,14.475,6.270864640883978,-10.414
drop:LC1:L5:light:-1:L184,5,14.475,5.9,-10.414
drop:LC1:L5:light:-1:L184,6,14.475,5.9,-10.75
drop:LC1:L5:light:-1:L185,1,23.475,5.948,-7.36
drop:LC1:L5:light:-1:L185,2,23.475,7.04,-7.36
drop:LC1:L5:light:-1:L185,3,23.475,6.932586272843179,-7.438307692307693
drop:LC1:L5:light:-1:L185,4,23.475,6.270864640883978,-10.414
drop:LC1:L5:light:-1:L185,5,23.475,5.9,-10.414
drop:LC1:L5:light:-1:L185,6,23.475,5.9,-10.75
drop:LC1:L5:light:-1:L186,1,48.675,5.948,-7.36
drop:LC1:L5:light:-1:L186,2,48.675,7.04,-7.36
drop:LC1:L5:light:-1:L186,3,48.675,6.932586272843179,-7.438307692307693
drop:LC1:L5:light:-1:L186,4,48.675,6.270864640883978,-10.414
drop:LC1:L5:light:-1:L186,5,48.675,5.9,-10.414
drop:LC1:L5:light:-1:L186,6,48.675,5.9,-10.75
drop:LC1:L5:light:-1:L187,1,40.575,9.269999999999989,-7.36
drop:LC1:L5:light:-1:L187,2,40.575,9.27,-13.249
drop:LC1:L5:light:-1:L187,3,40.575,6.2,-13.249
drop:LC1:L5:light:-1:L187,4,40.575,6.2,-13.13
drop:LC1:L5:light:-1:L188,1,53.016,5.948,-7.36
drop:LC1:L5:light:-1:L188,2,53.016,5.948,-4.5
drop:LC1:L5:light:-1:L188,3,53.016,5.2,-4.5
drop:LC1:L5:light:-1:L188,4,53.2,5.2,-4.5
trunk:LC1:L5:light:1,1,48.895,1.85,-0.55
trunk:LC1:L5:light:1,2,48.735,1.85,-0.55
trunk:LC1:L5:light:1,3,48.735,1.85,-2.24
trunk:LC1:L5:light:1,4,48.735,4.33,-2.24
trunk:LC1:L5:light:1,5,48.735,4.33,-3.3
trunk:LC1:L5:light:1,6,53.016,4.33,-3.3
trunk:LC1:L5:light:1,7,53.016,5.948,-3.3
trunk:LC1:L5:light:1,8,53.016,5.948,7.36
trunk:LC1:L5:light:1,9,44.175,5.948,7.36
trunk:LC1:L5:light:1,10,44.175,7.04,7.36
trunk:LC1:L5:light:1,11,43.535,7.04,7.36
trunk:LC1:L5:light:1,12,43.455,6.950412371134024,7.36
trunk:LC1:L5:light:1,13,40.574999999999996,9.269999999999994,7.36
trunk:LC1:L5:light:1,14,37.695,6.950412371134018,7.36
trunk:LC1:L5:light:1,15,37.615,7.04,7.36
trunk:LC1:L5:light:1,16,36.975,7.04,7.36
trunk:LC1:L5:light:1,17,36.975,5.948,7.36
trunk:LC1:L5:light:1,18,14.475000000000001,5.948,7.36
drop:LC1:L5:light:1:L145,1,15.3,5.948,7.36
drop:LC1:L5:light:1:L145,2,15.3,7.04,7.36
drop:LC1:L5:light:1:L145,3,15.3,6.932586272843179,7.438307692307693
drop:LC1:L5:light:1:L145,4,15.3,6.270864640883978,10.414
drop:LC1:L5:light:1:L145,5,15.3,2.6,10.414
drop:LC1:L5:light:1:L145,6,15.3,2.6,10.55
drop:LC1:L5:light:1:L146,1,18.150000000000002,5.948,7.36
drop:LC1:L5:light:1:L146,2,18.150000000000002,7.04,7.36
drop:LC1:L5:light:1:L146,3,18.150000000000002,6.932586272843179,7.438307692307693
drop:LC1:L5:light:1:L146,4,18.150000000000002,6.270864640883978,10.414
drop:LC1:L5:light:1:L146,5,18.150000000000002,2.6,10.414
drop:LC1:L5:light:1:L146,6,18.150000000000002,2.6,10.55
drop:LC1:L5:light:1:L147,1,33.300000000000004,5.948,7.36
drop:LC1:L5:light:1:L147,2,33.300000000000004,7.04,7.36
drop:LC1:L5:light:1:L147,3,33.300000000000004,6.932586272843179,7.438307692307693
drop:LC1:L5:light:1:L147,4,33.300000000000004,6.270864640883978,10.414
drop:LC1:L5:light:1:L147,5,33.300000000000004,2.6,10.414
drop:LC1:L5:light:1:L147,6,33.300000000000004,2.6,10.55
drop:LC1:L5:light:1:L148,1,36.15,5.948,7.36
drop:LC1:L5:light:1:L148,2,36.15,7.04,7.36
drop:LC1:L5:light:1:L148,3,36.15,6.932586272843179,7.438307692307693
drop:LC1:L5:light:1:L148,4,36.15,6.270864640883978,10.414
drop:LC1:L5:light:1:L148,5,36.15,2.6,10.414
drop:LC1:L5:light:1:L148,6,36.15,2.6,10.55
drop:LC1:L5:light:1:L149,1,45,5.948,7.36
drop:LC1:L5:light:1:L149,2,45,7.04,7.36
drop:LC1:L5:light:1:L149,3,45,6.932586272843179,7.438307692307693
drop:LC1:L5:light:1:L149,4,45,6.270864640883978,10.414
drop:LC1:L5:light:1:L149,5,45,2.6,10.414
drop:LC1:L5:light:1:L149,6,45,2.6,10.55
drop:LC1:L5:light:1:L150,1,47.849999999999994,5.948,7.36
drop:LC1:L5:light:1:L150,2,47.849999999999994,7.04,7.36
drop:LC1:L5:light:1:L150,3,47.849999999999994,6.932586272843179,7.438307692307693
drop:LC1:L5:light:1:L150,4,47.849999999999994,6.270864640883978,10.414
drop:LC1:L5:light:1:L150,5,47.849999999999994,2.6,10.414
drop:LC1:L5:light:1:L150,6,47.849999999999994,2.6,10.55
drop:LC1:L5:light:1:L191,1,14.475000000000001,5.948,7.36
drop:LC1:L5:light:1:L191,2,14.475000000000001,7.04,7.36
drop:LC1:L5:light:1:L191,3,14.475,6.932586272843179,7.438307692307693
drop:LC1:L5:light:1:L191,4,14.475,6.270864640883978,10.414
drop:LC1:L5:light:1:L191,5,14.475,5.9,10.414
drop:LC1:L5:light:1:L191,6,14.475,5.9,10.75
drop:LC1:L5:light:1:L192,1,23.475,5.948,7.36
drop:LC1:L5:light:1:L192,2,23.475,7.04,7.36
drop:LC1:L5:light:1:L192,3,23.475,6.932586272843179,7.438307692307693
drop:LC1:L5:light:1:L192,4,23.475,6.270864640883978,10.414
drop:LC1:L5:light:1:L192,5,23.475,5.9,10.414
drop:LC1:L5:light:1:L192,6,23.475,5.9,10.75
drop:LC1:L5:light:1:L193,1,48.675,5.948,7.36
drop:LC1:L5:light:1:L193,2,48.675,7.04,7.36
drop:LC1:L5:light:1:L193,3,48.675,6.932586272843179,7.438307692307693
drop:LC1:L5:light:1:L193,4,48.675,6.270864640883978,10.414
drop:LC1:L5:light:1:L193,5,48.675,5.9,10.414
drop:LC1:L5:light:1:L193,6,48.675,5.9,10.75
drop:LC1:L5:light:1:L194,1,40.575,9.269999999999989,7.36
drop:LC1:L5:light:1:L194,2,40.575,9.27,13.249
drop:LC1:L5:light:1:L194,3,40.575,6.2,13.249
drop:LC1:L5:light:1:L194,4,40.575,6.2,13.13
drop:LC1:L5:light:1:L195,1,53.016,5.948,7.36
drop:LC1:L5:light:1:L195,2,53.016,5.948,4.5
drop:LC1:L5:light:1:L195,3,53.016,5.2,4.5
drop:LC1:L5:light:1:L195,4,53.2,5.2,4.5
trunk:LC1:E1:light:-1,1,48.895,1.85,-0.55
trunk:LC1:E1:light:-1,2,48.735,1.85,-0.55
trunk:LC1:E1:light:-1,3,48.735,1.85,-2.24
trunk:LC1:E1:light:-1,4,48.735,4.33,-2.24
trunk:LC1:E1:light:-1,5,48.735,4.33,-3.3
trunk:LC1:E1:light:-1,6,53.016,4.33,-3.3
trunk:LC1:E1:light:-1,7,53.016,5.988,-3.3
trunk:LC1:E1:light:-1,8,53.016,5.988,-7.36
trunk:LC1:E1:light:-1,9,44.175,5.988,-7.36
trunk:LC1:E1:light:-1,10,44.175,7.04,-7.36
trunk:LC1:E1:light:-1,11,43.535,7.04,-7.36
trunk:LC1:E1:light:-1,12,43.455,6.950412371134024,-7.36
trunk:LC1:E1:light:-1,13,40.574999999999996,9.269999999999994,-7.36
trunk:LC1:E1:light:-1,14,37.695,6.950412371134018,-7.36
trunk:LC1:E1:light:-1,15,37.615,7.04,-7.36
trunk:LC1:E1:light:-1,16,36.975,7.04,-7.36
trunk:LC1:E1:light:-1,17,36.975,5.988,-7.36
trunk:LC1:E1:light:-1,18,5.475,5.988,-7.36
trunk:LC1:E1:light:-1,19,2.65,5.988,-7.36
drop:LC1:E1:light:-1:L155,1,2.65,5.988,-7.36
drop:LC1:E1:light:-1:L155,2,2.35,7.65,-7.36
drop:LC1:E1:light:-1:L155,3,2.35,7.65,0
drop:LC1:E1:light:-1:L155,4,2.35,6.95,0
drop:LC1:E1:light:-1:L155,5,2.65,6.95,0
drop:LC1:E1:light:-1:L156,1,16.725,5.988,-7.36
drop:LC1:E1:light:-1:L156,2,16.725,4.6,-7.36
drop:LC1:E1:light:-1:L156,3,16.725,4.6,-7.245
drop:LC1:E1:light:-1:L158,1,34.725,5.988,-7.36
drop:LC1:E1:light:-1:L158,2,34.725,4.6,-7.36
drop:LC1:E1:light:-1:L158,3,34.725,4.6,-7.245
trunk:LC1:E1:light:1,1,48.895,1.85,-0.55
trunk:LC1:E1:light:1,2,48.735,1.85,-0.55
trunk:LC1:E1:light:1,3,48.735,1.85,-2.24
trunk:LC1:E1:light:1,4,48.735,4.33,-2.24
trunk:LC1:E1:light:1,5,48.735,4.33,-3.3
trunk:LC1:E1:light:1,6,53.016,4.33,-3.3
trunk:LC1:E1:light:1,7,53.016,5.988,-3.3
trunk:LC1:E1:light:1,8,53.016,5.988,7.36
trunk:LC1:E1:light:1,9,44.175,5.988,7.36
trunk:LC1:E1:light:1,10,44.175,7.04,7.36
trunk:LC1:E1:light:1,11,43.535,7.04,7.36
trunk:LC1:E1:light:1,12,43.455,6.950412371134024,7.36
trunk:LC1:E1:light:1,13,40.574999999999996,9.269999999999994,7.36
trunk:LC1:E1:light:1,14,37.695,6.950412371134018,7.36
trunk:LC1:E1:light:1,15,37.615,7.04,7.36
trunk:LC1:E1:light:1,16,36.975,7.04,7.36
trunk:LC1:E1:light:1,17,36.975,5.988,7.36
trunk:LC1:E1:light:1,18,16.725,5.988,7.36
drop:LC1:E1:light:1:L157,1,16.725,5.988,7.36
drop:LC1:E1:light:1:L157,2,16.725,4.6,7.36
drop:LC1:E1:light:1:L157,3,16.725,4.6,7.245
drop:LC1:E1:light:1:L159,1,34.725,5.988,7.36
drop:LC1:E1:light:1:L159,2,34.725,4.6,7.36
drop:LC1:E1:light:1:L159,3,34.725,4.6,7.245
trunk:DB2:L6:light:-1,1,2.73,1.5,-3.3
trunk:DB2:L6:light:-1,2,2.35,1.5,-3.3
trunk:DB2:L6:light:-1,3,2.35,7.65,-3.3
trunk:DB2:L6:light:-1,4,2.35,7.65,-7.36
trunk:DB2:L6:light:-1,5,2.35,5.964,-7.36
trunk:DB2:L6:light:-1,6,3.0500000000000003,5.964,-7.36
drop:DB2:L6:light:-1:L160,1,2.35,5.964,-7.36
drop:DB2:L6:light:-1:L160,2,2.35,7.65,-7.36
drop:DB2:L6:light:-1:L160,3,2.35,7.65,-7.703
drop:DB2:L6:light:-1:L160,4,0,7.65,-7.703
drop:DB2:L6:light:-1:L160,5,0,7.65,-12.363
drop:DB2:L6:light:-1:L160,6,0,8.4,-12.363
drop:DB2:L6:light:-1:L160,7,0.09,8.4,-12.363
drop:DB2:L6:light:-1:L160,8,0.09,8.4,-12.238
drop:DB2:L6:light:-1:L160,9,0.09,8.4,-10.853
drop:DB2:L6:light:-1:L160,10,-0.125,8.4,-10.853
drop:DB2:L6:light:-1:L161,1,2.35,5.964,-7.36
drop:DB2:L6:light:-1:L161,2,2.35,7.65,-7.36
drop:DB2:L6:light:-1:L161,3,2.35,7.65,-7.703
drop:DB2:L6:light:-1:L161,4,0,7.65,-7.703
drop:DB2:L6:light:-1:L161,5,0,7.65,-12.363
drop:DB2:L6:light:-1:L161,6,0,8.4,-12.363
drop:DB2:L6:light:-1:L161,7,0.09,8.4,-12.363
drop:DB2:L6:light:-1:L161,8,0.09,8.4,-12.238
drop:DB2:L6:light:-1:L161,9,0.09,8.4,-10.153
drop:DB2:L6:light:-1:L161,10,-0.125,8.4,-10.153
drop:DB2:L6:light:-1:L162,1,2.35,5.964,-7.36
drop:DB2:L6:light:-1:L162,2,2.35,7.65,-7.36
drop:DB2:L6:light:-1:L162,3,2.35,7.65,-7.703
drop:DB2:L6:light:-1:L162,4,0,7.65,-7.703
drop:DB2:L6:light:-1:L162,5,0,7.65,-12.363
drop:DB2:L6:light:-1:L162,6,0,8.4,-12.363
drop:DB2:L6:light:-1:L162,7,0.09,8.4,-12.363
drop:DB2:L6:light:-1:L162,8,0.09,8.4,-12.238
drop:DB2:L6:light:-1:L162,9,0.09,15.85,-12.238
drop:DB2:L6:light:-1:L162,10,0.19,15.85,-12.238
drop:DB2:L6:light:-1:L162,11,0.19,15.85,-12.138
drop:DB2:L6:light:-1:L162,12,0.19,15.88,-12.138
drop:DB2:L6:light:-1:L162,13,0.19,15.88,-10.153
drop:DB2:L6:light:-1:L162,14,-0.035,15.88,-10.153
drop:DB2:L6:light:-1:L163,1,2.35,5.964,-7.36
drop:DB2:L6:light:-1:L163,2,2.35,7.65,-7.36
drop:DB2:L6:light:-1:L163,3,2.35,7.65,-7.703
drop:DB2:L6:light:-1:L163,4,0,7.65,-7.703
drop:DB2:L6:light:-1:L163,5,0,7.65,-12.363
drop:DB2:L6:light:-1:L163,6,0,8.4,-12.363
drop:DB2:L6:light:-1:L163,7,0.09,8.4,-12.363
drop:DB2:L6:light:-1:L163,8,0.09,8.4,-12.238
drop:DB2:L6:light:-1:L163,9,0.09,15.85,-12.238
drop:DB2:L6:light:-1:L163,10,0.19,15.85,-12.238
drop:DB2:L6:light:-1:L163,11,0.19,15.85,-12.138
drop:DB2:L6:light:-1:L163,12,0.19,23.150000000000002,-12.138
drop:DB2:L6:light:-1:L163,13,0.475,23.150000000000002,-12.138
drop:DB2:L6:light:-1:L163,14,0.475,23.150000000000002,-11.863
drop:DB2:L6:light:-1:L163,15,0.475,23.2,-11.863
drop:DB2:L6:light:-1:L163,16,0.475,23.2,-10.153
drop:DB2:L6:light:-1:L163,17,0.065,23.2,-10.153
drop:DB2:L6:light:-1:L164,1,2.35,5.964,-7.36
drop:DB2:L6:light:-1:L164,2,2.35,7.65,-7.36
drop:DB2:L6:light:-1:L164,3,2.35,7.65,-7.703
drop:DB2:L6:light:-1:L164,4,0,7.65,-7.703
drop:DB2:L6:light:-1:L164,5,0,7.65,-12.363
drop:DB2:L6:light:-1:L164,6,0,8.4,-12.363
drop:DB2:L6:light:-1:L164,7,0.09,8.4,-12.363
drop:DB2:L6:light:-1:L164,8,0.09,8.4,-12.238
drop:DB2:L6:light:-1:L164,9,0.09,15.85,-12.238
drop:DB2:L6:light:-1:L164,10,0.19,15.85,-12.238
drop:DB2:L6:light:-1:L164,11,0.19,15.85,-12.138
drop:DB2:L6:light:-1:L164,12,0.19,23.150000000000002,-12.138
drop:DB2:L6:light:-1:L164,13,0.475,23.150000000000002,-12.138
drop:DB2:L6:light:-1:L164,14,0.475,23.150000000000002,-11.863
drop:DB2:L6:light:-1:L164,15,0.475,29.03,-11.863
drop:DB2:L6:light:-1:L164,16,0.475,29.03,-10.153
drop:DB2:L6:light:-1:L164,17,0.35,29.03,-10.153
drop:DB2:L6:light:-1:L164,18,0.35,29.26,-10.153
drop:DB2:L6:light:-1:L165,1,2.45,5.964,-7.36
drop:DB2:L6:light:-1:L165,2,2.35,7.65,-7.36
drop:DB2:L6:light:-1:L165,3,2.35,7.65,-7.703
drop:DB2:L6:light:-1:L165,4,0,7.65,-7.703
drop:DB2:L6:light:-1:L165,5,0,7.65,-12.363
drop:DB2:L6:light:-1:L165,6,0,8.4,-12.363
drop:DB2:L6:light:-1:L165,7,0.09,8.4,-12.363
drop:DB2:L6:light:-1:L165,8,0.09,8.4,-12.238
drop:DB2:L6:light:-1:L165,9,0.09,15.85,-12.238
drop:DB2:L6:light:-1:L165,10,0.19,15.85,-12.238
drop:DB2:L6:light:-1:L165,11,0.19,15.85,-12.138
drop:DB2:L6:light:-1:L165,12,0.19,23.150000000000002,-12.138
drop:DB2:L6:light:-1:L165,13,0.475,23.150000000000002,-12.138
drop:DB2:L6:light:-1:L165,14,0.475,23.150000000000002,-11.863
drop:DB2:L6:light:-1:L165,15,0.475,23.080000000000002,-11.863
drop:DB2:L6:light:-1:L165,16,2.45,23.080000000000002,-11.863
drop:DB2:L6:light:-1:L165,17,2.45,23.080000000000002,-10.153
drop:DB2:L6:light:-1:L165,18,2.45,23.2,-10.153
drop:DB2:L6:light:-1:L166,1,3.0500000000000003,5.964,-7.36
drop:DB2:L6:light:-1:L166,2,2.35,7.65,-7.36
drop:DB2:L6:light:-1:L166,3,2.35,7.65,-7.703
drop:DB2:L6:light:-1:L166,4,0,7.65,-7.703
drop:DB2:L6:light:-1:L166,5,0,7.65,-12.363
drop:DB2:L6:light:-1:L166,6,0,8.4,-12.363
drop:DB2:L6:light:-1:L166,7,0.09,8.4,-12.363
drop:DB2:L6:light:-1:L166,8,0.09,8.4,-12.238
drop:DB2:L6:light:-1:L166,9,0.09,8.4,-12.478000000000002
drop:DB2:L6:light:-1:L166,10,3.0500000000000003,8.4,-12.478000000000002
drop:DB2:L6:light:-1:L166,11,3.0500000000000003,8.4,-12.738
drop:DB2:L6:light:-1:L167,1,2.45,5.964,-7.36
drop:DB2:L6:light:-1:L167,2,2.35,7.65,-7.36
drop:DB2:L6:light:-1:L167,3,2.35,7.65,-7.703
drop:DB2:L6:light:-1:L167,4,0,7.65,-7.703
drop:DB2:L6:light:-1:L167,5,0,7.65,-12.363
drop:DB2:L6:light:-1:L167,6,0,8.4,-12.363
drop:DB2:L6:light:-1:L167,7,0.09,8.4,-12.363
drop:DB2:L6:light:-1:L167,8,0.09,8.4,-12.238
drop:DB2:L6:light:-1:L167,9,0.09,8.4,-12.478000000000002
drop:DB2:L6:light:-1:L167,10,2.45,8.4,-12.478000000000002
drop:DB2:L6:light:-1:L167,11,2.45,8.4,-12.738
drop:DB2:L6:light:-1:L168,1,2.45,5.964,-7.36
drop:DB2:L6:light:-1:L168,2,2.35,7.65,-7.36
drop:DB2:L6:light:-1:L168,3,2.35,7.65,-7.703
drop:DB2:L6:light:-1:L168,4,0,7.65,-7.703
drop:DB2:L6:light:-1:L168,5,0,7.65,-12.363
drop:DB2:L6:light:-1:L168,6,0,8.4,-12.363
drop:DB2:L6:light:-1:L168,7,0.09,8.4,-12.363
drop:DB2:L6:light:-1:L168,8,0.09,8.4,-12.238
drop:DB2:L6:light:-1:L168,9,0.09,15.85,-12.238
drop:DB2:L6:light:-1:L168,10,0.19,15.85,-12.238
drop:DB2:L6:light:-1:L168,11,0.19,15.85,-12.138
drop:DB2:L6:light:-1:L168,12,0.19,15.88,-12.138
drop:DB2:L6:light:-1:L168,13,0.19,15.88,-12.378
drop:DB2:L6:light:-1:L168,14,2.45,15.88,-12.378
drop:DB2:L6:light:-1:L168,15,2.45,15.88,-12.613
drop:DB2:L6:light:-1:L169,1,2.45,5.964,-7.36
drop:DB2:L6:light:-1:L169,2,2.35,7.65,-7.36
drop:DB2:L6:light:-1:L169,3,2.35,7.65,-7.703
drop:DB2:L6:light:-1:L169,4,0,7.65,-7.703
drop:DB2:L6:light:-1:L169,5,0,7.65,-12.363
drop:DB2:L6:light:-1:L169,6,0,8.4,-12.363
drop:DB2:L6:light:-1:L169,7,0.09,8.4,-12.363
drop:DB2:L6:light:-1:L169,8,0.09,8.4,-12.238
drop:DB2:L6:light:-1:L169,9,0.09,15.85,-12.238
drop:DB2:L6:light:-1:L169,10,0.19,15.85,-12.238
drop:DB2:L6:light:-1:L169,11,0.19,15.85,-12.138
drop:DB2:L6:light:-1:L169,12,0.19,23.150000000000002,-12.138
drop:DB2:L6:light:-1:L169,13,0.475,23.150000000000002,-12.138
drop:DB2:L6:light:-1:L169,14,0.475,23.150000000000002,-11.863
drop:DB2:L6:light:-1:L169,15,0.475,23.2,-11.863
drop:DB2:L6:light:-1:L169,16,0.475,23.2,-12.103
drop:DB2:L6:light:-1:L169,17,2.45,23.2,-12.103
drop:DB2:L6:light:-1:L169,18,2.45,23.2,-12.513
drop:DB2:L6:light:-1:L170,1,2.35,5.964,-7.36
drop:DB2:L6:light:-1:L170,2,2.35,7.65,-7.36
drop:DB2:L6:light:-1:L170,3,2.35,7.65,-7.703
drop:DB2:L6:light:-1:L170,4,0,7.65,-7.703
drop:DB2:L6:light:-1:L170,5,0,7.65,-7.9430000000000005
drop:DB2:L6:light:-1:L170,6,0,8.4,-7.9430000000000005
drop:DB2:L6:light:-1:L170,7,0.09,8.4,-7.9430000000000005
drop:DB2:L6:light:-1:L170,8,0.09,8.4,-8.068000000000001
drop:DB2:L6:light:-1:L170,9,0.09,8.4,-7.9
drop:DB2:L6:light:-1:L170,10,-0.0750000000000001,8.4,-7.9
drop:DB2:L6:light:-1:L222,1,2.35,5.964,-7.36
drop:DB2:L6:light:-1:L222,2,2.35,7.65,-7.36
drop:DB2:L6:light:-1:L222,3,2.35,7.65,-7.703
drop:DB2:L6:light:-1:L222,4,0,7.65,-7.703
drop:DB2:L6:light:-1:L222,5,0,7.65,-7.9430000000000005
drop:DB2:L6:light:-1:L222,6,0,8.4,-7.9430000000000005
drop:DB2:L6:light:-1:L222,7,0.09,8.4,-7.9430000000000005
drop:DB2:L6:light:-1:L222,8,0.09,8.4,-8.068000000000001
drop:DB2:L6:light:-1:L222,9,0.09,8.4,-7.75
drop:DB2:L6:light:-1:L222,10,-0.0750000000000001,8.4,-7.75
drop:DB2:L6:light:-1:L223,1,2.35,5.964,-7.36
drop:DB2:L6:light:-1:L223,2,2.35,7.65,-7.36
drop:DB2:L6:light:-1:L223,3,2.35,7.65,-7.703
drop:DB2:L6:light:-1:L223,4,0,7.65,-7.703
drop:DB2:L6:light:-1:L223,5,0,7.65,-7.9430000000000005
drop:DB2:L6:light:-1:L223,6,0,8.4,-7.9430000000000005
drop:DB2:L6:light:-1:L223,7,0.09,8.4,-7.9430000000000005
drop:DB2:L6:light:-1:L223,8,0.09,8.4,-8.068000000000001
drop:DB2:L6:light:-1:L223,9,0.09,15.85,-8.068000000000001
drop:DB2:L6:light:-1:L223,10,0.19,15.85,-8.068000000000001
drop:DB2:L6:light:-1:L223,11,0.19,15.85,-8.168000000000001
drop:DB2:L6:light:-1:L223,12,0.19,15.88,-8.168000000000001
drop:DB2:L6:light:-1:L223,13,0.19,15.88,-7.9
drop:DB2:L6:light:-1:L223,14,-0.035,15.88,-7.9
trunk:DB2:L6:light:1,1,2.73,1.5,-3.3
trunk:DB2:L6:light:1,2,2.35,1.5,-3.3
trunk:DB2:L6:light:1,3,2.35,7.65,-3.3
trunk:DB2:L6:light:1,4,2.35,7.65,7.36
trunk:DB2:L6:light:1,5,2.35,5.964,7.36
trunk:DB2:L6:light:1,6,3.0500000000000003,5.964,7.36
drop:DB2:L6:light:1:L171,1,2.35,5.964,7.36
drop:DB2:L6:light:1:L171,2,2.35,7.65,7.36
drop:DB2:L6:light:1:L171,3,2.35,7.65,7.703
drop:DB2:L6:light:1:L171,4,0,7.65,7.703
drop:DB2:L6:light:1:L171,5,0,7.65,12.363
drop:DB2:L6:light:1:L171,6,0,8.4,12.363
drop:DB2:L6:light:1:L171,7,0.09,8.4,12.363
drop:DB2:L6:light:1:L171,8,0.09,8.4,12.238
drop:DB2:L6:light:1:L171,9,0.09,8.4,10.853
drop:DB2:L6:light:1:L171,10,-0.125,8.4,10.853
drop:DB2:L6:light:1:L172,1,2.35,5.964,7.36
drop:DB2:L6:light:1:L172,2,2.35,7.65,7.36
drop:DB2:L6:light:1:L172,3,2.35,7.65,7.703
drop:DB2:L6:light:1:L172,4,0,7.65,7.703
drop:DB2:L6:light:1:L172,5,0,7.65,12.363
drop:DB2:L6:light:1:L172,6,0,8.4,12.363
drop:DB2:L6:light:1:L172,7,0.09,8.4,12.363
drop:DB2:L6:light:1:L172,8,0.09,8.4,12.238
drop:DB2:L6:light:1:L172,9,0.09,8.4,10.153
drop:DB2:L6:light:1:L172,10,-0.125,8.4,10.153
drop:DB2:L6:light:1:L173,1,2.35,5.964,7.36
drop:DB2:L6:light:1:L173,2,2.35,7.65,7.36
drop:DB2:L6:light:1:L173,3,2.35,7.65,7.703
drop:DB2:L6:light:1:L173,4,0,7.65,7.703
drop:DB2:L6:light:1:L173,5,0,7.65,12.363
drop:DB2:L6:light:1:L173,6,0,8.4,12.363
drop:DB2:L6:light:1:L173,7,0.09,8.4,12.363
drop:DB2:L6:light:1:L173,8,0.09,8.4,12.238
drop:DB2:L6:light:1:L173,9,0.09,15.85,12.238
drop:DB2:L6:light:1:L173,10,0.19,15.85,12.238
drop:DB2:L6:light:1:L173,11,0.19,15.85,12.138
drop:DB2:L6:light:1:L173,12,0.19,15.88,12.138
drop:DB2:L6:light:1:L173,13,0.19,15.88,10.153
drop:DB2:L6:light:1:L173,14,-0.035,15.88,10.153
drop:DB2:L6:light:1:L174,1,2.35,5.964,7.36
drop:DB2:L6:light:1:L174,2,2.35,7.65,7.36
drop:DB2:L6:light:1:L174,3,2.35,7.65,7.703
drop:DB2:L6:light:1:L174,4,0,7.65,7.703
drop:DB2:L6:light:1:L174,5,0,7.65,12.363
drop:DB2:L6:light:1:L174,6,0,8.4,12.363
drop:DB2:L6:light:1:L174,7,0.09,8.4,12.363
drop:DB2:L6:light:1:L174,8,0.09,8.4,12.238
drop:DB2:L6:light:1:L174,9,0.09,15.85,12.238
drop:DB2:L6:light:1:L174,10,0.19,15.85,12.238
drop:DB2:L6:light:1:L174,11,0.19,15.85,12.138
drop:DB2:L6:light:1:L174,12,0.19,23.150000000000002,12.138
drop:DB2:L6:light:1:L174,13,0.475,23.150000000000002,12.138
drop:DB2:L6:light:1:L174,14,0.475,23.150000000000002,11.863
drop:DB2:L6:light:1:L174,15,0.475,23.2,11.863
drop:DB2:L6:light:1:L174,16,0.475,23.2,10.153
drop:DB2:L6:light:1:L174,17,0.065,23.2,10.153
drop:DB2:L6:light:1:L175,1,2.35,5.964,7.36
drop:DB2:L6:light:1:L175,2,2.35,7.65,7.36
drop:DB2:L6:light:1:L175,3,2.35,7.65,7.703
drop:DB2:L6:light:1:L175,4,0,7.65,7.703
drop:DB2:L6:light:1:L175,5,0,7.65,12.363
drop:DB2:L6:light:1:L175,6,0,8.4,12.363
drop:DB2:L6:light:1:L175,7,0.09,8.4,12.363
drop:DB2:L6:light:1:L175,8,0.09,8.4,12.238
drop:DB2:L6:light:1:L175,9,0.09,15.85,12.238
drop:DB2:L6:light:1:L175,10,0.19,15.85,12.238
drop:DB2:L6:light:1:L175,11,0.19,15.85,12.138
drop:DB2:L6:light:1:L175,12,0.19,23.150000000000002,12.138
drop:DB2:L6:light:1:L175,13,0.475,23.150000000000002,12.138
drop:DB2:L6:light:1:L175,14,0.475,23.150000000000002,11.863
drop:DB2:L6:light:1:L175,15,0.475,29.03,11.863
drop:DB2:L6:light:1:L175,16,0.475,29.03,10.153
drop:DB2:L6:light:1:L175,17,0.35,29.03,10.153
drop:DB2:L6:light:1:L175,18,0.35,29.26,10.153
drop:DB2:L6:light:1:L176,1,2.45,5.964,7.36
drop:DB2:L6:light:1:L176,2,2.35,7.65,7.36
drop:DB2:L6:light:1:L176,3,2.35,7.65,7.703
drop:DB2:L6:light:1:L176,4,0,7.65,7.703
drop:DB2:L6:light:1:L176,5,0,7.65,12.363
drop:DB2:L6:light:1:L176,6,0,8.4,12.363
drop:DB2:L6:light:1:L176,7,0.09,8.4,12.363
drop:DB2:L6:light:1:L176,8,0.09,8.4,12.238
drop:DB2:L6:light:1:L176,9,0.09,15.85,12.238
drop:DB2:L6:light:1:L176,10,0.19,15.85,12.238
drop:DB2:L6:light:1:L176,11,0.19,15.85,12.138
drop:DB2:L6:light:1:L176,12,0.19,23.150000000000002,12.138
drop:DB2:L6:light:1:L176,13,0.475,23.150000000000002,12.138
drop:DB2:L6:light:1:L176,14,0.475,23.150000000000002,11.863
drop:DB2:L6:light:1:L176,15,0.475,23.080000000000002,11.863
drop:DB2:L6:light:1:L176,16,2.45,23.080000000000002,11.863
drop:DB2:L6:light:1:L176,17,2.45,23.080000000000002,10.153
drop:DB2:L6:light:1:L176,18,2.45,23.2,10.153
drop:DB2:L6:light:1:L177,1,3.0500000000000003,5.964,7.36
drop:DB2:L6:light:1:L177,2,2.35,7.65,7.36
drop:DB2:L6:light:1:L177,3,2.35,7.65,7.703
drop:DB2:L6:light:1:L177,4,0,7.65,7.703
drop:DB2:L6:light:1:L177,5,0,7.65,12.363
drop:DB2:L6:light:1:L177,6,0,8.4,12.363
drop:DB2:L6:light:1:L177,7,0.09,8.4,12.363
drop:DB2:L6:light:1:L177,8,0.09,8.4,12.238
drop:DB2:L6:light:1:L177,9,0.09,8.4,12.478000000000002
drop:DB2:L6:light:1:L177,10,3.0500000000000003,8.4,12.478000000000002
drop:DB2:L6:light:1:L177,11,3.0500000000000003,8.4,12.738
drop:DB2:L6:light:1:L178,1,2.45,5.964,7.36
drop:DB2:L6:light:1:L178,2,2.35,7.65,7.36
drop:DB2:L6:light:1:L178,3,2.35,7.65,7.703
drop:DB2:L6:light:1:L178,4,0,7.65,7.703
drop:DB2:L6:light:1:L178,5,0,7.65,12.363
drop:DB2:L6:light:1:L178,6,0,8.4,12.363
drop:DB2:L6:light:1:L178,7,0.09,8.4,12.363
drop:DB2:L6:light:1:L178,8,0.09,8.4,12.238
drop:DB2:L6:light:1:L178,9,0.09,8.4,12.478000000000002
drop:DB2:L6:light:1:L178,10,2.45,8.4,12.478000000000002
drop:DB2:L6:light:1:L178,11,2.45,8.4,12.738
drop:DB2:L6:light:1:L179,1,2.45,5.964,7.36
drop:DB2:L6:light:1:L179,2,2.35,7.65,7.36
drop:DB2:L6:light:1:L179,3,2.35,7.65,7.703
drop:DB2:L6:light:1:L179,4,0,7.65,7.703
drop:DB2:L6:light:1:L179,5,0,7.65,12.363
drop:DB2:L6:light:1:L179,6,0,8.4,12.363
drop:DB2:L6:light:1:L179,7,0.09,8.4,12.363
drop:DB2:L6:light:1:L179,8,0.09,8.4,12.238
drop:DB2:L6:light:1:L179,9,0.09,15.85,12.238
drop:DB2:L6:light:1:L179,10,0.19,15.85,12.238
drop:DB2:L6:light:1:L179,11,0.19,15.85,12.138
drop:DB2:L6:light:1:L179,12,0.19,15.88,12.138
drop:DB2:L6:light:1:L179,13,0.19,15.88,12.378
drop:DB2:L6:light:1:L179,14,2.45,15.88,12.378
drop:DB2:L6:light:1:L179,15,2.45,15.88,12.613
drop:DB2:L6:light:1:L180,1,2.45,5.964,7.36
drop:DB2:L6:light:1:L180,2,2.35,7.65,7.36
drop:DB2:L6:light:1:L180,3,2.35,7.65,7.703
drop:DB2:L6:light:1:L180,4,0,7.65,7.703
drop:DB2:L6:light:1:L180,5,0,7.65,12.363
drop:DB2:L6:light:1:L180,6,0,8.4,12.363
drop:DB2:L6:light:1:L180,7,0.09,8.4,12.363
drop:DB2:L6:light:1:L180,8,0.09,8.4,12.238
drop:DB2:L6:light:1:L180,9,0.09,15.85,12.238
drop:DB2:L6:light:1:L180,10,0.19,15.85,12.238
drop:DB2:L6:light:1:L180,11,0.19,15.85,12.138
drop:DB2:L6:light:1:L180,12,0.19,23.150000000000002,12.138
drop:DB2:L6:light:1:L180,13,0.475,23.150000000000002,12.138
drop:DB2:L6:light:1:L180,14,0.475,23.150000000000002,11.863
drop:DB2:L6:light:1:L180,15,0.475,23.2,11.863
drop:DB2:L6:light:1:L180,16,0.475,23.2,12.103
drop:DB2:L6:light:1:L180,17,2.45,23.2,12.103
drop:DB2:L6:light:1:L180,18,2.45,23.2,12.513
drop:DB2:L6:light:1:L181,1,2.35,5.964,7.36
drop:DB2:L6:light:1:L181,2,2.35,7.65,7.36
drop:DB2:L6:light:1:L181,3,2.35,7.65,7.703
drop:DB2:L6:light:1:L181,4,0,7.65,7.703
drop:DB2:L6:light:1:L181,5,0,7.65,7.9430000000000005
drop:DB2:L6:light:1:L181,6,0,8.4,7.9430000000000005
drop:DB2:L6:light:1:L181,7,0.09,8.4,7.9430000000000005
drop:DB2:L6:light:1:L181,8,0.09,8.4,8.068000000000001
drop:DB2:L6:light:1:L181,9,0.09,8.4,7.9
drop:DB2:L6:light:1:L181,10,-0.0750000000000001,8.4,7.9
drop:DB2:L6:light:1:L224,1,2.35,5.964,7.36
drop:DB2:L6:light:1:L224,2,2.35,7.65,7.36
drop:DB2:L6:light:1:L224,3,2.35,7.65,7.703
drop:DB2:L6:light:1:L224,4,0,7.65,7.703
drop:DB2:L6:light:1:L224,5,0,7.65,7.9430000000000005
drop:DB2:L6:light:1:L224,6,0,8.4,7.9430000000000005
drop:DB2:L6:light:1:L224,7,0.09,8.4,7.9430000000000005
drop:DB2:L6:light:1:L224,8,0.09,8.4,8.068000000000001
drop:DB2:L6:light:1:L224,9,0.09,8.4,7.75
drop:DB2:L6:light:1:L224,10,-0.0750000000000001,8.4,7.75
drop:DB2:L6:light:1:L225,1,2.35,5.964,7.36
drop:DB2:L6:light:1:L225,2,2.35,7.65,7.36
drop:DB2:L6:light:1:L225,3,2.35,7.65,7.703
drop:DB2:L6:light:1:L225,4,0,7.65,7.703
drop:DB2:L6:light:1:L225,5,0,7.65,7.9430000000000005
drop:DB2:L6:light:1:L225,6,0,8.4,7.9430000000000005
drop:DB2:L6:light:1:L225,7,0.09,8.4,7.9430000000000005
drop:DB2:L6:light:1:L225,8,0.09,8.4,8.068000000000001
drop:DB2:L6:light:1:L225,9,0.09,15.85,8.068000000000001
drop:DB2:L6:light:1:L225,10,0.19,15.85,8.068000000000001
drop:DB2:L6:light:1:L225,11,0.19,15.85,8.168000000000001
drop:DB2:L6:light:1:L225,12,0.19,15.88,8.168000000000001
drop:DB2:L6:light:1:L225,13,0.19,15.88,7.9
drop:DB2:L6:light:1:L225,14,-0.035,15.88,7.9
trunk:DB2:L7:light:-1,1,2.73,1.5,-3.3
trunk:DB2:L7:light:-1,2,2.35,1.5,-3.3
trunk:DB2:L7:light:-1,3,2.35,7.65,-3.3
trunk:DB2:L7:light:-1,4,2.35,7.65,-7.36
trunk:DB2:L7:light:-1,5,2.35,5.98,-7.36
trunk:DB2:L7:light:-1,6,5.475,5.98,-7.36
trunk:DB2:L7:light:-1,7,36.975,5.98,-7.36
trunk:DB2:L7:light:-1,8,36.975,7.04,-7.36
trunk:DB2:L7:light:-1,9,37.615,7.04,-7.36
trunk:DB2:L7:light:-1,10,37.695,6.950412371134018,-7.36
trunk:DB2:L7:light:-1,11,40.574999999999996,9.269999999999994,-7.36
trunk:DB2:L7:light:-1,12,43.455,6.950412371134024,-7.36
trunk:DB2:L7:light:-1,13,43.535,7.04,-7.36
trunk:DB2:L7:light:-1,14,44.175,7.04,-7.36
trunk:DB2:L7:light:-1,15,44.175,5.98,-7.36
trunk:DB2:L7:light:-1,16,53.016,5.98,-7.36
drop:DB2:L7:light:-1:L196,1,29.160000000000004,5.98,-7.36
drop:DB2:L7:light:-1:L196,2,29.160000000000004,7.04,-7.36
drop:DB2:L7:light:-1:L196,3,29.16,12.382,0
drop:DB2:L7:light:-1:L196,4,29.16,12.69,0
drop:DB2:L7:light:-1:L197,1,21.35,5.98,-7.36
drop:DB2:L7:light:-1:L197,2,21.35,7.04,-7.36
drop:DB2:L7:light:-1:L197,3,21.35,7.083548913043479,-7.3
drop:DB2:L7:light:-1:L197,4,21.35,7.32,-7.3
drop:DB2:L7:light:-1:L198,1,48.4,5.98,-7.36
drop:DB2:L7:light:-1:L198,2,48.4,7.04,-7.36
drop:DB2:L7:light:-1:L198,3,48.4,7.083548913043479,-7.3
drop:DB2:L7:light:-1:L198,4,48.4,7.32,-7.3
drop:DB2:L7:light:-1:L199,1,21.35,5.98,-7.36
drop:DB2:L7:light:-1:L199,2,21.35,7.04,-7.36
drop:DB2:L7:light:-1:L199,3,21.35,6.932426896644658,-7.439024390243903
drop:DB2:L7:light:-1:L199,4,21.35,6.22950276243094,-10.6
drop:DB2:L7:light:-1:L199,5,21.35,6.47,-10.6
drop:DB2:L7:light:-1:L200,1,48.4,5.98,-7.36
drop:DB2:L7:light:-1:L200,2,48.4,7.04,-7.36
drop:DB2:L7:light:-1:L200,3,48.4,6.932426896644658,-7.439024390243903
drop:DB2:L7:light:-1:L200,4,48.4,6.22950276243094,-10.6
drop:DB2:L7:light:-1:L200,5,48.4,6.47,-10.6
drop:DB2:L7:light:-1:L201,1,53.016,5.98,-7.36
drop:DB2:L7:light:-1:L201,2,53.016,5.98,-3.65
drop:DB2:L7:light:-1:L201,3,53.016,10,-3.65
drop:DB2:L7:light:-1:L201,4,53.45,10,-3.65
drop:DB2:L7:light:-1:L202,1,2.35,5.98,-7.36
drop:DB2:L7:light:-1:L202,2,2.35,7.65,-7.36
drop:DB2:L7:light:-1:L202,3,2.35,7.65,-7.703
drop:DB2:L7:light:-1:L202,4,0,7.65,-7.703
drop:DB2:L7:light:-1:L202,5,0,7.65,-7.9430000000000005
drop:DB2:L7:light:-1:L202,6,0,4.195,-7.9430000000000005
drop:DB2:L7:light:-1:L202,7,0,4.195,-7.823
drop:DB2:L7:light:-1:L202,8,-0.4,4.195,-7.823
drop:DB2:L7:light:-1:L203,1,2.35,5.98,-7.36
drop:DB2:L7:light:-1:L203,2,2.35,7.65,-7.36
drop:DB2:L7:light:-1:L203,3,2.35,7.65,-7.703
drop:DB2:L7:light:-1:L203,4,0,7.65,-7.703
drop:DB2:L7:light:-1:L203,5,0,7.65,-12.363
drop:DB2:L7:light:-1:L203,6,0,4.195,-12.363
drop:DB2:L7:light:-1:L203,7,0,4.195,-12.483
drop:DB2:L7:light:-1:L203,8,-0.4,4.195,-12.483
drop:DB2:L7:light:-1:L204,1,2.35,5.98,-7.36
drop:DB2:L7:light:-1:L204,2,2.35,7.65,-7.36
drop:DB2:L7:light:-1:L204,3,2.35,7.65,-7.703
drop:DB2:L7:light:-1:L204,4,0,7.65,-7.703
drop:DB2:L7:light:-1:L204,5,0,7.65,-7.9430000000000005
drop:DB2:L7:light:-1:L204,6,0,8.4,-7.9430000000000005
drop:DB2:L7:light:-1:L204,7,0.09,8.4,-7.9430000000000005
drop:DB2:L7:light:-1:L204,8,0.09,8.4,-8.068000000000001
drop:DB2:L7:light:-1:L204,9,0.09,12.115,-8.068000000000001
drop:DB2:L7:light:-1:L204,10,0.09,12.115,-7.948
drop:DB2:L7:light:-1:L204,11,-0.3099999999999997,12.115,-7.948
drop:DB2:L7:light:-1:L205,1,2.35,5.98,-7.36
drop:DB2:L7:light:-1:L205,2,2.35,7.65,-7.36
drop:DB2:L7:light:-1:L205,3,2.35,7.65,-7.703
drop:DB2:L7:light:-1:L205,4,0,7.65,-7.703
drop:DB2:L7:light:-1:L205,5,0,7.65,-12.363
drop:DB2:L7:light:-1:L205,6,0,8.4,-12.363
drop:DB2:L7:light:-1:L205,7,0.09,8.4,-12.363
drop:DB2:L7:light:-1:L205,8,0.09,8.4,-12.238
drop:DB2:L7:light:-1:L205,9,0.09,12.115,-12.238
drop:DB2:L7:light:-1:L205,10,0.09,12.115,-12.358
drop:DB2:L7:light:-1:L205,11,-0.3099999999999997,12.115,-12.358
drop:DB2:L7:light:-1:L206,1,2.35,5.98,-7.36
drop:DB2:L7:light:-1:L206,2,2.35,7.65,-7.36
drop:DB2:L7:light:-1:L206,3,2.35,7.65,-7.703
drop:DB2:L7:light:-1:L206,4,0,7.65,-7.703
drop:DB2:L7:light:-1:L206,5,0,7.65,-7.9430000000000005
drop:DB2:L7:light:-1:L206,6,0,8.4,-7.9430000000000005
drop:DB2:L7:light:-1:L206,7,0.09,8.4,-7.9430000000000005
drop:DB2:L7:light:-1:L206,8,0.09,8.4,-8.068000000000001
drop:DB2:L7:light:-1:L206,9,0.09,15.85,-8.068000000000001
drop:DB2:L7:light:-1:L206,10,0.19,15.85,-8.068000000000001
drop:DB2:L7:light:-1:L206,11,0.19,15.85,-8.168000000000001
drop:DB2:L7:light:-1:L206,12,0.19,19.490000000000002,-8.168000000000001
drop:DB2:L7:light:-1:L206,13,0.19,19.490000000000002,-8.048
drop:DB2:L7:light:-1:L206,14,-0.20999999999999963,19.490000000000002,-8.048
drop:DB2:L7:light:-1:L207,1,2.35,5.98,-7.36
drop:DB2:L7:light:-1:L207,2,2.35,7.65,-7.36
drop:DB2:L7:light:-1:L207,3,2.35,7.65,-7.703
drop:DB2:L7:light:-1:L207,4,0,7.65,-7.703
drop:DB2:L7:light:-1:L207,5,0,7.65,-12.363
drop:DB2:L7:light:-1:L207,6,0,8.4,-12.363
drop:DB2:L7:light:-1:L207,7,0.09,8.4,-12.363
drop:DB2:L7:light:-1:L207,8,0.09,8.4,-12.238
drop:DB2:L7:light:-1:L207,9,0.09,15.85,-12.238
drop:DB2:L7:light:-1:L207,10,0.19,15.85,-12.238
drop:DB2:L7:light:-1:L207,11,0.19,15.85,-12.138
drop:DB2:L7:light:-1:L207,12,0.19,19.490000000000002,-12.138
drop:DB2:L7:light:-1:L207,13,0.19,19.490000000000002,-12.258000000000001
drop:DB2:L7:light:-1:L207,14,-0.20999999999999963,19.490000000000002,-12.258000000000001
drop:DB2:L7:light:-1:L219,1,2.35,5.98,-7.36
drop:DB2:L7:light:-1:L219,2,2.35,7.65,-7.36
drop:DB2:L7:light:-1:L219,3,2.35,7.65,0
drop:DB2:L7:light:-1:L219,4,2.35,8.5,0
drop:DB2:L7:light:-1:L219,5,2.15,8.5,0
drop:DB2:L7:light:-1:L220,1,52.6,5.98,-7.36
drop:DB2:L7:light:-1:L220,2,52.6,7.04,-7.36
drop:DB2:L7:light:-1:L220,3,52.6,6.932496881126359,-7.4387096774193555
drop:DB2:L7:light:-1:L220,4,52.6,6.4074033149171274,-9.8
drop:DB2:L7:light:-1:L220,5,52.6,6.55,-9.8
trunk:DB2:L7:light:1,1,2.73,1.5,-3.3
trunk:DB2:L7:light:1,2,2.35,1.5,-3.3
trunk:DB2:L7:light:1,3,2.35,7.65,-3.3
trunk:DB2:L7:light:1,4,2.35,7.65,7.36
trunk:DB2:L7:light:1,5,2.35,5.98,7.36
trunk:DB2:L7:light:1,6,5.475,5.98,7.36
trunk:DB2:L7:light:1,7,36.975,5.98,7.36
trunk:DB2:L7:light:1,8,36.975,7.04,7.36
trunk:DB2:L7:light:1,9,37.615,7.04,7.36
trunk:DB2:L7:light:1,10,37.695,6.950412371134018,7.36
trunk:DB2:L7:light:1,11,40.574999999999996,9.269999999999994,7.36
trunk:DB2:L7:light:1,12,43.455,6.950412371134024,7.36
trunk:DB2:L7:light:1,13,43.535,7.04,7.36
trunk:DB2:L7:light:1,14,44.175,7.04,7.36
trunk:DB2:L7:light:1,15,44.175,5.98,7.36
trunk:DB2:L7:light:1,16,53.016,5.98,7.36
drop:DB2:L7:light:1:L208,1,21.35,5.98,7.36
drop:DB2:L7:light:1:L208,2,21.35,7.04,7.36
drop:DB2:L7:light:1:L208,3,21.35,7.083548913043479,7.3
drop:DB2:L7:light:1:L208,4,21.35,7.32,7.3
drop:DB2:L7:light:1:L209,1,48.4,5.98,7.36
drop:DB2:L7:light:1:L209,2,48.4,7.04,7.36
drop:DB2:L7:light:1:L209,3,48.4,7.083548913043479,7.3
drop:DB2:L7:light:1:L209,4,48.4,7.32,7.3
drop:DB2:L7:light:1:L210,1,21.35,5.98,7.36
drop:DB2:L7:light:1:L210,2,21.35,7.04,7.36
drop:DB2:L7:light:1:L210,3,21.35,6.932426896644658,7.439024390243903
drop:DB2:L7:light:1:L210,4,21.35,6.22950276243094,10.6
drop:DB2:L7:light:1:L210,5,21.35,6.47,10.6
drop:DB2:L7:light:1:L211,1,48.4,5.98,7.36
drop:DB2:L7:light:1:L211,2,48.4,7.04,7.36
drop:DB2:L7:light:1:L211,3,48.4,6.932426896644658,7.439024390243903
drop:DB2:L7:light:1:L211,4,48.4,6.22950276243094,10.6
drop:DB2:L7:light:1:L211,5,48.4,6.47,10.6
drop:DB2:L7:light:1:L212,1,53.016,5.98,7.36
drop:DB2:L7:light:1:L212,2,53.016,5.98,3.65
drop:DB2:L7:light:1:L212,3,53.016,10,3.65
drop:DB2:L7:light:1:L212,4,53.45,10,3.65
drop:DB2:L7:light:1:L213,1,2.35,5.98,7.36
drop:DB2:L7:light:1:L213,2,2.35,7.65,7.36
drop:DB2:L7:light:1:L213,3,2.35,7.65,7.703
drop:DB2:L7:light:1:L213,4,0,7.65,7.703
drop:DB2:L7:light:1:L213,5,0,7.65,7.9430000000000005
drop:DB2:L7:light:1:L213,6,0,4.195,7.9430000000000005
drop:DB2:L7:light:1:L213,7,0,4.195,7.823
drop:DB2:L7:light:1:L213,8,-0.4,4.195,7.823
drop:DB2:L7:light:1:L214,1,2.35,5.98,7.36
drop:DB2:L7:light:1:L214,2,2.35,7.65,7.36
drop:DB2:L7:light:1:L214,3,2.35,7.65,7.703
drop:DB2:L7:light:1:L214,4,0,7.65,7.703
drop:DB2:L7:light:1:L214,5,0,7.65,12.363
drop:DB2:L7:light:1:L214,6,0,4.195,12.363
drop:DB2:L7:light:1:L214,7,0,4.195,12.483
drop:DB2:L7:light:1:L214,8,-0.4,4.195,12.483
drop:DB2:L7:light:1:L215,1,2.35,5.98,7.36
drop:DB2:L7:light:1:L215,2,2.35,7.65,7.36
drop:DB2:L7:light:1:L215,3,2.35,7.65,7.703
drop:DB2:L7:light:1:L215,4,0,7.65,7.703
drop:DB2:L7:light:1:L215,5,0,7.65,7.9430000000000005
drop:DB2:L7:light:1:L215,6,0,8.4,7.9430000000000005
drop:DB2:L7:light:1:L215,7,0.09,8.4,7.9430000000000005
drop:DB2:L7:light:1:L215,8,0.09,8.4,8.068000000000001
drop:DB2:L7:light:1:L215,9,0.09,12.115,8.068000000000001
drop:DB2:L7:light:1:L215,10,0.09,12.115,7.948
drop:DB2:L7:light:1:L215,11,-0.3099999999999997,12.115,7.948
drop:DB2:L7:light:1:L216,1,2.35,5.98,7.36
drop:DB2:L7:light:1:L216,2,2.35,7.65,7.36
drop:DB2:L7:light:1:L216,3,2.35,7.65,7.703
drop:DB2:L7:light:1:L216,4,0,7.65,7.703
drop:DB2:L7:light:1:L216,5,0,7.65,12.363
drop:DB2:L7:light:1:L216,6,0,8.4,12.363
drop:DB2:L7:light:1:L216,7,0.09,8.4,12.363
drop:DB2:L7:light:1:L216,8,0.09,8.4,12.238
drop:DB2:L7:light:1:L216,9,0.09,12.115,12.238
drop:DB2:L7:light:1:L216,10,0.09,12.115,12.358
drop:DB2:L7:light:1:L216,11,-0.3099999999999997,12.115,12.358
drop:DB2:L7:light:1:L217,1,2.35,5.98,7.36
drop:DB2:L7:light:1:L217,2,2.35,7.65,7.36
drop:DB2:L7:light:1:L217,3,2.35,7.65,7.703
drop:DB2:L7:light:1:L217,4,0,7.65,7.703
drop:DB2:L7:light:1:L217,5,0,7.65,7.9430000000000005
drop:DB2:L7:light:1:L217,6,0,8.4,7.9430000000000005
drop:DB2:L7:light:1:L217,7,0.09,8.4,7.9430000000000005
drop:DB2:L7:light:1:L217,8,0.09,8.4,8.068000000000001
drop:DB2:L7:light:1:L217,9,0.09,15.85,8.068000000000001
drop:DB2:L7:light:1:L217,10,0.19,15.85,8.068000000000001
drop:DB2:L7:light:1:L217,11,0.19,15.85,8.168000000000001
drop:DB2:L7:light:1:L217,12,0.19,19.490000000000002,8.168000000000001
drop:DB2:L7:light:1:L217,13,0.19,19.490000000000002,8.048
drop:DB2:L7:light:1:L217,14,-0.20999999999999963,19.490000000000002,8.048
drop:DB2:L7:light:1:L218,1,2.35,5.98,7.36
drop:DB2:L7:light:1:L218,2,2.35,7.65,7.36
drop:DB2:L7:light:1:L218,3,2.35,7.65,7.703
drop:DB2:L7:light:1:L218,4,0,7.65,7.703
drop:DB2:L7:light:1:L218,5,0,7.65,12.363
drop:DB2:L7:light:1:L218,6,0,8.4,12.363
drop:DB2:L7:light:1:L218,7,0.09,8.4,12.363
drop:DB2:L7:light:1:L218,8,0.09,8.4,12.238
drop:DB2:L7:light:1:L218,9,0.09,15.85,12.238
drop:DB2:L7:light:1:L218,10,0.19,15.85,12.238
drop:DB2:L7:light:1:L218,11,0.19,15.85,12.138
drop:DB2:L7:light:1:L218,12,0.19,19.490000000000002,12.138
drop:DB2:L7:light:1:L218,13,0.19,19.490000000000002,12.258000000000001
drop:DB2:L7:light:1:L218,14,-0.20999999999999963,19.490000000000002,12.258000000000001
drop:DB2:L7:light:1:L221,1,52.6,5.98,7.36
drop:DB2:L7:light:1:L221,2,52.6,7.04,7.36
drop:DB2:L7:light:1:L221,3,52.6,6.932496881126359,7.4387096774193555
drop:DB2:L7:light:1:L221,4,52.6,6.4074033149171274,9.8
drop:DB2:L7:light:1:L221,5,52.6,6.55,9.8
trunk:FC1:F1:fan:-1,1,48.895,1.95,0.4
trunk:FC1:F1:fan:-1,2,48.735,1.95,0.4
trunk:FC1:F1:fan:-1,3,48.735,1.95,-2.24
trunk:FC1:F1:fan:-1,4,48.735,4.33,-2.24
trunk:FC1:F1:fan:-1,5,48.735,4.33,-3.3
trunk:FC1:F1:fan:-1,6,53.016,4.33,-3.3
trunk:FC1:F1:fan:-1,7,53.016,6.0040000000000004,-3.3
trunk:FC1:F1:fan:-1,8,53.016,6.0040000000000004,-7.36
trunk:FC1:F1:fan:-1,9,44.175,6.0040000000000004,-7.36
trunk:FC1:F1:fan:-1,10,44.175,7.04,-7.36
trunk:FC1:F1:fan:-1,11,43.535,7.04,-7.36
trunk:FC1:F1:fan:-1,12,43.455,6.950412371134024,-7.36
trunk:FC1:F1:fan:-1,13,40.574999999999996,9.269999999999994,-7.36
trunk:FC1:F1:fan:-1,14,37.695,6.950412371134018,-7.36
trunk:FC1:F1:fan:-1,15,37.615,7.04,-7.36
trunk:FC1:F1:fan:-1,16,36.975,7.04,-7.36
trunk:FC1:F1:fan:-1,17,36.975,6.0040000000000004,-7.36
trunk:FC1:F1:fan:-1,18,9.030000000000001,6.0040000000000004,-7.36
drop:FC1:F1:fan:-1:F226,1,9.030000000000001,6.0040000000000004,-7.36
drop:FC1:F1:fan:-1:F226,2,9.030000000000001,7.04,-7.36
drop:FC1:F1:fan:-1:F226,3,7.725,7.04,-7.36
drop:FC1:F1:fan:-1:F226,4,7.725,9.18841304347826,-4.4
drop:FC1:F1:fan:-1:F226,5,7.725,9.028413043478261,-4.4
drop:FC1:F1:fan:-1:F226,6,7.725,3.9,-4.4
drop:FC1:F1:fan:-1:F228,1,13.530000000000001,6.0040000000000004,-7.36
drop:FC1:F1:fan:-1:F228,2,13.530000000000001,7.04,-7.36
drop:FC1:F1:fan:-1:F228,3,12.225,7.04,-7.36
drop:FC1:F1:fan:-1:F228,4,12.225,9.18841304347826,-4.4
drop:FC1:F1:fan:-1:F228,5,12.225,9.028413043478261,-4.4
drop:FC1:F1:fan:-1:F228,6,12.225,3.9,-4.4
drop:FC1:F1:fan:-1:F230,1,18.02,6.0040000000000004,-7.36
drop:FC1:F1:fan:-1:F230,2,18.02,7.04,-7.36
drop:FC1:F1:fan:-1:F230,3,16.725,7.04,-7.36
drop:FC1:F1:fan:-1:F230,4,16.725,9.18841304347826,-4.4
drop:FC1:F1:fan:-1:F230,5,16.725,9.028413043478261,-4.4
drop:FC1:F1:fan:-1:F230,6,16.725,3.9,-4.4
drop:FC1:F1:fan:-1:F232,1,22.53,6.0040000000000004,-7.36
drop:FC1:F1:fan:-1:F232,2,22.53,7.04,-7.36
drop:FC1:F1:fan:-1:F232,3,21.225,7.04,-7.36
drop:FC1:F1:fan:-1:F232,4,21.225,9.18841304347826,-4.4
drop:FC1:F1:fan:-1:F232,5,21.225,9.028413043478261,-4.4
drop:FC1:F1:fan:-1:F232,6,21.225,3.9,-4.4
drop:FC1:F1:fan:-1:F234,1,27.03,6.0040000000000004,-7.36
drop:FC1:F1:fan:-1:F234,2,27.03,7.04,-7.36
drop:FC1:F1:fan:-1:F234,3,25.725,7.04,-7.36
drop:FC1:F1:fan:-1:F234,4,25.725,9.18841304347826,-4.4
drop:FC1:F1:fan:-1:F234,5,25.725,9.028413043478261,-4.4
drop:FC1:F1:fan:-1:F234,6,25.725,3.9,-4.4
drop:FC1:F1:fan:-1:F236,1,31.53,6.0040000000000004,-7.36
drop:FC1:F1:fan:-1:F236,2,31.53,7.04,-7.36
drop:FC1:F1:fan:-1:F236,3,30.225,7.04,-7.36
drop:FC1:F1:fan:-1:F236,4,30.225,9.18841304347826,-4.4
drop:FC1:F1:fan:-1:F236,5,30.225,9.028413043478261,-4.4
drop:FC1:F1:fan:-1:F236,6,30.225,3.9,-4.4
drop:FC1:F1:fan:-1:F238,1,36.02,6.0040000000000004,-7.36
drop:FC1:F1:fan:-1:F238,2,36.02,7.04,-7.36
drop:FC1:F1:fan:-1:F238,3,34.725,7.04,-7.36
drop:FC1:F1:fan:-1:F238,4,34.725,9.18841304347826,-4.4
drop:FC1:F1:fan:-1:F238,5,34.725,9.028413043478261,-4.4
drop:FC1:F1:fan:-1:F238,6,34.725,3.9,-4.4
trunk:FC1:F1:fan:1,1,48.895,1.95,0.4
trunk:FC1:F1:fan:1,2,48.735,1.95,0.4
trunk:FC1:F1:fan:1,3,48.735,1.95,-2.24
trunk:FC1:F1:fan:1,4,48.735,4.33,-2.24
trunk:FC1:F1:fan:1,5,48.735,4.33,-3.3
trunk:FC1:F1:fan:1,6,53.016,4.33,-3.3
trunk:FC1:F1:fan:1,7,53.016,6.0040000000000004,-3.3
trunk:FC1:F1:fan:1,8,53.016,6.0040000000000004,7.36
trunk:FC1:F1:fan:1,9,44.175,6.0040000000000004,7.36
trunk:FC1:F1:fan:1,10,44.175,7.04,7.36
trunk:FC1:F1:fan:1,11,43.535,7.04,7.36
trunk:FC1:F1:fan:1,12,43.455,6.950412371134024,7.36
trunk:FC1:F1:fan:1,13,40.574999999999996,9.269999999999994,7.36
trunk:FC1:F1:fan:1,14,37.695,6.950412371134018,7.36
trunk:FC1:F1:fan:1,15,37.615,7.04,7.36
trunk:FC1:F1:fan:1,16,36.975,7.04,7.36
trunk:FC1:F1:fan:1,17,36.975,6.0040000000000004,7.36
trunk:FC1:F1:fan:1,18,9.030000000000001,6.0040000000000004,7.36
drop:FC1:F1:fan:1:F227,1,9.030000000000001,6.0040000000000004,7.36
drop:FC1:F1:fan:1:F227,2,9.030000000000001,7.04,7.36
drop:FC1:F1:fan:1:F227,3,7.725,7.04,7.36
drop:FC1:F1:fan:1:F227,4,7.725,9.18841304347826,4.4
drop:FC1:F1:fan:1:F227,5,7.725,9.028413043478261,4.4
drop:FC1:F1:fan:1:F227,6,7.725,3.9,4.4
drop:FC1:F1:fan:1:F229,1,13.530000000000001,6.0040000000000004,7.36
drop:FC1:F1:fan:1:F229,2,13.530000000000001,7.04,7.36
drop:FC1:F1:fan:1:F229,3,12.225,7.04,7.36
drop:FC1:F1:fan:1:F229,4,12.225,9.18841304347826,4.4
drop:FC1:F1:fan:1:F229,5,12.225,9.028413043478261,4.4
drop:FC1:F1:fan:1:F229,6,12.225,3.9,4.4
drop:FC1:F1:fan:1:F231,1,18.02,6.0040000000000004,7.36
drop:FC1:F1:fan:1:F231,2,18.02,7.04,7.36
drop:FC1:F1:fan:1:F231,3,16.725,7.04,7.36
drop:FC1:F1:fan:1:F231,4,16.725,9.18841304347826,4.4
drop:FC1:F1:fan:1:F231,5,16.725,9.028413043478261,4.4
drop:FC1:F1:fan:1:F231,6,16.725,3.9,4.4
drop:FC1:F1:fan:1:F233,1,22.53,6.0040000000000004,7.36
drop:FC1:F1:fan:1:F233,2,22.53,7.04,7.36
drop:FC1:F1:fan:1:F233,3,21.225,7.04,7.36
drop:FC1:F1:fan:1:F233,4,21.225,9.18841304347826,4.4
drop:FC1:F1:fan:1:F233,5,21.225,9.028413043478261,4.4
drop:FC1:F1:fan:1:F233,6,21.225,3.9,4.4
drop:FC1:F1:fan:1:F235,1,27.03,6.0040000000000004,7.36
drop:FC1:F1:fan:1:F235,2,27.03,7.04,7.36
drop:FC1:F1:fan:1:F235,3,25.725,7.04,7.36
drop:FC1:F1:fan:1:F235,4,25.725,9.18841304347826,4.4
drop:FC1:F1:fan:1:F235,5,25.725,9.028413043478261,4.4
drop:FC1:F1:fan:1:F235,6,25.725,3.9,4.4
drop:FC1:F1:fan:1:F237,1,31.53,6.0040000000000004,7.36
drop:FC1:F1:fan:1:F237,2,31.53,7.04,7.36
drop:FC1:F1:fan:1:F237,3,30.225,7.04,7.36
drop:FC1:F1:fan:1:F237,4,30.225,9.18841304347826,4.4
drop:FC1:F1:fan:1:F237,5,30.225,9.028413043478261,4.4
drop:FC1:F1:fan:1:F237,6,30.225,3.9,4.4
drop:FC1:F1:fan:1:F239,1,36.02,6.0040000000000004,7.36
drop:FC1:F1:fan:1:F239,2,36.02,7.04,7.36
drop:FC1:F1:fan:1:F239,3,34.725,7.04,7.36
drop:FC1:F1:fan:1:F239,4,34.725,9.18841304347826,4.4
drop:FC1:F1:fan:1:F239,5,34.725,9.028413043478261,4.4
drop:FC1:F1:fan:1:F239,6,34.725,3.9,4.4
trunk:FC1:F5:fan:-1,1,48.895,1.95,0.4
trunk:FC1:F5:fan:-1,2,48.735,1.95,0.4
trunk:FC1:F5:fan:-1,3,48.735,1.95,-2.24
trunk:FC1:F5:fan:-1,4,48.735,4.33,-2.24
trunk:FC1:F5:fan:-1,5,48.735,4.33,-3.3
trunk:FC1:F5:fan:-1,6,53.016,4.33,-3.3
trunk:FC1:F5:fan:-1,7,53.016,6.1000000000000005,-3.3
trunk:FC1:F5:fan:-1,8,53.016,6.1000000000000005,-7.36
trunk:FC1:F5:fan:-1,9,44.175,6.1000000000000005,-7.36
trunk:FC1:F5:fan:-1,10,44.175,7.04,-7.36
trunk:FC1:F5:fan:-1,11,43.535,7.04,-7.36
trunk:FC1:F5:fan:-1,12,43.455,6.950412371134024,-7.36
trunk:FC1:F5:fan:-1,13,40.574999999999996,9.269999999999994,-7.36
trunk:FC1:F5:fan:-1,14,38.05,7.236333762886593,-7.36
drop:FC1:F5:fan:-1:F240,1,38.05,7.236333762886593,-7.36
drop:FC1:F5:fan:-1:F240,2,38.05,7.236333762886593,-13.249
drop:FC1:F5:fan:-1:F240,3,38.05,4.05,-13.249
drop:FC1:F5:fan:-1:F240,4,38.05,4.05,-13.06
drop:FC1:F5:fan:-1:F241,1,43.1,7.236333762886598,-7.36
drop:FC1:F5:fan:-1:F241,2,43.1,7.2363337628865985,-13.249
drop:FC1:F5:fan:-1:F241,3,43.1,4.05,-13.249
drop:FC1:F5:fan:-1:F241,4,43.1,4.05,-13.06
trunk:FC1:F5:fan:1,1,48.895,1.95,0.4
trunk:FC1:F5:fan:1,2,48.735,1.95,0.4
trunk:FC1:F5:fan:1,3,48.735,1.95,-2.24
trunk:FC1:F5:fan:1,4,48.735,4.33,-2.24
trunk:FC1:F5:fan:1,5,48.735,4.33,-3.3
trunk:FC1:F5:fan:1,6,53.016,4.33,-3.3
trunk:FC1:F5:fan:1,7,53.016,6.1000000000000005,-3.3
trunk:FC1:F5:fan:1,8,53.016,6.1000000000000005,7.36
trunk:FC1:F5:fan:1,9,44.175,6.1000000000000005,7.36
trunk:FC1:F5:fan:1,10,44.175,7.04,7.36
trunk:FC1:F5:fan:1,11,43.535,7.04,7.36
trunk:FC1:F5:fan:1,12,43.455,6.950412371134024,7.36
trunk:FC1:F5:fan:1,13,40.574999999999996,9.269999999999994,7.36
trunk:FC1:F5:fan:1,14,38.05,7.236333762886593,7.36
drop:FC1:F5:fan:1:F242,1,38.05,7.236333762886593,7.36
drop:FC1:F5:fan:1:F242,2,38.05,7.236333762886593,13.249
drop:FC1:F5:fan:1:F242,3,38.05,4.05,13.249
drop:FC1:F5:fan:1:F242,4,38.05,4.05,13.06
drop:FC1:F5:fan:1:F243,1,43.1,7.236333762886598,7.36
drop:FC1:F5:fan:1:F243,2,43.1,7.2363337628865985,13.249
drop:FC1:F5:fan:1:F243,3,43.1,4.05,13.249
drop:FC1:F5:fan:1:F243,4,43.1,4.05,13.06
trunk:FC1:F2:fan:-1,1,48.895,1.95,0.4
trunk:FC1:F2:fan:-1,2,48.735,1.95,0.4
trunk:FC1:F2:fan:-1,3,48.735,1.95,-2.24
trunk:FC1:F2:fan:-1,4,48.735,4.33,-2.24
trunk:FC1:F2:fan:-1,5,48.735,4.33,-3.3
trunk:FC1:F2:fan:-1,6,53.016,4.33,-3.3
trunk:FC1:F2:fan:-1,7,53.016,6.0120000000000005,-3.3
trunk:FC1:F2:fan:-1,8,53.016,6.0120000000000005,-7.36
trunk:FC1:F2:fan:-1,9,44.175,6.0120000000000005,-7.36
trunk:FC1:F2:fan:-1,10,44.175,7.04,-7.36
trunk:FC1:F2:fan:-1,11,43.535,7.04,-7.36
trunk:FC1:F2:fan:-1,12,43.455,6.950412371134024,-7.36
trunk:FC1:F2:fan:-1,13,40.574999999999996,9.269999999999994,-7.36
trunk:FC1:F2:fan:-1,14,37.695,6.950412371134018,-7.36
trunk:FC1:F2:fan:-1,15,37.615,7.04,-7.36
trunk:FC1:F2:fan:-1,16,36.975,7.04,-7.36
trunk:FC1:F2:fan:-1,17,36.975,6.0120000000000005,-7.36
trunk:FC1:F2:fan:-1,18,5.475000000000001,6.0120000000000005,-7.36
drop:FC1:F2:fan:-1:F244,1,14.475000000000001,6.0120000000000005,-7.36
drop:FC1:F2:fan:-1:F244,2,14.475000000000001,5.55,-7.36
drop:FC1:F2:fan:-1:F244,3,14.475,5.55,-7.07
drop:FC1:F2:fan:-1:F246,1,23.475,6.0120000000000005,-7.36
drop:FC1:F2:fan:-1:F246,2,23.475,5.55,-7.36
drop:FC1:F2:fan:-1:F246,3,23.475,5.55,-7.07
drop:FC1:F2:fan:-1:F248,1,32.475,6.0120000000000005,-7.36
drop:FC1:F2:fan:-1:F248,2,32.475,5.55,-7.36
drop:FC1:F2:fan:-1:F248,3,32.475,5.55,-7.07
drop:FC1:F2:fan:-1:F-NAVE-B-2P,1,5.475000000000001,6.0120000000000005,-7.36
drop:FC1:F2:fan:-1:F-NAVE-B-2P,2,5.475000000000001,5.55,-7.36
drop:FC1:F2:fan:-1:F-NAVE-B-2P,3,5.475,5.55,-7.07
drop:FC1:F2:fan:-1:F-NAVE-B-3,1,9.975000000000001,6.0120000000000005,-7.36
drop:FC1:F2:fan:-1:F-NAVE-B-3,2,9.975000000000001,5.55,-7.36
drop:FC1:F2:fan:-1:F-NAVE-B-3,3,9.975,5.55,-7.07
drop:FC1:F2:fan:-1:F-NAVE-B-5,1,18.975,6.0120000000000005,-7.36
drop:FC1:F2:fan:-1:F-NAVE-B-5,2,18.975,5.55,-7.36
drop:FC1:F2:fan:-1:F-NAVE-B-5,3,18.975,5.55,-7.07
drop:FC1:F2:fan:-1:F-NAVE-B-7,1,27.975,6.0120000000000005,-7.36
drop:FC1:F2:fan:-1:F-NAVE-B-7,2,27.975,5.55,-7.36
drop:FC1:F2:fan:-1:F-NAVE-B-7,3,27.975,5.55,-7.07
drop:FC1:F2:fan:-1:F-NAVE-B-9,1,36.975,6.0120000000000005,-7.36
drop:FC1:F2:fan:-1:F-NAVE-B-9,2,36.975,5.55,-7.36
drop:FC1:F2:fan:-1:F-NAVE-B-9,3,36.975,5.55,-7.07
trunk:FC1:F2:fan:1,1,48.895,1.95,0.4
trunk:FC1:F2:fan:1,2,48.735,1.95,0.4
trunk:FC1:F2:fan:1,3,48.735,1.95,-2.24
trunk:FC1:F2:fan:1,4,48.735,4.33,-2.24
trunk:FC1:F2:fan:1,5,48.735,4.33,-3.3
trunk:FC1:F2:fan:1,6,53.016,4.33,-3.3
trunk:FC1:F2:fan:1,7,53.016,6.0120000000000005,-3.3
trunk:FC1:F2:fan:1,8,53.016,6.0120000000000005,7.36
trunk:FC1:F2:fan:1,9,44.175,6.0120000000000005,7.36
trunk:FC1:F2:fan:1,10,44.175,7.04,7.36
trunk:FC1:F2:fan:1,11,43.535,7.04,7.36
trunk:FC1:F2:fan:1,12,43.455,6.950412371134024,7.36
trunk:FC1:F2:fan:1,13,40.574999999999996,9.269999999999994,7.36
trunk:FC1:F2:fan:1,14,37.695,6.950412371134018,7.36
trunk:FC1:F2:fan:1,15,37.615,7.04,7.36
trunk:FC1:F2:fan:1,16,36.975,7.04,7.36
trunk:FC1:F2:fan:1,17,36.975,6.0120000000000005,7.36
trunk:FC1:F2:fan:1,18,5.475000000000001,6.0120000000000005,7.36
drop:FC1:F2:fan:1:F245,1,14.475000000000001,6.0120000000000005,7.36
drop:FC1:F2:fan:1:F245,2,14.475000000000001,5.55,7.36
drop:FC1:F2:fan:1:F245,3,14.475,5.55,7.07
drop:FC1:F2:fan:1:F247,1,23.475,6.0120000000000005,7.36
drop:FC1:F2:fan:1:F247,2,23.475,5.55,7.36
drop:FC1:F2:fan:1:F247,3,23.475,5.55,7.07
drop:FC1:F2:fan:1:F249,1,32.475,6.0120000000000005,7.36
drop:FC1:F2:fan:1:F249,2,32.475,5.55,7.36
drop:FC1:F2:fan:1:F249,3,32.475,5.55,7.07
drop:FC1:F2:fan:1:F-NAVE-H-2P,1,5.475000000000001,6.0120000000000005,7.36
drop:FC1:F2:fan:1:F-NAVE-H-2P,2,5.475000000000001,5.55,7.36
drop:FC1:F2:fan:1:F-NAVE-H-2P,3,5.475,5.55,7.07
drop:FC1:F2:fan:1:F-NAVE-H-3,1,9.975000000000001,6.0120000000000005,7.36
drop:FC1:F2:fan:1:F-NAVE-H-3,2,9.975000000000001,5.55,7.36
drop:FC1:F2:fan:1:F-NAVE-H-3,3,9.975,5.55,7.07
drop:FC1:F2:fan:1:F-NAVE-H-5,1,18.975,6.0120000000000005,7.36
drop:FC1:F2:fan:1:F-NAVE-H-5,2,18.975,5.55,7.36
drop:FC1:F2:fan:1:F-NAVE-H-5,3,18.975,5.55,7.07
drop:FC1:F2:fan:1:F-NAVE-H-7,1,27.975,6.0120000000000005,7.36
drop:FC1:F2:fan:1:F-NAVE-H-7,2,27.975,5.55,7.36
drop:FC1:F2:fan:1:F-NAVE-H-7,3,27.975,5.55,7.07
drop:FC1:F2:fan:1:F-NAVE-H-9,1,36.975,6.0120000000000005,7.36
drop:FC1:F2:fan:1:F-NAVE-H-9,2,36.975,5.55,7.36
drop:FC1:F2:fan:1:F-NAVE-H-9,3,36.975,5.55,7.07
trunk:DB2:F4:fan:-1,1,2.73,1.5,-3.3
trunk:DB2:F4:fan:-1,2,2.35,1.5,-3.3
trunk:DB2:F4:fan:-1,3,2.35,7.65,-3.3
trunk:DB2:F4:fan:-1,4,2.35,7.65,-7.36
trunk:DB2:F4:fan:-1,5,2.35,6.0280000000000005,-7.36
trunk:DB2:F4:fan:-1,6,2.655,6.0280000000000005,-7.36
drop:DB2:F4:fan:-1:F250,1,2.655,6.0280000000000005,-7.36
drop:DB2:F4:fan:-1:F250,2,2.35,7.65,-7.36
drop:DB2:F4:fan:-1:F250,3,2.35,7.65,-3.05
drop:DB2:F4:fan:-1:F250,4,2.35,6,-3.05
drop:DB2:F4:fan:-1:F250,5,2.655,6,-3.05
trunk:DB2:F4:fan:1,1,2.73,1.5,-3.3
trunk:DB2:F4:fan:1,2,2.35,1.5,-3.3
trunk:DB2:F4:fan:1,3,2.35,7.65,-3.3
trunk:DB2:F4:fan:1,4,2.35,7.65,7.36
trunk:DB2:F4:fan:1,5,2.35,6.0280000000000005,7.36
trunk:DB2:F4:fan:1,6,2.655,6.0280000000000005,7.36
drop:DB2:F4:fan:1:F251,1,2.655,6.0280000000000005,7.36
drop:DB2:F4:fan:1:F251,2,2.35,7.65,7.36
drop:DB2:F4:fan:1:F251,3,2.35,7.65,3.05
drop:DB2:F4:fan:1:F251,4,2.35,6,3.05
drop:DB2:F4:fan:1:F251,5,2.655,6,3.05
trunk:FC1:V1:fan:-1,1,48.895,1.95,0.4
trunk:FC1:V1:fan:-1,2,48.735,1.95,0.4
trunk:FC1:V1:fan:-1,3,48.735,1.95,-2.24
trunk:FC1:V1:fan:-1,4,48.735,4.33,-2.24
trunk:FC1:V1:fan:-1,5,48.735,4.33,-3.3
trunk:FC1:V1:fan:-1,6,53.016,4.33,-3.3
trunk:FC1:V1:fan:-1,7,53.016,6.0360000000000005,-3.3
trunk:FC1:V1:fan:-1,8,53.016,6.0360000000000005,-7.36
trunk:FC1:V1:fan:-1,9,44.175,6.0360000000000005,-7.36
trunk:FC1:V1:fan:-1,10,44.175,7.04,-7.36
trunk:FC1:V1:fan:-1,11,43.535,7.04,-7.36
trunk:FC1:V1:fan:-1,12,43.455,6.950412371134024,-7.36
trunk:FC1:V1:fan:-1,13,40.574999999999996,9.269999999999994,-7.36
trunk:FC1:V1:fan:-1,14,37.695,6.950412371134018,-7.36
trunk:FC1:V1:fan:-1,15,37.615,7.04,-7.36
trunk:FC1:V1:fan:-1,16,36.975,7.04,-7.36
trunk:FC1:V1:fan:-1,17,36.975,6.0360000000000005,-7.36
trunk:FC1:V1:fan:-1,18,5.48,6.0360000000000005,-7.36
drop:FC1:V1:fan:-1:F252,1,5.48,6.0360000000000005,-7.36
drop:FC1:V1:fan:-1:F252,2,5.48,7.04,-7.36
drop:FC1:V1:fan:-1:F252,3,5.32,7.04,-7.36
drop:FC1:V1:fan:-1:F252,4,5.32,10.64004347826087,-2.3999999999999995
drop:FC1:V1:fan:-1:F252,5,5.32,9.4,-2.4
drop:FC1:V1:fan:-1:F252,6,5.48,9.4,-2.4
drop:FC1:V1:fan:-1:F253,1,5.48,6.0360000000000005,-7.36
drop:FC1:V1:fan:-1:F253,2,5.48,7.04,-7.36
drop:FC1:V1:fan:-1:F253,3,5.32,7.04,-7.36
drop:FC1:V1:fan:-1:F253,4,5.32,11.801347826086957,-0.7999999999999998
drop:FC1:V1:fan:-1:F253,5,5.32,9.4,-0.8
drop:FC1:V1:fan:-1:F253,6,5.48,9.4,-0.8
drop:FC1:V1:fan:-1:F256,1,39.7,8.565264175257731,-7.36
drop:FC1:V1:fan:-1:F256,2,39.7,8.565264175257731,-13.249
drop:FC1:V1:fan:-1:F256,3,39.7,7.6,-13.249
drop:FC1:V1:fan:-1:F256,4,39.7,7.6,-13.13
drop:FC1:V1:fan:-1:F257,1,41.45,8.565264175257724,-7.36
drop:FC1:V1:fan:-1:F257,2,41.45,8.565264175257731,-13.249
drop:FC1:V1:fan:-1:F257,3,41.45,7.6,-13.249
drop:FC1:V1:fan:-1:F257,4,41.45,7.6,-13.13
drop:FC1:V1:fan:-1:F260,1,53.016,6.0360000000000005,-7.36
drop:FC1:V1:fan:-1:F260,2,53.016,6.0360000000000005,0
drop:FC1:V1:fan:-1:F260,3,53.016,3.3,0
drop:FC1:V1:fan:-1:F260,4,53.12,3.3,0
trunk:FC1:V1:fan:1,1,48.895,1.95,0.4
trunk:FC1:V1:fan:1,2,48.735,1.95,0.4
trunk:FC1:V1:fan:1,3,48.735,1.95,-2.24
trunk:FC1:V1:fan:1,4,48.735,4.33,-2.24
trunk:FC1:V1:fan:1,5,48.735,4.33,-3.3
trunk:FC1:V1:fan:1,6,53.016,4.33,-3.3
trunk:FC1:V1:fan:1,7,53.016,6.0360000000000005,-3.3
trunk:FC1:V1:fan:1,8,53.016,6.0360000000000005,7.36
trunk:FC1:V1:fan:1,9,44.175,6.0360000000000005,7.36
trunk:FC1:V1:fan:1,10,44.175,7.04,7.36
trunk:FC1:V1:fan:1,11,43.535,7.04,7.36
trunk:FC1:V1:fan:1,12,43.455,6.950412371134024,7.36
trunk:FC1:V1:fan:1,13,40.574999999999996,9.269999999999994,7.36
trunk:FC1:V1:fan:1,14,37.695,6.950412371134018,7.36
trunk:FC1:V1:fan:1,15,37.615,7.04,7.36
trunk:FC1:V1:fan:1,16,36.975,7.04,7.36
trunk:FC1:V1:fan:1,17,36.975,6.0360000000000005,7.36
trunk:FC1:V1:fan:1,18,5.48,6.0360000000000005,7.36
drop:FC1:V1:fan:1:F254,1,5.48,6.0360000000000005,7.36
drop:FC1:V1:fan:1:F254,2,5.48,7.04,7.36
drop:FC1:V1:fan:1:F254,3,5.32,7.04,7.36
drop:FC1:V1:fan:1:F254,4,5.32,11.801347826086957,0.7999999999999998
drop:FC1:V1:fan:1:F254,5,5.32,9.4,0.8
drop:FC1:V1:fan:1:F254,6,5.48,9.4,0.8
drop:FC1:V1:fan:1:F255,1,5.48,6.0360000000000005,7.36
drop:FC1:V1:fan:1:F255,2,5.48,7.04,7.36
drop:FC1:V1:fan:1:F255,3,5.32,7.04,7.36
drop:FC1:V1:fan:1:F255,4,5.32,10.64004347826087,2.3999999999999995
drop:FC1:V1:fan:1:F255,5,5.32,9.4,2.4
drop:FC1:V1:fan:1:F255,6,5.48,9.4,2.4
drop:FC1:V1:fan:1:F258,1,39.7,8.565264175257731,7.36
drop:FC1:V1:fan:1:F258,2,39.7,8.565264175257731,13.249
drop:FC1:V1:fan:1:F258,3,39.7,7.6,13.249
drop:FC1:V1:fan:1:F258,4,39.7,7.6,13.13
drop:FC1:V1:fan:1:F259,1,41.45,8.565264175257724,7.36
drop:FC1:V1:fan:1:F259,2,41.45,8.565264175257731,13.249
drop:FC1:V1:fan:1:F259,3,41.45,7.6,13.249
drop:FC1:V1:fan:1:F259,4,41.45,7.6,13.13
trunk:AV1:A1:audio:-1,1,49.275,0.95,1.4
trunk:AV1:A1:audio:-1,2,48.735,0.95,1.4
trunk:AV1:A1:audio:-1,3,48.735,0.95,-2.24
trunk:AV1:A1:audio:-1,4,48.735,4.33,-2.24
trunk:AV1:A1:audio:-1,5,48.735,4.33,-3.3
trunk:AV1:A1:audio:-1,6,53.016,4.33,-3.3
trunk:AV1:A1:audio:-1,7,53.016,5.694,-3.3
trunk:AV1:A1:audio:-1,8,53.016,5.694,-7.36
trunk:AV1:A1:audio:-1,9,44.175,5.694,-7.36
trunk:AV1:A1:audio:-1,10,44.175,7.04,-7.36
trunk:AV1:A1:audio:-1,11,43.535,7.04,-7.36
trunk:AV1:A1:audio:-1,12,43.455,6.950412371134024,-7.36
trunk:AV1:A1:audio:-1,13,40.574999999999996,9.269999999999994,-7.36
trunk:AV1:A1:audio:-1,14,37.695,6.950412371134018,-7.36
trunk:AV1:A1:audio:-1,15,37.615,7.04,-7.36
trunk:AV1:A1:audio:-1,16,36.975,7.04,-7.36
trunk:AV1:A1:audio:-1,17,36.975,5.694,-7.36
trunk:AV1:A1:audio:-1,18,14.475000000000001,5.694,-7.36
drop:AV1:A1:audio:-1:S261,1,14.475000000000001,5.694,-7.36
drop:AV1:A1:audio:-1:S261,2,14.475000000000001,3.45,-7.36
drop:AV1:A1:audio:-1:S261,3,14.475,3.45,-7.07
drop:AV1:A1:audio:-1:S263,1,18.975,5.694,-7.36
drop:AV1:A1:audio:-1:S263,2,18.975,3.45,-7.36
drop:AV1:A1:audio:-1:S263,3,18.975,3.45,-7.07
drop:AV1:A1:audio:-1:S265,1,23.475,5.694,-7.36
drop:AV1:A1:audio:-1:S265,2,23.475,3.45,-7.36
drop:AV1:A1:audio:-1:S265,3,23.475,3.45,-7.07
drop:AV1:A1:audio:-1:S267,1,27.975,5.694,-7.36
drop:AV1:A1:audio:-1:S267,2,27.975,3.45,-7.36
drop:AV1:A1:audio:-1:S267,3,27.975,3.45,-7.07
drop:AV1:A1:audio:-1:S269,1,32.475,5.694,-7.36
drop:AV1:A1:audio:-1:S269,2,32.475,3.45,-7.36
drop:AV1:A1:audio:-1:S269,3,32.475,3.45,-7.07
drop:AV1:A1:audio:-1:S271,1,36.975,5.694,-7.36
drop:AV1:A1:audio:-1:S271,2,36.975,3.45,-7.36
drop:AV1:A1:audio:-1:S271,3,36.975,3.45,-7.07
drop:AV1:A1:audio:-1:S276,1,43.72,7.04,-7.36
drop:AV1:A1:audio:-1:S276,2,43.72,6.932303102135284,-7.439581081081082
drop:AV1:A1:audio:-1:S276,3,43.72,6.737637225623414,-8.314972972972974
drop:AV1:A1:audio:-1:S276,4,43.72,6.736978092783508,-8.394554054054055
drop:AV1:A1:audio:-1:S276,5,43.72,6.736978092783508,-13.249
drop:AV1:A1:audio:-1:S276,6,43.72,4.85,-13.249
drop:AV1:A1:audio:-1:S276,7,43.72,4.85,-13.06
trunk:AV1:A1:audio:1,1,49.275,0.95,1.4
trunk:AV1:A1:audio:1,2,48.735,0.95,1.4
trunk:AV1:A1:audio:1,3,48.735,0.95,-2.24
trunk:AV1:A1:audio:1,4,48.735,4.33,-2.24
trunk:AV1:A1:audio:1,5,48.735,4.33,-3.3
trunk:AV1:A1:audio:1,6,53.016,4.33,-3.3
trunk:AV1:A1:audio:1,7,53.016,5.694,-3.3
trunk:AV1:A1:audio:1,8,53.016,5.694,7.36
trunk:AV1:A1:audio:1,9,44.175,5.694,7.36
trunk:AV1:A1:audio:1,10,44.175,7.04,7.36
trunk:AV1:A1:audio:1,11,43.535,7.04,7.36
trunk:AV1:A1:audio:1,12,43.455,6.950412371134024,7.36
trunk:AV1:A1:audio:1,13,40.574999999999996,9.269999999999994,7.36
trunk:AV1:A1:audio:1,14,37.695,6.950412371134018,7.36
trunk:AV1:A1:audio:1,15,37.615,7.04,7.36
trunk:AV1:A1:audio:1,16,36.975,7.04,7.36
trunk:AV1:A1:audio:1,17,36.975,5.694,7.36
trunk:AV1:A1:audio:1,18,14.475000000000001,5.694,7.36
drop:AV1:A1:audio:1:S262,1,14.475000000000001,5.694,7.36
drop:AV1:A1:audio:1:S262,2,14.475000000000001,3.45,7.36
drop:AV1:A1:audio:1:S262,3,14.475,3.45,7.07
drop:AV1:A1:audio:1:S264,1,18.975,5.694,7.36
drop:AV1:A1:audio:1:S264,2,18.975,3.45,7.36
drop:AV1:A1:audio:1:S264,3,18.975,3.45,7.07
drop:AV1:A1:audio:1:S266,1,23.475,5.694,7.36
drop:AV1:A1:audio:1:S266,2,23.475,3.45,7.36
drop:AV1:A1:audio:1:S266,3,23.475,3.45,7.07
drop:AV1:A1:audio:1:S268,1,27.975,5.694,7.36
drop:AV1:A1:audio:1:S268,2,27.975,3.45,7.36
drop:AV1:A1:audio:1:S268,3,27.975,3.45,7.07
drop:AV1:A1:audio:1:S270,1,32.475,5.694,7.36
drop:AV1:A1:audio:1:S270,2,32.475,3.45,7.36
drop:AV1:A1:audio:1:S270,3,32.475,3.45,7.07
drop:AV1:A1:audio:1:S272,1,36.975,5.694,7.36
drop:AV1:A1:audio:1:S272,2,36.975,3.45,7.36
drop:AV1:A1:audio:1:S272,3,36.975,3.45,7.07
drop:AV1:A1:audio:1:S278,1,43.72,7.04,7.36
drop:AV1:A1:audio:1:S278,2,43.72,6.932303102135284,7.439581081081082
drop:AV1:A1:audio:1:S278,3,43.72,6.737637225623414,8.314972972972974
drop:AV1:A1:audio:1:S278,4,43.72,6.736978092783508,8.394554054054055
drop:AV1:A1:audio:1:S278,5,43.72,6.736978092783508,13.249
drop:AV1:A1:audio:1:S278,6,43.72,4.85,13.249
drop:AV1:A1:audio:1:S278,7,43.72,4.85,13.06
trunk:AV1:A5:audio:-1,1,49.275,0.95,1.4
trunk:AV1:A5:audio:-1,2,48.735,0.95,1.4
trunk:AV1:A5:audio:-1,3,48.735,0.95,-2.24
trunk:AV1:A5:audio:-1,4,48.735,4.33,-2.24
trunk:AV1:A5:audio:-1,5,48.735,4.33,-3.3
trunk:AV1:A5:audio:-1,6,53.016,4.33,-3.3
trunk:AV1:A5:audio:-1,7,53.016,5.726,-3.3
trunk:AV1:A5:audio:-1,8,53.016,5.726,-7.36
trunk:AV1:A5:audio:-1,9,44.175,5.726,-7.36
trunk:AV1:A5:audio:-1,10,44.175,7.04,-7.36
trunk:AV1:A5:audio:-1,11,43.535,7.04,-7.36
trunk:AV1:A5:audio:-1,12,43.455,6.950412371134024,-7.36
trunk:AV1:A5:audio:-1,13,40.574999999999996,9.269999999999994,-7.36
trunk:AV1:A5:audio:-1,14,37.695,6.950412371134018,-7.36
trunk:AV1:A5:audio:-1,15,37.615,7.04,-7.36
trunk:AV1:A5:audio:-1,16,36.975,7.04,-7.36
trunk:AV1:A5:audio:-1,17,36.975,5.726,-7.36
trunk:AV1:A5:audio:-1,18,5.475,5.726,-7.36
trunk:AV1:A5:audio:-1,19,2.655,5.726,-7.36
drop:AV1:A5:audio:-1:S273,1,2.655,5.726,-7.36
drop:AV1:A5:audio:-1:S273,2,2.35,7.65,-7.36
drop:AV1:A5:audio:-1:S273,3,2.35,7.65,-3.05
drop:AV1:A5:audio:-1:S273,4,2.35,3.6,-3.05
drop:AV1:A5:audio:-1:S273,5,2.655,3.6,-3.05
trunk:AV1:A5:audio:1,1,49.275,0.95,1.4
trunk:AV1:A5:audio:1,2,48.735,0.95,1.4
trunk:AV1:A5:audio:1,3,48.735,0.95,-2.24
trunk:AV1:A5:audio:1,4,48.735,4.33,-2.24
trunk:AV1:A5:audio:1,5,48.735,4.33,-3.3
trunk:AV1:A5:audio:1,6,53.016,4.33,-3.3
trunk:AV1:A5:audio:1,7,53.016,5.726,-3.3
trunk:AV1:A5:audio:1,8,53.016,5.726,7.36
trunk:AV1:A5:audio:1,9,44.175,5.726,7.36
trunk:AV1:A5:audio:1,10,44.175,7.04,7.36
trunk:AV1:A5:audio:1,11,43.535,7.04,7.36
trunk:AV1:A5:audio:1,12,43.455,6.950412371134024,7.36
trunk:AV1:A5:audio:1,13,40.574999999999996,9.269999999999994,7.36
trunk:AV1:A5:audio:1,14,37.695,6.950412371134018,7.36
trunk:AV1:A5:audio:1,15,37.615,7.04,7.36
trunk:AV1:A5:audio:1,16,36.975,7.04,7.36
trunk:AV1:A5:audio:1,17,36.975,5.726,7.36
trunk:AV1:A5:audio:1,18,5.475,5.726,7.36
trunk:AV1:A5:audio:1,19,2.655,5.726,7.36
drop:AV1:A5:audio:1:S274,1,2.655,5.726,7.36
drop:AV1:A5:audio:1:S274,2,2.35,7.65,7.36
drop:AV1:A5:audio:1:S274,3,2.35,7.65,3.05
drop:AV1:A5:audio:1:S274,4,2.35,3.6,3.05
drop:AV1:A5:audio:1:S274,5,2.655,3.6,3.05
trunk:AV1:A2:audio:-1,1,49.275,0.95,1.4
trunk:AV1:A2:audio:-1,2,48.735,0.95,1.4
trunk:AV1:A2:audio:-1,3,48.735,0.95,-2.24
trunk:AV1:A2:audio:-1,4,48.735,4.33,-2.24
trunk:AV1:A2:audio:-1,5,48.735,4.33,-3.3
trunk:AV1:A2:audio:-1,6,53.016,4.33,-3.3
trunk:AV1:A2:audio:-1,7,53.016,5.702,-3.3
trunk:AV1:A2:audio:-1,8,53.016,5.702,-7.36
trunk:AV1:A2:audio:-1,9,44.175,5.702,-7.36
trunk:AV1:A2:audio:-1,10,44.175,7.04,-7.36
trunk:AV1:A2:audio:-1,11,43.535,7.04,-7.36
trunk:AV1:A2:audio:-1,12,43.455,6.950412371134024,-7.36
trunk:AV1:A2:audio:-1,13,40.574999999999996,9.269999999999994,-7.36
trunk:AV1:A2:audio:-1,14,37.695,6.950412371134018,-7.36
trunk:AV1:A2:audio:-1,15,37.615,7.04,-7.36
trunk:AV1:A2:audio:-1,16,36.975,7.04,-7.36
trunk:AV1:A2:audio:-1,17,36.975,5.702,-7.36
trunk:AV1:A2:audio:-1,18,13.530000000000001,5.702,-7.36
drop:AV1:A2:audio:-1:S279,1,13.530000000000001,5.702,-7.36
drop:AV1:A2:audio:-1:S279,2,13.530000000000001,7.04,-7.36
drop:AV1:A2:audio:-1:S279,3,12.225,7.04,-7.36
drop:AV1:A2:audio:-1:S279,4,12.225,6.932561064262868,-7.438421052631579
drop:AV1:A2:audio:-1:S279,5,12.225,6.618660220994475,-8.85
drop:AV1:A2:audio:-1:S279,6,12.225,3.9,-8.85
drop:AV1:A2:audio:-1:S280,1,27.03,5.702,-7.36
drop:AV1:A2:audio:-1:S280,2,27.03,7.04,-7.36
drop:AV1:A2:audio:-1:S280,3,25.725,7.04,-7.36
drop:AV1:A2:audio:-1:S280,4,25.725,6.932561064262868,-7.438421052631579
drop:AV1:A2:audio:-1:S280,5,25.725,6.618660220994475,-8.85
drop:AV1:A2:audio:-1:S280,6,25.725,3.9,-8.85
trunk:AV1:A2:audio:1,1,49.275,0.95,1.4
trunk:AV1:A2:audio:1,2,48.735,0.95,1.4
trunk:AV1:A2:audio:1,3,48.735,0.95,-2.24
trunk:AV1:A2:audio:1,4,48.735,4.33,-2.24
trunk:AV1:A2:audio:1,5,48.735,4.33,-3.3
trunk:AV1:A2:audio:1,6,53.016,4.33,-3.3
trunk:AV1:A2:audio:1,7,53.016,5.702,-3.3
trunk:AV1:A2:audio:1,8,53.016,5.702,7.36
trunk:AV1:A2:audio:1,9,44.175,5.702,7.36
trunk:AV1:A2:audio:1,10,44.175,7.04,7.36
trunk:AV1:A2:audio:1,11,43.535,7.04,7.36
trunk:AV1:A2:audio:1,12,43.455,6.950412371134024,7.36
trunk:AV1:A2:audio:1,13,40.574999999999996,9.269999999999994,7.36
trunk:AV1:A2:audio:1,14,37.695,6.950412371134018,7.36
trunk:AV1:A2:audio:1,15,37.615,7.04,7.36
trunk:AV1:A2:audio:1,16,36.975,7.04,7.36
trunk:AV1:A2:audio:1,17,36.975,5.702,7.36
trunk:AV1:A2:audio:1,18,13.530000000000001,5.702,7.36
drop:AV1:A2:audio:1:S281,1,13.530000000000001,5.702,7.36
drop:AV1:A2:audio:1:S281,2,13.530000000000001,7.04,7.36
drop:AV1:A2:audio:1:S281,3,12.225,7.04,7.36
drop:AV1:A2:audio:1:S281,4,12.225,6.932561064262868,7.438421052631579
drop:AV1:A2:audio:1:S281,5,12.225,6.618660220994475,8.85
drop:AV1:A2:audio:1:S281,6,12.225,3.9,8.85
drop:AV1:A2:audio:1:S282,1,27.03,5.702,7.36
drop:AV1:A2:audio:1:S282,2,27.03,7.04,7.36
drop:AV1:A2:audio:1:S282,3,25.725,7.04,7.36
drop:AV1:A2:audio:1:S282,4,25.725,6.932561064262868,7.438421052631579
drop:AV1:A2:audio:1:S282,5,25.725,6.618660220994475,8.85
drop:AV1:A2:audio:1:S282,6,25.725,3.9,8.85
trunk:AV1:A3:audio:-1,1,49.275,0.95,1.4
trunk:AV1:A3:audio:-1,2,48.735,0.95,1.4
trunk:AV1:A3:audio:-1,3,48.735,0.95,-2.24
trunk:AV1:A3:audio:-1,4,48.735,4.33,-2.24
trunk:AV1:A3:audio:-1,5,48.735,4.33,-3.3
trunk:AV1:A3:audio:-1,6,53.016,4.33,-3.3
trunk:AV1:A3:audio:-1,7,53.016,5.71,-3.3
trunk:AV1:A3:audio:-1,8,53.016,5.71,-7.36
trunk:AV1:A3:audio:-1,9,44.175,5.71,-7.36
trunk:AV1:A3:audio:-1,10,44.175,7.04,-7.36
trunk:AV1:A3:audio:-1,11,43.535,7.04,-7.36
trunk:AV1:A3:audio:-1,12,43.455,6.950412371134024,-7.36
trunk:AV1:A3:audio:-1,13,40.574999999999996,9.269999999999994,-7.36
trunk:AV1:A3:audio:-1,14,37.695,6.950412371134018,-7.36
trunk:AV1:A3:audio:-1,15,37.615,7.04,-7.36
trunk:AV1:A3:audio:-1,16,36.975,7.04,-7.36
trunk:AV1:A3:audio:-1,17,36.975,5.71,-7.36
trunk:AV1:A3:audio:-1,18,5.475,5.71,-7.36
trunk:AV1:A3:audio:-1,19,2.35,5.71,-7.36
drop:AV1:A3:audio:-1:S283,1,2.35,5.71,-7.36
drop:AV1:A3:audio:-1:S283,2,2.35,7.65,-7.36
drop:AV1:A3:audio:-1:S283,3,2.35,7.65,-7.703
drop:AV1:A3:audio:-1:S283,4,0,7.65,-7.703
drop:AV1:A3:audio:-1:S283,5,0,7.65,-7.9430000000000005
drop:AV1:A3:audio:-1:S283,6,0,6.2,-7.9430000000000005
drop:AV1:A3:audio:-1:S283,7,0,6.2,-8.3
drop:AV1:A3:audio:-1:S283,8,-0.14,6.2,-8.3
drop:AV1:A3:audio:-1:S284,1,2.35,5.71,-7.36
drop:AV1:A3:audio:-1:S284,2,2.35,7.65,-7.36
drop:AV1:A3:audio:-1:S284,3,2.35,7.65,-7.703
drop:AV1:A3:audio:-1:S284,4,0,7.65,-7.703
drop:AV1:A3:audio:-1:S284,5,0,7.65,-12.363
drop:AV1:A3:audio:-1:S284,6,0,6.2,-12.363
drop:AV1:A3:audio:-1:S284,7,0,6.2,-11.9
drop:AV1:A3:audio:-1:S284,8,-0.14,6.2,-11.9
drop:AV1:A3:audio:-1:S285,1,18.975,5.71,-7.36
drop:AV1:A3:audio:-1:S285,2,18.975,7.04,-7.36
drop:AV1:A3:audio:-1:S285,3,18.975,6.932586272843179,-7.438307692307693
drop:AV1:A3:audio:-1:S285,4,18.975,6.270864640883978,-10.414
drop:AV1:A3:audio:-1:S285,5,18.975,5.6,-10.414
drop:AV1:A3:audio:-1:S285,6,18.975,5.6,-10.75
drop:AV1:A3:audio:-1:S286,1,32.475,5.71,-7.36
drop:AV1:A3:audio:-1:S286,2,32.475,7.04,-7.36
drop:AV1:A3:audio:-1:S286,3,32.475,6.932586272843179,-7.438307692307693
drop:AV1:A3:audio:-1:S286,4,32.475,6.270864640883978,-10.414
drop:AV1:A3:audio:-1:S286,5,32.475,5.6,-10.414
drop:AV1:A3:audio:-1:S286,6,32.475,5.6,-10.75
trunk:AV1:A3:audio:1,1,49.275,0.95,1.4
trunk:AV1:A3:audio:1,2,48.735,0.95,1.4
trunk:AV1:A3:audio:1,3,48.735,0.95,-2.24
trunk:AV1:A3:audio:1,4,48.735,4.33,-2.24
trunk:AV1:A3:audio:1,5,48.735,4.33,-3.3
trunk:AV1:A3:audio:1,6,53.016,4.33,-3.3
trunk:AV1:A3:audio:1,7,53.016,5.71,-3.3
trunk:AV1:A3:audio:1,8,53.016,5.71,7.36
trunk:AV1:A3:audio:1,9,44.175,5.71,7.36
trunk:AV1:A3:audio:1,10,44.175,7.04,7.36
trunk:AV1:A3:audio:1,11,43.535,7.04,7.36
trunk:AV1:A3:audio:1,12,43.455,6.950412371134024,7.36
trunk:AV1:A3:audio:1,13,40.574999999999996,9.269999999999994,7.36
trunk:AV1:A3:audio:1,14,37.695,6.950412371134018,7.36
trunk:AV1:A3:audio:1,15,37.615,7.04,7.36
trunk:AV1:A3:audio:1,16,36.975,7.04,7.36
trunk:AV1:A3:audio:1,17,36.975,5.71,7.36
trunk:AV1:A3:audio:1,18,5.475,5.71,7.36
trunk:AV1:A3:audio:1,19,2.35,5.71,7.36
drop:AV1:A3:audio:1:S287,1,2.35,5.71,7.36
drop:AV1:A3:audio:1:S287,2,2.35,7.65,7.36
drop:AV1:A3:audio:1:S287,3,2.35,7.65,7.703
drop:AV1:A3:audio:1:S287,4,0,7.65,7.703
drop:AV1:A3:audio:1:S287,5,0,7.65,7.9430000000000005
drop:AV1:A3:audio:1:S287,6,0,6.2,7.9430000000000005
drop:AV1:A3:audio:1:S287,7,0,6.2,8.3
drop:AV1:A3:audio:1:S287,8,-0.14,6.2,8.3
drop:AV1:A3:audio:1:S288,1,2.35,5.71,7.36
drop:AV1:A3:audio:1:S288,2,2.35,7.65,7.36
drop:AV1:A3:audio:1:S288,3,2.35,7.65,7.703
drop:AV1:A3:audio:1:S288,4,0,7.65,7.703
drop:AV1:A3:audio:1:S288,5,0,7.65,12.363
drop:AV1:A3:audio:1:S288,6,0,6.2,12.363
drop:AV1:A3:audio:1:S288,7,0,6.2,11.9
drop:AV1:A3:audio:1:S288,8,-0.14,6.2,11.9
drop:AV1:A3:audio:1:S289,1,18.975,5.71,7.36
drop:AV1:A3:audio:1:S289,2,18.975,7.04,7.36
drop:AV1:A3:audio:1:S289,3,18.975,6.932586272843179,7.438307692307693
drop:AV1:A3:audio:1:S289,4,18.975,6.270864640883978,10.414
drop:AV1:A3:audio:1:S289,5,18.975,5.6,10.414
drop:AV1:A3:audio:1:S289,6,18.975,5.6,10.75
drop:AV1:A3:audio:1:S290,1,32.475,5.71,7.36
drop:AV1:A3:audio:1:S290,2,32.475,7.04,7.36
drop:AV1:A3:audio:1:S290,3,32.475,6.932586272843179,7.438307692307693
drop:AV1:A3:audio:1:S290,4,32.475,6.270864640883978,10.414
drop:AV1:A3:audio:1:S290,5,32.475,5.6,10.414
drop:AV1:A3:audio:1:S290,6,32.475,5.6,10.75
trunk:AV1:MIC:mic:-1,1,49.275,0.95,1.4
trunk:AV1:MIC:mic:-1,2,49.275,0.03,1.4
trunk:AV1:MIC:mic:-1,3,49.275,0.03,-1.4
trunk:AV1:MIC:mic:-1,4,41.08,0.03,-1.4
drop:AV1:MIC:mic:-1:S291,1,41.08,0.03,-1.4
drop:AV1:MIC:mic:-1:S291,2,41.08,0.03,-2.62
drop:AV1:MIC:mic:-1:S291,3,41.3,0.03,-2.62
drop:AV1:MIC:mic:-1:S291,4,41.3,1.81,-2.62
drop:AV1:MIC:mic:-1:S291,5,41.08,1.7654037921880923,-2.62
drop:AV1:MIC:mic:-1:S291,6,41.08,1.9,-2.62
trunk:AV1:MIC:mic:1,1,49.275,0.95,1.4
trunk:AV1:MIC:mic:1,2,49.275,0.03,1.4
trunk:AV1:MIC:mic:1,3,44.45,0.03,1.4
drop:AV1:MIC:mic:1:S292,1,44.45,0.03,1.4
drop:AV1:MIC:mic:1:S292,2,44.45,0.03,0.45
drop:AV1:MIC:mic:1:S292,3,44.45,1.88,0.45
