route_id,name,source,board,circuit,kind,role,equipment_ids,model_segment_length_m,model_cable_length_m,length_basis,operating_downstream_model_w,operating_downstream_model_kwh_per_service,catalogue_maximum_mains_proxy_w,planning_w_with_reserve,audio_rating_w,approved_cable,approved_breaker_a,approved_design_current_a,fault_disconnection_check,adiabatic_short_circuit_check,earthing_pe_check,manufacturer_inrush_check,harmonic_neutral_check,fire_performance_check,status,comparison_cases,installation,start_xyz_m,end_xyz_m,quote_length_m,hold_reason,comparison_budget_area_mm2,signal_cable_requirement,audio_100v_rating_current_a,audio_100v_rating_current_status
feeder:DB2,DB-1 → DB-2 feeder,DB1,DB2,DB2-FEED,feeder,feeder,"[""F250"", ""F251"", ""L137"", ""L138"", ""L160"", ""L161"", ""L162"", ""L163"", ""L164"", ""L165"", ""L166"", ""L167"", ""L168"", ""L169"", ""L170"", ""L171"", ""L172"", ""L173"", ""L174"", ""L175"", ""L176"", ""L177"", ""L178"", ""L179"", ""L180"", ""L181"", ""L182"", ""L183"", ""L189"", ""L190"", ""L196"", ""L197"", ""L198"", ""L199"", ""L200"", ""L201"", ""L202"", ""L203"", ""L204"", ""L205"", ""L206"", ""L207"", ""L208"", ""L209"", ""L210"", ""L211"", ""L212"", ""L213"", ""L214"", ""L215"", ""L216"", ""L217"", ""L218"", ""L219"", ""L220"", ""L221"", ""L222"", ""L223"", ""L224"", ""L225""]",80.6831303111792,80.6831303111792,One modeled mains trunk/branch/local/feeder piece,1216.888888888889,1.8253333333333335,2686.888888888889,3358.6111111111113,,,,,,,,,,,ENGINEERING HOLD,"[{""case_id"": ""S1-230-PF09-45C-4"", ""voltage_v"": 230, ""pf"": 0.9, ""maximum_proxy_current_a"": 12.980139559849706, ""planning_current_a"": 16.225174449812133, ""comparison_breaker_a"": 20, ""comparison_area_mm2"": 35, ""comparison_conductors"": ""3 copper cores (L/N/PE), assumed single-phase; actual PE and phases pending"", ""corrected_ampacity_a"": 50.83650000000001, ""temperature_grouping_factor"": 0.5135000000000001, ""segment_vdrop_bound_v"": 1.9823481947473658, ""allocated_segment_vdrop_percent"": 1, ""path_vdrop_bound_from_db1_v"": 1.9823481947473658, ""path_vdrop_percent_from_db1"": 0.8618905194553764, ""whole_installation_vdrop_percent"": null, ""status"": ""CONDITIONAL SCREEN ONLY"", ""comparison_path_target_percent"": 3, ""comparison_path_screen"": true}, {""case_id"": ""S2-220-PF08-50C-6"", ""voltage_v"": 220, ""pf"": 0.8, ""maximum_proxy_current_a"": 15.266414141414144, ""planning_current_a"": 19.08301767676768, ""comparison_breaker_a"": 20, ""comparison_area_mm2"": 50, ""comparison_conductors"": ""3 copper cores (L/N/PE), assumed single-phase; actual PE and phases pending"", ""corrected_ampacity_a"": 47.754599999999996, ""temperature_grouping_factor"": 0.40469999999999995, ""segment_vdrop_bound_v"": 1.7059627829552624, ""allocated_segment_vdrop_percent"": 1, ""path_vdrop_bound_from_db1_v"": 1.7059627829552624, ""path_vdrop_percent_from_db1"": 0.7754376286160284, ""whole_installation_vdrop_percent"": null, ""status"": ""CONDITIONAL SCREEN ONLY"", ""comparison_path_target_percent"": 3, ""comparison_path_screen"": true}]","Wall bands, covered wing-roof crossing, entrance wall riser","[48.895, 1.75, -1.55]","[2.73, 1.5, -3.3]",90.75144334229712,"Catalogue maximum proxy only; selected products, actual supply, protection, inrush, installation, origin voltage drop and engineering approval pending",50,,,
feeder:AV1,DB-1 → AV1 equipment supply,DB1,DB1,AV1-SUPPLY,feeder,feeder,"[""S261"", ""S262"", ""S263"", ""S264"", ""S265"", ""S266"", ""S267"", ""S268"", ""S269"", ""S270"", ""S271"", ""S272"", ""S273"", ""S274"", ""S275"", ""S276"", ""S277"", ""S278"", ""S279"", ""S280"", ""S281"", ""S282"", ""S283"", ""S284"", ""S285"", ""S286"", ""S287"", ""S288"", ""S289"", ""S290"", ""S291"", ""S292""]",5.790000000000003,5.790000000000003,One modeled mains trunk/branch/local/feeder piece,121.34331634658014,0.1820149745198702,,,,,,,,,,,,,ENGINEERING HOLD,[],Existing service-room wall tray / local equipment connection,"[48.895, 1.75, -1.55]","[49.275, 0.95, 1.4]",8.369000000000003,AV amplifier/mixer/DSP/receiver mains input and standby loads unknown; passive-speaker audio ratings cannot size this feed,,,,
feeder:LC1,DB-1 → LC1 equipment supply,DB1,DB1,LC1-SUPPLY,feeder,feeder,"[""L1"", ""L10"", ""L100"", ""L101"", ""L102"", ""L103"", ""L104"", ""L105"", ""L106"", ""L107"", ""L108"", ""L109"", ""L11"", ""L110"", ""L111"", ""L112"", ""L113"", ""L114"", ""L115"", ""L116"", ""L117"", ""L118"", ""L119"", ""L12"", ""L120"", ""L121"", ""L122"", ""L123"", ""L124"", ""L125"", ""L126"", ""L127"", ""L128"", ""L129"", ""L13"", ""L130"", ""L131"", ""L132"", ""L133"", ""L134"", ""L135"", ""L136"", ""L139"", ""L14"", ""L140"", ""L141"", ""L142"", ""L143"", ""L144"", ""L145"", ""L146"", ""L147"", ""L148"", ""L149"", ""L15"", ""L150"", ""L151"", ""L152"", ""L153"", ""L154"", ""L155"", ""L156"", ""L157"", ""L158"", ""L159"", ""L16"", ""L17"", ""L18"", ""L184"", ""L185"", ""L186"", ""L187"", ""L188"", ""L19"", ""L191"", ""L192"", ""L193"", ""L194"", ""L195"", ""L2"", ""L20"", ""L21"", ""L22"", ""L23"", ""L24"", ""L25"", ""L26"", ""L27"", ""L28"", ""L29"", ""L3"", ""L30"", ""L31"", ""L32"", ""L33"", ""L34"", ""L35"", ""L36"", ""L37"", ""L38"", ""L39"", ""L4"", ""L40"", ""L41"", ""L42"", ""L43"", ""L44"", ""L45"", ""L46"", ""L47"", ""L48"", ""L49"", ""L5"", ""L50"", ""L51"", ""L52"", ""L53"", ""L54"", ""L55"", ""L56"", ""L57"", ""L58"", ""L59"", ""L6"", ""L60"", ""L61"", ""L62"", ""L63"", ""L64"", ""L65"", ""L66"", ""L67"", ""L68"", ""L69"", ""L7"", ""L70"", ""L71"", ""L72"", ""L73"", ""L74"", ""L75"", ""L76"", ""L77"", ""L78"", ""L79"", ""L8"", ""L80"", ""L81"", ""L82"", ""L83"", ""L84"", ""L85"", ""L86"", ""L87"", ""L88"", ""L89"", ""L9"", ""L90"", ""L91"", ""L92"", ""L93"", ""L94"", ""L95"", ""L96"", ""L97"", ""L98"", ""L99""]",2.560000000000007,2.560000000000007,One modeled mains trunk/branch/local/feeder piece,3274.6287375886527,4.911943106382979,3274.6287375886527,4093.285921985816,,,,,,,,,,,ENGINEERING HOLD,"[{""case_id"": ""S1-230-PF09-45C-4"", ""voltage_v"": 230, ""pf"": 0.9, ""maximum_proxy_current_a"": 15.819462500428275, ""planning_current_a"": 19.774328125535344, ""comparison_breaker_a"": 20, ""comparison_area_mm2"": 10, ""comparison_conductors"": ""3 copper cores (L/N/PE), assumed single-phase; actual PE and phases pending"", ""corrected_ampacity_a"": 23.621000000000002, ""temperature_grouping_factor"": 0.5135000000000001, ""segment_vdrop_bound_v"": 0.24804917200671608, ""allocated_segment_vdrop_percent"": 1, ""path_vdrop_bound_from_db1_v"": 0.24804917200671608, ""path_vdrop_percent_from_db1"": 0.10784746608987655, ""whole_installation_vdrop_percent"": null, ""status"": ""CONDITIONAL SCREEN ONLY"", ""comparison_path_target_percent"": 3, ""comparison_path_screen"": true}, {""case_id"": ""S2-220-PF08-50C-6"", ""voltage_v"": 220, ""pf"": 0.8, ""maximum_proxy_current_a"": 18.605845099935525, ""planning_current_a"": 23.25730637491941, ""comparison_breaker_a"": 25, ""comparison_area_mm2"": 16, ""comparison_conductors"": ""3 copper cores (L/N/PE), assumed single-phase; actual PE and phases pending"", ""corrected_ampacity_a"": 25.091399999999997, ""temperature_grouping_factor"": 0.40469999999999995, ""segment_vdrop_bound_v"": 0.18590960423855632, ""allocated_segment_vdrop_percent"": 1, ""path_vdrop_bound_from_db1_v"": 0.18590960423855632, ""path_vdrop_percent_from_db1"": 0.08450436556298013, ""whole_installation_vdrop_percent"": null, ""status"": ""CONDITIONAL SCREEN ONLY"", ""comparison_path_target_percent"": 3, ""comparison_path_screen"": true}]",Existing service-room wall tray / local equipment connection,"[48.895, 1.75, -1.55]","[48.895, 1.85, -0.55]",4.816000000000008,"Catalogue maximum proxy only; selected products, actual supply, protection, inrush, installation, origin voltage drop and engineering approval pending",16,,,
feeder:FC1,DB-1 → FC1 equipment supply,DB1,DB1,FC1-SUPPLY,feeder,feeder,"[""F-WING-B-3"", ""F-WING-B-4"", ""F-WING-H-3"", ""F-WING-H-4"", ""F226"", ""F227"", ""F228"", ""F229"", ""F230"", ""F231"", ""F232"", ""F233"", ""F234"", ""F235"", ""F236"", ""F237"", ""F238"", ""F239"", ""F240"", ""F241"", ""F242"", ""F243"", ""F244"", ""F245"", ""F246"", ""F247"", ""F248"", ""F249"", ""F252"", ""F253"", ""F254"", ""F255"", ""F256"", ""F257"", ""F258"", ""F259"", ""F260""]",3.4100000000000072,3.4100000000000072,One modeled mains trunk/branch/local/feeder piece,1296,1.944,3140,3925.0,,,,,,,,,,,ENGINEERING HOLD,"[{""case_id"": ""S1-230-PF09-45C-4"", ""voltage_v"": 230, ""pf"": 0.9, ""maximum_proxy_current_a"": 15.169082125603865, ""planning_current_a"": 18.96135265700483, ""comparison_breaker_a"": 20, ""comparison_area_mm2"": 10, ""comparison_conductors"": ""3 copper cores (L/N/PE), assumed single-phase; actual PE and phases pending"", ""corrected_ampacity_a"": 23.621000000000002, ""temperature_grouping_factor"": 0.5135000000000001, ""segment_vdrop_bound_v"": 0.3168252415458944, ""allocated_segment_vdrop_percent"": 1, ""path_vdrop_bound_from_db1_v"": 0.3168252415458944, ""path_vdrop_percent_from_db1"": 0.13775010501995408, ""whole_installation_vdrop_percent"": null, ""status"": ""CONDITIONAL SCREEN ONLY"", ""comparison_path_target_percent"": 3, ""comparison_path_screen"": true}, {""case_id"": ""S2-220-PF08-50C-6"", ""voltage_v"": 220, ""pf"": 0.8, ""maximum_proxy_current_a"": 17.84090909090909, ""planning_current_a"": 22.301136363636363, ""comparison_breaker_a"": 25, ""comparison_area_mm2"": 16, ""comparison_conductors"": ""3 copper cores (L/N/PE), assumed single-phase; actual PE and phases pending"", ""corrected_ampacity_a"": 25.091399999999997, ""temperature_grouping_factor"": 0.40469999999999995, ""segment_vdrop_bound_v"": 0.23745636718750052, ""allocated_segment_vdrop_percent"": 1, ""path_vdrop_bound_from_db1_v"": 0.23745636718750052, ""path_vdrop_percent_from_db1"": 0.10793471235795478, ""whole_installation_vdrop_percent"": null, ""status"": ""CONDITIONAL SCREEN ONLY"", ""comparison_path_target_percent"": 3, ""comparison_path_screen"": true}]",Existing service-room wall tray / local equipment connection,"[48.895, 1.75, -1.55]","[48.895, 1.95, 0.4]",5.751000000000008,"Catalogue maximum proxy only; selected products, actual supply, protection, inrush, installation, origin voltage drop and engineering approval pending",16,,,
local:L1,L3 → Service-room ceiling panel · 50.0 m,LC1,DB1,L3,light,local,"[""L1""]",8.025000000000006,8.025000000000006,One modeled mains trunk/branch/local/feeder piece,30,0.045,30,37.5,,,,,,,,,,,ENGINEERING HOLD,"[{""case_id"": ""S1-230-PF09-45C-4"", ""voltage_v"": 230, ""pf"": 0.9, ""maximum_proxy_current_a"": 0.14492753623188406, ""planning_current_a"": 0.18115942028985507, ""comparison_breaker_a"": 6, ""comparison_area_mm2"": 1.5, ""comparison_conductors"": ""3 copper cores (L/N/PE), assumed single-phase; actual PE and phases pending"", ""corrected_ampacity_a"": 7.702500000000001, ""temperature_grouping_factor"": 0.5135000000000001, ""segment_vdrop_bound_v"": 0.04617282608695655, ""allocated_segment_vdrop_percent"": 1, ""path_vdrop_bound_from_db1_v"": 0.29422199809367267, ""path_vdrop_percent_from_db1"": 0.1279226078668142, ""whole_installation_vdrop_percent"": null, ""status"": ""CONDITIONAL SCREEN ONLY"", ""comparison_path_target_percent"": 3, ""comparison_path_screen"": true}, {""case_id"": ""S2-220-PF08-50C-6"", ""voltage_v"": 220, ""pf"": 0.8, ""maximum_proxy_current_a"": 0.17045454545454544, ""planning_current_a"": 0.21306818181818182, ""comparison_breaker_a"": 6, ""comparison_area_mm2"": 1.5, ""comparison_conductors"": ""3 copper cores (L/N/PE), assumed single-phase; actual PE and phases pending"", ""corrected_ampacity_a"": 6.070499999999999, ""temperature_grouping_factor"": 0.40469999999999995, ""segment_vdrop_bound_v"": 0.054305539772727306, ""allocated_segment_vdrop_percent"": 1, ""path_vdrop_bound_from_db1_v"": 0.24021514401128363, ""path_vdrop_percent_from_db1"": 0.10918870182331075, ""whole_installation_vdrop_percent"": null, ""status"": ""CONDITIONAL SCREEN ONLY"", ""comparison_path_target_percent"": 3, ""comparison_path_screen"": true}]",Wall riser beside niche; containment above ceiling top +4.27 m; panel cable entry pending structural coordination.,"[48.895, 1.85, -0.55]","[50, 4.14, 0]",10.827500000000008,"Catalogue maximum proxy only; selected products, actual supply, protection, inrush, installation, origin voltage drop and engineering approval pending",1.5,,,
local:L2,L3 → Service-room ceiling panel · 51.9 m,LC1,DB1,L3,light,local,"[""L2""]",9.925000000000004,9.925000000000004,One modeled mains trunk/branch/local/feeder piece,30,0.045,30,37.5,,,,,,,,,,,ENGINEERING HOLD,"[{""case_id"": ""S1-230-PF09-45C-4"", ""voltage_v"": 230, ""pf"": 0.9, ""maximum_proxy_current_a"": 0.14492753623188406, ""planning_current_a"": 0.18115942028985507, ""comparison_breaker_a"": 6, ""comparison_area_mm2"": 1.5, ""comparison_conductors"": ""3 copper cores (L/N/PE), assumed single-phase; actual PE and phases pending"", ""corrected_ampacity_a"": 7.702500000000001, ""temperature_grouping_factor"": 0.5135000000000001, ""segment_vdrop_bound_v"": 0.05710471014492756, ""allocated_segment_vdrop_percent"": 1, ""path_vdrop_bound_from_db1_v"": 0.30515388215164363, ""path_vdrop_percent_from_db1"": 0.13267560093549724, ""whole_installation_vdrop_percent"": null, ""status"": ""CONDITIONAL SCREEN ONLY"", ""comparison_path_target_percent"": 3, ""comparison_path_screen"": true}, {""case_id"": ""S2-220-PF08-50C-6"", ""voltage_v"": 220, ""pf"": 0.8, ""maximum_proxy_current_a"": 0.17045454545454544, ""planning_current_a"": 0.21306818181818182, ""comparison_breaker_a"": 6, ""comparison_area_mm2"": 1.5, ""comparison_conductors"": ""3 copper cores (L/N/PE), assumed single-phase; actual PE and phases pending"", ""corrected_ampacity_a"": 6.070499999999999, ""temperature_grouping_factor"": 0.40469999999999995, ""segment_vdrop_bound_v"": 0.06716292613636367, ""allocated_segment_vdrop_percent"": 1, ""path_vdrop_bound_from_db1_v"": 0.25307253037492, ""path_vdrop_percent_from_db1"": 0.11503296835223636, ""whole_installation_vdrop_percent"": null, ""status"": ""CONDITIONAL SCREEN ONLY"", ""comparison_path_target_percent"": 3, ""comparison_path_screen"": true}]",Wall riser beside niche; containment above ceiling top +4.27 m; panel cable entry pending structural coordination.,"[48.895, 1.85, -0.55]","[51.9, 4.14, 0]",12.917500000000006,"Catalogue maximum proxy only; selected products, actual supply, protection, inrush, installation, origin voltage drop and engineering approval pending",1.5,,,
trunk:LC1:L1:light:-1,L1 · B · circuit trunk,LC1,DB1,L1,light,trunk,"[""L3"", ""L4"", ""L7"", ""L8"", ""L11"", ""L12"", ""L15"", ""L16"", ""L19"", ""L20"", ""L23"", ""L24"", ""L27"", ""L28"", ""L59"", ""L60""]",69.66313031117919,69.66313031117919,One modeled mains trunk/branch/local/feeder piece,345.83333333333337,0.51875,345.83333333333337,432.29166666666674,,,,,,,,,,,ENGINEERING HOLD,"[{""case_id"": ""S1-230-PF09-45C-4"", ""voltage_v"": 230, ""pf"": 0.9, ""maximum_proxy_current_a"": 1.6706924315619969, ""planning_current_a"": 2.0883655394524965, ""comparison_breaker_a"": 6, ""comparison_area_mm2"": 4, ""comparison_conductors"": ""3 copper cores (L/N/PE), assumed single-phase; actual PE and phases pending"", ""corrected_ampacity_a"": 13.864500000000001, ""temperature_grouping_factor"": 0.5135000000000001, ""segment_vdrop_bound_v"": 1.7472397893541858, ""allocated_segment_vdrop_percent"": 1, ""path_vdrop_bound_from_db1_v"": 1.995288961360902, ""path_vdrop_percent_from_db1"": 0.8675169397221313, ""whole_installation_vdrop_percent"": null, ""status"": ""CONDITIONAL SCREEN ONLY"", ""comparison_path_target_percent"": 3, ""comparison_path_screen"": true}, {""case_id"": ""S2-220-PF08-50C-6"", ""voltage_v"": 220, ""pf"": 0.8, ""maximum_proxy_current_a"": 1.9649621212121213, ""planning_current_a"": 2.456202651515152, ""comparison_breaker_a"": 6, ""comparison_area_mm2"": 4, ""comparison_conductors"": ""3 copper cores (L/N/PE), assumed single-phase; actual PE and phases pending"", ""corrected_ampacity_a"": 10.926899999999998, ""temperature_grouping_factor"": 0.40469999999999995, ""segment_vdrop_bound_v"": 2.054992252251798, ""allocated_segment_vdrop_percent"": 1, ""path_vdrop_bound_from_db1_v"": 2.2409018564903542, ""path_vdrop_percent_from_db1"": 1.018591752950161, ""whole_installation_vdrop_percent"": null, ""status"": ""CONDITIONAL SCREEN ONLY"", ""comparison_path_target_percent"": 3, ""comparison_path_screen"": true}]",Wall bands above openings; concealed finish-matched soffit crossing over the 9–10 wing opening.,"[48.895, 1.85, -0.55]","[2.65, 5.9, -7.36]",78.62944334229711,"Catalogue maximum proxy only; selected products, actual supply, protection, inrush, installation, origin voltage drop and engineering approval pending",4,,,
drop:LC1:L1:light:-1:L3,L1 → Reading light · axis 3 · B central,LC1,DB1,L1,light,drop,"[""L3""]",8.727418805696335,8.727418805696335,One modeled mains trunk/branch/local/feeder piece,19.166666666666668,0.02875,19.166666666666668,23.958333333333336,,,,,,,,,,,ENGINEERING HOLD,"[{""case_id"": ""S1-230-PF09-45C-4"", ""voltage_v"": 230, ""pf"": 0.9, ""maximum_proxy_current_a"": 0.0925925925925926, ""planning_current_a"": 0.11574074074074076, ""comparison_breaker_a"": 6, ""comparison_area_mm2"": 1.5, ""comparison_conductors"": ""3 copper cores (L/N/PE), assumed single-phase; actual PE and phases pending"", ""corrected_ampacity_a"": 7.702500000000001, ""temperature_grouping_factor"": 0.5135000000000001, ""segment_vdrop_bound_v"": 0.03208134505427264, ""allocated_segment_vdrop_percent"": 1, ""path_vdrop_bound_from_db1_v"": 1.8436500027215355, ""path_vdrop_percent_from_db1"": 0.8015869577050154, ""whole_installation_vdrop_percent"": null, ""status"": ""CONDITIONAL SCREEN ONLY"", ""comparison_path_target_percent"": 3, ""comparison_path_screen"": true}, {""case_id"": ""S2-220-PF08-50C-6"", ""voltage_v"": 220, ""pf"": 0.8, ""maximum_proxy_current_a"": 0.10890151515151515, ""planning_current_a"": 0.13612689393939395, ""comparison_breaker_a"": 6, ""comparison_area_mm2"": 1.5, ""comparison_conductors"": ""3 copper cores (L/N/PE), assumed single-phase; actual PE and phases pending"", ""corrected_ampacity_a"": 6.070499999999999, ""temperature_grouping_factor"": 0.40469999999999995, ""segment_vdrop_bound_v"": 0.03773203651269566, ""allocated_segment_vdrop_percent"": 1, ""path_vdrop_bound_from_db1_v"": 2.0625537630906448, ""path_vdrop_percent_from_db1"": 0.9375244377684748, ""whole_installation_vdrop_percent"": null, ""status"": ""CONDITIONAL SCREEN ONLY"", ""comparison_path_target_percent"": 3, ""comparison_path_screen"": true}]","Above lining / beam tops, short covered joint and rear-face return to fitting. Roof access, rafter/tie interface and removable cover details pending; no timber drilling / notching.","[9.975000000000001, 5.9, -7.36]","[9.975, 8.584999999999999, -2.6]",11.60016068626597,"Catalogue maximum proxy only; selected products, actual supply, protection, inrush, installation, origin voltage drop and engineering approval pending",1.5,,,
drop:LC1:L1:light:-1:L4,L1 → Reading light · axis 3 · B central · twin,LC1,DB1,L1,light,drop,"[""L4""]",8.727418805696335,8.727418805696335,One modeled mains trunk/branch/local/feeder piece,19.166666666666668,0.02875,19.166666666666668,23.958333333333336,,,,,,,,,,,ENGINEERING HOLD,"[{""case_id"": ""S1-230-PF09-45C-4"", ""voltage_v"": 230, ""pf"": 0.9, ""maximum_proxy_current_a"": 0.0925925925925926, ""planning_current_a"": 0.11574074074074076, ""comparison_breaker_a"": 6, ""comparison_area_mm2"": 1.5, ""comparison_conductors"": ""3 copper cores (L/N/PE), assumed single-phase; actual PE and phases pending"", ""corrected_ampacity_a"": 7.702500000000001, ""temperature_grouping_factor"": 0.5135000000000001, ""segment_vdrop_bound_v"": 0.03208134505427264, ""allocated_segment_vdrop_percent"": 1, ""path_vdrop_bound_from_db1_v"": 1.8436500027215355, ""path_vdrop_percent_from_db1"": 0.8015869577050154, ""whole_installation_vdrop_percent"": null, ""status"": ""CONDITIONAL SCREEN ONLY"", ""comparison_path_target_percent"": 3, ""comparison_path_screen"": true}, {""case_id"": ""S2-220-PF08-50C-6"", ""voltage_v"": 220, ""pf"": 0.8, ""maximum_proxy_current_a"": 0.10890151515151515, ""planning_current_a"": 0.13612689393939395, ""comparison_breaker_a"": 6, ""comparison_area_mm2"": 1.5, ""comparison_conductors"": ""3 copper cores (L/N/PE), assumed single-phase; actual PE and phases pending"", ""corrected_ampacity_a"": 6.070499999999999, ""temperature_grouping_factor"": 0.40469999999999995, ""segment_vdrop_bound_v"": 0.03773203651269566, ""allocated_segment_vdrop_percent"": 1, ""path_vdrop_bound_from_db1_v"": 2.0625537630906448, ""path_vdrop_percent_from_db1"": 0.9375244377684748, ""whole_installation_vdrop_percent"": null, ""status"": ""CONDITIONAL SCREEN ONLY"", ""comparison_path_target_percent"": 3, ""comparison_path_screen"": true}]","Above lining / beam tops, short covered joint and rear-face return to fitting. Roof access, rafter/tie interface and removable cover details pending; no timber drilling / notching.","[9.975000000000001, 5.9, -7.36]","[9.975, 8.584999999999999, -2.6]",11.60016068626597,"Catalogue maximum proxy only; selected products, actual supply, protection, inrush, installation, origin voltage drop and engineering approval pending",1.5,,,
drop:LC1:L1:light:-1:L7,L1 → Reading light · axis 4 · B central,LC1,DB1,L1,light,drop,"[""L7""]",8.727418805696335,8.727418805696335,One modeled mains trunk/branch/local/feeder piece,19.166666666666668,0.02875,19.166666666666668,23.958333333333336,,,,,,,,,,,ENGINEERING HOLD,"[{""case_id"": ""S1-230-PF09-45C-4"", ""voltage_v"": 230, ""pf"": 0.9, ""maximum_proxy_current_a"": 0.0925925925925926, ""planning_current_a"": 0.11574074074074076, ""comparison_breaker_a"": 6, ""comparison_area_mm2"": 1.5, ""comparison_conductors"": ""3 copper cores (L/N/PE), assumed single-phase; actual PE and phases pending"", ""corrected_ampacity_a"": 7.702500000000001, ""temperature_grouping_factor"": 0.5135000000000001, ""segment_vdrop_bound_v"": 0.03208134505427264, ""allocated_segment_vdrop_percent"": 1, ""path_vdrop_bound_from_db1_v"": 1.730784287141825, ""path_vdrop_percent_from_db1"": 0.7525149074529675, ""whole_installation_vdrop_percent"": null, ""status"": ""CONDITIONAL SCREEN ONLY"", ""comparison_path_target_percent"": 3, ""comparison_path_screen"": true}, {""case_id"": ""S2-220-PF08-50C-6"", ""voltage_v"": 220, ""pf"": 0.8, ""maximum_proxy_current_a"": 0.10890151515151515, ""planning_current_a"": 0.13612689393939395, ""comparison_breaker_a"": 6, ""comparison_area_mm2"": 1.5, ""comparison_conductors"": ""3 copper cores (L/N/PE), assumed single-phase; actual PE and phases pending"", ""corrected_ampacity_a"": 6.070499999999999, ""temperature_grouping_factor"": 0.40469999999999995, ""segment_vdrop_bound_v"": 0.03773203651269566, ""allocated_segment_vdrop_percent"": 1, ""path_vdrop_bound_from_db1_v"": 1.9298082907895084, ""path_vdrop_percent_from_db1"": 0.8771855867225039, ""whole_installation_vdrop_percent"": null, ""status"": ""CONDITIONAL SCREEN ONLY"", ""comparison_path_target_percent"": 3, ""comparison_path_screen"": true}]","Above lining / beam tops, short covered joint and rear-face return to fitting. Roof access, rafter/tie interface and removable cover details pending; no timber drilling / notching.","[14.475000000000001, 5.9, -7.36]","[14.475, 8.584999999999999, -2.6]",11.60016068626597,"Catalogue maximum proxy only; selected products, actual supply, protection, inrush, installation, origin voltage drop and engineering approval pending",1.5,,,
drop:LC1:L1:light:-1:L8,L1 → Reading light · axis 4 · B central · twin,LC1,DB1,L1,light,drop,"[""L8""]",8.727418805696335,8.727418805696335,One modeled mains trunk/branch/local/feeder piece,19.166666666666668,0.02875,19.166666666666668,23.958333333333336,,,,,,,,,,,ENGINEERING HOLD,"[{""case_id"": ""S1-230-PF09-45C-4"", ""voltage_v"": 230, ""pf"": 0.9, ""maximum_proxy_current_a"": 0.0925925925925926, ""planning_current_a"": 0.11574074074074076, ""comparison_breaker_a"": 6, ""comparison_area_mm2"": 1.5, ""comparison_conductors"": ""3 copper cores (L/N/PE), assumed single-phase; actual PE and phases pending"", ""corrected_ampacity_a"": 7.702500000000001, ""temperature_grouping_factor"": 0.5135000000000001, ""segment_vdrop_bound_v"": 0.03208134505427264, ""allocated_segment_vdrop_percent"": 1, ""path_vdrop_bound_from_db1_v"": 1.730784287141825, ""path_vdrop_percent_from_db1"": 0.7525149074529675, ""whole_installation_vdrop_percent"": null, ""status"": ""CONDITIONAL SCREEN ONLY"", ""comparison_path_target_percent"": 3, ""comparison_path_screen"": true}, {""case_id"": ""S2-220-PF08-50C-6"", ""voltage_v"": 220, ""pf"": 0.8, ""maximum_proxy_current_a"": 0.10890151515151515, ""planning_current_a"": 0.13612689393939395, ""comparison_breaker_a"": 6, ""comparison_area_mm2"": 1.5, ""comparison_conductors"": ""3 copper cores (L/N/PE), assumed single-phase; actual PE and phases pending"", ""corrected_ampacity_a"": 6.070499999999999, ""temperature_grouping_factor"": 0.40469999999999995, ""segment_vdrop_bound_v"": 0.03773203651269566, ""allocated_segment_vdrop_percent"": 1, ""path_vdrop_bound_from_db1_v"": 1.9298082907895084, ""path_vdrop_percent_from_db1"": 0.8771855867225039, ""whole_installation_vdrop_percent"": null, ""status"": ""CONDITIONAL SCREEN ONLY"", ""comparison_path_target_percent"": 3, ""comparison_path_screen"": true}]","Above lining / beam tops, short covered joint and rear-face return to fitting. Roof access, rafter/tie interface and removable cover details pending; no timber drilling / notching.","[14.475000000000001, 5.9, -7.36]","[14.475, 8.584999999999999, -2.6]",11.60016068626597,"Catalogue maximum proxy only; selected products, actual supply, protection, inrush, installation, origin voltage drop and engineering approval pending",1.5,,,
drop:LC1:L1:light:-1:L11,L1 → Reading light · axis 5 · B central,LC1,DB1,L1,light,drop,"[""L11""]",8.72741880569633,8.72741880569633,One modeled mains trunk/branch/local/feeder piece,19.166666666666668,0.02875,19.166666666666668,23.958333333333336,,,,,,,,,,,ENGINEERING HOLD,"[{""case_id"": ""S1-230-PF09-45C-4"", ""voltage_v"": 230, ""pf"": 0.9, ""maximum_proxy_current_a"": 0.0925925925925926, ""planning_current_a"": 0.11574074074074076, ""comparison_breaker_a"": 6, ""comparison_area_mm2"": 1.5, ""comparison_conductors"": ""3 copper cores (L/N/PE), assumed single-phase; actual PE and phases pending"", ""corrected_ampacity_a"": 7.702500000000001, ""temperature_grouping_factor"": 0.5135000000000001, ""segment_vdrop_bound_v"": 0.03208134505427262, ""allocated_segment_vdrop_percent"": 1, ""path_vdrop_bound_from_db1_v"": 1.617918571562115, ""path_vdrop_percent_from_db1"": 0.7034428572009196, ""whole_installation_vdrop_percent"": null, ""status"": ""CONDITIONAL SCREEN ONLY"", ""comparison_path_target_percent"": 3, ""comparison_path_screen"": true}, {""case_id"": ""S2-220-PF08-50C-6"", ""voltage_v"": 220, ""pf"": 0.8, ""maximum_proxy_current_a"": 0.10890151515151515, ""planning_current_a"": 0.13612689393939395, ""comparison_breaker_a"": 6, ""comparison_area_mm2"": 1.5, ""comparison_conductors"": ""3 copper cores (L/N/PE), assumed single-phase; actual PE and phases pending"", ""corrected_ampacity_a"": 6.070499999999999, ""temperature_grouping_factor"": 0.40469999999999995, ""segment_vdrop_bound_v"": 0.03773203651269564, ""allocated_segment_vdrop_percent"": 1, ""path_vdrop_bound_from_db1_v"": 1.797062818488372, ""path_vdrop_percent_from_db1"": 0.8168467356765327, ""whole_installation_vdrop_percent"": null, ""status"": ""CONDITIONAL SCREEN ONLY"", ""comparison_path_target_percent"": 3, ""comparison_path_screen"": true}]","Above lining / beam tops, short covered joint and rear-face return to fitting. Roof access, rafter/tie interface and removable cover details pending; no timber drilling / notching.","[18.975, 5.9, -7.36]","[18.975, 8.584999999999999, -2.6]",11.600160686265964,"Catalogue maximum proxy only; selected products, actual supply, protection, inrush, installation, origin voltage drop and engineering approval pending",1.5,,,
drop:LC1:L1:light:-1:L12,L1 → Reading light · axis 5 · B central · twin,LC1,DB1,L1,light,drop,"[""L12""]",8.72741880569633,8.72741880569633,One modeled mains trunk/branch/local/feeder piece,19.166666666666668,0.02875,19.166666666666668,23.958333333333336,,,,,,,,,,,ENGINEERING HOLD,"[{""case_id"": ""S1-230-PF09-45C-4"", ""voltage_v"": 230, ""pf"": 0.9, ""maximum_proxy_current_a"": 0.0925925925925926, ""planning_current_a"": 0.11574074074074076, ""comparison_breaker_a"": 6, ""comparison_area_mm2"": 1.5, ""comparison_conductors"": ""3 copper cores (L/N/PE), assumed single-phase; actual PE and phases pending"", ""corrected_ampacity_a"": 7.702500000000001, ""temperature_grouping_factor"": 0.5135000000000001, ""segment_vdrop_bound_v"": 0.03208134505427262, ""allocated_segment_vdrop_percent"": 1, ""path_vdrop_bound_from_db1_v"": 1.617918571562115, ""path_vdrop_percent_from_db1"": 0.7034428572009196, ""whole_installation_vdrop_percent"": null, ""status"": ""CONDITIONAL SCREEN ONLY"", ""comparison_path_target_percent"": 3, ""comparison_path_screen"": true}, {""case_id"": ""S2-220-PF08-50C-6"", ""voltage_v"": 220, ""pf"": 0.8, ""maximum_proxy_current_a"": 0.10890151515151515, ""planning_current_a"": 0.13612689393939395, ""comparison_breaker_a"": 6, ""comparison_area_mm2"": 1.5, ""comparison_conductors"": ""3 copper cores (L/N/PE), assumed single-phase; actual PE and phases pending"", ""corrected_ampacity_a"": 6.070499999999999, ""temperature_grouping_factor"": 0.40469999999999995, ""segment_vdrop_bound_v"": 0.03773203651269564, ""allocated_segment_vdrop_percent"": 1, ""path_vdrop_bound_from_db1_v"": 1.797062818488372, ""path_vdrop_percent_from_db1"": 0.8168467356765327, ""whole_installation_vdrop_percent"": null, ""status"": ""CONDITIONAL SCREEN ONLY"", ""comparison_path_target_percent"": 3, ""comparison_path_screen"": true}]","Above lining / beam tops, short covered joint and rear-face return to fitting. Roof access, rafter/tie interface and removable cover details pending; no timber drilling / notching.","[18.975, 5.9, -7.36]","[18.975, 8.584999999999999, -2.6]",11.600160686265964,"Catalogue maximum proxy only; selected products, actual supply, protection, inrush, installation, origin voltage drop and engineering approval pending",1.5,,,
drop:LC1:L1:light:-1:L15,L1 → Reading light · axis 6 · B central,LC1,DB1,L1,light,drop,"[""L15""]",8.72741880569633,8.72741880569633,One modeled mains trunk/branch/local/feeder piece,19.166666666666668,0.02875,19.166666666666668,23.958333333333336,,,,,,,,,,,ENGINEERING HOLD,"[{""case_id"": ""S1-230-PF09-45C-4"", ""voltage_v"": 230, ""pf"": 0.9, ""maximum_proxy_current_a"": 0.0925925925925926, ""planning_current_a"": 0.11574074074074076, ""comparison_breaker_a"": 6, ""comparison_area_mm2"": 1.5, ""comparison_conductors"": ""3 copper cores (L/N/PE), assumed single-phase; actual PE and phases pending"", ""corrected_ampacity_a"": 7.702500000000001, ""temperature_grouping_factor"": 0.5135000000000001, ""segment_vdrop_bound_v"": 0.03208134505427262, ""allocated_segment_vdrop_percent"": 1, ""path_vdrop_bound_from_db1_v"": 1.5050528559824048, ""path_vdrop_percent_from_db1"": 0.6543708069488716, ""whole_installation_vdrop_percent"": null, ""status"": ""CONDITIONAL SCREEN ONLY"", ""comparison_path_target_percent"": 3, ""comparison_path_screen"": true}, {""case_id"": ""S2-220-PF08-50C-6"", ""voltage_v"": 220, ""pf"": 0.8, ""maximum_proxy_current_a"": 0.10890151515151515, ""planning_current_a"": 0.13612689393939395, ""comparison_breaker_a"": 6, ""comparison_area_mm2"": 1.5, ""comparison_conductors"": ""3 copper cores (L/N/PE), assumed single-phase; actual PE and phases pending"", ""corrected_ampacity_a"": 6.070499999999999, ""temperature_grouping_factor"": 0.40469999999999995, ""segment_vdrop_bound_v"": 0.03773203651269564, ""allocated_segment_vdrop_percent"": 1, ""path_vdrop_bound_from_db1_v"": 1.6643173461872358, ""path_vdrop_percent_from_db1"": 0.7565078846305616, ""whole_installation_vdrop_percent"": null, ""status"": ""CONDITIONAL SCREEN ONLY"", ""comparison_path_target_percent"": 3, ""comparison_path_screen"": true}]","Above lining / beam tops, short covered joint and rear-face return to fitting. Roof access, rafter/tie interface and removable cover details pending; no timber drilling / notching.","[23.475, 5.9, -7.36]","[23.475, 8.584999999999999, -2.6]",11.600160686265964,"Catalogue maximum proxy only; selected products, actual supply, protection, inrush, installation, origin voltage drop and engineering approval pending",1.5,,,
drop:LC1:L1:light:-1:L16,L1 → Reading light · axis 6 · B central · twin,LC1,DB1,L1,light,drop,"[""L16""]",8.72741880569633,8.72741880569633,One modeled mains trunk/branch/local/feeder piece,19.166666666666668,0.02875,19.166666666666668,23.958333333333336,,,,,,,,,,,ENGINEERING HOLD,"[{""case_id"": ""S1-230-PF09-45C-4"", ""voltage_v"": 230, ""pf"": 0.9, ""maximum_proxy_current_a"": 0.0925925925925926, ""planning_current_a"": 0.11574074074074076, ""comparison_breaker_a"": 6, ""comparison_area_mm2"": 1.5, ""comparison_conductors"": ""3 copper cores (L/N/PE), assumed single-phase; actual PE and phases pending"", ""corrected_ampacity_a"": 7.702500000000001, ""temperature_grouping_factor"": 0.5135000000000001, ""segment_vdrop_bound_v"": 0.03208134505427262, ""allocated_segment_vdrop_percent"": 1, ""path_vdrop_bound_from_db1_v"": 1.5050528559824048, ""path_vdrop_percent_from_db1"": 0.6543708069488716, ""whole_installation_vdrop_percent"": null, ""status"": ""CONDITIONAL SCREEN ONLY"", ""comparison_path_target_percent"": 3, ""comparison_path_screen"": true}, {""case_id"": ""S2-220-PF08-50C-6"", ""voltage_v"": 220, ""pf"": 0.8, ""maximum_proxy_current_a"": 0.10890151515151515, ""planning_current_a"": 0.13612689393939395, ""comparison_breaker_a"": 6, ""comparison_area_mm2"": 1.5, ""comparison_conductors"": ""3 copper cores (L/N/PE), assumed single-phase; actual PE and phases pending"", ""corrected_ampacity_a"": 6.070499999999999, ""temperature_grouping_factor"": 0.40469999999999995, ""segment_vdrop_bound_v"": 0.03773203651269564, ""allocated_segment_vdrop_percent"": 1, ""path_vdrop_bound_from_db1_v"": 1.6643173461872358, ""path_vdrop_percent_from_db1"": 0.7565078846305616, ""whole_installation_vdrop_percent"": null, ""status"": ""CONDITIONAL SCREEN ONLY"", ""comparison_path_target_percent"": 3, ""comparison_path_screen"": true}]","Above lining / beam tops, short covered joint and rear-face return to fitting. Roof access, rafter/tie interface and removable cover details pending; no timber drilling / notching.","[23.475, 5.9, -7.36]","[23.475, 8.584999999999999, -2.6]",11.600160686265964,"Catalogue maximum proxy only; selected products, actual supply, protection, inrush, installation, origin voltage drop and engineering approval pending",1.5,,,
drop:LC1:L1:light:-1:L19,L1 → Reading light · axis 7 · B central,LC1,DB1,L1,light,drop,"[""L19""]",8.72741880569633,8.72741880569633,One modeled mains trunk/branch/local/feeder piece,19.166666666666668,0.02875,19.166666666666668,23.958333333333336,,,,,,,,,,,ENGINEERING HOLD,"[{""case_id"": ""S1-230-PF09-45C-4"", ""voltage_v"": 230, ""pf"": 0.9, ""maximum_proxy_current_a"": 0.0925925925925926, ""planning_current_a"": 0.11574074074074076, ""comparison_breaker_a"": 6, ""comparison_area_mm2"": 1.5, ""comparison_conductors"": ""3 copper cores (L/N/PE), assumed single-phase; actual PE and phases pending"", ""corrected_ampacity_a"": 7.702500000000001, ""temperature_grouping_factor"": 0.5135000000000001, ""segment_vdrop_bound_v"": 0.03208134505427262, ""allocated_segment_vdrop_percent"": 1, ""path_vdrop_bound_from_db1_v"": 1.3921871404026946, ""path_vdrop_percent_from_db1"": 0.6052987566968238, ""whole_installation_vdrop_percent"": null, ""status"": ""CONDITIONAL SCREEN ONLY"", ""comparison_path_target_percent"": 3, ""comparison_path_screen"": true}, {""case_id"": ""S2-220-PF08-50C-6"", ""voltage_v"": 220, ""pf"": 0.8, ""maximum_proxy_current_a"": 0.10890151515151515, ""planning_current_a"": 0.13612689393939395, ""comparison_breaker_a"": 6, ""comparison_area_mm2"": 1.5, ""comparison_conductors"": ""3 copper cores (L/N/PE), assumed single-phase; actual PE and phases pending"", ""corrected_ampacity_a"": 6.070499999999999, ""temperature_grouping_factor"": 0.40469999999999995, ""segment_vdrop_bound_v"": 0.03773203651269564, ""allocated_segment_vdrop_percent"": 1, ""path_vdrop_bound_from_db1_v"": 1.5315718738860993, ""path_vdrop_percent_from_db1"": 0.6961690335845906, ""whole_installation_vdrop_percent"": null, ""status"": ""CONDITIONAL SCREEN ONLY"", ""comparison_path_target_percent"": 3, ""comparison_path_screen"": true}]","Above lining / beam tops, short covered joint and rear-face return to fitting. Roof access, rafter/tie interface and removable cover details pending; no timber drilling / notching.","[27.975, 5.9, -7.36]","[27.975, 8.584999999999999, -2.6]",11.600160686265964,"Catalogue maximum proxy only; selected products, actual supply, protection, inrush, installation, origin voltage drop and engineering approval pending",1.5,,,
drop:LC1:L1:light:-1:L20,L1 → Reading light · axis 7 · B central · twin,LC1,DB1,L1,light,drop,"[""L20""]",8.72741880569633,8.72741880569633,One modeled mains trunk/branch/local/feeder piece,19.166666666666668,0.02875,19.166666666666668,23.958333333333336,,,,,,,,,,,ENGINEERING HOLD,"[{""case_id"": ""S1-230-PF09-45C-4"", ""voltage_v"": 230, ""pf"": 0.9, ""maximum_proxy_current_a"": 0.0925925925925926, ""planning_current_a"": 0.11574074074074076, ""comparison_breaker_a"": 6, ""comparison_area_mm2"": 1.5, ""comparison_conductors"": ""3 copper cores (L/N/PE), assumed single-phase; actual PE and phases pending"", ""corrected_ampacity_a"": 7.702500000000001, ""temperature_grouping_factor"": 0.5135000000000001, ""segment_vdrop_bound_v"": 0.03208134505427262, ""allocated_segment_vdrop_percent"": 1, ""path_vdrop_bound_from_db1_v"": 1.3921871404026946, ""path_vdrop_percent_from_db1"": 0.6052987566968238, ""whole_installation_vdrop_percent"": null, ""status"": ""CONDITIONAL SCREEN ONLY"", ""comparison_path_target_percent"": 3, ""comparison_path_screen"": true}, {""case_id"": ""S2-220-PF08-50C-6"", ""voltage_v"": 220, ""pf"": 0.8, ""maximum_proxy_current_a"": 0.10890151515151515, ""planning_current_a"": 0.13612689393939395, ""comparison_breaker_a"": 6, ""comparison_area_mm2"": 1.5, ""comparison_conductors"": ""3 copper cores (L/N/PE), assumed single-phase; actual PE and phases pending"", ""corrected_ampacity_a"": 6.070499999999999, ""temperature_grouping_factor"": 0.40469999999999995, ""segment_vdrop_bound_v"": 0.03773203651269564, ""allocated_segment_vdrop_percent"": 1, ""path_vdrop_bound_from_db1_v"": 1.5315718738860993, ""path_vdrop_percent_from_db1"": 0.6961690335845906, ""whole_installation_vdrop_percent"": null, ""status"": ""CONDITIONAL SCREEN ONLY"", ""comparison_path_target_percent"": 3, ""comparison_path_screen"": true}]","Above lining / beam tops, short covered joint and rear-face return to fitting. Roof access, rafter/tie interface and removable cover details pending; no timber drilling / notching.","[27.975, 5.9, -7.36]","[27.975, 8.584999999999999, -2.6]",11.600160686265964,"Catalogue maximum proxy only; selected products, actual supply, protection, inrush, installation, origin voltage drop and engineering approval pending",1.5,,,
drop:LC1:L1:light:-1:L23,L1 → Reading light · axis 8 · B central,LC1,DB1,L1,light,drop,"[""L23""]",8.72741880569633,8.72741880569633,One modeled mains trunk/branch/local/feeder piece,19.166666666666668,0.02875,19.166666666666668,23.958333333333336,,,,,,,,,,,ENGINEERING HOLD,"[{""case_id"": ""S1-230-PF09-45C-4"", ""voltage_v"": 230, ""pf"": 0.9, ""maximum_proxy_current_a"": 0.0925925925925926, ""planning_current_a"": 0.11574074074074076, ""comparison_breaker_a"": 6, ""comparison_area_mm2"": 1.5, ""comparison_conductors"": ""3 copper cores (L/N/PE), assumed single-phase; actual PE and phases pending"", ""corrected_ampacity_a"": 7.702500000000001, ""temperature_grouping_factor"": 0.5135000000000001, ""segment_vdrop_bound_v"": 0.03208134505427262, ""allocated_segment_vdrop_percent"": 1, ""path_vdrop_bound_from_db1_v"": 1.2793214248229845, ""path_vdrop_percent_from_db1"": 0.5562267064447759, ""whole_installation_vdrop_percent"": null, ""status"": ""CONDITIONAL SCREEN ONLY"", ""comparison_path_target_percent"": 3, ""comparison_path_screen"": true}, {""case_id"": ""S2-220-PF08-50C-6"", ""voltage_v"": 220, ""pf"": 0.8, ""maximum_proxy_current_a"": 0.10890151515151515, ""planning_current_a"": 0.13612689393939395, ""comparison_breaker_a"": 6, ""comparison_area_mm2"": 1.5, ""comparison_conductors"": ""3 copper cores (L/N/PE), assumed single-phase; actual PE and phases pending"", ""corrected_ampacity_a"": 6.070499999999999, ""temperature_grouping_factor"": 0.40469999999999995, ""segment_vdrop_bound_v"": 0.03773203651269564, ""allocated_segment_vdrop_percent"": 1, ""path_vdrop_bound_from_db1_v"": 1.398826401584963, ""path_vdrop_percent_from_db1"": 0.6358301825386194, ""whole_installation_vdrop_percent"": null, ""status"": ""CONDITIONAL SCREEN ONLY"", ""comparison_path_target_percent"": 3, ""comparison_path_screen"": true}]","Above lining / beam tops, short covered joint and rear-face return to fitting. Roof access, rafter/tie interface and removable cover details pending; no timber drilling / notching.","[32.475, 5.9, -7.36]","[32.475, 8.584999999999999, -2.6]",11.600160686265964,"Catalogue maximum proxy only; selected products, actual supply, protection, inrush, installation, origin voltage drop and engineering approval pending",1.5,,,
drop:LC1:L1:light:-1:L24,L1 → Reading light · axis 8 · B central · twin,LC1,DB1,L1,light,drop,"[""L24""]",8.72741880569633,8.72741880569633,One modeled mains trunk/branch/local/feeder piece,19.166666666666668,0.02875,19.166666666666668,23.958333333333336,,,,,,,,,,,ENGINEERING HOLD,"[{""case_id"": ""S1-230-PF09-45C-4"", ""voltage_v"": 230, ""pf"": 0.9, ""maximum_proxy_current_a"": 0.0925925925925926, ""planning_current_a"": 0.11574074074074076, ""comparison_breaker_a"": 6, ""comparison_area_mm2"": 1.5, ""comparison_conductors"": ""3 copper cores (L/N/PE), assumed single-phase; actual PE and phases pending"", ""corrected_ampacity_a"": 7.702500000000001, ""temperature_grouping_factor"": 0.5135000000000001, ""segment_vdrop_bound_v"": 0.03208134505427262, ""allocated_segment_vdrop_percent"": 1, ""path_vdrop_bound_from_db1_v"": 1.2793214248229845, ""path_vdrop_percent_from_db1"": 0.5562267064447759, ""whole_installation_vdrop_percent"": null, ""status"": ""CONDITIONAL SCREEN ONLY"", ""comparison_path_target_percent"": 3, ""comparison_path_screen"": true}, {""case_id"": ""S2-220-PF08-50C-6"", ""voltage_v"": 220, ""pf"": 0.8, ""maximum_proxy_current_a"": 0.10890151515151515, ""planning_current_a"": 0.13612689393939395, ""comparison_breaker_a"": 6, ""comparison_area_mm2"": 1.5, ""comparison_conductors"": ""3 copper cores (L/N/PE), assumed single-phase; actual PE and phases pending"", ""corrected_ampacity_a"": 6.070499999999999, ""temperature_grouping_factor"": 0.40469999999999995, ""segment_vdrop_bound_v"": 0.03773203651269564, ""allocated_segment_vdrop_percent"": 1, ""path_vdrop_bound_from_db1_v"": 1.398826401584963, ""path_vdrop_percent_from_db1"": 0.6358301825386194, ""whole_installation_vdrop_percent"": null, ""status"": ""CONDITIONAL SCREEN ONLY"", ""comparison_path_target_percent"": 3, ""comparison_path_screen"": true}]","Above lining / beam tops, short covered joint and rear-face return to fitting. Roof access, rafter/tie interface and removable cover details pending; no timber drilling / notching.","[32.475, 5.9, -7.36]","[32.475, 8.584999999999999, -2.6]",11.600160686265964,"Catalogue maximum proxy only; selected products, actual supply, protection, inrush, installation, origin voltage drop and engineering approval pending",1.5,,,
drop:LC1:L1:light:-1:L27,L1 → Reading light · axis 9 · B central,LC1,DB1,L1,light,drop,"[""L27""]",8.72741880569633,8.72741880569633,One modeled mains trunk/branch/local/feeder piece,19.166666666666668,0.02875,19.166666666666668,23.958333333333336,,,,,,,,,,,ENGINEERING HOLD,"[{""case_id"": ""S1-230-PF09-45C-4"", ""voltage_v"": 230, ""pf"": 0.9, ""maximum_proxy_current_a"": 0.0925925925925926, ""planning_current_a"": 0.11574074074074076, ""comparison_breaker_a"": 6, ""comparison_area_mm2"": 1.5, ""comparison_conductors"": ""3 copper cores (L/N/PE), assumed single-phase; actual PE and phases pending"", ""corrected_ampacity_a"": 7.702500000000001, ""temperature_grouping_factor"": 0.5135000000000001, ""segment_vdrop_bound_v"": 0.03208134505427262, ""allocated_segment_vdrop_percent"": 1, ""path_vdrop_bound_from_db1_v"": 1.1664557092432744, ""path_vdrop_percent_from_db1"": 0.5071546561927279, ""whole_installation_vdrop_percent"": null, ""status"": ""CONDITIONAL SCREEN ONLY"", ""comparison_path_target_percent"": 3, ""comparison_path_screen"": true}, {""case_id"": ""S2-220-PF08-50C-6"", ""voltage_v"": 220, ""pf"": 0.8, ""maximum_proxy_current_a"": 0.10890151515151515, ""planning_current_a"": 0.13612689393939395, ""comparison_breaker_a"": 6, ""comparison_area_mm2"": 1.5, ""comparison_conductors"": ""3 copper cores (L/N/PE), assumed single-phase; actual PE and phases pending"", ""corrected_ampacity_a"": 6.070499999999999, ""temperature_grouping_factor"": 0.40469999999999995, ""segment_vdrop_bound_v"": 0.03773203651269564, ""allocated_segment_vdrop_percent"": 1, ""path_vdrop_bound_from_db1_v"": 1.2660809292838264, ""path_vdrop_percent_from_db1"": 0.5754913314926484, ""whole_installation_vdrop_percent"": null, ""status"": ""CONDITIONAL SCREEN ONLY"", ""comparison_path_target_percent"": 3, ""comparison_path_screen"": true}]","Above lining / beam tops, short covered joint and rear-face return to fitting. Roof access, rafter/tie interface and removable cover details pending; no timber drilling / notching.","[36.975, 5.9, -7.36]","[36.975, 8.584999999999999, -2.6]",11.600160686265964,"Catalogue maximum proxy only; selected products, actual supply, protection, inrush, installation, origin voltage drop and engineering approval pending",1.5,,,
drop:LC1:L1:light:-1:L28,L1 → Reading light · axis 9 · B central · twin,LC1,DB1,L1,light,drop,"[""L28""]",8.72741880569633,8.72741880569633,One modeled mains trunk/branch/local/feeder piece,19.166666666666668,0.02875,19.166666666666668,23.958333333333336,,,,,,,,,,,ENGINEERING HOLD,"[{""case_id"": ""S1-230-PF09-45C-4"", ""voltage_v"": 230, ""pf"": 0.9, ""maximum_proxy_current_a"": 0.0925925925925926, ""planning_current_a"": 0.11574074074074076, ""comparison_breaker_a"": 6, ""comparison_area_mm2"": 1.5, ""comparison_conductors"": ""3 copper cores (L/N/PE), assumed single-phase; actual PE and phases pending"", ""corrected_ampacity_a"": 7.702500000000001, ""temperature_grouping_factor"": 0.5135000000000001, ""segment_vdrop_bound_v"": 0.03208134505427262, ""allocated_segment_vdrop_percent"": 1, ""path_vdrop_bound_from_db1_v"": 1.1664557092432744, ""path_vdrop_percent_from_db1"": 0.5071546561927279, ""whole_installation_vdrop_percent"": null, ""status"": ""CONDITIONAL SCREEN ONLY"", ""comparison_path_target_percent"": 3, ""comparison_path_screen"": true}, {""case_id"": ""S2-220-PF08-50C-6"", ""voltage_v"": 220, ""pf"": 0.8, ""maximum_proxy_current_a"": 0.10890151515151515, ""planning_current_a"": 0.13612689393939395, ""comparison_breaker_a"": 6, ""comparison_area_mm2"": 1.5, ""comparison_conductors"": ""3 copper cores (L/N/PE), assumed single-phase; actual PE and phases pending"", ""corrected_ampacity_a"": 6.070499999999999, ""temperature_grouping_factor"": 0.40469999999999995, ""segment_vdrop_bound_v"": 0.03773203651269564, ""allocated_segment_vdrop_percent"": 1, ""path_vdrop_bound_from_db1_v"": 1.2660809292838264, ""path_vdrop_percent_from_db1"": 0.5754913314926484, ""whole_installation_vdrop_percent"": null, ""status"": ""CONDITIONAL SCREEN ONLY"", ""comparison_path_target_percent"": 3, ""comparison_path_screen"": true}]","Above lining / beam tops, short covered joint and rear-face return to fitting. Roof access, rafter/tie interface and removable cover details pending; no timber drilling / notching.","[36.975, 5.9, -7.36]","[36.975, 8.584999999999999, -2.6]",11.600160686265964,"Catalogue maximum proxy only; selected products, actual supply, protection, inrush, installation, origin voltage drop and engineering approval pending",1.5,,,
drop:LC1:L1:light:-1:L59,L1 → Rear rows light · entrance façade · B,LC1,DB1,L1,light,drop,"[""L59""]",9.435528090456472,9.435528090456472,One modeled mains trunk/branch/local/feeder piece,50,0.075,50,62.5,,,,,,,,,,,ENGINEERING HOLD,"[{""case_id"": ""S1-230-PF09-45C-4"", ""voltage_v"": 230, ""pf"": 0.9, ""maximum_proxy_current_a"": 0.24154589371980675, ""planning_current_a"": 0.30193236714975846, ""comparison_breaker_a"": 6, ""comparison_area_mm2"": 1.5, ""comparison_conductors"": ""3 copper cores (L/N/PE), assumed single-phase; actual PE and phases pending"", ""corrected_ampacity_a"": 7.702500000000001, ""temperature_grouping_factor"": 0.5135000000000001, ""segment_vdrop_bound_v"": 0.0904807886935077, ""allocated_segment_vdrop_percent"": 1, ""path_vdrop_bound_from_db1_v"": 2.0857697500544097, ""path_vdrop_percent_from_db1"": 0.9068564130671346, ""whole_installation_vdrop_percent"": null, ""status"": ""CONDITIONAL SCREEN ONLY"", ""comparison_path_target_percent"": 3, ""comparison_path_screen"": true}, {""case_id"": ""S2-220-PF08-50C-6"", ""voltage_v"": 220, ""pf"": 0.8, ""maximum_proxy_current_a"": 0.2840909090909091, ""planning_current_a"": 0.35511363636363635, ""comparison_breaker_a"": 6, ""comparison_area_mm2"": 1.5, ""comparison_conductors"": ""3 copper cores (L/N/PE), assumed single-phase; actual PE and phases pending"", ""corrected_ampacity_a"": 6.070499999999999, ""temperature_grouping_factor"": 0.40469999999999995, ""segment_vdrop_bound_v"": 0.10641774579293237, ""allocated_segment_vdrop_percent"": 1, ""path_vdrop_bound_from_db1_v"": 2.347319602283287, ""path_vdrop_percent_from_db1"": 1.0669634555833123, ""whole_installation_vdrop_percent"": null, ""status"": ""CONDITIONAL SCREEN ONLY"", ""comparison_path_target_percent"": 3, ""comparison_path_screen"": true}]","Concealed entrance wall band, solid pier and local termination.","[2.65, 5.9, -7.36]","[2.65, 3.45, -4.2]",12.37908089950212,"Catalogue maximum proxy only; selected products, actual supply, protection, inrush, installation, origin voltage drop and engineering approval pending",1.5,,,
drop:LC1:L1:light:-1:L60,L1 → Rear centre light · entrance façade · B,LC1,DB1,L1,light,drop,"[""L60""]",6.9355280904564705,6.9355280904564705,One modeled mains trunk/branch/local/feeder piece,27.5,0.04125,27.5,34.375,,,,,,,,,,,ENGINEERING HOLD,"[{""case_id"": ""S1-230-PF09-45C-4"", ""voltage_v"": 230, ""pf"": 0.9, ""maximum_proxy_current_a"": 0.13285024154589373, ""planning_current_a"": 0.16606280193236714, ""comparison_breaker_a"": 6, ""comparison_area_mm2"": 1.5, ""comparison_conductors"": ""3 copper cores (L/N/PE), assumed single-phase; actual PE and phases pending"", ""corrected_ampacity_a"": 7.702500000000001, ""temperature_grouping_factor"": 0.5135000000000001, ""segment_vdrop_bound_v"": 0.036579047307999275, ""allocated_segment_vdrop_percent"": 1, ""path_vdrop_bound_from_db1_v"": 2.031868008668901, ""path_vdrop_percent_from_db1"": 0.8834208733343047, ""whole_installation_vdrop_percent"": null, ""status"": ""CONDITIONAL SCREEN ONLY"", ""comparison_path_target_percent"": 3, ""comparison_path_screen"": true}, {""case_id"": ""S2-220-PF08-50C-6"", ""voltage_v"": 220, ""pf"": 0.8, ""maximum_proxy_current_a"": 0.15625, ""planning_current_a"": 0.1953125, ""comparison_breaker_a"": 6, ""comparison_area_mm2"": 1.5, ""comparison_conductors"": ""3 copper cores (L/N/PE), assumed single-phase; actual PE and phases pending"", ""corrected_ampacity_a"": 6.070499999999999, ""temperature_grouping_factor"": 0.40469999999999995, ""segment_vdrop_bound_v"": 0.043021947686112796, ""allocated_segment_vdrop_percent"": 1, ""path_vdrop_bound_from_db1_v"": 2.2839238041764673, ""path_vdrop_percent_from_db1"": 1.038147183716576, ""whole_installation_vdrop_percent"": null, ""status"": ""CONDITIONAL SCREEN ONLY"", ""comparison_path_target_percent"": 3, ""comparison_path_screen"": true}]","Concealed entrance wall band, solid pier and local termination.","[2.65, 5.9, -7.36]","[2.65, 5.95, -4.2]",9.629080899502117,"Catalogue maximum proxy only; selected products, actual supply, protection, inrush, installation, origin voltage drop and engineering approval pending",1.5,,,
trunk:LC1:L1:light:1,L1 · H · circuit trunk,LC1,DB1,L1,light,trunk,"[""L5"", ""L6"", ""L9"", ""L10"", ""L13"", ""L14"", ""L17"", ""L18"", ""L21"", ""L22"", ""L25"", ""L26"", ""L29"", ""L30"", ""L61"", ""L62""]",76.2631303111792,76.2631303111792,One modeled mains trunk/branch/local/feeder piece,345.83333333333337,0.51875,345.83333333333337,432.29166666666674,,,,,,,,,,,ENGINEERING HOLD,"[{""case_id"": ""S1-230-PF09-45C-4"", ""voltage_v"": 230, ""pf"": 0.9, ""maximum_proxy_current_a"": 1.6706924315619969, ""planning_current_a"": 2.0883655394524965, ""comparison_breaker_a"": 6, ""comparison_area_mm2"": 4, ""comparison_conductors"": ""3 copper cores (L/N/PE), assumed single-phase; actual PE and phases pending"", ""corrected_ampacity_a"": 13.864500000000001, ""temperature_grouping_factor"": 0.5135000000000001, ""segment_vdrop_bound_v"": 1.9127761722044276, ""allocated_segment_vdrop_percent"": 1, ""path_vdrop_bound_from_db1_v"": 2.1608253442111436, ""path_vdrop_percent_from_db1"": 0.9394892800918015, ""whole_installation_vdrop_percent"": null, ""status"": ""CONDITIONAL SCREEN ONLY"", ""comparison_path_target_percent"": 3, ""comparison_path_screen"": true}, {""case_id"": ""S2-220-PF08-50C-6"", ""voltage_v"": 220, ""pf"": 0.8, ""maximum_proxy_current_a"": 1.9649621212121213, ""planning_current_a"": 2.456202651515152, ""comparison_breaker_a"": 6, ""comparison_area_mm2"": 6, ""comparison_conductors"": ""3 copper cores (L/N/PE), assumed single-phase; actual PE and phases pending"", ""corrected_ampacity_a"": 13.759799999999998, ""temperature_grouping_factor"": 0.40469999999999995, ""segment_vdrop_bound_v"": 1.5097806852383007, ""allocated_segment_vdrop_percent"": 1, ""path_vdrop_bound_from_db1_v"": 1.695690289476857, ""path_vdrop_percent_from_db1"": 0.7707683133985713, ""whole_installation_vdrop_percent"": null, ""status"": ""CONDITIONAL SCREEN ONLY"", ""comparison_path_target_percent"": 3, ""comparison_path_screen"": true}]",Wall bands above openings; concealed finish-matched soffit crossing over the 9–10 wing opening.,"[48.895, 1.85, -0.55]","[2.65, 5.9, 7.36]",85.88944334229713,"Catalogue maximum proxy only; selected products, actual supply, protection, inrush, installation, origin voltage drop and engineering approval pending",6,,,
drop:LC1:L1:light:1:L5,L1 → Reading light · axis 3 · H central,LC1,DB1,L1,light,drop,"[""L5""]",8.727418805696335,8.727418805696335,One modeled mains trunk/branch/local/feeder piece,19.166666666666668,0.02875,19.166666666666668,23.958333333333336,,,,,,,,,,,ENGINEERING HOLD,"[{""case_id"": ""S1-230-PF09-45C-4"", ""voltage_v"": 230, ""pf"": 0.9, ""maximum_proxy_current_a"": 0.0925925925925926, ""planning_current_a"": 0.11574074074074076, ""comparison_breaker_a"": 6, ""comparison_area_mm2"": 1.5, ""comparison_conductors"": ""3 copper cores (L/N/PE), assumed single-phase; actual PE and phases pending"", ""corrected_ampacity_a"": 7.702500000000001, ""temperature_grouping_factor"": 0.5135000000000001, ""segment_vdrop_bound_v"": 0.03208134505427264, ""allocated_segment_vdrop_percent"": 1, ""path_vdrop_bound_from_db1_v"": 2.009186385571777, ""path_vdrop_percent_from_db1"": 0.8735592980746857, ""whole_installation_vdrop_percent"": null, ""status"": ""CONDITIONAL SCREEN ONLY"", ""comparison_path_target_percent"": 3, ""comparison_path_screen"": true}, {""case_id"": ""S2-220-PF08-50C-6"", ""voltage_v"": 220, ""pf"": 0.8, ""maximum_proxy_current_a"": 0.10890151515151515, ""planning_current_a"": 0.13612689393939395, ""comparison_breaker_a"": 6, ""comparison_area_mm2"": 1.5, ""comparison_conductors"": ""3 copper cores (L/N/PE), assumed single-phase; actual PE and phases pending"", ""corrected_ampacity_a"": 6.070499999999999, ""temperature_grouping_factor"": 0.40469999999999995, ""segment_vdrop_bound_v"": 0.03773203651269566, ""allocated_segment_vdrop_percent"": 1, ""path_vdrop_bound_from_db1_v"": 1.5884093495454241, ""path_vdrop_percent_from_db1"": 0.7220042497933745, ""whole_installation_vdrop_percent"": null, ""status"": ""CONDITIONAL SCREEN ONLY"", ""comparison_path_target_percent"": 3, ""comparison_path_screen"": true}]","Above lining / beam tops, short covered joint and rear-face return to fitting. Roof access, rafter/tie interface and removable cover details pending; no timber drilling / notching.","[9.975000000000001, 5.9, 7.36]","[9.975, 8.584999999999999, 2.6]",11.60016068626597,"Catalogue maximum proxy only; selected products, actual supply, protection, inrush, installation, origin voltage drop and engineering approval pending",1.5,,,
drop:LC1:L1:light:1:L6,L1 → Reading light · axis 3 · H central · twin,LC1,DB1,L1,light,drop,"[""L6""]",8.727418805696335,8.727418805696335,One modeled mains trunk/branch/local/feeder piece,19.166666666666668,0.02875,19.166666666666668,23.958333333333336,,,,,,,,,,,ENGINEERING HOLD,"[{""case_id"": ""S1-230-PF09-45C-4"", ""voltage_v"": 230, ""pf"": 0.9, ""maximum_proxy_current_a"": 0.0925925925925926, ""planning_current_a"": 0.11574074074074076, ""comparison_breaker_a"": 6, ""comparison_area_mm2"": 1.5, ""comparison_conductors"": ""3 copper cores (L/N/PE), assumed single-phase; actual PE and phases pending"", ""corrected_ampacity_a"": 7.702500000000001, ""temperature_grouping_factor"": 0.5135000000000001, ""segment_vdrop_bound_v"": 0.03208134505427264, ""allocated_segment_vdrop_percent"": 1, ""path_vdrop_bound_from_db1_v"": 2.009186385571777, ""path_vdrop_percent_from_db1"": 0.8735592980746857, ""whole_installation_vdrop_percent"": null, ""status"": ""CONDITIONAL SCREEN ONLY"", ""comparison_path_target_percent"": 3, ""comparison_path_screen"": true}, {""case_id"": ""S2-220-PF08-50C-6"", ""voltage_v"": 220, ""pf"": 0.8, ""maximum_proxy_current_a"": 0.10890151515151515, ""planning_current_a"": 0.13612689393939395, ""comparison_breaker_a"": 6, ""comparison_area_mm2"": 1.5, ""comparison_conductors"": ""3 copper cores (L/N/PE), assumed single-phase; actual PE and phases pending"", ""corrected_ampacity_a"": 6.070499999999999, ""temperature_grouping_factor"": 0.40469999999999995, ""segment_vdrop_bound_v"": 0.03773203651269566, ""allocated_segment_vdrop_percent"": 1, ""path_vdrop_bound_from_db1_v"": 1.5884093495454241, ""path_vdrop_percent_from_db1"": 0.7220042497933745, ""whole_installation_vdrop_percent"": null, ""status"": ""CONDITIONAL SCREEN ONLY"", ""comparison_path_target_percent"": 3, ""comparison_path_screen"": true}]","Above lining / beam tops, short covered joint and rear-face return to fitting. Roof access, rafter/tie interface and removable cover details pending; no timber drilling / notching.","[9.975000000000001, 5.9, 7.36]","[9.975, 8.584999999999999, 2.6]",11.60016068626597,"Catalogue maximum proxy only; selected products, actual supply, protection, inrush, installation, origin voltage drop and engineering approval pending",1.5,,,
drop:LC1:L1:light:1:L9,L1 → Reading light · axis 4 · H central,LC1,DB1,L1,light,drop,"[""L9""]",8.727418805696335,8.727418805696335,One modeled mains trunk/branch/local/feeder piece,19.166666666666668,0.02875,19.166666666666668,23.958333333333336,,,,,,,,,,,ENGINEERING HOLD,"[{""case_id"": ""S1-230-PF09-45C-4"", ""voltage_v"": 230, ""pf"": 0.9, ""maximum_proxy_current_a"": 0.0925925925925926, ""planning_current_a"": 0.11574074074074076, ""comparison_breaker_a"": 6, ""comparison_area_mm2"": 1.5, ""comparison_conductors"": ""3 copper cores (L/N/PE), assumed single-phase; actual PE and phases pending"", ""corrected_ampacity_a"": 7.702500000000001, ""temperature_grouping_factor"": 0.5135000000000001, ""segment_vdrop_bound_v"": 0.03208134505427264, ""allocated_segment_vdrop_percent"": 1, ""path_vdrop_bound_from_db1_v"": 1.8963206699920667, ""path_vdrop_percent_from_db1"": 0.8244872478226377, ""whole_installation_vdrop_percent"": null, ""status"": ""CONDITIONAL SCREEN ONLY"", ""comparison_path_target_percent"": 3, ""comparison_path_screen"": true}, {""case_id"": ""S2-220-PF08-50C-6"", ""voltage_v"": 220, ""pf"": 0.8, ""maximum_proxy_current_a"": 0.10890151515151515, ""planning_current_a"": 0.13612689393939395, ""comparison_breaker_a"": 6, ""comparison_area_mm2"": 1.5, ""comparison_conductors"": ""3 copper cores (L/N/PE), assumed single-phase; actual PE and phases pending"", ""corrected_ampacity_a"": 6.070499999999999, ""temperature_grouping_factor"": 0.40469999999999995, ""segment_vdrop_bound_v"": 0.03773203651269566, ""allocated_segment_vdrop_percent"": 1, ""path_vdrop_bound_from_db1_v"": 1.4993228793749693, ""path_vdrop_percent_from_db1"": 0.6815103997158952, ""whole_installation_vdrop_percent"": null, ""status"": ""CONDITIONAL SCREEN ONLY"", ""comparison_path_target_percent"": 3, ""comparison_path_screen"": true}]","Above lining / beam tops, short covered joint and rear-face return to fitting. Roof access, rafter/tie interface and removable cover details pending; no timber drilling / notching.","[14.475000000000001, 5.9, 7.36]","[14.475, 8.584999999999999, 2.6]",11.60016068626597,"Catalogue maximum proxy only; selected products, actual supply, protection, inrush, installation, origin voltage drop and engineering approval pending",1.5,,,
drop:LC1:L1:light:1:L10,L1 → Reading light · axis 4 · H central · twin,LC1,DB1,L1,light,drop,"[""L10""]",8.727418805696335,8.727418805696335,One modeled mains trunk/branch/local/feeder piece,19.166666666666668,0.02875,19.166666666666668,23.958333333333336,,,,,,,,,,,ENGINEERING HOLD,"[{""case_id"": ""S1-230-PF09-45C-4"", ""voltage_v"": 230, ""pf"": 0.9, ""maximum_proxy_current_a"": 0.0925925925925926, ""planning_current_a"": 0.11574074074074076, ""comparison_breaker_a"": 6, ""comparison_area_mm2"": 1.5, ""comparison_conductors"": ""3 copper cores (L/N/PE), assumed single-phase; actual PE and phases pending"", ""corrected_ampacity_a"": 7.702500000000001, ""temperature_grouping_factor"": 0.5135000000000001, ""segment_vdrop_bound_v"": 0.03208134505427264, ""allocated_segment_vdrop_percent"": 1, ""path_vdrop_bound_from_db1_v"": 1.8963206699920667, ""path_vdrop_percent_from_db1"": 0.8244872478226377, ""whole_installation_vdrop_percent"": null, ""status"": ""CONDITIONAL SCREEN ONLY"", ""comparison_path_target_percent"": 3, ""comparison_path_screen"": true}, {""case_id"": ""S2-220-PF08-50C-6"", ""voltage_v"": 220, ""pf"": 0.8, ""maximum_proxy_current_a"": 0.10890151515151515, ""planning_current_a"": 0.13612689393939395, ""comparison_breaker_a"": 6, ""comparison_area_mm2"": 1.5, ""comparison_conductors"": ""3 copper cores (L/N/PE), assumed single-phase; actual PE and phases pending"", ""corrected_ampacity_a"": 6.070499999999999, ""temperature_grouping_factor"": 0.40469999999999995, ""segment_vdrop_bound_v"": 0.03773203651269566, ""allocated_segment_vdrop_percent"": 1, ""path_vdrop_bound_from_db1_v"": 1.4993228793749693, ""path_vdrop_percent_from_db1"": 0.6815103997158952, ""whole_installation_vdrop_percent"": null, ""status"": ""CONDITIONAL SCREEN ONLY"", ""comparison_path_target_percent"": 3, ""comparison_path_screen"": true}]","Above lining / beam tops, short covered joint and rear-face return to fitting. Roof access, rafter/tie interface and removable cover details pending; no timber drilling / notching.","[14.475000000000001, 5.9, 7.36]","[14.475, 8.584999999999999, 2.6]",11.60016068626597,"Catalogue maximum proxy only; selected products, actual supply, protection, inrush, installation, origin voltage drop and engineering approval pending",1.5,,,
drop:LC1:L1:light:1:L13,L1 → Reading light · axis 5 · H central,LC1,DB1,L1,light,drop,"[""L13""]",8.72741880569633,8.72741880569633,One modeled mains trunk/branch/local/feeder piece,19.166666666666668,0.02875,19.166666666666668,23.958333333333336,,,,,,,,,,,ENGINEERING HOLD,"[{""case_id"": ""S1-230-PF09-45C-4"", ""voltage_v"": 230, ""pf"": 0.9, ""maximum_proxy_current_a"": 0.0925925925925926, ""planning_current_a"": 0.11574074074074076, ""comparison_breaker_a"": 6, ""comparison_area_mm2"": 1.5, ""comparison_conductors"": ""3 copper cores (L/N/PE), assumed single-phase; actual PE and phases pending"", ""corrected_ampacity_a"": 7.702500000000001, ""temperature_grouping_factor"": 0.5135000000000001, ""segment_vdrop_bound_v"": 0.03208134505427262, ""allocated_segment_vdrop_percent"": 1, ""path_vdrop_bound_from_db1_v"": 1.7834549544123568, ""path_vdrop_percent_from_db1"": 0.7754151975705899, ""whole_installation_vdrop_percent"": null, ""status"": ""CONDITIONAL SCREEN ONLY"", ""comparison_path_target_percent"": 3, ""comparison_path_screen"": true}, {""case_id"": ""S2-220-PF08-50C-6"", ""voltage_v"": 220, ""pf"": 0.8, ""maximum_proxy_current_a"": 0.10890151515151515, ""planning_current_a"": 0.13612689393939395, ""comparison_breaker_a"": 6, ""comparison_area_mm2"": 1.5, ""comparison_conductors"": ""3 copper cores (L/N/PE), assumed single-phase; actual PE and phases pending"", ""corrected_ampacity_a"": 6.070499999999999, ""temperature_grouping_factor"": 0.40469999999999995, ""segment_vdrop_bound_v"": 0.03773203651269564, ""allocated_segment_vdrop_percent"": 1, ""path_vdrop_bound_from_db1_v"": 1.4102364092045148, ""path_vdrop_percent_from_db1"": 0.6410165496384158, ""whole_installation_vdrop_percent"": null, ""status"": ""CONDITIONAL SCREEN ONLY"", ""comparison_path_target_percent"": 3, ""comparison_path_screen"": true}]","Above lining / beam tops, short covered joint and rear-face return to fitting. Roof access, rafter/tie interface and removable cover details pending; no timber drilling / notching.","[18.975, 5.9, 7.36]","[18.975, 8.584999999999999, 2.6]",11.600160686265964,"Catalogue maximum proxy only; selected products, actual supply, protection, inrush, installation, origin voltage drop and engineering approval pending",1.5,,,
drop:LC1:L1:light:1:L14,L1 → Reading light · axis 5 · H central · twin,LC1,DB1,L1,light,drop,"[""L14""]",8.72741880569633,8.72741880569633,One modeled mains trunk/branch/local/feeder piece,19.166666666666668,0.02875,19.166666666666668,23.958333333333336,,,,,,,,,,,ENGINEERING HOLD,"[{""case_id"": ""S1-230-PF09-45C-4"", ""voltage_v"": 230, ""pf"": 0.9, ""maximum_proxy_current_a"": 0.0925925925925926, ""planning_current_a"": 0.11574074074074076, ""comparison_breaker_a"": 6, ""comparison_area_mm2"": 1.5, ""comparison_conductors"": ""3 copper cores (L/N/PE), assumed single-phase; actual PE and phases pending"", ""corrected_ampacity_a"": 7.702500000000001, ""temperature_grouping_factor"": 0.5135000000000001, ""segment_vdrop_bound_v"": 0.03208134505427262, ""allocated_segment_vdrop_percent"": 1, ""path_vdrop_bound_from_db1_v"": 1.7834549544123568, ""path_vdrop_percent_from_db1"": 0.7754151975705899, ""whole_installation_vdrop_percent"": null, ""status"": ""CONDITIONAL SCREEN ONLY"", ""comparison_path_target_percent"": 3, ""comparison_path_screen"": true}, {""case_id"": ""S2-220-PF08-50C-6"", ""voltage_v"": 220, ""pf"": 0.8, ""maximum_proxy_current_a"": 0.10890151515151515, ""planning_current_a"": 0.13612689393939395, ""comparison_breaker_a"": 6, ""comparison_area_mm2"": 1.5, ""comparison_conductors"": ""3 copper cores (L/N/PE), assumed single-phase; actual PE and phases pending"", ""corrected_ampacity_a"": 6.070499999999999, ""temperature_grouping_factor"": 0.40469999999999995, ""segment_vdrop_bound_v"": 0.03773203651269564, ""allocated_segment_vdrop_percent"": 1, ""path_vdrop_bound_from_db1_v"": 1.4102364092045148, ""path_vdrop_percent_from_db1"": 0.6410165496384158, ""whole_installation_vdrop_percent"": null, ""status"": ""CONDITIONAL SCREEN ONLY"", ""comparison_path_target_percent"": 3, ""comparison_path_screen"": true}]","Above lining / beam tops, short covered joint and rear-face return to fitting. Roof access, rafter/tie interface and removable cover details pending; no timber drilling / notching.","[18.975, 5.9, 7.36]","[18.975, 8.584999999999999, 2.6]",11.600160686265964,"Catalogue maximum proxy only; selected products, actual supply, protection, inrush, installation, origin voltage drop and engineering approval pending",1.5,,,
drop:LC1:L1:light:1:L17,L1 → Reading light · axis 6 · H central,LC1,DB1,L1,light,drop,"[""L17""]",8.72741880569633,8.72741880569633,One modeled mains trunk/branch/local/feeder piece,19.166666666666668,0.02875,19.166666666666668,23.958333333333336,,,,,,,,,,,ENGINEERING HOLD,"[{""case_id"": ""S1-230-PF09-45C-4"", ""voltage_v"": 230, ""pf"": 0.9, ""maximum_proxy_current_a"": 0.0925925925925926, ""planning_current_a"": 0.11574074074074076, ""comparison_breaker_a"": 6, ""comparison_area_mm2"": 1.5, ""comparison_conductors"": ""3 copper cores (L/N/PE), assumed single-phase; actual PE and phases pending"", ""corrected_ampacity_a"": 7.702500000000001, ""temperature_grouping_factor"": 0.5135000000000001, ""segment_vdrop_bound_v"": 0.03208134505427262, ""allocated_segment_vdrop_percent"": 1, ""path_vdrop_bound_from_db1_v"": 1.6705892388326464, ""path_vdrop_percent_from_db1"": 0.7263431473185419, ""whole_installation_vdrop_percent"": null, ""status"": ""CONDITIONAL SCREEN ONLY"", ""comparison_path_target_percent"": 3, ""comparison_path_screen"": true}, {""case_id"": ""S2-220-PF08-50C-6"", ""voltage_v"": 220, ""pf"": 0.8, ""maximum_proxy_current_a"": 0.10890151515151515, ""planning_current_a"": 0.13612689393939395, ""comparison_breaker_a"": 6, ""comparison_area_mm2"": 1.5, ""comparison_conductors"": ""3 copper cores (L/N/PE), assumed single-phase; actual PE and phases pending"", ""corrected_ampacity_a"": 6.070499999999999, ""temperature_grouping_factor"": 0.40469999999999995, ""segment_vdrop_bound_v"": 0.03773203651269564, ""allocated_segment_vdrop_percent"": 1, ""path_vdrop_bound_from_db1_v"": 1.3211499390340602, ""path_vdrop_percent_from_db1"": 0.6005226995609365, ""whole_installation_vdrop_percent"": null, ""status"": ""CONDITIONAL SCREEN ONLY"", ""comparison_path_target_percent"": 3, ""comparison_path_screen"": true}]","Above lining / beam tops, short covered joint and rear-face return to fitting. Roof access, rafter/tie interface and removable cover details pending; no timber drilling / notching.","[23.475, 5.9, 7.36]","[23.475, 8.584999999999999, 2.6]",11.600160686265964,"Catalogue maximum proxy only; selected products, actual supply, protection, inrush, installation, origin voltage drop and engineering approval pending",1.5,,,
drop:LC1:L1:light:1:L18,L1 → Reading light · axis 6 · H central · twin,LC1,DB1,L1,light,drop,"[""L18""]",8.72741880569633,8.72741880569633,One modeled mains trunk/branch/local/feeder piece,19.166666666666668,0.02875,19.166666666666668,23.958333333333336,,,,,,,,,,,ENGINEERING HOLD,"[{""case_id"": ""S1-230-PF09-45C-4"", ""voltage_v"": 230, ""pf"": 0.9, ""maximum_proxy_current_a"": 0.0925925925925926, ""planning_current_a"": 0.11574074074074076, ""comparison_breaker_a"": 6, ""comparison_area_mm2"": 1.5, ""comparison_conductors"": ""3 copper cores (L/N/PE), assumed single-phase; actual PE and phases pending"", ""corrected_ampacity_a"": 7.702500000000001, ""temperature_grouping_factor"": 0.5135000000000001, ""segment_vdrop_bound_v"": 0.03208134505427262, ""allocated_segment_vdrop_percent"": 1, ""path_vdrop_bound_from_db1_v"": 1.6705892388326464, ""path_vdrop_percent_from_db1"": 0.7263431473185419, ""whole_installation_vdrop_percent"": null, ""status"": ""CONDITIONAL SCREEN ONLY"", ""comparison_path_target_percent"": 3, ""comparison_path_screen"": true}, {""case_id"": ""S2-220-PF08-50C-6"", ""voltage_v"": 220, ""pf"": 0.8, ""maximum_proxy_current_a"": 0.10890151515151515, ""planning_current_a"": 0.13612689393939395, ""comparison_breaker_a"": 6, ""comparison_area_mm2"": 1.5, ""comparison_conductors"": ""3 copper cores (L/N/PE), assumed single-phase; actual PE and phases pending"", ""corrected_ampacity_a"": 6.070499999999999, ""temperature_grouping_factor"": 0.40469999999999995, ""segment_vdrop_bound_v"": 0.03773203651269564, ""allocated_segment_vdrop_percent"": 1, ""path_vdrop_bound_from_db1_v"": 1.3211499390340602, ""path_vdrop_percent_from_db1"": 0.6005226995609365, ""whole_installation_vdrop_percent"": null, ""status"": ""CONDITIONAL SCREEN ONLY"", ""comparison_path_target_percent"": 3, ""comparison_path_screen"": true}]","Above lining / beam tops, short covered joint and rear-face return to fitting. Roof access, rafter/tie interface and removable cover details pending; no timber drilling / notching.","[23.475, 5.9, 7.36]","[23.475, 8.584999999999999, 2.6]",11.600160686265964,"Catalogue maximum proxy only; selected products, actual supply, protection, inrush, installation, origin voltage drop and engineering approval pending",1.5,,,
drop:LC1:L1:light:1:L21,L1 → Reading light · axis 7 · H central,LC1,DB1,L1,light,drop,"[""L21""]",8.72741880569633,8.72741880569633,One modeled mains trunk/branch/local/feeder piece,19.166666666666668,0.02875,19.166666666666668,23.958333333333336,,,,,,,,,,,ENGINEERING HOLD,"[{""case_id"": ""S1-230-PF09-45C-4"", ""voltage_v"": 230, ""pf"": 0.9, ""maximum_proxy_current_a"": 0.0925925925925926, ""planning_current_a"": 0.11574074074074076, ""comparison_breaker_a"": 6, ""comparison_area_mm2"": 1.5, ""comparison_conductors"": ""3 copper cores (L/N/PE), assumed single-phase; actual PE and phases pending"", ""corrected_ampacity_a"": 7.702500000000001, ""temperature_grouping_factor"": 0.5135000000000001, ""segment_vdrop_bound_v"": 0.03208134505427262, ""allocated_segment_vdrop_percent"": 1, ""path_vdrop_bound_from_db1_v"": 1.5577235232529363, ""path_vdrop_percent_from_db1"": 0.6772710970664941, ""whole_installation_vdrop_percent"": null, ""status"": ""CONDITIONAL SCREEN ONLY"", ""comparison_path_target_percent"": 3, ""comparison_path_screen"": true}, {""case_id"": ""S2-220-PF08-50C-6"", ""voltage_v"": 220, ""pf"": 0.8, ""maximum_proxy_current_a"": 0.10890151515151515, ""planning_current_a"": 0.13612689393939395, ""comparison_breaker_a"": 6, ""comparison_area_mm2"": 1.5, ""comparison_conductors"": ""3 copper cores (L/N/PE), assumed single-phase; actual PE and phases pending"", ""corrected_ampacity_a"": 6.070499999999999, ""temperature_grouping_factor"": 0.40469999999999995, ""segment_vdrop_bound_v"": 0.03773203651269564, ""allocated_segment_vdrop_percent"": 1, ""path_vdrop_bound_from_db1_v"": 1.2320634688636058, ""path_vdrop_percent_from_db1"": 0.5600288494834572, ""whole_installation_vdrop_percent"": null, ""status"": ""CONDITIONAL SCREEN ONLY"", ""comparison_path_target_percent"": 3, ""comparison_path_screen"": true}]","Above lining / beam tops, short covered joint and rear-face return to fitting. Roof access, rafter/tie interface and removable cover details pending; no timber drilling / notching.","[27.975, 5.9, 7.36]","[27.975, 8.584999999999999, 2.6]",11.600160686265964,"Catalogue maximum proxy only; selected products, actual supply, protection, inrush, installation, origin voltage drop and engineering approval pending",1.5,,,
drop:LC1:L1:light:1:L22,L1 → Reading light · axis 7 · H central · twin,LC1,DB1,L1,light,drop,"[""L22""]",8.72741880569633,8.72741880569633,One modeled mains trunk/branch/local/feeder piece,19.166666666666668,0.02875,19.166666666666668,23.958333333333336,,,,,,,,,,,ENGINEERING HOLD,"[{""case_id"": ""S1-230-PF09-45C-4"", ""voltage_v"": 230, ""pf"": 0.9, ""maximum_proxy_current_a"": 0.0925925925925926, ""planning_current_a"": 0.11574074074074076, ""comparison_breaker_a"": 6, ""comparison_area_mm2"": 1.5, ""comparison_conductors"": ""3 copper cores (L/N/PE), assumed single-phase; actual PE and phases pending"", ""corrected_ampacity_a"": 7.702500000000001, ""temperature_grouping_factor"": 0.5135000000000001, ""segment_vdrop_bound_v"": 0.03208134505427262, ""allocated_segment_vdrop_percent"": 1, ""path_vdrop_bound_from_db1_v"": 1.5577235232529363, ""path_vdrop_percent_from_db1"": 0.6772710970664941, ""whole_installation_vdrop_percent"": null, ""status"": ""CONDITIONAL SCREEN ONLY"", ""comparison_path_target_percent"": 3, ""comparison_path_screen"": true}, {""case_id"": ""S2-220-PF08-50C-6"", ""voltage_v"": 220, ""pf"": 0.8, ""maximum_proxy_current_a"": 0.10890151515151515, ""planning_current_a"": 0.13612689393939395, ""comparison_breaker_a"": 6, ""comparison_area_mm2"": 1.5, ""comparison_conductors"": ""3 copper cores (L/N/PE), assumed single-phase; actual PE and phases pending"", ""corrected_ampacity_a"": 6.070499999999999, ""temperature_grouping_factor"": 0.40469999999999995, ""segment_vdrop_bound_v"": 0.03773203651269564, ""allocated_segment_vdrop_percent"": 1, ""path_vdrop_bound_from_db1_v"": 1.2320634688636058, ""path_vdrop_percent_from_db1"": 0.5600288494834572, ""whole_installation_vdrop_percent"": null, ""status"": ""CONDITIONAL SCREEN ONLY"", ""comparison_path_target_percent"": 3, ""comparison_path_screen"": true}]","Above lining / beam tops, short covered joint and rear-face return to fitting. Roof access, rafter/tie interface and removable cover details pending; no timber drilling / notching.","[27.975, 5.9, 7.36]","[27.975, 8.584999999999999, 2.6]",11.600160686265964,"Catalogue maximum proxy only; selected products, actual supply, protection, inrush, installation, origin voltage drop and engineering approval pending",1.5,,,
drop:LC1:L1:light:1:L25,L1 → Reading light · axis 8 · H central,LC1,DB1,L1,light,drop,"[""L25""]",8.72741880569633,8.72741880569633,One modeled mains trunk/branch/local/feeder piece,19.166666666666668,0.02875,19.166666666666668,23.958333333333336,,,,,,,,,,,ENGINEERING HOLD,"[{""case_id"": ""S1-230-PF09-45C-4"", ""voltage_v"": 230, ""pf"": 0.9, ""maximum_proxy_current_a"": 0.0925925925925926, ""planning_current_a"": 0.11574074074074076, ""comparison_breaker_a"": 6, ""comparison_area_mm2"": 1.5, ""comparison_conductors"": ""3 copper cores (L/N/PE), assumed single-phase; actual PE and phases pending"", ""corrected_ampacity_a"": 7.702500000000001, ""temperature_grouping_factor"": 0.5135000000000001, ""segment_vdrop_bound_v"": 0.03208134505427262, ""allocated_segment_vdrop_percent"": 1, ""path_vdrop_bound_from_db1_v"": 1.4448578076732261, ""path_vdrop_percent_from_db1"": 0.6281990468144462, ""whole_installation_vdrop_percent"": null, ""status"": ""CONDITIONAL SCREEN ONLY"", ""comparison_path_target_percent"": 3, ""comparison_path_screen"": true}, {""case_id"": ""S2-220-PF08-50C-6"", ""voltage_v"": 220, ""pf"": 0.8, ""maximum_proxy_current_a"": 0.10890151515151515, ""planning_current_a"": 0.13612689393939395, ""comparison_breaker_a"": 6, ""comparison_area_mm2"": 1.5, ""comparison_conductors"": ""3 copper cores (L/N/PE), assumed single-phase; actual PE and phases pending"", ""corrected_ampacity_a"": 6.070499999999999, ""temperature_grouping_factor"": 0.40469999999999995, ""segment_vdrop_bound_v"": 0.03773203651269564, ""allocated_segment_vdrop_percent"": 1, ""path_vdrop_bound_from_db1_v"": 1.142976998693151, ""path_vdrop_percent_from_db1"": 0.5195349994059778, ""whole_installation_vdrop_percent"": null, ""status"": ""CONDITIONAL SCREEN ONLY"", ""comparison_path_target_percent"": 3, ""comparison_path_screen"": true}]","Above lining / beam tops, short covered joint and rear-face return to fitting. Roof access, rafter/tie interface and removable cover details pending; no timber drilling / notching.","[32.475, 5.9, 7.36]","[32.475, 8.584999999999999, 2.6]",11.600160686265964,"Catalogue maximum proxy only; selected products, actual supply, protection, inrush, installation, origin voltage drop and engineering approval pending",1.5,,,
drop:LC1:L1:light:1:L26,L1 → Reading light · axis 8 · H central · twin,LC1,DB1,L1,light,drop,"[""L26""]",8.72741880569633,8.72741880569633,One modeled mains trunk/branch/local/feeder piece,19.166666666666668,0.02875,19.166666666666668,23.958333333333336,,,,,,,,,,,ENGINEERING HOLD,"[{""case_id"": ""S1-230-PF09-45C-4"", ""voltage_v"": 230, ""pf"": 0.9, ""maximum_proxy_current_a"": 0.0925925925925926, ""planning_current_a"": 0.11574074074074076, ""comparison_breaker_a"": 6, ""comparison_area_mm2"": 1.5, ""comparison_conductors"": ""3 copper cores (L/N/PE), assumed single-phase; actual PE and phases pending"", ""corrected_ampacity_a"": 7.702500000000001, ""temperature_grouping_factor"": 0.5135000000000001, ""segment_vdrop_bound_v"": 0.03208134505427262, ""allocated_segment_vdrop_percent"": 1, ""path_vdrop_bound_from_db1_v"": 1.4448578076732261, ""path_vdrop_percent_from_db1"": 0.6281990468144462, ""whole_installation_vdrop_percent"": null, ""status"": ""CONDITIONAL SCREEN ONLY"", ""comparison_path_target_percent"": 3, ""comparison_path_screen"": true}, {""case_id"": ""S2-220-PF08-50C-6"", ""voltage_v"": 220, ""pf"": 0.8, ""maximum_proxy_current_a"": 0.10890151515151515, ""planning_current_a"": 0.13612689393939395, ""comparison_breaker_a"": 6, ""comparison_area_mm2"": 1.5, ""comparison_conductors"": ""3 copper cores (L/N/PE), assumed single-phase; actual PE and phases pending"", ""corrected_ampacity_a"": 6.070499999999999, ""temperature_grouping_factor"": 0.40469999999999995, ""segment_vdrop_bound_v"": 0.03773203651269564, ""allocated_segment_vdrop_percent"": 1, ""path_vdrop_bound_from_db1_v"": 1.142976998693151, ""path_vdrop_percent_from_db1"": 0.5195349994059778, ""whole_installation_vdrop_percent"": null, ""status"": ""CONDITIONAL SCREEN ONLY"", ""comparison_path_target_percent"": 3, ""comparison_path_screen"": true}]","Above lining / beam tops, short covered joint and rear-face return to fitting. Roof access, rafter/tie interface and removable cover details pending; no timber drilling / notching.","[32.475, 5.9, 7.36]","[32.475, 8.584999999999999, 2.6]",11.600160686265964,"Catalogue maximum proxy only; selected products, actual supply, protection, inrush, installation, origin voltage drop and engineering approval pending",1.5,,,
drop:LC1:L1:light:1:L29,L1 → Reading light · axis 9 · H central,LC1,DB1,L1,light,drop,"[""L29""]",8.72741880569633,8.72741880569633,One modeled mains trunk/branch/local/feeder piece,19.166666666666668,0.02875,19.166666666666668,23.958333333333336,,,,,,,,,,,ENGINEERING HOLD,"[{""case_id"": ""S1-230-PF09-45C-4"", ""voltage_v"": 230, ""pf"": 0.9, ""maximum_proxy_current_a"": 0.0925925925925926, ""planning_current_a"": 0.11574074074074076, ""comparison_breaker_a"": 6, ""comparison_area_mm2"": 1.5, ""comparison_conductors"": ""3 copper cores (L/N/PE), assumed single-phase; actual PE and phases pending"", ""corrected_ampacity_a"": 7.702500000000001, ""temperature_grouping_factor"": 0.5135000000000001, ""segment_vdrop_bound_v"": 0.03208134505427262, ""allocated_segment_vdrop_percent"": 1, ""path_vdrop_bound_from_db1_v"": 1.331992092093516, ""path_vdrop_percent_from_db1"": 0.5791269965623983, ""whole_installation_vdrop_percent"": null, ""status"": ""CONDITIONAL SCREEN ONLY"", ""comparison_path_target_percent"": 3, ""comparison_path_screen"": true}, {""case_id"": ""S2-220-PF08-50C-6"", ""voltage_v"": 220, ""pf"": 0.8, ""maximum_proxy_current_a"": 0.10890151515151515, ""planning_current_a"": 0.13612689393939395, ""comparison_breaker_a"": 6, ""comparison_area_mm2"": 1.5, ""comparison_conductors"": ""3 copper cores (L/N/PE), assumed single-phase; actual PE and phases pending"", ""corrected_ampacity_a"": 6.070499999999999, ""temperature_grouping_factor"": 0.40469999999999995, ""segment_vdrop_bound_v"": 0.03773203651269564, ""allocated_segment_vdrop_percent"": 1, ""path_vdrop_bound_from_db1_v"": 1.0538905285226967, ""path_vdrop_percent_from_db1"": 0.4790411493284985, ""whole_installation_vdrop_percent"": null, ""status"": ""CONDITIONAL SCREEN ONLY"", ""comparison_path_target_percent"": 3, ""comparison_path_screen"": true}]","Above lining / beam tops, short covered joint and rear-face return to fitting. Roof access, rafter/tie interface and removable cover details pending; no timber drilling / notching.","[36.975, 5.9, 7.36]","[36.975, 8.584999999999999, 2.6]",11.600160686265964,"Catalogue maximum proxy only; selected products, actual supply, protection, inrush, installation, origin voltage drop and engineering approval pending",1.5,,,
drop:LC1:L1:light:1:L30,L1 → Reading light · axis 9 · H central · twin,LC1,DB1,L1,light,drop,"[""L30""]",8.72741880569633,8.72741880569633,One modeled mains trunk/branch/local/feeder piece,19.166666666666668,0.02875,19.166666666666668,23.958333333333336,,,,,,,,,,,ENGINEERING HOLD,"[{""case_id"": ""S1-230-PF09-45C-4"", ""voltage_v"": 230, ""pf"": 0.9, ""maximum_proxy_current_a"": 0.0925925925925926, ""planning_current_a"": 0.11574074074074076, ""comparison_breaker_a"": 6, ""comparison_area_mm2"": 1.5, ""comparison_conductors"": ""3 copper cores (L/N/PE), assumed single-phase; actual PE and phases pending"", ""corrected_ampacity_a"": 7.702500000000001, ""temperature_grouping_factor"": 0.5135000000000001, ""segment_vdrop_bound_v"": 0.03208134505427262, ""allocated_segment_vdrop_percent"": 1, ""path_vdrop_bound_from_db1_v"": 1.331992092093516, ""path_vdrop_percent_from_db1"": 0.5791269965623983, ""whole_installation_vdrop_percent"": null, ""status"": ""CONDITIONAL SCREEN ONLY"", ""comparison_path_target_percent"": 3, ""comparison_path_screen"": true}, {""case_id"": ""S2-220-PF08-50C-6"", ""voltage_v"": 220, ""pf"": 0.8, ""maximum_proxy_current_a"": 0.10890151515151515, ""planning_current_a"": 0.13612689393939395, ""comparison_breaker_a"": 6, ""comparison_area_mm2"": 1.5, ""comparison_conductors"": ""3 copper cores (L/N/PE), assumed single-phase; actual PE and phases pending"", ""corrected_ampacity_a"": 6.070499999999999, ""temperature_grouping_factor"": 0.40469999999999995, ""segment_vdrop_bound_v"": 0.03773203651269564, ""allocated_segment_vdrop_percent"": 1, ""path_vdrop_bound_from_db1_v"": 1.0538905285226967, ""path_vdrop_percent_from_db1"": 0.4790411493284985, ""whole_installation_vdrop_percent"": null, ""status"": ""CONDITIONAL SCREEN ONLY"", ""comparison_path_target_percent"": 3, ""comparison_path_screen"": true}]","Above lining / beam tops, short covered joint and rear-face return to fitting. Roof access, rafter/tie interface and removable cover details pending; no timber drilling / notching.","[36.975, 5.9, 7.36]","[36.975, 8.584999999999999, 2.6]",11.600160686265964,"Catalogue maximum proxy only; selected products, actual supply, protection, inrush, installation, origin voltage drop and engineering approval pending",1.5,,,
drop:LC1:L1:light:1:L61,L1 → Rear rows light · entrance façade · H,LC1,DB1,L1,light,drop,"[""L61""]",9.435528090456472,9.435528090456472,One modeled mains trunk/branch/local/feeder piece,50,0.075,50,62.5,,,,,,,,,,,ENGINEERING HOLD,"[{""case_id"": ""S1-230-PF09-45C-4"", ""voltage_v"": 230, ""pf"": 0.9, ""maximum_proxy_current_a"": 0.24154589371980675, ""planning_current_a"": 0.30193236714975846, ""comparison_breaker_a"": 6, ""comparison_area_mm2"": 1.5, ""comparison_conductors"": ""3 copper cores (L/N/PE), assumed single-phase; actual PE and phases pending"", ""corrected_ampacity_a"": 7.702500000000001, ""temperature_grouping_factor"": 0.5135000000000001, ""segment_vdrop_bound_v"": 0.0904807886935077, ""allocated_segment_vdrop_percent"": 1, ""path_vdrop_bound_from_db1_v"": 2.2513061329046513, ""path_vdrop_percent_from_db1"": 0.978828753436805, ""whole_installation_vdrop_percent"": null, ""status"": ""CONDITIONAL SCREEN ONLY"", ""comparison_path_target_percent"": 3, ""comparison_path_screen"": true}, {""case_id"": ""S2-220-PF08-50C-6"", ""voltage_v"": 220, ""pf"": 0.8, ""maximum_proxy_current_a"": 0.2840909090909091, ""planning_current_a"": 0.35511363636363635, ""comparison_breaker_a"": 6, ""comparison_area_mm2"": 1.5, ""comparison_conductors"": ""3 copper cores (L/N/PE), assumed single-phase; actual PE and phases pending"", ""corrected_ampacity_a"": 6.070499999999999, ""temperature_grouping_factor"": 0.40469999999999995, ""segment_vdrop_bound_v"": 0.10641774579293237, ""allocated_segment_vdrop_percent"": 1, ""path_vdrop_bound_from_db1_v"": 1.8021080352697894, ""path_vdrop_percent_from_db1"": 0.8191400160317225, ""whole_installation_vdrop_percent"": null, ""status"": ""CONDITIONAL SCREEN ONLY"", ""comparison_path_target_percent"": 3, ""comparison_path_screen"": true}]","Concealed entrance wall band, solid pier and local termination.","[2.65, 5.9, 7.36]","[2.65, 3.45, 4.2]",12.37908089950212,"Catalogue maximum proxy only; selected products, actual supply, protection, inrush, installation, origin voltage drop and engineering approval pending",1.5,,,
drop:LC1:L1:light:1:L62,L1 → Rear centre light · entrance façade · H,LC1,DB1,L1,light,drop,"[""L62""]",6.9355280904564705,6.9355280904564705,One modeled mains trunk/branch/local/feeder piece,27.5,0.04125,27.5,34.375,,,,,,,,,,,ENGINEERING HOLD,"[{""case_id"": ""S1-230-PF09-45C-4"", ""voltage_v"": 230, ""pf"": 0.9, ""maximum_proxy_current_a"": 0.13285024154589373, ""planning_current_a"": 0.16606280193236714, ""comparison_breaker_a"": 6, ""comparison_area_mm2"": 1.5, ""comparison_conductors"": ""3 copper cores (L/N/PE), assumed single-phase; actual PE and phases pending"", ""corrected_ampacity_a"": 7.702500000000001, ""temperature_grouping_factor"": 0.5135000000000001, ""segment_vdrop_bound_v"": 0.036579047307999275, ""allocated_segment_vdrop_percent"": 1, ""path_vdrop_bound_from_db1_v"": 2.197404391519143, ""path_vdrop_percent_from_db1"": 0.9553932137039752, ""whole_installation_vdrop_percent"": null, ""status"": ""CONDITIONAL SCREEN ONLY"", ""comparison_path_target_percent"": 3, ""comparison_path_screen"": true}, {""case_id"": ""S2-220-PF08-50C-6"", ""voltage_v"": 220, ""pf"": 0.8, ""maximum_proxy_current_a"": 0.15625, ""planning_current_a"": 0.1953125, ""comparison_breaker_a"": 6, ""comparison_area_mm2"": 1.5, ""comparison_conductors"": ""3 copper cores (L/N/PE), assumed single-phase; actual PE and phases pending"", ""corrected_ampacity_a"": 6.070499999999999, ""temperature_grouping_factor"": 0.40469999999999995, ""segment_vdrop_bound_v"": 0.043021947686112796, ""allocated_segment_vdrop_percent"": 1, ""path_vdrop_bound_from_db1_v"": 1.7387122371629697, ""path_vdrop_percent_from_db1"": 0.7903237441649863, ""whole_installation_vdrop_percent"": null, ""status"": ""CONDITIONAL SCREEN ONLY"", ""comparison_path_target_percent"": 3, ""comparison_path_screen"": true}]","Concealed entrance wall band, solid pier and local termination.","[2.65, 5.9, 7.36]","[2.65, 5.95, 4.2]",9.629080899502117,"Catalogue maximum proxy only; selected products, actual supply, protection, inrush, installation, origin voltage drop and engineering approval pending",1.5,,,
trunk:LC1:L2:light:-1,L2 · B · circuit trunk,LC1,DB1,L2,light,trunk,"[""L31"", ""L32"", ""L35"", ""L36"", ""L39"", ""L40"", ""L43"", ""L44"", ""L47"", ""L48"", ""L51"", ""L52"", ""L55"", ""L56""]",62.33013031117919,62.33013031117919,One modeled mains trunk/branch/local/feeder piece,268.33333333333337,0.4025000000000001,268.33333333333337,335.41666666666674,,,,,,,,,,,ENGINEERING HOLD,"[{""case_id"": ""S1-230-PF09-45C-4"", ""voltage_v"": 230, ""pf"": 0.9, ""maximum_proxy_current_a"": 1.2962962962962965, ""planning_current_a"": 1.6203703703703707, ""comparison_breaker_a"": 6, ""comparison_area_mm2"": 2.5, ""comparison_conductors"": ""3 copper cores (L/N/PE), assumed single-phase; actual PE and phases pending"", ""corrected_ampacity_a"": 10.270000000000001, ""temperature_grouping_factor"": 0.5135000000000001, ""segment_vdrop_bound_v"": 1.931079777974126, ""allocated_segment_vdrop_percent"": 1, ""path_vdrop_bound_from_db1_v"": 2.179128949980842, ""path_vdrop_percent_from_db1"": 0.9474473695568878, ""whole_installation_vdrop_percent"": null, ""status"": ""CONDITIONAL SCREEN ONLY"", ""comparison_path_target_percent"": 3, ""comparison_path_screen"": true}, {""case_id"": ""S2-220-PF08-50C-6"", ""voltage_v"": 220, ""pf"": 0.8, ""maximum_proxy_current_a"": 1.5246212121212124, ""planning_current_a"": 1.9057765151515156, ""comparison_breaker_a"": 6, ""comparison_area_mm2"": 4, ""comparison_conductors"": ""3 copper cores (L/N/PE), assumed single-phase; actual PE and phases pending"", ""corrected_ampacity_a"": 10.926899999999998, ""temperature_grouping_factor"": 0.40469999999999995, ""segment_vdrop_bound_v"": 1.4266354553858809, ""allocated_segment_vdrop_percent"": 1, ""path_vdrop_bound_from_db1_v"": 1.6125450596244373, ""path_vdrop_percent_from_db1"": 0.7329750271020169, ""whole_installation_vdrop_percent"": null, ""status"": ""CONDITIONAL SCREEN ONLY"", ""comparison_path_target_percent"": 3, ""comparison_path_screen"": true}]",Wall bands above openings; concealed finish-matched soffit crossing over the 9–10 wing opening.,"[48.895, 1.85, -0.55]","[9.975000000000001, 5.908, -7.36]",70.56314334229711,"Catalogue maximum proxy only; selected products, actual supply, protection, inrush, installation, origin voltage drop and engineering approval pending",4,,,
drop:LC1:L2:light:-1:L31,L2 → Reading light · axis 3 · B outer,LC1,DB1,L2,light,drop,"[""L31""]",3.7269999999999976,3.7269999999999976,One modeled mains trunk/branch/local/feeder piece,19.166666666666668,0.02875,19.166666666666668,23.958333333333336,,,,,,,,,,,ENGINEERING HOLD,"[{""case_id"": ""S1-230-PF09-45C-4"", ""voltage_v"": 230, ""pf"": 0.9, ""maximum_proxy_current_a"": 0.0925925925925926, ""planning_current_a"": 0.11574074074074076, ""comparison_breaker_a"": 6, ""comparison_area_mm2"": 1.5, ""comparison_conductors"": ""3 copper cores (L/N/PE), assumed single-phase; actual PE and phases pending"", ""corrected_ampacity_a"": 7.702500000000001, ""temperature_grouping_factor"": 0.5135000000000001, ""segment_vdrop_bound_v"": 0.013700175925925918, ""allocated_segment_vdrop_percent"": 1, ""path_vdrop_bound_from_db1_v"": 2.192829125906768, ""path_vdrop_percent_from_db1"": 0.9534039677855511, ""whole_installation_vdrop_percent"": null, ""status"": ""CONDITIONAL SCREEN ONLY"", ""comparison_path_target_percent"": 3, ""comparison_path_screen"": true}, {""case_id"": ""S2-220-PF08-50C-6"", ""voltage_v"": 220, ""pf"": 0.8, ""maximum_proxy_current_a"": 0.10890151515151515, ""planning_current_a"": 0.13612689393939395, ""comparison_breaker_a"": 6, ""comparison_area_mm2"": 1.5, ""comparison_conductors"": ""3 copper cores (L/N/PE), assumed single-phase; actual PE and phases pending"", ""corrected_ampacity_a"": 6.070499999999999, ""temperature_grouping_factor"": 0.40469999999999995, ""segment_vdrop_bound_v"": 0.01611327509469696, ""allocated_segment_vdrop_percent"": 1, ""path_vdrop_bound_from_db1_v"": 1.6286583347191341, ""path_vdrop_percent_from_db1"": 0.740299243054152, ""whole_installation_vdrop_percent"": null, ""status"": ""CONDITIONAL SCREEN ONLY"", ""comparison_path_target_percent"": 3, ""comparison_path_screen"": true}]","Above lining / beam tops, short covered joint and rear-face return to fitting. Roof access, rafter/tie interface and removable cover details pending; no timber drilling / notching.","[9.975000000000001, 5.908, -7.36]","[9.975, 6.655, -5.6]",6.099699999999998,"Catalogue maximum proxy only; selected products, actual supply, protection, inrush, installation, origin voltage drop and engineering approval pending",1.5,,,
drop:LC1:L2:light:-1:L32,L2 → Reading light · axis 3 · B outer · twin,LC1,DB1,L2,light,drop,"[""L32""]",3.7269999999999976,3.7269999999999976,One modeled mains trunk/branch/local/feeder piece,19.166666666666668,0.02875,19.166666666666668,23.958333333333336,,,,,,,,,,,ENGINEERING HOLD,"[{""case_id"": ""S1-230-PF09-45C-4"", ""voltage_v"": 230, ""pf"": 0.9, ""maximum_proxy_current_a"": 0.0925925925925926, ""planning_current_a"": 0.11574074074074076, ""comparison_breaker_a"": 6, ""comparison_area_mm2"": 1.5, ""comparison_conductors"": ""3 copper cores (L/N/PE), assumed single-phase; actual PE and phases pending"", ""corrected_ampacity_a"": 7.702500000000001, ""temperature_grouping_factor"": 0.5135000000000001, ""segment_vdrop_bound_v"": 0.013700175925925918, ""allocated_segment_vdrop_percent"": 1, ""path_vdrop_bound_from_db1_v"": 2.192829125906768, ""path_vdrop_percent_from_db1"": 0.9534039677855511, ""whole_installation_vdrop_percent"": null, ""status"": ""CONDITIONAL SCREEN ONLY"", ""comparison_path_target_percent"": 3, ""comparison_path_screen"": true}, {""case_id"": ""S2-220-PF08-50C-6"", ""voltage_v"": 220, ""pf"": 0.8, ""maximum_proxy_current_a"": 0.10890151515151515, ""planning_current_a"": 0.13612689393939395, ""comparison_breaker_a"": 6, ""comparison_area_mm2"": 1.5, ""comparison_conductors"": ""3 copper cores (L/N/PE), assumed single-phase; actual PE and phases pending"", ""corrected_ampacity_a"": 6.070499999999999, ""temperature_grouping_factor"": 0.40469999999999995, ""segment_vdrop_bound_v"": 0.01611327509469696, ""allocated_segment_vdrop_percent"": 1, ""path_vdrop_bound_from_db1_v"": 1.6286583347191341, ""path_vdrop_percent_from_db1"": 0.740299243054152, ""whole_installation_vdrop_percent"": null, ""status"": ""CONDITIONAL SCREEN ONLY"", ""comparison_path_target_percent"": 3, ""comparison_path_screen"": true}]","Above lining / beam tops, short covered joint and rear-face return to fitting. Roof access, rafter/tie interface and removable cover details pending; no timber drilling / notching.","[9.975000000000001, 5.908, -7.36]","[9.975, 6.655, -5.6]",6.099699999999998,"Catalogue maximum proxy only; selected products, actual supply, protection, inrush, installation, origin voltage drop and engineering approval pending",1.5,,,
drop:LC1:L2:light:-1:L35,L2 → Reading light · axis 4 · B outer,LC1,DB1,L2,light,drop,"[""L35""]",3.7269999999999976,3.7269999999999976,One modeled mains trunk/branch/local/feeder piece,19.166666666666668,0.02875,19.166666666666668,23.958333333333336,,,,,,,,,,,ENGINEERING HOLD,"[{""case_id"": ""S1-230-PF09-45C-4"", ""voltage_v"": 230, ""pf"": 0.9, ""maximum_proxy_current_a"": 0.0925925925925926, ""planning_current_a"": 0.11574074074074076, ""comparison_breaker_a"": 6, ""comparison_area_mm2"": 1.5, ""comparison_conductors"": ""3 copper cores (L/N/PE), assumed single-phase; actual PE and phases pending"", ""corrected_ampacity_a"": 7.702500000000001, ""temperature_grouping_factor"": 0.5135000000000001, ""segment_vdrop_bound_v"": 0.013700175925925918, ""allocated_segment_vdrop_percent"": 1, ""path_vdrop_bound_from_db1_v"": 2.0534124592401013, ""path_vdrop_percent_from_db1"": 0.8927880257565658, ""whole_installation_vdrop_percent"": null, ""status"": ""CONDITIONAL SCREEN ONLY"", ""comparison_path_target_percent"": 3, ""comparison_path_screen"": true}, {""case_id"": ""S2-220-PF08-50C-6"", ""voltage_v"": 220, ""pf"": 0.8, ""maximum_proxy_current_a"": 0.10890151515151515, ""planning_current_a"": 0.13612689393939395, ""comparison_breaker_a"": 6, ""comparison_area_mm2"": 1.5, ""comparison_conductors"": ""3 copper cores (L/N/PE), assumed single-phase; actual PE and phases pending"", ""corrected_ampacity_a"": 6.070499999999999, ""temperature_grouping_factor"": 0.40469999999999995, ""segment_vdrop_bound_v"": 0.01611327509469696, ""allocated_segment_vdrop_percent"": 1, ""path_vdrop_bound_from_db1_v"": 1.5256606429577704, ""path_vdrop_percent_from_db1"": 0.6934821104353501, ""whole_installation_vdrop_percent"": null, ""status"": ""CONDITIONAL SCREEN ONLY"", ""comparison_path_target_percent"": 3, ""comparison_path_screen"": true}]","Above lining / beam tops, short covered joint and rear-face return to fitting. Roof access, rafter/tie interface and removable cover details pending; no timber drilling / notching.","[14.475000000000001, 5.908, -7.36]","[14.475, 6.655, -5.6]",6.099699999999998,"Catalogue maximum proxy only; selected products, actual supply, protection, inrush, installation, origin voltage drop and engineering approval pending",1.5,,,
drop:LC1:L2:light:-1:L36,L2 → Reading light · axis 4 · B outer · twin,LC1,DB1,L2,light,drop,"[""L36""]",3.7269999999999976,3.7269999999999976,One modeled mains trunk/branch/local/feeder piece,19.166666666666668,0.02875,19.166666666666668,23.958333333333336,,,,,,,,,,,ENGINEERING HOLD,"[{""case_id"": ""S1-230-PF09-45C-4"", ""voltage_v"": 230, ""pf"": 0.9, ""maximum_proxy_current_a"": 0.0925925925925926, ""planning_current_a"": 0.11574074074074076, ""comparison_breaker_a"": 6, ""comparison_area_mm2"": 1.5, ""comparison_conductors"": ""3 copper cores (L/N/PE), assumed single-phase; actual PE and phases pending"", ""corrected_ampacity_a"": 7.702500000000001, ""temperature_grouping_factor"": 0.5135000000000001, ""segment_vdrop_bound_v"": 0.013700175925925918, ""allocated_segment_vdrop_percent"": 1, ""path_vdrop_bound_from_db1_v"": 2.0534124592401013, ""path_vdrop_percent_from_db1"": 0.8927880257565658, ""whole_installation_vdrop_percent"": null, ""status"": ""CONDITIONAL SCREEN ONLY"", ""comparison_path_target_percent"": 3, ""comparison_path_screen"": true}, {""case_id"": ""S2-220-PF08-50C-6"", ""voltage_v"": 220, ""pf"": 0.8, ""maximum_proxy_current_a"": 0.10890151515151515, ""planning_current_a"": 0.13612689393939395, ""comparison_breaker_a"": 6, ""comparison_area_mm2"": 1.5, ""comparison_conductors"": ""3 copper cores (L/N/PE), assumed single-phase; actual PE and phases pending"", ""corrected_ampacity_a"": 6.070499999999999, ""temperature_grouping_factor"": 0.40469999999999995, ""segment_vdrop_bound_v"": 0.01611327509469696, ""allocated_segment_vdrop_percent"": 1, ""path_vdrop_bound_from_db1_v"": 1.5256606429577704, ""path_vdrop_percent_from_db1"": 0.6934821104353501, ""whole_installation_vdrop_percent"": null, ""status"": ""CONDITIONAL SCREEN ONLY"", ""comparison_path_target_percent"": 3, ""comparison_path_screen"": true}]","Above lining / beam tops, short covered joint and rear-face return to fitting. Roof access, rafter/tie interface and removable cover details pending; no timber drilling / notching.","[14.475000000000001, 5.908, -7.36]","[14.475, 6.655, -5.6]",6.099699999999998,"Catalogue maximum proxy only; selected products, actual supply, protection, inrush, installation, origin voltage drop and engineering approval pending",1.5,,,
drop:LC1:L2:light:-1:L39,L2 → Reading light · axis 5 · B outer,LC1,DB1,L2,light,drop,"[""L39""]",3.7269999999999976,3.7269999999999976,One modeled mains trunk/branch/local/feeder piece,19.166666666666668,0.02875,19.166666666666668,23.958333333333336,,,,,,,,,,,ENGINEERING HOLD,"[{""case_id"": ""S1-230-PF09-45C-4"", ""voltage_v"": 230, ""pf"": 0.9, ""maximum_proxy_current_a"": 0.0925925925925926, ""planning_current_a"": 0.11574074074074076, ""comparison_breaker_a"": 6, ""comparison_area_mm2"": 1.5, ""comparison_conductors"": ""3 copper cores (L/N/PE), assumed single-phase; actual PE and phases pending"", ""corrected_ampacity_a"": 7.702500000000001, ""temperature_grouping_factor"": 0.5135000000000001, ""segment_vdrop_bound_v"": 0.013700175925925918, ""allocated_segment_vdrop_percent"": 1, ""path_vdrop_bound_from_db1_v"": 1.9139957925734346, ""path_vdrop_percent_from_db1"": 0.8321720837275802, ""whole_installation_vdrop_percent"": null, ""status"": ""CONDITIONAL SCREEN ONLY"", ""comparison_path_target_percent"": 3, ""comparison_path_screen"": true}, {""case_id"": ""S2-220-PF08-50C-6"", ""voltage_v"": 220, ""pf"": 0.8, ""maximum_proxy_current_a"": 0.10890151515151515, ""planning_current_a"": 0.13612689393939395, ""comparison_breaker_a"": 6, ""comparison_area_mm2"": 1.5, ""comparison_conductors"": ""3 copper cores (L/N/PE), assumed single-phase; actual PE and phases pending"", ""corrected_ampacity_a"": 6.070499999999999, ""temperature_grouping_factor"": 0.40469999999999995, ""segment_vdrop_bound_v"": 0.01611327509469696, ""allocated_segment_vdrop_percent"": 1, ""path_vdrop_bound_from_db1_v"": 1.4226629511964068, ""path_vdrop_percent_from_db1"": 0.6466649778165486, ""whole_installation_vdrop_percent"": null, ""status"": ""CONDITIONAL SCREEN ONLY"", ""comparison_path_target_percent"": 3, ""comparison_path_screen"": true}]","Above lining / beam tops, short covered joint and rear-face return to fitting. Roof access, rafter/tie interface and removable cover details pending; no timber drilling / notching.","[18.975, 5.908, -7.36]","[18.975, 6.655, -5.6]",6.099699999999998,"Catalogue maximum proxy only; selected products, actual supply, protection, inrush, installation, origin voltage drop and engineering approval pending",1.5,,,
drop:LC1:L2:light:-1:L40,L2 → Reading light · axis 5 · B outer · twin,LC1,DB1,L2,light,drop,"[""L40""]",3.7269999999999976,3.7269999999999976,One modeled mains trunk/branch/local/feeder piece,19.166666666666668,0.02875,19.166666666666668,23.958333333333336,,,,,,,,,,,ENGINEERING HOLD,"[{""case_id"": ""S1-230-PF09-45C-4"", ""voltage_v"": 230, ""pf"": 0.9, ""maximum_proxy_current_a"": 0.0925925925925926, ""planning_current_a"": 0.11574074074074076, ""comparison_breaker_a"": 6, ""comparison_area_mm2"": 1.5, ""comparison_conductors"": ""3 copper cores (L/N/PE), assumed single-phase; actual PE and phases pending"", ""corrected_ampacity_a"": 7.702500000000001, ""temperature_grouping_factor"": 0.5135000000000001, ""segment_vdrop_bound_v"": 0.013700175925925918, ""allocated_segment_vdrop_percent"": 1, ""path_vdrop_bound_from_db1_v"": 1.9139957925734346, ""path_vdrop_percent_from_db1"": 0.8321720837275802, ""whole_installation_vdrop_percent"": null, ""status"": ""CONDITIONAL SCREEN ONLY"", ""comparison_path_target_percent"": 3, ""comparison_path_screen"": true}, {""case_id"": ""S2-220-PF08-50C-6"", ""voltage_v"": 220, ""pf"": 0.8, ""maximum_proxy_current_a"": 0.10890151515151515, ""planning_current_a"": 0.13612689393939395, ""comparison_breaker_a"": 6, ""comparison_area_mm2"": 1.5, ""comparison_conductors"": ""3 copper cores (L/N/PE), assumed single-phase; actual PE and phases pending"", ""corrected_ampacity_a"": 6.070499999999999, ""temperature_grouping_factor"": 0.40469999999999995, ""segment_vdrop_bound_v"": 0.01611327509469696, ""allocated_segment_vdrop_percent"": 1, ""path_vdrop_bound_from_db1_v"": 1.4226629511964068, ""path_vdrop_percent_from_db1"": 0.6466649778165486, ""whole_installation_vdrop_percent"": null, ""status"": ""CONDITIONAL SCREEN ONLY"", ""comparison_path_target_percent"": 3, ""comparison_path_screen"": true}]","Above lining / beam tops, short covered joint and rear-face return to fitting. Roof access, rafter/tie interface and removable cover details pending; no timber drilling / notching.","[18.975, 5.908, -7.36]","[18.975, 6.655, -5.6]",6.099699999999998,"Catalogue maximum proxy only; selected products, actual supply, protection, inrush, installation, origin voltage drop and engineering approval pending",1.5,,,
drop:LC1:L2:light:-1:L43,L2 → Reading light · axis 6 · B outer,LC1,DB1,L2,light,drop,"[""L43""]",3.7269999999999976,3.7269999999999976,One modeled mains trunk/branch/local/feeder piece,19.166666666666668,0.02875,19.166666666666668,23.958333333333336,,,,,,,,,,,ENGINEERING HOLD,"[{""case_id"": ""S1-230-PF09-45C-4"", ""voltage_v"": 230, ""pf"": 0.9, ""maximum_proxy_current_a"": 0.0925925925925926, ""planning_current_a"": 0.11574074074074076, ""comparison_breaker_a"": 6, ""comparison_area_mm2"": 1.5, ""comparison_conductors"": ""3 copper cores (L/N/PE), assumed single-phase; actual PE and phases pending"", ""corrected_ampacity_a"": 7.702500000000001, ""temperature_grouping_factor"": 0.5135000000000001, ""segment_vdrop_bound_v"": 0.013700175925925918, ""allocated_segment_vdrop_percent"": 1, ""path_vdrop_bound_from_db1_v"": 1.774579125906768, ""path_vdrop_percent_from_db1"": 0.7715561416985949, ""whole_installation_vdrop_percent"": null, ""status"": ""CONDITIONAL SCREEN ONLY"", ""comparison_path_target_percent"": 3, ""comparison_path_screen"": true}, {""case_id"": ""S2-220-PF08-50C-6"", ""voltage_v"": 220, ""pf"": 0.8, ""maximum_proxy_current_a"": 0.10890151515151515, ""planning_current_a"": 0.13612689393939395, ""comparison_breaker_a"": 6, ""comparison_area_mm2"": 1.5, ""comparison_conductors"": ""3 copper cores (L/N/PE), assumed single-phase; actual PE and phases pending"", ""corrected_ampacity_a"": 6.070499999999999, ""temperature_grouping_factor"": 0.40469999999999995, ""segment_vdrop_bound_v"": 0.01611327509469696, ""allocated_segment_vdrop_percent"": 1, ""path_vdrop_bound_from_db1_v"": 1.3196652594350433, ""path_vdrop_percent_from_db1"": 0.599847845197747, ""whole_installation_vdrop_percent"": null, ""status"": ""CONDITIONAL SCREEN ONLY"", ""comparison_path_target_percent"": 3, ""comparison_path_screen"": true}]","Above lining / beam tops, short covered joint and rear-face return to fitting. Roof access, rafter/tie interface and removable cover details pending; no timber drilling / notching.","[23.475, 5.908, -7.36]","[23.475, 6.655, -5.6]",6.099699999999998,"Catalogue maximum proxy only; selected products, actual supply, protection, inrush, installation, origin voltage drop and engineering approval pending",1.5,,,
drop:LC1:L2:light:-1:L44,L2 → Reading light · axis 6 · B outer · twin,LC1,DB1,L2,light,drop,"[""L44""]",3.7269999999999976,3.7269999999999976,One modeled mains trunk/branch/local/feeder piece,19.166666666666668,0.02875,19.166666666666668,23.958333333333336,,,,,,,,,,,ENGINEERING HOLD,"[{""case_id"": ""S1-230-PF09-45C-4"", ""voltage_v"": 230, ""pf"": 0.9, ""maximum_proxy_current_a"": 0.0925925925925926, ""planning_current_a"": 0.11574074074074076, ""comparison_breaker_a"": 6, ""comparison_area_mm2"": 1.5, ""comparison_conductors"": ""3 copper cores (L/N/PE), assumed single-phase; actual PE and phases pending"", ""corrected_ampacity_a"": 7.702500000000001, ""temperature_grouping_factor"": 0.5135000000000001, ""segment_vdrop_bound_v"": 0.013700175925925918, ""allocated_segment_vdrop_percent"": 1, ""path_vdrop_bound_from_db1_v"": 1.774579125906768, ""path_vdrop_percent_from_db1"": 0.7715561416985949, ""whole_installation_vdrop_percent"": null, ""status"": ""CONDITIONAL SCREEN ONLY"", ""comparison_path_target_percent"": 3, ""comparison_path_screen"": true}, {""case_id"": ""S2-220-PF08-50C-6"", ""voltage_v"": 220, ""pf"": 0.8, ""maximum_proxy_current_a"": 0.10890151515151515, ""planning_current_a"": 0.13612689393939395, ""comparison_breaker_a"": 6, ""comparison_area_mm2"": 1.5, ""comparison_conductors"": ""3 copper cores (L/N/PE), assumed single-phase; actual PE and phases pending"", ""corrected_ampacity_a"": 6.070499999999999, ""temperature_grouping_factor"": 0.40469999999999995, ""segment_vdrop_bound_v"": 0.01611327509469696, ""allocated_segment_vdrop_percent"": 1, ""path_vdrop_bound_from_db1_v"": 1.3196652594350433, ""path_vdrop_percent_from_db1"": 0.599847845197747, ""whole_installation_vdrop_percent"": null, ""status"": ""CONDITIONAL SCREEN ONLY"", ""comparison_path_target_percent"": 3, ""comparison_path_screen"": true}]","Above lining / beam tops, short covered joint and rear-face return to fitting. Roof access, rafter/tie interface and removable cover details pending; no timber drilling / notching.","[23.475, 5.908, -7.36]","[23.475, 6.655, -5.6]",6.099699999999998,"Catalogue maximum proxy only; selected products, actual supply, protection, inrush, installation, origin voltage drop and engineering approval pending",1.5,,,
drop:LC1:L2:light:-1:L47,L2 → Reading light · axis 7 · B outer,LC1,DB1,L2,light,drop,"[""L47""]",3.7269999999999976,3.7269999999999976,One modeled mains trunk/branch/local/feeder piece,19.166666666666668,0.02875,19.166666666666668,23.958333333333336,,,,,,,,,,,ENGINEERING HOLD,"[{""case_id"": ""S1-230-PF09-45C-4"", ""voltage_v"": 230, ""pf"": 0.9, ""maximum_proxy_current_a"": 0.0925925925925926, ""planning_current_a"": 0.11574074074074076, ""comparison_breaker_a"": 6, ""comparison_area_mm2"": 1.5, ""comparison_conductors"": ""3 copper cores (L/N/PE), assumed single-phase; actual PE and phases pending"", ""corrected_ampacity_a"": 7.702500000000001, ""temperature_grouping_factor"": 0.5135000000000001, ""segment_vdrop_bound_v"": 0.013700175925925918, ""allocated_segment_vdrop_percent"": 1, ""path_vdrop_bound_from_db1_v"": 1.6351624592401013, ""path_vdrop_percent_from_db1"": 0.7109401996696092, ""whole_installation_vdrop_percent"": null, ""status"": ""CONDITIONAL SCREEN ONLY"", ""comparison_path_target_percent"": 3, ""comparison_path_screen"": true}, {""case_id"": ""S2-220-PF08-50C-6"", ""voltage_v"": 220, ""pf"": 0.8, ""maximum_proxy_current_a"": 0.10890151515151515, ""planning_current_a"": 0.13612689393939395, ""comparison_breaker_a"": 6, ""comparison_area_mm2"": 1.5, ""comparison_conductors"": ""3 copper cores (L/N/PE), assumed single-phase; actual PE and phases pending"", ""corrected_ampacity_a"": 6.070499999999999, ""temperature_grouping_factor"": 0.40469999999999995, ""segment_vdrop_bound_v"": 0.01611327509469696, ""allocated_segment_vdrop_percent"": 1, ""path_vdrop_bound_from_db1_v"": 1.2166675676736796, ""path_vdrop_percent_from_db1"": 0.5530307125789452, ""whole_installation_vdrop_percent"": null, ""status"": ""CONDITIONAL SCREEN ONLY"", ""comparison_path_target_percent"": 3, ""comparison_path_screen"": true}]","Above lining / beam tops, short covered joint and rear-face return to fitting. Roof access, rafter/tie interface and removable cover details pending; no timber drilling / notching.","[27.975, 5.908, -7.36]","[27.975, 6.655, -5.6]",6.099699999999998,"Catalogue maximum proxy only; selected products, actual supply, protection, inrush, installation, origin voltage drop and engineering approval pending",1.5,,,
drop:LC1:L2:light:-1:L48,L2 → Reading light · axis 7 · B outer · twin,LC1,DB1,L2,light,drop,"[""L48""]",3.7269999999999976,3.7269999999999976,One modeled mains trunk/branch/local/feeder piece,19.166666666666668,0.02875,19.166666666666668,23.958333333333336,,,,,,,,,,,ENGINEERING HOLD,"[{""case_id"": ""S1-230-PF09-45C-4"", ""voltage_v"": 230, ""pf"": 0.9, ""maximum_proxy_current_a"": 0.0925925925925926, ""planning_current_a"": 0.11574074074074076, ""comparison_breaker_a"": 6, ""comparison_area_mm2"": 1.5, ""comparison_conductors"": ""3 copper cores (L/N/PE), assumed single-phase; actual PE and phases pending"", ""corrected_ampacity_a"": 7.702500000000001, ""temperature_grouping_factor"": 0.5135000000000001, ""segment_vdrop_bound_v"": 0.013700175925925918, ""allocated_segment_vdrop_percent"": 1, ""path_vdrop_bound_from_db1_v"": 1.6351624592401013, ""path_vdrop_percent_from_db1"": 0.7109401996696092, ""whole_installation_vdrop_percent"": null, ""status"": ""CONDITIONAL SCREEN ONLY"", ""comparison_path_target_percent"": 3, ""comparison_path_screen"": true}, {""case_id"": ""S2-220-PF08-50C-6"", ""voltage_v"": 220, ""pf"": 0.8, ""maximum_proxy_current_a"": 0.10890151515151515, ""planning_current_a"": 0.13612689393939395, ""comparison_breaker_a"": 6, ""comparison_area_mm2"": 1.5, ""comparison_conductors"": ""3 copper cores (L/N/PE), assumed single-phase; actual PE and phases pending"", ""corrected_ampacity_a"": 6.070499999999999, ""temperature_grouping_factor"": 0.40469999999999995, ""segment_vdrop_bound_v"": 0.01611327509469696, ""allocated_segment_vdrop_percent"": 1, ""path_vdrop_bound_from_db1_v"": 1.2166675676736796, ""path_vdrop_percent_from_db1"": 0.5530307125789452, ""whole_installation_vdrop_percent"": null, ""status"": ""CONDITIONAL SCREEN ONLY"", ""comparison_path_target_percent"": 3, ""comparison_path_screen"": true}]","Above lining / beam tops, short covered joint and rear-face return to fitting. Roof access, rafter/tie interface and removable cover details pending; no timber drilling / notching.","[27.975, 5.908, -7.36]","[27.975, 6.655, -5.6]",6.099699999999998,"Catalogue maximum proxy only; selected products, actual supply, protection, inrush, installation, origin voltage drop and engineering approval pending",1.5,,,
drop:LC1:L2:light:-1:L51,L2 → Reading light · axis 8 · B outer,LC1,DB1,L2,light,drop,"[""L51""]",3.7269999999999976,3.7269999999999976,One modeled mains trunk/branch/local/feeder piece,19.166666666666668,0.02875,19.166666666666668,23.958333333333336,,,,,,,,,,,ENGINEERING HOLD,"[{""case_id"": ""S1-230-PF09-45C-4"", ""voltage_v"": 230, ""pf"": 0.9, ""maximum_proxy_current_a"": 0.0925925925925926, ""planning_current_a"": 0.11574074074074076, ""comparison_breaker_a"": 6, ""comparison_area_mm2"": 1.5, ""comparison_conductors"": ""3 copper cores (L/N/PE), assumed single-phase; actual PE and phases pending"", ""corrected_ampacity_a"": 7.702500000000001, ""temperature_grouping_factor"": 0.5135000000000001, ""segment_vdrop_bound_v"": 0.013700175925925918, ""allocated_segment_vdrop_percent"": 1, ""path_vdrop_bound_from_db1_v"": 1.4957457925734345, ""path_vdrop_percent_from_db1"": 0.6503242576406237, ""whole_installation_vdrop_percent"": null, ""status"": ""CONDITIONAL SCREEN ONLY"", ""comparison_path_target_percent"": 3, ""comparison_path_screen"": true}, {""case_id"": ""S2-220-PF08-50C-6"", ""voltage_v"": 220, ""pf"": 0.8, ""maximum_proxy_current_a"": 0.10890151515151515, ""planning_current_a"": 0.13612689393939395, ""comparison_breaker_a"": 6, ""comparison_area_mm2"": 1.5, ""comparison_conductors"": ""3 copper cores (L/N/PE), assumed single-phase; actual PE and phases pending"", ""corrected_ampacity_a"": 6.070499999999999, ""temperature_grouping_factor"": 0.40469999999999995, ""segment_vdrop_bound_v"": 0.01611327509469696, ""allocated_segment_vdrop_percent"": 1, ""path_vdrop_bound_from_db1_v"": 1.1136698759123158, ""path_vdrop_percent_from_db1"": 0.5062135799601435, ""whole_installation_vdrop_percent"": null, ""status"": ""CONDITIONAL SCREEN ONLY"", ""comparison_path_target_percent"": 3, ""comparison_path_screen"": true}]","Above lining / beam tops, short covered joint and rear-face return to fitting. Roof access, rafter/tie interface and removable cover details pending; no timber drilling / notching.","[32.475, 5.908, -7.36]","[32.475, 6.655, -5.6]",6.099699999999998,"Catalogue maximum proxy only; selected products, actual supply, protection, inrush, installation, origin voltage drop and engineering approval pending",1.5,,,
drop:LC1:L2:light:-1:L52,L2 → Reading light · axis 8 · B outer · twin,LC1,DB1,L2,light,drop,"[""L52""]",3.7269999999999976,3.7269999999999976,One modeled mains trunk/branch/local/feeder piece,19.166666666666668,0.02875,19.166666666666668,23.958333333333336,,,,,,,,,,,ENGINEERING HOLD,"[{""case_id"": ""S1-230-PF09-45C-4"", ""voltage_v"": 230, ""pf"": 0.9, ""maximum_proxy_current_a"": 0.0925925925925926, ""planning_current_a"": 0.11574074074074076, ""comparison_breaker_a"": 6, ""comparison_area_mm2"": 1.5, ""comparison_conductors"": ""3 copper cores (L/N/PE), assumed single-phase; actual PE and phases pending"", ""corrected_ampacity_a"": 7.702500000000001, ""temperature_grouping_factor"": 0.5135000000000001, ""segment_vdrop_bound_v"": 0.013700175925925918, ""allocated_segment_vdrop_percent"": 1, ""path_vdrop_bound_from_db1_v"": 1.4957457925734345, ""path_vdrop_percent_from_db1"": 0.6503242576406237, ""whole_installation_vdrop_percent"": null, ""status"": ""CONDITIONAL SCREEN ONLY"", ""comparison_path_target_percent"": 3, ""comparison_path_screen"": true}, {""case_id"": ""S2-220-PF08-50C-6"", ""voltage_v"": 220, ""pf"": 0.8, ""maximum_proxy_current_a"": 0.10890151515151515, ""planning_current_a"": 0.13612689393939395, ""comparison_breaker_a"": 6, ""comparison_area_mm2"": 1.5, ""comparison_conductors"": ""3 copper cores (L/N/PE), assumed single-phase; actual PE and phases pending"", ""corrected_ampacity_a"": 6.070499999999999, ""temperature_grouping_factor"": 0.40469999999999995, ""segment_vdrop_bound_v"": 0.01611327509469696, ""allocated_segment_vdrop_percent"": 1, ""path_vdrop_bound_from_db1_v"": 1.1136698759123158, ""path_vdrop_percent_from_db1"": 0.5062135799601435, ""whole_installation_vdrop_percent"": null, ""status"": ""CONDITIONAL SCREEN ONLY"", ""comparison_path_target_percent"": 3, ""comparison_path_screen"": true}]","Above lining / beam tops, short covered joint and rear-face return to fitting. Roof access, rafter/tie interface and removable cover details pending; no timber drilling / notching.","[32.475, 5.908, -7.36]","[32.475, 6.655, -5.6]",6.099699999999998,"Catalogue maximum proxy only; selected products, actual supply, protection, inrush, installation, origin voltage drop and engineering approval pending",1.5,,,
drop:LC1:L2:light:-1:L55,L2 → Reading light · axis 9 · B outer,LC1,DB1,L2,light,drop,"[""L55""]",3.7269999999999976,3.7269999999999976,One modeled mains trunk/branch/local/feeder piece,19.166666666666668,0.02875,19.166666666666668,23.958333333333336,,,,,,,,,,,ENGINEERING HOLD,"[{""case_id"": ""S1-230-PF09-45C-4"", ""voltage_v"": 230, ""pf"": 0.9, ""maximum_proxy_current_a"": 0.0925925925925926, ""planning_current_a"": 0.11574074074074076, ""comparison_breaker_a"": 6, ""comparison_area_mm2"": 1.5, ""comparison_conductors"": ""3 copper cores (L/N/PE), assumed single-phase; actual PE and phases pending"", ""corrected_ampacity_a"": 7.702500000000001, ""temperature_grouping_factor"": 0.5135000000000001, ""segment_vdrop_bound_v"": 0.013700175925925918, ""allocated_segment_vdrop_percent"": 1, ""path_vdrop_bound_from_db1_v"": 1.3563291259067678, ""path_vdrop_percent_from_db1"": 0.5897083156116382, ""whole_installation_vdrop_percent"": null, ""status"": ""CONDITIONAL SCREEN ONLY"", ""comparison_path_target_percent"": 3, ""comparison_path_screen"": true}, {""case_id"": ""S2-220-PF08-50C-6"", ""voltage_v"": 220, ""pf"": 0.8, ""maximum_proxy_current_a"": 0.10890151515151515, ""planning_current_a"": 0.13612689393939395, ""comparison_breaker_a"": 6, ""comparison_area_mm2"": 1.5, ""comparison_conductors"": ""3 copper cores (L/N/PE), assumed single-phase; actual PE and phases pending"", ""corrected_ampacity_a"": 6.070499999999999, ""temperature_grouping_factor"": 0.40469999999999995, ""segment_vdrop_bound_v"": 0.01611327509469696, ""allocated_segment_vdrop_percent"": 1, ""path_vdrop_bound_from_db1_v"": 1.0106721841509523, ""path_vdrop_percent_from_db1"": 0.45939644734134194, ""whole_installation_vdrop_percent"": null, ""status"": ""CONDITIONAL SCREEN ONLY"", ""comparison_path_target_percent"": 3, ""comparison_path_screen"": true}]","Above lining / beam tops, short covered joint and rear-face return to fitting. Roof access, rafter/tie interface and removable cover details pending; no timber drilling / notching.","[36.975, 5.908, -7.36]","[36.975, 6.655, -5.6]",6.099699999999998,"Catalogue maximum proxy only; selected products, actual supply, protection, inrush, installation, origin voltage drop and engineering approval pending",1.5,,,
drop:LC1:L2:light:-1:L56,L2 → Reading light · axis 9 · B outer · twin,LC1,DB1,L2,light,drop,"[""L56""]",3.7269999999999976,3.7269999999999976,One modeled mains trunk/branch/local/feeder piece,19.166666666666668,0.02875,19.166666666666668,23.958333333333336,,,,,,,,,,,ENGINEERING HOLD,"[{""case_id"": ""S1-230-PF09-45C-4"", ""voltage_v"": 230, ""pf"": 0.9, ""maximum_proxy_current_a"": 0.0925925925925926, ""planning_current_a"": 0.11574074074074076, ""comparison_breaker_a"": 6, ""comparison_area_mm2"": 1.5, ""comparison_conductors"": ""3 copper cores (L/N/PE), assumed single-phase; actual PE and phases pending"", ""corrected_ampacity_a"": 7.702500000000001, ""temperature_grouping_factor"": 0.5135000000000001, ""segment_vdrop_bound_v"": 0.013700175925925918, ""allocated_segment_vdrop_percent"": 1, ""path_vdrop_bound_from_db1_v"": 1.3563291259067678, ""path_vdrop_percent_from_db1"": 0.5897083156116382, ""whole_installation_vdrop_percent"": null, ""status"": ""CONDITIONAL SCREEN ONLY"", ""comparison_path_target_percent"": 3, ""comparison_path_screen"": true}, {""case_id"": ""S2-220-PF08-50C-6"", ""voltage_v"": 220, ""pf"": 0.8, ""maximum_proxy_current_a"": 0.10890151515151515, ""planning_current_a"": 0.13612689393939395, ""comparison_breaker_a"": 6, ""comparison_area_mm2"": 1.5, ""comparison_conductors"": ""3 copper cores (L/N/PE), assumed single-phase; actual PE and phases pending"", ""corrected_ampacity_a"": 6.070499999999999, ""temperature_grouping_factor"": 0.40469999999999995, ""segment_vdrop_bound_v"": 0.01611327509469696, ""allocated_segment_vdrop_percent"": 1, ""path_vdrop_bound_from_db1_v"": 1.0106721841509523, ""path_vdrop_percent_from_db1"": 0.45939644734134194, ""whole_installation_vdrop_percent"": null, ""status"": ""CONDITIONAL SCREEN ONLY"", ""comparison_path_target_percent"": 3, ""comparison_path_screen"": true}]","Above lining / beam tops, short covered joint and rear-face return to fitting. Roof access, rafter/tie interface and removable cover details pending; no timber drilling / notching.","[36.975, 5.908, -7.36]","[36.975, 6.655, -5.6]",6.099699999999998,"Catalogue maximum proxy only; selected products, actual supply, protection, inrush, installation, origin voltage drop and engineering approval pending",1.5,,,
trunk:LC1:L2:light:1,L2 · H · circuit trunk,LC1,DB1,L2,light,trunk,"[""L33"", ""L34"", ""L37"", ""L38"", ""L41"", ""L42"", ""L45"", ""L46"", ""L49"", ""L50"", ""L53"", ""L54"", ""L57"", ""L58""]",68.9301303111792,68.9301303111792,One modeled mains trunk/branch/local/feeder piece,268.33333333333337,0.4025000000000001,268.33333333333337,335.41666666666674,,,,,,,,,,,ENGINEERING HOLD,"[{""case_id"": ""S1-230-PF09-45C-4"", ""voltage_v"": 230, ""pf"": 0.9, ""maximum_proxy_current_a"": 1.2962962962962965, ""planning_current_a"": 1.6203703703703707, ""comparison_breaker_a"": 6, ""comparison_area_mm2"": 2.5, ""comparison_conductors"": ""3 copper cores (L/N/PE), assumed single-phase; actual PE and phases pending"", ""corrected_ampacity_a"": 10.270000000000001, ""temperature_grouping_factor"": 0.5135000000000001, ""segment_vdrop_bound_v"": 2.135557555751904, ""allocated_segment_vdrop_percent"": 1, ""path_vdrop_bound_from_db1_v"": 2.38360672775862, ""path_vdrop_percent_from_db1"": 1.0363507511994, ""whole_installation_vdrop_percent"": null, ""status"": ""CONDITIONAL SCREEN ONLY"", ""comparison_path_target_percent"": 3, ""comparison_path_screen"": true}, {""case_id"": ""S2-220-PF08-50C-6"", ""voltage_v"": 220, ""pf"": 0.8, ""maximum_proxy_current_a"": 1.5246212121212124, ""planning_current_a"": 1.9057765151515156, ""comparison_breaker_a"": 6, ""comparison_area_mm2"": 4, ""comparison_conductors"": ""3 copper cores (L/N/PE), assumed single-phase; actual PE and phases pending"", ""corrected_ampacity_a"": 10.926899999999998, ""temperature_grouping_factor"": 0.40469999999999995, ""segment_vdrop_bound_v"": 1.5776987366358812, ""allocated_segment_vdrop_percent"": 1, ""path_vdrop_bound_from_db1_v"": 1.7636083408744376, ""path_vdrop_percent_from_db1"": 0.8016401549429263, ""whole_installation_vdrop_percent"": null, ""status"": ""CONDITIONAL SCREEN ONLY"", ""comparison_path_target_percent"": 3, ""comparison_path_screen"": true}]",Wall bands above openings; concealed finish-matched soffit crossing over the 9–10 wing opening.,"[48.895, 1.85, -0.55]","[9.975000000000001, 5.908, 7.36]",77.82314334229713,"Catalogue maximum proxy only; selected products, actual supply, protection, inrush, installation, origin voltage drop and engineering approval pending",4,,,
drop:LC1:L2:light:1:L33,L2 → Reading light · axis 3 · H outer,LC1,DB1,L2,light,drop,"[""L33""]",3.7269999999999976,3.7269999999999976,One modeled mains trunk/branch/local/feeder piece,19.166666666666668,0.02875,19.166666666666668,23.958333333333336,,,,,,,,,,,ENGINEERING HOLD,"[{""case_id"": ""S1-230-PF09-45C-4"", ""voltage_v"": 230, ""pf"": 0.9, ""maximum_proxy_current_a"": 0.0925925925925926, ""planning_current_a"": 0.11574074074074076, ""comparison_breaker_a"": 6, ""comparison_area_mm2"": 1.5, ""comparison_conductors"": ""3 copper cores (L/N/PE), assumed single-phase; actual PE and phases pending"", ""corrected_ampacity_a"": 7.702500000000001, ""temperature_grouping_factor"": 0.5135000000000001, ""segment_vdrop_bound_v"": 0.013700175925925918, ""allocated_segment_vdrop_percent"": 1, ""path_vdrop_bound_from_db1_v"": 2.397306903684546, ""path_vdrop_percent_from_db1"": 1.0423073494280635, ""whole_installation_vdrop_percent"": null, ""status"": ""CONDITIONAL SCREEN ONLY"", ""comparison_path_target_percent"": 3, ""comparison_path_screen"": true}, {""case_id"": ""S2-220-PF08-50C-6"", ""voltage_v"": 220, ""pf"": 0.8, ""maximum_proxy_current_a"": 0.10890151515151515, ""planning_current_a"": 0.13612689393939395, ""comparison_breaker_a"": 6, ""comparison_area_mm2"": 1.5, ""comparison_conductors"": ""3 copper cores (L/N/PE), assumed single-phase; actual PE and phases pending"", ""corrected_ampacity_a"": 6.070499999999999, ""temperature_grouping_factor"": 0.40469999999999995, ""segment_vdrop_bound_v"": 0.01611327509469696, ""allocated_segment_vdrop_percent"": 1, ""path_vdrop_bound_from_db1_v"": 1.7797216159691345, ""path_vdrop_percent_from_db1"": 0.8089643708950611, ""whole_installation_vdrop_percent"": null, ""status"": ""CONDITIONAL SCREEN ONLY"", ""comparison_path_target_percent"": 3, ""comparison_path_screen"": true}]","Above lining / beam tops, short covered joint and rear-face return to fitting. Roof access, rafter/tie interface and removable cover details pending; no timber drilling / notching.","[9.975000000000001, 5.908, 7.36]","[9.975, 6.655, 5.6]",6.099699999999998,"Catalogue maximum proxy only; selected products, actual supply, protection, inrush, installation, origin voltage drop and engineering approval pending",1.5,,,
drop:LC1:L2:light:1:L34,L2 → Reading light · axis 3 · H outer · twin,LC1,DB1,L2,light,drop,"[""L34""]",3.7269999999999976,3.7269999999999976,One modeled mains trunk/branch/local/feeder piece,19.166666666666668,0.02875,19.166666666666668,23.958333333333336,,,,,,,,,,,ENGINEERING HOLD,"[{""case_id"": ""S1-230-PF09-45C-4"", ""voltage_v"": 230, ""pf"": 0.9, ""maximum_proxy_current_a"": 0.0925925925925926, ""planning_current_a"": 0.11574074074074076, ""comparison_breaker_a"": 6, ""comparison_area_mm2"": 1.5, ""comparison_conductors"": ""3 copper cores (L/N/PE), assumed single-phase; actual PE and phases pending"", ""corrected_ampacity_a"": 7.702500000000001, ""temperature_grouping_factor"": 0.5135000000000001, ""segment_vdrop_bound_v"": 0.013700175925925918, ""allocated_segment_vdrop_percent"": 1, ""path_vdrop_bound_from_db1_v"": 2.397306903684546, ""path_vdrop_percent_from_db1"": 1.0423073494280635, ""whole_installation_vdrop_percent"": null, ""status"": ""CONDITIONAL SCREEN ONLY"", ""comparison_path_target_percent"": 3, ""comparison_path_screen"": true}, {""case_id"": ""S2-220-PF08-50C-6"", ""voltage_v"": 220, ""pf"": 0.8, ""maximum_proxy_current_a"": 0.10890151515151515, ""planning_current_a"": 0.13612689393939395, ""comparison_breaker_a"": 6, ""comparison_area_mm2"": 1.5, ""comparison_conductors"": ""3 copper cores (L/N/PE), assumed single-phase; actual PE and phases pending"", ""corrected_ampacity_a"": 6.070499999999999, ""temperature_grouping_factor"": 0.40469999999999995, ""segment_vdrop_bound_v"": 0.01611327509469696, ""allocated_segment_vdrop_percent"": 1, ""path_vdrop_bound_from_db1_v"": 1.7797216159691345, ""path_vdrop_percent_from_db1"": 0.8089643708950611, ""whole_installation_vdrop_percent"": null, ""status"": ""CONDITIONAL SCREEN ONLY"", ""comparison_path_target_percent"": 3, ""comparison_path_screen"": true}]","Above lining / beam tops, short covered joint and rear-face return to fitting. Roof access, rafter/tie interface and removable cover details pending; no timber drilling / notching.","[9.975000000000001, 5.908, 7.36]","[9.975, 6.655, 5.6]",6.099699999999998,"Catalogue maximum proxy only; selected products, actual supply, protection, inrush, installation, origin voltage drop and engineering approval pending",1.5,,,
drop:LC1:L2:light:1:L37,L2 → Reading light · axis 4 · H outer,LC1,DB1,L2,light,drop,"[""L37""]",3.7269999999999976,3.7269999999999976,One modeled mains trunk/branch/local/feeder piece,19.166666666666668,0.02875,19.166666666666668,23.958333333333336,,,,,,,,,,,ENGINEERING HOLD,"[{""case_id"": ""S1-230-PF09-45C-4"", ""voltage_v"": 230, ""pf"": 0.9, ""maximum_proxy_current_a"": 0.0925925925925926, ""planning_current_a"": 0.11574074074074076, ""comparison_breaker_a"": 6, ""comparison_area_mm2"": 1.5, ""comparison_conductors"": ""3 copper cores (L/N/PE), assumed single-phase; actual PE and phases pending"", ""corrected_ampacity_a"": 7.702500000000001, ""temperature_grouping_factor"": 0.5135000000000001, ""segment_vdrop_bound_v"": 0.013700175925925918, ""allocated_segment_vdrop_percent"": 1, ""path_vdrop_bound_from_db1_v"": 2.2578902370178793, ""path_vdrop_percent_from_db1"": 0.9816914073990779, ""whole_installation_vdrop_percent"": null, ""status"": ""CONDITIONAL SCREEN ONLY"", ""comparison_path_target_percent"": 3, ""comparison_path_screen"": true}, {""case_id"": ""S2-220-PF08-50C-6"", ""voltage_v"": 220, ""pf"": 0.8, ""maximum_proxy_current_a"": 0.10890151515151515, ""planning_current_a"": 0.13612689393939395, ""comparison_breaker_a"": 6, ""comparison_area_mm2"": 1.5, ""comparison_conductors"": ""3 copper cores (L/N/PE), assumed single-phase; actual PE and phases pending"", ""corrected_ampacity_a"": 6.070499999999999, ""temperature_grouping_factor"": 0.40469999999999995, ""segment_vdrop_bound_v"": 0.01611327509469696, ""allocated_segment_vdrop_percent"": 1, ""path_vdrop_bound_from_db1_v"": 1.6767239242077707, ""path_vdrop_percent_from_db1"": 0.7621472382762594, ""whole_installation_vdrop_percent"": null, ""status"": ""CONDITIONAL SCREEN ONLY"", ""comparison_path_target_percent"": 3, ""comparison_path_screen"": true}]","Above lining / beam tops, short covered joint and rear-face return to fitting. Roof access, rafter/tie interface and removable cover details pending; no timber drilling / notching.","[14.475000000000001, 5.908, 7.36]","[14.475, 6.655, 5.6]",6.099699999999998,"Catalogue maximum proxy only; selected products, actual supply, protection, inrush, installation, origin voltage drop and engineering approval pending",1.5,,,
drop:LC1:L2:light:1:L38,L2 → Reading light · axis 4 · H outer · twin,LC1,DB1,L2,light,drop,"[""L38""]",3.7269999999999976,3.7269999999999976,One modeled mains trunk/branch/local/feeder piece,19.166666666666668,0.02875,19.166666666666668,23.958333333333336,,,,,,,,,,,ENGINEERING HOLD,"[{""case_id"": ""S1-230-PF09-45C-4"", ""voltage_v"": 230, ""pf"": 0.9, ""maximum_proxy_current_a"": 0.0925925925925926, ""planning_current_a"": 0.11574074074074076, ""comparison_breaker_a"": 6, ""comparison_area_mm2"": 1.5, ""comparison_conductors"": ""3 copper cores (L/N/PE), assumed single-phase; actual PE and phases pending"", ""corrected_ampacity_a"": 7.702500000000001, ""temperature_grouping_factor"": 0.5135000000000001, ""segment_vdrop_bound_v"": 0.013700175925925918, ""allocated_segment_vdrop_percent"": 1, ""path_vdrop_bound_from_db1_v"": 2.2578902370178793, ""path_vdrop_percent_from_db1"": 0.9816914073990779, ""whole_installation_vdrop_percent"": null, ""status"": ""CONDITIONAL SCREEN ONLY"", ""comparison_path_target_percent"": 3, ""comparison_path_screen"": true}, {""case_id"": ""S2-220-PF08-50C-6"", ""voltage_v"": 220, ""pf"": 0.8, ""maximum_proxy_current_a"": 0.10890151515151515, ""planning_current_a"": 0.13612689393939395, ""comparison_breaker_a"": 6, ""comparison_area_mm2"": 1.5, ""comparison_conductors"": ""3 copper cores (L/N/PE), assumed single-phase; actual PE and phases pending"", ""corrected_ampacity_a"": 6.070499999999999, ""temperature_grouping_factor"": 0.40469999999999995, ""segment_vdrop_bound_v"": 0.01611327509469696, ""allocated_segment_vdrop_percent"": 1, ""path_vdrop_bound_from_db1_v"": 1.6767239242077707, ""path_vdrop_percent_from_db1"": 0.7621472382762594, ""whole_installation_vdrop_percent"": null, ""status"": ""CONDITIONAL SCREEN ONLY"", ""comparison_path_target_percent"": 3, ""comparison_path_screen"": true}]","Above lining / beam tops, short covered joint and rear-face return to fitting. Roof access, rafter/tie interface and removable cover details pending; no timber drilling / notching.","[14.475000000000001, 5.908, 7.36]","[14.475, 6.655, 5.6]",6.099699999999998,"Catalogue maximum proxy only; selected products, actual supply, protection, inrush, installation, origin voltage drop and engineering approval pending",1.5,,,
drop:LC1:L2:light:1:L41,L2 → Reading light · axis 5 · H outer,LC1,DB1,L2,light,drop,"[""L41""]",3.7269999999999976,3.7269999999999976,One modeled mains trunk/branch/local/feeder piece,19.166666666666668,0.02875,19.166666666666668,23.958333333333336,,,,,,,,,,,ENGINEERING HOLD,"[{""case_id"": ""S1-230-PF09-45C-4"", ""voltage_v"": 230, ""pf"": 0.9, ""maximum_proxy_current_a"": 0.0925925925925926, ""planning_current_a"": 0.11574074074074076, ""comparison_breaker_a"": 6, ""comparison_area_mm2"": 1.5, ""comparison_conductors"": ""3 copper cores (L/N/PE), assumed single-phase; actual PE and phases pending"", ""corrected_ampacity_a"": 7.702500000000001, ""temperature_grouping_factor"": 0.5135000000000001, ""segment_vdrop_bound_v"": 0.013700175925925918, ""allocated_segment_vdrop_percent"": 1, ""path_vdrop_bound_from_db1_v"": 2.1184735703512123, ""path_vdrop_percent_from_db1"": 0.9210754653700923, ""whole_installation_vdrop_percent"": null, ""status"": ""CONDITIONAL SCREEN ONLY"", ""comparison_path_target_percent"": 3, ""comparison_path_screen"": true}, {""case_id"": ""S2-220-PF08-50C-6"", ""voltage_v"": 220, ""pf"": 0.8, ""maximum_proxy_current_a"": 0.10890151515151515, ""planning_current_a"": 0.13612689393939395, ""comparison_breaker_a"": 6, ""comparison_area_mm2"": 1.5, ""comparison_conductors"": ""3 copper cores (L/N/PE), assumed single-phase; actual PE and phases pending"", ""corrected_ampacity_a"": 6.070499999999999, ""temperature_grouping_factor"": 0.40469999999999995, ""segment_vdrop_bound_v"": 0.01611327509469696, ""allocated_segment_vdrop_percent"": 1, ""path_vdrop_bound_from_db1_v"": 1.573726232446407, ""path_vdrop_percent_from_db1"": 0.7153301056574577, ""whole_installation_vdrop_percent"": null, ""status"": ""CONDITIONAL SCREEN ONLY"", ""comparison_path_target_percent"": 3, ""comparison_path_screen"": true}]","Above lining / beam tops, short covered joint and rear-face return to fitting. Roof access, rafter/tie interface and removable cover details pending; no timber drilling / notching.","[18.975, 5.908, 7.36]","[18.975, 6.655, 5.6]",6.099699999999998,"Catalogue maximum proxy only; selected products, actual supply, protection, inrush, installation, origin voltage drop and engineering approval pending",1.5,,,
drop:LC1:L2:light:1:L42,L2 → Reading light · axis 5 · H outer · twin,LC1,DB1,L2,light,drop,"[""L42""]",3.7269999999999976,3.7269999999999976,One modeled mains trunk/branch/local/feeder piece,19.166666666666668,0.02875,19.166666666666668,23.958333333333336,,,,,,,,,,,ENGINEERING HOLD,"[{""case_id"": ""S1-230-PF09-45C-4"", ""voltage_v"": 230, ""pf"": 0.9, ""maximum_proxy_current_a"": 0.0925925925925926, ""planning_current_a"": 0.11574074074074076, ""comparison_breaker_a"": 6, ""comparison_area_mm2"": 1.5, ""comparison_conductors"": ""3 copper cores (L/N/PE), assumed single-phase; actual PE and phases pending"", ""corrected_ampacity_a"": 7.702500000000001, ""temperature_grouping_factor"": 0.5135000000000001, ""segment_vdrop_bound_v"": 0.013700175925925918, ""allocated_segment_vdrop_percent"": 1, ""path_vdrop_bound_from_db1_v"": 2.1184735703512123, ""path_vdrop_percent_from_db1"": 0.9210754653700923, ""whole_installation_vdrop_percent"": null, ""status"": ""CONDITIONAL SCREEN ONLY"", ""comparison_path_target_percent"": 3, ""comparison_path_screen"": true}, {""case_id"": ""S2-220-PF08-50C-6"", ""voltage_v"": 220, ""pf"": 0.8, ""maximum_proxy_current_a"": 0.10890151515151515, ""planning_current_a"": 0.13612689393939395, ""comparison_breaker_a"": 6, ""comparison_area_mm2"": 1.5, ""comparison_conductors"": ""3 copper cores (L/N/PE), assumed single-phase; actual PE and phases pending"", ""corrected_ampacity_a"": 6.070499999999999, ""temperature_grouping_factor"": 0.40469999999999995, ""segment_vdrop_bound_v"": 0.01611327509469696, ""allocated_segment_vdrop_percent"": 1, ""path_vdrop_bound_from_db1_v"": 1.573726232446407, ""path_vdrop_percent_from_db1"": 0.7153301056574577, ""whole_installation_vdrop_percent"": null, ""status"": ""CONDITIONAL SCREEN ONLY"", ""comparison_path_target_percent"": 3, ""comparison_path_screen"": true}]","Above lining / beam tops, short covered joint and rear-face return to fitting. Roof access, rafter/tie interface and removable cover details pending; no timber drilling / notching.","[18.975, 5.908, 7.36]","[18.975, 6.655, 5.6]",6.099699999999998,"Catalogue maximum proxy only; selected products, actual supply, protection, inrush, installation, origin voltage drop and engineering approval pending",1.5,,,
drop:LC1:L2:light:1:L45,L2 → Reading light · axis 6 · H outer,LC1,DB1,L2,light,drop,"[""L45""]",3.7269999999999976,3.7269999999999976,One modeled mains trunk/branch/local/feeder piece,19.166666666666668,0.02875,19.166666666666668,23.958333333333336,,,,,,,,,,,ENGINEERING HOLD,"[{""case_id"": ""S1-230-PF09-45C-4"", ""voltage_v"": 230, ""pf"": 0.9, ""maximum_proxy_current_a"": 0.0925925925925926, ""planning_current_a"": 0.11574074074074076, ""comparison_breaker_a"": 6, ""comparison_area_mm2"": 1.5, ""comparison_conductors"": ""3 copper cores (L/N/PE), assumed single-phase; actual PE and phases pending"", ""corrected_ampacity_a"": 7.702500000000001, ""temperature_grouping_factor"": 0.5135000000000001, ""segment_vdrop_bound_v"": 0.013700175925925918, ""allocated_segment_vdrop_percent"": 1, ""path_vdrop_bound_from_db1_v"": 1.979056903684546, ""path_vdrop_percent_from_db1"": 0.860459523341107, ""whole_installation_vdrop_percent"": null, ""status"": ""CONDITIONAL SCREEN ONLY"", ""comparison_path_target_percent"": 3, ""comparison_path_screen"": true}, {""case_id"": ""S2-220-PF08-50C-6"", ""voltage_v"": 220, ""pf"": 0.8, ""maximum_proxy_current_a"": 0.10890151515151515, ""planning_current_a"": 0.13612689393939395, ""comparison_breaker_a"": 6, ""comparison_area_mm2"": 1.5, ""comparison_conductors"": ""3 copper cores (L/N/PE), assumed single-phase; actual PE and phases pending"", ""corrected_ampacity_a"": 6.070499999999999, ""temperature_grouping_factor"": 0.40469999999999995, ""segment_vdrop_bound_v"": 0.01611327509469696, ""allocated_segment_vdrop_percent"": 1, ""path_vdrop_bound_from_db1_v"": 1.4707285406850432, ""path_vdrop_percent_from_db1"": 0.668512973038656, ""whole_installation_vdrop_percent"": null, ""status"": ""CONDITIONAL SCREEN ONLY"", ""comparison_path_target_percent"": 3, ""comparison_path_screen"": true}]","Above lining / beam tops, short covered joint and rear-face return to fitting. Roof access, rafter/tie interface and removable cover details pending; no timber drilling / notching.","[23.475, 5.908, 7.36]","[23.475, 6.655, 5.6]",6.099699999999998,"Catalogue maximum proxy only; selected products, actual supply, protection, inrush, installation, origin voltage drop and engineering approval pending",1.5,,,
drop:LC1:L2:light:1:L46,L2 → Reading light · axis 6 · H outer · twin,LC1,DB1,L2,light,drop,"[""L46""]",3.7269999999999976,3.7269999999999976,One modeled mains trunk/branch/local/feeder piece,19.166666666666668,0.02875,19.166666666666668,23.958333333333336,,,,,,,,,,,ENGINEERING HOLD,"[{""case_id"": ""S1-230-PF09-45C-4"", ""voltage_v"": 230, ""pf"": 0.9, ""maximum_proxy_current_a"": 0.0925925925925926, ""planning_current_a"": 0.11574074074074076, ""comparison_breaker_a"": 6, ""comparison_area_mm2"": 1.5, ""comparison_conductors"": ""3 copper cores (L/N/PE), assumed single-phase; actual PE and phases pending"", ""corrected_ampacity_a"": 7.702500000000001, ""temperature_grouping_factor"": 0.5135000000000001, ""segment_vdrop_bound_v"": 0.013700175925925918, ""allocated_segment_vdrop_percent"": 1, ""path_vdrop_bound_from_db1_v"": 1.979056903684546, ""path_vdrop_percent_from_db1"": 0.860459523341107, ""whole_installation_vdrop_percent"": null, ""status"": ""CONDITIONAL SCREEN ONLY"", ""comparison_path_target_percent"": 3, ""comparison_path_screen"": true}, {""case_id"": ""S2-220-PF08-50C-6"", ""voltage_v"": 220, ""pf"": 0.8, ""maximum_proxy_current_a"": 0.10890151515151515, ""planning_current_a"": 0.13612689393939395, ""comparison_breaker_a"": 6, ""comparison_area_mm2"": 1.5, ""comparison_conductors"": ""3 copper cores (L/N/PE), assumed single-phase; actual PE and phases pending"", ""corrected_ampacity_a"": 6.070499999999999, ""temperature_grouping_factor"": 0.40469999999999995, ""segment_vdrop_bound_v"": 0.01611327509469696, ""allocated_segment_vdrop_percent"": 1, ""path_vdrop_bound_from_db1_v"": 1.4707285406850432, ""path_vdrop_percent_from_db1"": 0.668512973038656, ""whole_installation_vdrop_percent"": null, ""status"": ""CONDITIONAL SCREEN ONLY"", ""comparison_path_target_percent"": 3, ""comparison_path_screen"": true}]","Above lining / beam tops, short covered joint and rear-face return to fitting. Roof access, rafter/tie interface and removable cover details pending; no timber drilling / notching.","[23.475, 5.908, 7.36]","[23.475, 6.655, 5.6]",6.099699999999998,"Catalogue maximum proxy only; selected products, actual supply, protection, inrush, installation, origin voltage drop and engineering approval pending",1.5,,,
drop:LC1:L2:light:1:L49,L2 → Reading light · axis 7 · H outer,LC1,DB1,L2,light,drop,"[""L49""]",3.7269999999999976,3.7269999999999976,One modeled mains trunk/branch/local/feeder piece,19.166666666666668,0.02875,19.166666666666668,23.958333333333336,,,,,,,,,,,ENGINEERING HOLD,"[{""case_id"": ""S1-230-PF09-45C-4"", ""voltage_v"": 230, ""pf"": 0.9, ""maximum_proxy_current_a"": 0.0925925925925926, ""planning_current_a"": 0.11574074074074076, ""comparison_breaker_a"": 6, ""comparison_area_mm2"": 1.5, ""comparison_conductors"": ""3 copper cores (L/N/PE), assumed single-phase; actual PE and phases pending"", ""corrected_ampacity_a"": 7.702500000000001, ""temperature_grouping_factor"": 0.5135000000000001, ""segment_vdrop_bound_v"": 0.013700175925925918, ""allocated_segment_vdrop_percent"": 1, ""path_vdrop_bound_from_db1_v"": 1.8396402370178793, ""path_vdrop_percent_from_db1"": 0.7998435813121215, ""whole_installation_vdrop_percent"": null, ""status"": ""CONDITIONAL SCREEN ONLY"", ""comparison_path_target_percent"": 3, ""comparison_path_screen"": true}, {""case_id"": ""S2-220-PF08-50C-6"", ""voltage_v"": 220, ""pf"": 0.8, ""maximum_proxy_current_a"": 0.10890151515151515, ""planning_current_a"": 0.13612689393939395, ""comparison_breaker_a"": 6, ""comparison_area_mm2"": 1.5, ""comparison_conductors"": ""3 copper cores (L/N/PE), assumed single-phase; actual PE and phases pending"", ""corrected_ampacity_a"": 6.070499999999999, ""temperature_grouping_factor"": 0.40469999999999995, ""segment_vdrop_bound_v"": 0.01611327509469696, ""allocated_segment_vdrop_percent"": 1, ""path_vdrop_bound_from_db1_v"": 1.3677308489236795, ""path_vdrop_percent_from_db1"": 0.6216958404198543, ""whole_installation_vdrop_percent"": null, ""status"": ""CONDITIONAL SCREEN ONLY"", ""comparison_path_target_percent"": 3, ""comparison_path_screen"": true}]","Above lining / beam tops, short covered joint and rear-face return to fitting. Roof access, rafter/tie interface and removable cover details pending; no timber drilling / notching.","[27.975, 5.908, 7.36]","[27.975, 6.655, 5.6]",6.099699999999998,"Catalogue maximum proxy only; selected products, actual supply, protection, inrush, installation, origin voltage drop and engineering approval pending",1.5,,,
drop:LC1:L2:light:1:L50,L2 → Reading light · axis 7 · H outer · twin,LC1,DB1,L2,light,drop,"[""L50""]",3.7269999999999976,3.7269999999999976,One modeled mains trunk/branch/local/feeder piece,19.166666666666668,0.02875,19.166666666666668,23.958333333333336,,,,,,,,,,,ENGINEERING HOLD,"[{""case_id"": ""S1-230-PF09-45C-4"", ""voltage_v"": 230, ""pf"": 0.9, ""maximum_proxy_current_a"": 0.0925925925925926, ""planning_current_a"": 0.11574074074074076, ""comparison_breaker_a"": 6, ""comparison_area_mm2"": 1.5, ""comparison_conductors"": ""3 copper cores (L/N/PE), assumed single-phase; actual PE and phases pending"", ""corrected_ampacity_a"": 7.702500000000001, ""temperature_grouping_factor"": 0.5135000000000001, ""segment_vdrop_bound_v"": 0.013700175925925918, ""allocated_segment_vdrop_percent"": 1, ""path_vdrop_bound_from_db1_v"": 1.8396402370178793, ""path_vdrop_percent_from_db1"": 0.7998435813121215, ""whole_installation_vdrop_percent"": null, ""status"": ""CONDITIONAL SCREEN ONLY"", ""comparison_path_target_percent"": 3, ""comparison_path_screen"": true}, {""case_id"": ""S2-220-PF08-50C-6"", ""voltage_v"": 220, ""pf"": 0.8, ""maximum_proxy_current_a"": 0.10890151515151515, ""planning_current_a"": 0.13612689393939395, ""comparison_breaker_a"": 6, ""comparison_area_mm2"": 1.5, ""comparison_conductors"": ""3 copper cores (L/N/PE), assumed single-phase; actual PE and phases pending"", ""corrected_ampacity_a"": 6.070499999999999, ""temperature_grouping_factor"": 0.40469999999999995, ""segment_vdrop_bound_v"": 0.01611327509469696, ""allocated_segment_vdrop_percent"": 1, ""path_vdrop_bound_from_db1_v"": 1.3677308489236795, ""path_vdrop_percent_from_db1"": 0.6216958404198543, ""whole_installation_vdrop_percent"": null, ""status"": ""CONDITIONAL SCREEN ONLY"", ""comparison_path_target_percent"": 3, ""comparison_path_screen"": true}]","Above lining / beam tops, short covered joint and rear-face return to fitting. Roof access, rafter/tie interface and removable cover details pending; no timber drilling / notching.","[27.975, 5.908, 7.36]","[27.975, 6.655, 5.6]",6.099699999999998,"Catalogue maximum proxy only; selected products, actual supply, protection, inrush, installation, origin voltage drop and engineering approval pending",1.5,,,
drop:LC1:L2:light:1:L53,L2 → Reading light · axis 8 · H outer,LC1,DB1,L2,light,drop,"[""L53""]",3.7269999999999976,3.7269999999999976,One modeled mains trunk/branch/local/feeder piece,19.166666666666668,0.02875,19.166666666666668,23.958333333333336,,,,,,,,,,,ENGINEERING HOLD,"[{""case_id"": ""S1-230-PF09-45C-4"", ""voltage_v"": 230, ""pf"": 0.9, ""maximum_proxy_current_a"": 0.0925925925925926, ""planning_current_a"": 0.11574074074074076, ""comparison_breaker_a"": 6, ""comparison_area_mm2"": 1.5, ""comparison_conductors"": ""3 copper cores (L/N/PE), assumed single-phase; actual PE and phases pending"", ""corrected_ampacity_a"": 7.702500000000001, ""temperature_grouping_factor"": 0.5135000000000001, ""segment_vdrop_bound_v"": 0.013700175925925918, ""allocated_segment_vdrop_percent"": 1, ""path_vdrop_bound_from_db1_v"": 1.7002235703512125, ""path_vdrop_percent_from_db1"": 0.7392276392831358, ""whole_installation_vdrop_percent"": null, ""status"": ""CONDITIONAL SCREEN ONLY"", ""comparison_path_target_percent"": 3, ""comparison_path_screen"": true}, {""case_id"": ""S2-220-PF08-50C-6"", ""voltage_v"": 220, ""pf"": 0.8, ""maximum_proxy_current_a"": 0.10890151515151515, ""planning_current_a"": 0.13612689393939395, ""comparison_breaker_a"": 6, ""comparison_area_mm2"": 1.5, ""comparison_conductors"": ""3 copper cores (L/N/PE), assumed single-phase; actual PE and phases pending"", ""corrected_ampacity_a"": 6.070499999999999, ""temperature_grouping_factor"": 0.40469999999999995, ""segment_vdrop_bound_v"": 0.01611327509469696, ""allocated_segment_vdrop_percent"": 1, ""path_vdrop_bound_from_db1_v"": 1.264733157162316, ""path_vdrop_percent_from_db1"": 0.5748787078010527, ""whole_installation_vdrop_percent"": null, ""status"": ""CONDITIONAL SCREEN ONLY"", ""comparison_path_target_percent"": 3, ""comparison_path_screen"": true}]","Above lining / beam tops, short covered joint and rear-face return to fitting. Roof access, rafter/tie interface and removable cover details pending; no timber drilling / notching.","[32.475, 5.908, 7.36]","[32.475, 6.655, 5.6]",6.099699999999998,"Catalogue maximum proxy only; selected products, actual supply, protection, inrush, installation, origin voltage drop and engineering approval pending",1.5,,,
drop:LC1:L2:light:1:L54,L2 → Reading light · axis 8 · H outer · twin,LC1,DB1,L2,light,drop,"[""L54""]",3.7269999999999976,3.7269999999999976,One modeled mains trunk/branch/local/feeder piece,19.166666666666668,0.02875,19.166666666666668,23.958333333333336,,,,,,,,,,,ENGINEERING HOLD,"[{""case_id"": ""S1-230-PF09-45C-4"", ""voltage_v"": 230, ""pf"": 0.9, ""maximum_proxy_current_a"": 0.0925925925925926, ""planning_current_a"": 0.11574074074074076, ""comparison_breaker_a"": 6, ""comparison_area_mm2"": 1.5, ""comparison_conductors"": ""3 copper cores (L/N/PE), assumed single-phase; actual PE and phases pending"", ""corrected_ampacity_a"": 7.702500000000001, ""temperature_grouping_factor"": 0.5135000000000001, ""segment_vdrop_bound_v"": 0.013700175925925918, ""allocated_segment_vdrop_percent"": 1, ""path_vdrop_bound_from_db1_v"": 1.7002235703512125, ""path_vdrop_percent_from_db1"": 0.7392276392831358, ""whole_installation_vdrop_percent"": null, ""status"": ""CONDITIONAL SCREEN ONLY"", ""comparison_path_target_percent"": 3, ""comparison_path_screen"": true}, {""case_id"": ""S2-220-PF08-50C-6"", ""voltage_v"": 220, ""pf"": 0.8, ""maximum_proxy_current_a"": 0.10890151515151515, ""planning_current_a"": 0.13612689393939395, ""comparison_breaker_a"": 6, ""comparison_area_mm2"": 1.5, ""comparison_conductors"": ""3 copper cores (L/N/PE), assumed single-phase; actual PE and phases pending"", ""corrected_ampacity_a"": 6.070499999999999, ""temperature_grouping_factor"": 0.40469999999999995, ""segment_vdrop_bound_v"": 0.01611327509469696, ""allocated_segment_vdrop_percent"": 1, ""path_vdrop_bound_from_db1_v"": 1.264733157162316, ""path_vdrop_percent_from_db1"": 0.5748787078010527, ""whole_installation_vdrop_percent"": null, ""status"": ""CONDITIONAL SCREEN ONLY"", ""comparison_path_target_percent"": 3, ""comparison_path_screen"": true}]","Above lining / beam tops, short covered joint and rear-face return to fitting. Roof access, rafter/tie interface and removable cover details pending; no timber drilling / notching.","[32.475, 5.908, 7.36]","[32.475, 6.655, 5.6]",6.099699999999998,"Catalogue maximum proxy only; selected products, actual supply, protection, inrush, installation, origin voltage drop and engineering approval pending",1.5,,,
drop:LC1:L2:light:1:L57,L2 → Reading light · axis 9 · H outer,LC1,DB1,L2,light,drop,"[""L57""]",3.7269999999999976,3.7269999999999976,One modeled mains trunk/branch/local/feeder piece,19.166666666666668,0.02875,19.166666666666668,23.958333333333336,,,,,,,,,,,ENGINEERING HOLD,"[{""case_id"": ""S1-230-PF09-45C-4"", ""voltage_v"": 230, ""pf"": 0.9, ""maximum_proxy_current_a"": 0.0925925925925926, ""planning_current_a"": 0.11574074074074076, ""comparison_breaker_a"": 6, ""comparison_area_mm2"": 1.5, ""comparison_conductors"": ""3 copper cores (L/N/PE), assumed single-phase; actual PE and phases pending"", ""corrected_ampacity_a"": 7.702500000000001, ""temperature_grouping_factor"": 0.5135000000000001, ""segment_vdrop_bound_v"": 0.013700175925925918, ""allocated_segment_vdrop_percent"": 1, ""path_vdrop_bound_from_db1_v"": 1.5608069036845458, ""path_vdrop_percent_from_db1"": 0.6786116972541504, ""whole_installation_vdrop_percent"": null, ""status"": ""CONDITIONAL SCREEN ONLY"", ""comparison_path_target_percent"": 3, ""comparison_path_screen"": true}, {""case_id"": ""S2-220-PF08-50C-6"", ""voltage_v"": 220, ""pf"": 0.8, ""maximum_proxy_current_a"": 0.10890151515151515, ""planning_current_a"": 0.13612689393939395, ""comparison_breaker_a"": 6, ""comparison_area_mm2"": 1.5, ""comparison_conductors"": ""3 copper cores (L/N/PE), assumed single-phase; actual PE and phases pending"", ""corrected_ampacity_a"": 6.070499999999999, ""temperature_grouping_factor"": 0.40469999999999995, ""segment_vdrop_bound_v"": 0.01611327509469696, ""allocated_segment_vdrop_percent"": 1, ""path_vdrop_bound_from_db1_v"": 1.1617354654009524, ""path_vdrop_percent_from_db1"": 0.5280615751822512, ""whole_installation_vdrop_percent"": null, ""status"": ""CONDITIONAL SCREEN ONLY"", ""comparison_path_target_percent"": 3, ""comparison_path_screen"": true}]","Above lining / beam tops, short covered joint and rear-face return to fitting. Roof access, rafter/tie interface and removable cover details pending; no timber drilling / notching.","[36.975, 5.908, 7.36]","[36.975, 6.655, 5.6]",6.099699999999998,"Catalogue maximum proxy only; selected products, actual supply, protection, inrush, installation, origin voltage drop and engineering approval pending",1.5,,,
drop:LC1:L2:light:1:L58,L2 → Reading light · axis 9 · H outer · twin,LC1,DB1,L2,light,drop,"[""L58""]",3.7269999999999976,3.7269999999999976,One modeled mains trunk/branch/local/feeder piece,19.166666666666668,0.02875,19.166666666666668,23.958333333333336,,,,,,,,,,,ENGINEERING HOLD,"[{""case_id"": ""S1-230-PF09-45C-4"", ""voltage_v"": 230, ""pf"": 0.9, ""maximum_proxy_current_a"": 0.0925925925925926, ""planning_current_a"": 0.11574074074074076, ""comparison_breaker_a"": 6, ""comparison_area_mm2"": 1.5, ""comparison_conductors"": ""3 copper cores (L/N/PE), assumed single-phase; actual PE and phases pending"", ""corrected_ampacity_a"": 7.702500000000001, ""temperature_grouping_factor"": 0.5135000000000001, ""segment_vdrop_bound_v"": 0.013700175925925918, ""allocated_segment_vdrop_percent"": 1, ""path_vdrop_bound_from_db1_v"": 1.5608069036845458, ""path_vdrop_percent_from_db1"": 0.6786116972541504, ""whole_installation_vdrop_percent"": null, ""status"": ""CONDITIONAL SCREEN ONLY"", ""comparison_path_target_percent"": 3, ""comparison_path_screen"": true}, {""case_id"": ""S2-220-PF08-50C-6"", ""voltage_v"": 220, ""pf"": 0.8, ""maximum_proxy_current_a"": 0.10890151515151515, ""planning_current_a"": 0.13612689393939395, ""comparison_breaker_a"": 6, ""comparison_area_mm2"": 1.5, ""comparison_conductors"": ""3 copper cores (L/N/PE), assumed single-phase; actual PE and phases pending"", ""corrected_ampacity_a"": 6.070499999999999, ""temperature_grouping_factor"": 0.40469999999999995, ""segment_vdrop_bound_v"": 0.01611327509469696, ""allocated_segment_vdrop_percent"": 1, ""path_vdrop_bound_from_db1_v"": 1.1617354654009524, ""path_vdrop_percent_from_db1"": 0.5280615751822512, ""whole_installation_vdrop_percent"": null, ""status"": ""CONDITIONAL SCREEN ONLY"", ""comparison_path_target_percent"": 3, ""comparison_path_screen"": true}]","Above lining / beam tops, short covered joint and rear-face return to fitting. Roof access, rafter/tie interface and removable cover details pending; no timber drilling / notching.","[36.975, 5.908, 7.36]","[36.975, 6.655, 5.6]",6.099699999999998,"Catalogue maximum proxy only; selected products, actual supply, protection, inrush, installation, origin voltage drop and engineering approval pending",1.5,,,
trunk:LC1:L8:light:-1,L8 · B · circuit trunk,LC1,DB1,L8,light,trunk,"[""L63"", ""L64"", ""L65"", ""L66""]",31.83942622175583,31.83942622175583,One modeled mains trunk/branch/local/feeder piece,204,0.306,204,255.0,,,,,,,,,,,ENGINEERING HOLD,"[{""case_id"": ""S1-230-PF09-45C-4"", ""voltage_v"": 230, ""pf"": 0.9, ""maximum_proxy_current_a"": 0.9855072463768116, ""planning_current_a"": 1.2318840579710144, ""comparison_breaker_a"": 6, ""comparison_area_mm2"": 1.5, ""comparison_conductors"": ""3 copper cores (L/N/PE), assumed single-phase; actual PE and phases pending"", ""corrected_ampacity_a"": 7.702500000000001, ""temperature_grouping_factor"": 0.5135000000000001, ""segment_vdrop_bound_v"": 1.2457060149022032, ""allocated_segment_vdrop_percent"": 1, ""path_vdrop_bound_from_db1_v"": 1.4937551869089194, ""path_vdrop_percent_from_db1"": 0.6494587769169214, ""whole_installation_vdrop_percent"": null, ""status"": ""CONDITIONAL SCREEN ONLY"", ""comparison_path_target_percent"": 3, ""comparison_path_screen"": true}, {""case_id"": ""S2-220-PF08-50C-6"", ""voltage_v"": 220, ""pf"": 0.8, ""maximum_proxy_current_a"": 1.1590909090909092, ""planning_current_a"": 1.4488636363636365, ""comparison_breaker_a"": 6, ""comparison_area_mm2"": 1.5, ""comparison_conductors"": ""3 copper cores (L/N/PE), assumed single-phase; actual PE and phases pending"", ""corrected_ampacity_a"": 6.070499999999999, ""temperature_grouping_factor"": 0.40469999999999995, ""segment_vdrop_bound_v"": 1.4651201425270233, ""allocated_segment_vdrop_percent"": 1, ""path_vdrop_bound_from_db1_v"": 1.6510297467655797, ""path_vdrop_percent_from_db1"": 0.7504680667116271, ""whole_installation_vdrop_percent"": null, ""status"": ""CONDITIONAL SCREEN ONLY"", ""comparison_path_target_percent"": 3, ""comparison_path_screen"": true}]",Wall bands above openings; concealed finish-matched soffit crossing over the 9–10 wing opening.,"[48.895, 1.85, -0.55]","[38.94, 7.953150773195872, -7.36]",37.023368843931415,"Catalogue maximum proxy only; selected products, actual supply, protection, inrush, installation, origin voltage drop and engineering approval pending",1.5,,,
drop:LC1:L8:light:-1:L63,L8 → Wing light · B · front block · back rows,LC1,DB1,L8,light,drop,"[""L63""]",6.793150773195872,6.793150773195872,One modeled mains trunk/branch/local/feeder piece,51,0.0765,51,63.75,,,,,,,,,,,ENGINEERING HOLD,"[{""case_id"": ""S1-230-PF09-45C-4"", ""voltage_v"": 230, ""pf"": 0.9, ""maximum_proxy_current_a"": 0.2463768115942029, ""planning_current_a"": 0.3079710144927536, ""comparison_breaker_a"": 6, ""comparison_area_mm2"": 1.5, ""comparison_conductors"": ""3 copper cores (L/N/PE), assumed single-phase; actual PE and phases pending"", ""corrected_ampacity_a"": 7.702500000000001, ""temperature_grouping_factor"": 0.5135000000000001, ""segment_vdrop_bound_v"": 0.0664448906786941, ""allocated_segment_vdrop_percent"": 1, ""path_vdrop_bound_from_db1_v"": 1.5602000775876135, ""path_vdrop_percent_from_db1"": 0.6783478598207016, ""whole_installation_vdrop_percent"": null, ""status"": ""CONDITIONAL SCREEN ONLY"", ""comparison_path_target_percent"": 3, ""comparison_path_screen"": true}, {""case_id"": ""S2-220-PF08-50C-6"", ""voltage_v"": 220, ""pf"": 0.8, ""maximum_proxy_current_a"": 0.2897727272727273, ""planning_current_a"": 0.3622159090909091, ""comparison_breaker_a"": 6, ""comparison_area_mm2"": 1.5, ""comparison_conductors"": ""3 copper cores (L/N/PE), assumed single-phase; actual PE and phases pending"", ""corrected_ampacity_a"": 6.070499999999999, ""temperature_grouping_factor"": 0.40469999999999995, ""segment_vdrop_bound_v"": 0.07814825210505501, ""allocated_segment_vdrop_percent"": 1, ""path_vdrop_bound_from_db1_v"": 1.7291779988706346, ""path_vdrop_percent_from_db1"": 0.7859899994866522, ""whole_installation_vdrop_percent"": null, ""status"": ""CONDITIONAL SCREEN ONLY"", ""comparison_path_target_percent"": 3, ""comparison_path_screen"": true}]","Above nave lining / covered soffit route at wings and verandas; cable continues inside the existing pendant stem. Roof build-up, supports and access pending.","[38.94, 7.953150773195872, -7.36]","[38.94, 4.4, -10.6]",9.472465850515459,"Catalogue maximum proxy only; selected products, actual supply, protection, inrush, installation, origin voltage drop and engineering approval pending",1.5,,,
drop:LC1:L8:light:-1:L64,L8 → Wing light · B · front block · front rows,LC1,DB1,L8,light,drop,"[""L64""]",4.993150773195873,4.993150773195873,One modeled mains trunk/branch/local/feeder piece,51,0.0765,51,63.75,,,,,,,,,,,ENGINEERING HOLD,"[{""case_id"": ""S1-230-PF09-45C-4"", ""voltage_v"": 230, ""pf"": 0.9, ""maximum_proxy_current_a"": 0.2463768115942029, ""planning_current_a"": 0.3079710144927536, ""comparison_breaker_a"": 6, ""comparison_area_mm2"": 1.5, ""comparison_conductors"": ""3 copper cores (L/N/PE), assumed single-phase; actual PE and phases pending"", ""corrected_ampacity_a"": 7.702500000000001, ""temperature_grouping_factor"": 0.5135000000000001, ""segment_vdrop_bound_v"": 0.04883880372217237, ""allocated_segment_vdrop_percent"": 1, ""path_vdrop_bound_from_db1_v"": 1.5425939906310917, ""path_vdrop_percent_from_db1"": 0.6706930394048224, ""whole_installation_vdrop_percent"": null, ""status"": ""CONDITIONAL SCREEN ONLY"", ""comparison_path_target_percent"": 3, ""comparison_path_screen"": true}, {""case_id"": ""S2-220-PF08-50C-6"", ""voltage_v"": 220, ""pf"": 0.8, ""maximum_proxy_current_a"": 0.2897727272727273, ""planning_current_a"": 0.3622159090909091, ""comparison_breaker_a"": 6, ""comparison_area_mm2"": 1.5, ""comparison_conductors"": ""3 copper cores (L/N/PE), assumed single-phase; actual PE and phases pending"", ""corrected_ampacity_a"": 6.070499999999999, ""temperature_grouping_factor"": 0.40469999999999995, ""segment_vdrop_bound_v"": 0.057441093014145926, ""allocated_segment_vdrop_percent"": 1, ""path_vdrop_bound_from_db1_v"": 1.7084708397797255, ""path_vdrop_percent_from_db1"": 0.7765776544453298, ""whole_installation_vdrop_percent"": null, ""status"": ""CONDITIONAL SCREEN ONLY"", ""comparison_path_target_percent"": 3, ""comparison_path_screen"": true}]","Above nave lining / covered soffit route at wings and verandas; cable continues inside the existing pendant stem. Roof build-up, supports and access pending.","[38.94, 7.953150773195872, -7.36]","[38.94, 4.4, -8.8]",7.49246585051546,"Catalogue maximum proxy only; selected products, actual supply, protection, inrush, installation, origin voltage drop and engineering approval pending",1.5,,,
drop:LC1:L8:light:-1:L65,L8 → Wing light · B · rear block · back rows,LC1,DB1,L8,light,drop,"[""L65""]",6.7850966494845375,6.7850966494845375,One modeled mains trunk/branch/local/feeder piece,51,0.0765,51,63.75,,,,,,,,,,,ENGINEERING HOLD,"[{""case_id"": ""S1-230-PF09-45C-4"", ""voltage_v"": 230, ""pf"": 0.9, ""maximum_proxy_current_a"": 0.2463768115942029, ""planning_current_a"": 0.3079710144927536, ""comparison_breaker_a"": 6, ""comparison_area_mm2"": 1.5, ""comparison_conductors"": ""3 copper cores (L/N/PE), assumed single-phase; actual PE and phases pending"", ""corrected_ampacity_a"": 7.702500000000001, ""temperature_grouping_factor"": 0.5135000000000001, ""segment_vdrop_bound_v"": 0.06636611201068279, ""allocated_segment_vdrop_percent"": 1, ""path_vdrop_bound_from_db1_v"": 1.3953454513793873, ""path_vdrop_percent_from_db1"": 0.6066719353823423, ""whole_installation_vdrop_percent"": null, ""status"": ""CONDITIONAL SCREEN ONLY"", ""comparison_path_target_percent"": 3, ""comparison_path_screen"": true}, {""case_id"": ""S2-220-PF08-50C-6"", ""voltage_v"": 220, ""pf"": 0.8, ""maximum_proxy_current_a"": 0.2897727272727273, ""planning_current_a"": 0.3622159090909091, ""comparison_breaker_a"": 6, ""comparison_area_mm2"": 1.5, ""comparison_conductors"": ""3 copper cores (L/N/PE), assumed single-phase; actual PE and phases pending"", ""corrected_ampacity_a"": 6.070499999999999, ""temperature_grouping_factor"": 0.40469999999999995, ""segment_vdrop_bound_v"": 0.07805559764892808, ""allocated_segment_vdrop_percent"": 1, ""path_vdrop_bound_from_db1_v"": 1.5352864782734597, ""path_vdrop_percent_from_db1"": 0.6978574901242999, ""whole_installation_vdrop_percent"": null, ""status"": ""CONDITIONAL SCREEN ONLY"", ""comparison_path_target_percent"": 3, ""comparison_path_screen"": true}]","Above nave lining / covered soffit route at wings and verandas; cable continues inside the existing pendant stem. Roof build-up, supports and access pending.","[42.22, 7.945096649484534, -7.36]","[42.22, 4.4, -10.6]",9.463606314432992,"Catalogue maximum proxy only; selected products, actual supply, protection, inrush, installation, origin voltage drop and engineering approval pending",1.5,,,
drop:LC1:L8:light:-1:L66,L8 → Wing light · B · rear block · front rows,LC1,DB1,L8,light,drop,"[""L66""]",4.985096649484539,4.985096649484539,One modeled mains trunk/branch/local/feeder piece,51,0.0765,51,63.75,,,,,,,,,,,ENGINEERING HOLD,"[{""case_id"": ""S1-230-PF09-45C-4"", ""voltage_v"": 230, ""pf"": 0.9, ""maximum_proxy_current_a"": 0.2463768115942029, ""planning_current_a"": 0.3079710144927536, ""comparison_breaker_a"": 6, ""comparison_area_mm2"": 1.5, ""comparison_conductors"": ""3 copper cores (L/N/PE), assumed single-phase; actual PE and phases pending"", ""corrected_ampacity_a"": 7.702500000000001, ""temperature_grouping_factor"": 0.5135000000000001, ""segment_vdrop_bound_v"": 0.04876002505416108, ""allocated_segment_vdrop_percent"": 1, ""path_vdrop_bound_from_db1_v"": 1.3777393644228657, ""path_vdrop_percent_from_db1"": 0.5990171149664634, ""whole_installation_vdrop_percent"": null, ""status"": ""CONDITIONAL SCREEN ONLY"", ""comparison_path_target_percent"": 3, ""comparison_path_screen"": true}, {""case_id"": ""S2-220-PF08-50C-6"", ""voltage_v"": 220, ""pf"": 0.8, ""maximum_proxy_current_a"": 0.2897727272727273, ""planning_current_a"": 0.3622159090909091, ""comparison_breaker_a"": 6, ""comparison_area_mm2"": 1.5, ""comparison_conductors"": ""3 copper cores (L/N/PE), assumed single-phase; actual PE and phases pending"", ""corrected_ampacity_a"": 6.070499999999999, ""temperature_grouping_factor"": 0.40469999999999995, ""segment_vdrop_bound_v"": 0.05734843855801901, ""allocated_segment_vdrop_percent"": 1, ""path_vdrop_bound_from_db1_v"": 1.5145793191825507, ""path_vdrop_percent_from_db1"": 0.6884451450829776, ""whole_installation_vdrop_percent"": null, ""status"": ""CONDITIONAL SCREEN ONLY"", ""comparison_path_target_percent"": 3, ""comparison_path_screen"": true}]","Above nave lining / covered soffit route at wings and verandas; cable continues inside the existing pendant stem. Roof build-up, supports and access pending.","[42.22, 7.945096649484534, -7.36]","[42.22, 4.4, -8.8]",7.4836063144329925,"Catalogue maximum proxy only; selected products, actual supply, protection, inrush, installation, origin voltage drop and engineering approval pending",1.5,,,
trunk:LC1:L8:light:1,L8 · H · circuit trunk,LC1,DB1,L8,light,trunk,"[""L67"", ""L68"", ""L69"", ""L70""]",38.43942622175583,38.43942622175583,One modeled mains trunk/branch/local/feeder piece,204,0.306,204,255.0,,,,,,,,,,,ENGINEERING HOLD,"[{""case_id"": ""S1-230-PF09-45C-4"", ""voltage_v"": 230, ""pf"": 0.9, ""maximum_proxy_current_a"": 0.9855072463768116, ""planning_current_a"": 1.2318840579710144, ""comparison_breaker_a"": 6, ""comparison_area_mm2"": 1.5, ""comparison_conductors"": ""3 copper cores (L/N/PE), assumed single-phase; actual PE and phases pending"", ""corrected_ampacity_a"": 7.702500000000001, ""temperature_grouping_factor"": 0.5135000000000001, ""segment_vdrop_bound_v"": 1.5039286235978555, ""allocated_segment_vdrop_percent"": 1, ""path_vdrop_bound_from_db1_v"": 1.7519777956045717, ""path_vdrop_percent_from_db1"": 0.7617294763498138, ""whole_installation_vdrop_percent"": null, ""status"": ""CONDITIONAL SCREEN ONLY"", ""comparison_path_target_percent"": 3, ""comparison_path_screen"": true}, {""case_id"": ""S2-220-PF08-50C-6"", ""voltage_v"": 220, ""pf"": 0.8, ""maximum_proxy_current_a"": 1.1590909090909092, ""planning_current_a"": 1.4488636363636365, ""comparison_breaker_a"": 6, ""comparison_area_mm2"": 1.5, ""comparison_conductors"": ""3 copper cores (L/N/PE), assumed single-phase; actual PE and phases pending"", ""corrected_ampacity_a"": 6.070499999999999, ""temperature_grouping_factor"": 0.40469999999999995, ""segment_vdrop_bound_v"": 1.7688251425270234, ""allocated_segment_vdrop_percent"": 1, ""path_vdrop_bound_from_db1_v"": 1.9547347467655798, ""path_vdrop_percent_from_db1"": 0.8885157939843544, ""whole_installation_vdrop_percent"": null, ""status"": ""CONDITIONAL SCREEN ONLY"", ""comparison_path_target_percent"": 3, ""comparison_path_screen"": true}]",Wall bands above openings; concealed finish-matched soffit crossing over the 9–10 wing opening.,"[48.895, 1.85, -0.55]","[38.94, 7.953150773195872, 7.36]",44.28336884393142,"Catalogue maximum proxy only; selected products, actual supply, protection, inrush, installation, origin voltage drop and engineering approval pending",1.5,,,
drop:LC1:L8:light:1:L67,L8 → Wing light · H · front block · back rows,LC1,DB1,L8,light,drop,"[""L67""]",6.793150773195872,6.793150773195872,One modeled mains trunk/branch/local/feeder piece,51,0.0765,51,63.75,,,,,,,,,,,ENGINEERING HOLD,"[{""case_id"": ""S1-230-PF09-45C-4"", ""voltage_v"": 230, ""pf"": 0.9, ""maximum_proxy_current_a"": 0.2463768115942029, ""planning_current_a"": 0.3079710144927536, ""comparison_breaker_a"": 6, ""comparison_area_mm2"": 1.5, ""comparison_conductors"": ""3 copper cores (L/N/PE), assumed single-phase; actual PE and phases pending"", ""corrected_ampacity_a"": 7.702500000000001, ""temperature_grouping_factor"": 0.5135000000000001, ""segment_vdrop_bound_v"": 0.0664448906786941, ""allocated_segment_vdrop_percent"": 1, ""path_vdrop_bound_from_db1_v"": 1.8184226862832658, ""path_vdrop_percent_from_db1"": 0.7906185592535938, ""whole_installation_vdrop_percent"": null, ""status"": ""CONDITIONAL SCREEN ONLY"", ""comparison_path_target_percent"": 3, ""comparison_path_screen"": true}, {""case_id"": ""S2-220-PF08-50C-6"", ""voltage_v"": 220, ""pf"": 0.8, ""maximum_proxy_current_a"": 0.2897727272727273, ""planning_current_a"": 0.3622159090909091, ""comparison_breaker_a"": 6, ""comparison_area_mm2"": 1.5, ""comparison_conductors"": ""3 copper cores (L/N/PE), assumed single-phase; actual PE and phases pending"", ""corrected_ampacity_a"": 6.070499999999999, ""temperature_grouping_factor"": 0.40469999999999995, ""segment_vdrop_bound_v"": 0.07814825210505501, ""allocated_segment_vdrop_percent"": 1, ""path_vdrop_bound_from_db1_v"": 2.0328829988706345, ""path_vdrop_percent_from_db1"": 0.9240377267593793, ""whole_installation_vdrop_percent"": null, ""status"": ""CONDITIONAL SCREEN ONLY"", ""comparison_path_target_percent"": 3, ""comparison_path_screen"": true}]","Above nave lining / covered soffit route at wings and verandas; cable continues inside the existing pendant stem. Roof build-up, supports and access pending.","[38.94, 7.953150773195872, 7.36]","[38.94, 4.4, 10.6]",9.472465850515459,"Catalogue maximum proxy only; selected products, actual supply, protection, inrush, installation, origin voltage drop and engineering approval pending",1.5,,,
drop:LC1:L8:light:1:L68,L8 → Wing light · H · front block · front rows,LC1,DB1,L8,light,drop,"[""L68""]",4.993150773195873,4.993150773195873,One modeled mains trunk/branch/local/feeder piece,51,0.0765,51,63.75,,,,,,,,,,,ENGINEERING HOLD,"[{""case_id"": ""S1-230-PF09-45C-4"", ""voltage_v"": 230, ""pf"": 0.9, ""maximum_proxy_current_a"": 0.2463768115942029, ""planning_current_a"": 0.3079710144927536, ""comparison_breaker_a"": 6, ""comparison_area_mm2"": 1.5, ""comparison_conductors"": ""3 copper cores (L/N/PE), assumed single-phase; actual PE and phases pending"", ""corrected_ampacity_a"": 7.702500000000001, ""temperature_grouping_factor"": 0.5135000000000001, ""segment_vdrop_bound_v"": 0.04883880372217237, ""allocated_segment_vdrop_percent"": 1, ""path_vdrop_bound_from_db1_v"": 1.800816599326744, ""path_vdrop_percent_from_db1"": 0.7829637388377148, ""whole_installation_vdrop_percent"": null, ""status"": ""CONDITIONAL SCREEN ONLY"", ""comparison_path_target_percent"": 3, ""comparison_path_screen"": true}, {""case_id"": ""S2-220-PF08-50C-6"", ""voltage_v"": 220, ""pf"": 0.8, ""maximum_proxy_current_a"": 0.2897727272727273, ""planning_current_a"": 0.3622159090909091, ""comparison_breaker_a"": 6, ""comparison_area_mm2"": 1.5, ""comparison_conductors"": ""3 copper cores (L/N/PE), assumed single-phase; actual PE and phases pending"", ""corrected_ampacity_a"": 6.070499999999999, ""temperature_grouping_factor"": 0.40469999999999995, ""segment_vdrop_bound_v"": 0.057441093014145926, ""allocated_segment_vdrop_percent"": 1, ""path_vdrop_bound_from_db1_v"": 2.012175839779726, ""path_vdrop_percent_from_db1"": 0.9146253817180573, ""whole_installation_vdrop_percent"": null, ""status"": ""CONDITIONAL SCREEN ONLY"", ""comparison_path_target_percent"": 3, ""comparison_path_screen"": true}]","Above nave lining / covered soffit route at wings and verandas; cable continues inside the existing pendant stem. Roof build-up, supports and access pending.","[38.94, 7.953150773195872, 7.36]","[38.94, 4.4, 8.8]",7.49246585051546,"Catalogue maximum proxy only; selected products, actual supply, protection, inrush, installation, origin voltage drop and engineering approval pending",1.5,,,
drop:LC1:L8:light:1:L69,L8 → Wing light · H · rear block · back rows,LC1,DB1,L8,light,drop,"[""L69""]",6.7850966494845375,6.7850966494845375,One modeled mains trunk/branch/local/feeder piece,51,0.0765,51,63.75,,,,,,,,,,,ENGINEERING HOLD,"[{""case_id"": ""S1-230-PF09-45C-4"", ""voltage_v"": 230, ""pf"": 0.9, ""maximum_proxy_current_a"": 0.2463768115942029, ""planning_current_a"": 0.3079710144927536, ""comparison_breaker_a"": 6, ""comparison_area_mm2"": 1.5, ""comparison_conductors"": ""3 copper cores (L/N/PE), assumed single-phase; actual PE and phases pending"", ""corrected_ampacity_a"": 7.702500000000001, ""temperature_grouping_factor"": 0.5135000000000001, ""segment_vdrop_bound_v"": 0.06636611201068279, ""allocated_segment_vdrop_percent"": 1, ""path_vdrop_bound_from_db1_v"": 1.6535680600750393, ""path_vdrop_percent_from_db1"": 0.7189426348152345, ""whole_installation_vdrop_percent"": null, ""status"": ""CONDITIONAL SCREEN ONLY"", ""comparison_path_target_percent"": 3, ""comparison_path_screen"": true}, {""case_id"": ""S2-220-PF08-50C-6"", ""voltage_v"": 220, ""pf"": 0.8, ""maximum_proxy_current_a"": 0.2897727272727273, ""planning_current_a"": 0.3622159090909091, ""comparison_breaker_a"": 6, ""comparison_area_mm2"": 1.5, ""comparison_conductors"": ""3 copper cores (L/N/PE), assumed single-phase; actual PE and phases pending"", ""corrected_ampacity_a"": 6.070499999999999, ""temperature_grouping_factor"": 0.40469999999999995, ""segment_vdrop_bound_v"": 0.07805559764892808, ""allocated_segment_vdrop_percent"": 1, ""path_vdrop_bound_from_db1_v"": 1.8389914782734595, ""path_vdrop_percent_from_db1"": 0.8359052173970271, ""whole_installation_vdrop_percent"": null, ""status"": ""CONDITIONAL SCREEN ONLY"", ""comparison_path_target_percent"": 3, ""comparison_path_screen"": true}]","Above nave lining / covered soffit route at wings and verandas; cable continues inside the existing pendant stem. Roof build-up, supports and access pending.","[42.22, 7.945096649484534, 7.36]","[42.22, 4.4, 10.6]",9.463606314432992,"Catalogue maximum proxy only; selected products, actual supply, protection, inrush, installation, origin voltage drop and engineering approval pending",1.5,,,
drop:LC1:L8:light:1:L70,L8 → Wing light · H · rear block · front rows,LC1,DB1,L8,light,drop,"[""L70""]",4.985096649484539,4.985096649484539,One modeled mains trunk/branch/local/feeder piece,51,0.0765,51,63.75,,,,,,,,,,,ENGINEERING HOLD,"[{""case_id"": ""S1-230-PF09-45C-4"", ""voltage_v"": 230, ""pf"": 0.9, ""maximum_proxy_current_a"": 0.2463768115942029, ""planning_current_a"": 0.3079710144927536, ""comparison_breaker_a"": 6, ""comparison_area_mm2"": 1.5, ""comparison_conductors"": ""3 copper cores (L/N/PE), assumed single-phase; actual PE and phases pending"", ""corrected_ampacity_a"": 7.702500000000001, ""temperature_grouping_factor"": 0.5135000000000001, ""segment_vdrop_bound_v"": 0.04876002505416108, ""allocated_segment_vdrop_percent"": 1, ""path_vdrop_bound_from_db1_v"": 1.6359619731185178, ""path_vdrop_percent_from_db1"": 0.7112878143993555, ""whole_installation_vdrop_percent"": null, ""status"": ""CONDITIONAL SCREEN ONLY"", ""comparison_path_target_percent"": 3, ""comparison_path_screen"": true}, {""case_id"": ""S2-220-PF08-50C-6"", ""voltage_v"": 220, ""pf"": 0.8, ""maximum_proxy_current_a"": 0.2897727272727273, ""planning_current_a"": 0.3622159090909091, ""comparison_breaker_a"": 6, ""comparison_area_mm2"": 1.5, ""comparison_conductors"": ""3 copper cores (L/N/PE), assumed single-phase; actual PE and phases pending"", ""corrected_ampacity_a"": 6.070499999999999, ""temperature_grouping_factor"": 0.40469999999999995, ""segment_vdrop_bound_v"": 0.05734843855801901, ""allocated_segment_vdrop_percent"": 1, ""path_vdrop_bound_from_db1_v"": 1.8182843191825504, ""path_vdrop_percent_from_db1"": 0.8264928723557047, ""whole_installation_vdrop_percent"": null, ""status"": ""CONDITIONAL SCREEN ONLY"", ""comparison_path_target_percent"": 3, ""comparison_path_screen"": true}]","Above nave lining / covered soffit route at wings and verandas; cable continues inside the existing pendant stem. Roof build-up, supports and access pending.","[42.22, 7.945096649484534, 7.36]","[42.22, 4.4, 8.8]",7.4836063144329925,"Catalogue maximum proxy only; selected products, actual supply, protection, inrush, installation, origin voltage drop and engineering approval pending",1.5,,,
trunk:LC1:LA:light:-1,LA · B · circuit trunk,LC1,DB1,LA,light,trunk,"[""L71"", ""L72"", ""L73"", ""L74"", ""L75"", ""L76"", ""L77""]",62.30613031117919,62.30613031117919,One modeled mains trunk/branch/local/feeder piece,224,0.336,224,280.0,,,,,,,,,,,ENGINEERING HOLD,"[{""case_id"": ""S1-230-PF09-45C-4"", ""voltage_v"": 230, ""pf"": 0.9, ""maximum_proxy_current_a"": 1.0821256038647342, ""planning_current_a"": 1.3526570048309179, ""comparison_breaker_a"": 6, ""comparison_area_mm2"": 2.5, ""comparison_conductors"": ""3 copper cores (L/N/PE), assumed single-phase; actual PE and phases pending"", ""corrected_ampacity_a"": 10.270000000000001, ""temperature_grouping_factor"": 0.5135000000000001, ""segment_vdrop_bound_v"": 1.6114111074102848, ""allocated_segment_vdrop_percent"": 1, ""path_vdrop_bound_from_db1_v"": 1.859460279417001, ""path_vdrop_percent_from_db1"": 0.80846099105087, ""whole_installation_vdrop_percent"": null, ""status"": ""CONDITIONAL SCREEN ONLY"", ""comparison_path_target_percent"": 3, ""comparison_path_screen"": true}, {""case_id"": ""S2-220-PF08-50C-6"", ""voltage_v"": 220, ""pf"": 0.8, ""maximum_proxy_current_a"": 1.2727272727272727, ""planning_current_a"": 1.5909090909090908, ""comparison_breaker_a"": 6, ""comparison_area_mm2"": 2.5, ""comparison_conductors"": ""3 copper cores (L/N/PE), assumed single-phase; actual PE and phases pending"", ""corrected_ampacity_a"": 8.094, ""temperature_grouping_factor"": 0.40469999999999995, ""segment_vdrop_bound_v"": 1.8952392001927778, ""allocated_segment_vdrop_percent"": 1, ""path_vdrop_bound_from_db1_v"": 2.081148804431334, ""path_vdrop_percent_from_db1"": 0.9459767292869701, ""whole_installation_vdrop_percent"": null, ""status"": ""CONDITIONAL SCREEN ONLY"", ""comparison_path_target_percent"": 3, ""comparison_path_screen"": true}]",Wall bands above openings; concealed finish-matched soffit crossing over the 9–10 wing opening.,"[48.895, 1.85, -0.55]","[9.975000000000001, 5.932, -7.36]",70.53674334229711,"Catalogue maximum proxy only; selected products, actual supply, protection, inrush, installation, origin voltage drop and engineering approval pending",2.5,,,
drop:LC1:LA:light:-1:L71,LA → Roof uplight · axis 3,LC1,DB1,LA,light,drop,"[""L71""]",10.200418805696334,10.200418805696334,One modeled mains trunk/branch/local/feeder piece,32,0.048,32,40.0,,,,,,,,,,,ENGINEERING HOLD,"[{""case_id"": ""S1-230-PF09-45C-4"", ""voltage_v"": 230, ""pf"": 0.9, ""maximum_proxy_current_a"": 0.15458937198067632, ""planning_current_a"": 0.1932367149758454, ""comparison_breaker_a"": 6, ""comparison_area_mm2"": 1.5, ""comparison_conductors"": ""3 copper cores (L/N/PE), assumed single-phase; actual PE and phases pending"", ""corrected_ampacity_a"": 7.702500000000001, ""temperature_grouping_factor"": 0.5135000000000001, ""segment_vdrop_bound_v"": 0.06260199058336532, ""allocated_segment_vdrop_percent"": 1, ""path_vdrop_bound_from_db1_v"": 1.9220622700003662, ""path_vdrop_percent_from_db1"": 0.8356792478262461, ""whole_installation_vdrop_percent"": null, ""status"": ""CONDITIONAL SCREEN ONLY"", ""comparison_path_target_percent"": 3, ""comparison_path_screen"": true}, {""case_id"": ""S2-220-PF08-50C-6"", ""voltage_v"": 220, ""pf"": 0.8, ""maximum_proxy_current_a"": 0.18181818181818182, ""planning_current_a"": 0.22727272727272727, ""comparison_breaker_a"": 6, ""comparison_area_mm2"": 1.5, ""comparison_conductors"": ""3 copper cores (L/N/PE), assumed single-phase; actual PE and phases pending"", ""corrected_ampacity_a"": 6.070499999999999, ""temperature_grouping_factor"": 0.40469999999999995, ""segment_vdrop_bound_v"": 0.07362847756111716, ""allocated_segment_vdrop_percent"": 1, ""path_vdrop_bound_from_db1_v"": 2.1547772819924513, ""path_vdrop_percent_from_db1"": 0.9794442190874778, ""whole_installation_vdrop_percent"": null, ""status"": ""CONDITIONAL SCREEN ONLY"", ""comparison_path_target_percent"": 3, ""comparison_path_screen"": true}]","Above lining / beam tops, short covered joint and rear-face return to fitting. Roof access, rafter/tie interface and removable cover details pending; no timber drilling / notching.","[9.975000000000001, 5.932, -7.36]","[9.975, 9.18, 0]",13.220460686265968,"Catalogue maximum proxy only; selected products, actual supply, protection, inrush, installation, origin voltage drop and engineering approval pending",1.5,,,
drop:LC1:LA:light:-1:L72,LA → Roof uplight · axis 4,LC1,DB1,LA,light,drop,"[""L72""]",10.200418805696334,10.200418805696334,One modeled mains trunk/branch/local/feeder piece,32,0.048,32,40.0,,,,,,,,,,,ENGINEERING HOLD,"[{""case_id"": ""S1-230-PF09-45C-4"", ""voltage_v"": 230, ""pf"": 0.9, ""maximum_proxy_current_a"": 0.15458937198067632, ""planning_current_a"": 0.1932367149758454, ""comparison_breaker_a"": 6, ""comparison_area_mm2"": 1.5, ""comparison_conductors"": ""3 copper cores (L/N/PE), assumed single-phase; actual PE and phases pending"", ""corrected_ampacity_a"": 7.702500000000001, ""temperature_grouping_factor"": 0.5135000000000001, ""segment_vdrop_bound_v"": 0.06260199058336532, ""allocated_segment_vdrop_percent"": 1, ""path_vdrop_bound_from_db1_v"": 1.805679661304714, ""path_vdrop_percent_from_db1"": 0.7850781136107452, ""whole_installation_vdrop_percent"": null, ""status"": ""CONDITIONAL SCREEN ONLY"", ""comparison_path_target_percent"": 3, ""comparison_path_screen"": true}, {""case_id"": ""S2-220-PF08-50C-6"", ""voltage_v"": 220, ""pf"": 0.8, ""maximum_proxy_current_a"": 0.18181818181818182, ""planning_current_a"": 0.22727272727272727, ""comparison_breaker_a"": 6, ""comparison_area_mm2"": 1.5, ""comparison_conductors"": ""3 copper cores (L/N/PE), assumed single-phase; actual PE and phases pending"", ""corrected_ampacity_a"": 6.070499999999999, ""temperature_grouping_factor"": 0.40469999999999995, ""segment_vdrop_bound_v"": 0.07362847756111716, ""allocated_segment_vdrop_percent"": 1, ""path_vdrop_bound_from_db1_v"": 2.0178954638106332, ""path_vdrop_percent_from_db1"": 0.9172252108230151, ""whole_installation_vdrop_percent"": null, ""status"": ""CONDITIONAL SCREEN ONLY"", ""comparison_path_target_percent"": 3, ""comparison_path_screen"": true}]","Above lining / beam tops, short covered joint and rear-face return to fitting. Roof access, rafter/tie interface and removable cover details pending; no timber drilling / notching.","[14.475000000000001, 5.932, -7.36]","[14.475, 9.18, 0]",13.220460686265968,"Catalogue maximum proxy only; selected products, actual supply, protection, inrush, installation, origin voltage drop and engineering approval pending",1.5,,,
drop:LC1:LA:light:-1:L73,LA → Roof uplight · axis 5,LC1,DB1,LA,light,drop,"[""L73""]",10.200418805696332,10.200418805696332,One modeled mains trunk/branch/local/feeder piece,32,0.048,32,40.0,,,,,,,,,,,ENGINEERING HOLD,"[{""case_id"": ""S1-230-PF09-45C-4"", ""voltage_v"": 230, ""pf"": 0.9, ""maximum_proxy_current_a"": 0.15458937198067632, ""planning_current_a"": 0.1932367149758454, ""comparison_breaker_a"": 6, ""comparison_area_mm2"": 1.5, ""comparison_conductors"": ""3 copper cores (L/N/PE), assumed single-phase; actual PE and phases pending"", ""corrected_ampacity_a"": 7.702500000000001, ""temperature_grouping_factor"": 0.5135000000000001, ""segment_vdrop_bound_v"": 0.06260199058336531, ""allocated_segment_vdrop_percent"": 1, ""path_vdrop_bound_from_db1_v"": 1.6892970526090616, ""path_vdrop_percent_from_db1"": 0.7344769793952441, ""whole_installation_vdrop_percent"": null, ""status"": ""CONDITIONAL SCREEN ONLY"", ""comparison_path_target_percent"": 3, ""comparison_path_screen"": true}, {""case_id"": ""S2-220-PF08-50C-6"", ""voltage_v"": 220, ""pf"": 0.8, ""maximum_proxy_current_a"": 0.18181818181818182, ""planning_current_a"": 0.22727272727272727, ""comparison_breaker_a"": 6, ""comparison_area_mm2"": 1.5, ""comparison_conductors"": ""3 copper cores (L/N/PE), assumed single-phase; actual PE and phases pending"", ""corrected_ampacity_a"": 6.070499999999999, ""temperature_grouping_factor"": 0.40469999999999995, ""segment_vdrop_bound_v"": 0.07362847756111715, ""allocated_segment_vdrop_percent"": 1, ""path_vdrop_bound_from_db1_v"": 1.8810136456288151, ""path_vdrop_percent_from_db1"": 0.8550062025585523, ""whole_installation_vdrop_percent"": null, ""status"": ""CONDITIONAL SCREEN ONLY"", ""comparison_path_target_percent"": 3, ""comparison_path_screen"": true}]","Above lining / beam tops, short covered joint and rear-face return to fitting. Roof access, rafter/tie interface and removable cover details pending; no timber drilling / notching.","[18.975, 5.932, -7.36]","[18.975, 9.18, 0]",13.220460686265966,"Catalogue maximum proxy only; selected products, actual supply, protection, inrush, installation, origin voltage drop and engineering approval pending",1.5,,,
drop:LC1:LA:light:-1:L74,LA → Roof uplight · axis 6,LC1,DB1,LA,light,drop,"[""L74""]",10.200418805696332,10.200418805696332,One modeled mains trunk/branch/local/feeder piece,32,0.048,32,40.0,,,,,,,,,,,ENGINEERING HOLD,"[{""case_id"": ""S1-230-PF09-45C-4"", ""voltage_v"": 230, ""pf"": 0.9, ""maximum_proxy_current_a"": 0.15458937198067632, ""planning_current_a"": 0.1932367149758454, ""comparison_breaker_a"": 6, ""comparison_area_mm2"": 1.5, ""comparison_conductors"": ""3 copper cores (L/N/PE), assumed single-phase; actual PE and phases pending"", ""corrected_ampacity_a"": 7.702500000000001, ""temperature_grouping_factor"": 0.5135000000000001, ""segment_vdrop_bound_v"": 0.06260199058336531, ""allocated_segment_vdrop_percent"": 1, ""path_vdrop_bound_from_db1_v"": 1.5729144439134095, ""path_vdrop_percent_from_db1"": 0.6838758451797432, ""whole_installation_vdrop_percent"": null, ""status"": ""CONDITIONAL SCREEN ONLY"", ""comparison_path_target_percent"": 3, ""comparison_path_screen"": true}, {""case_id"": ""S2-220-PF08-50C-6"", ""voltage_v"": 220, ""pf"": 0.8, ""maximum_proxy_current_a"": 0.18181818181818182, ""planning_current_a"": 0.22727272727272727, ""comparison_breaker_a"": 6, ""comparison_area_mm2"": 1.5, ""comparison_conductors"": ""3 copper cores (L/N/PE), assumed single-phase; actual PE and phases pending"", ""corrected_ampacity_a"": 6.070499999999999, ""temperature_grouping_factor"": 0.40469999999999995, ""segment_vdrop_bound_v"": 0.07362847756111715, ""allocated_segment_vdrop_percent"": 1, ""path_vdrop_bound_from_db1_v"": 1.7441318274469968, ""path_vdrop_percent_from_db1"": 0.7927871942940894, ""whole_installation_vdrop_percent"": null, ""status"": ""CONDITIONAL SCREEN ONLY"", ""comparison_path_target_percent"": 3, ""comparison_path_screen"": true}]","Above lining / beam tops, short covered joint and rear-face return to fitting. Roof access, rafter/tie interface and removable cover details pending; no timber drilling / notching.","[23.475, 5.932, -7.36]","[23.475, 9.18, 0]",13.220460686265966,"Catalogue maximum proxy only; selected products, actual supply, protection, inrush, installation, origin voltage drop and engineering approval pending",1.5,,,
drop:LC1:LA:light:-1:L75,LA → Roof uplight · axis 7,LC1,DB1,LA,light,drop,"[""L75""]",10.200418805696332,10.200418805696332,One modeled mains trunk/branch/local/feeder piece,32,0.048,32,40.0,,,,,,,,,,,ENGINEERING HOLD,"[{""case_id"": ""S1-230-PF09-45C-4"", ""voltage_v"": 230, ""pf"": 0.9, ""maximum_proxy_current_a"": 0.15458937198067632, ""planning_current_a"": 0.1932367149758454, ""comparison_breaker_a"": 6, ""comparison_area_mm2"": 1.5, ""comparison_conductors"": ""3 copper cores (L/N/PE), assumed single-phase; actual PE and phases pending"", ""corrected_ampacity_a"": 7.702500000000001, ""temperature_grouping_factor"": 0.5135000000000001, ""segment_vdrop_bound_v"": 0.06260199058336531, ""allocated_segment_vdrop_percent"": 1, ""path_vdrop_bound_from_db1_v"": 1.4565318352177574, ""path_vdrop_percent_from_db1"": 0.6332747109642423, ""whole_installation_vdrop_percent"": null, ""status"": ""CONDITIONAL SCREEN ONLY"", ""comparison_path_target_percent"": 3, ""comparison_path_screen"": true}, {""case_id"": ""S2-220-PF08-50C-6"", ""voltage_v"": 220, ""pf"": 0.8, ""maximum_proxy_current_a"": 0.18181818181818182, ""planning_current_a"": 0.22727272727272727, ""comparison_breaker_a"": 6, ""comparison_area_mm2"": 1.5, ""comparison_conductors"": ""3 copper cores (L/N/PE), assumed single-phase; actual PE and phases pending"", ""corrected_ampacity_a"": 6.070499999999999, ""temperature_grouping_factor"": 0.40469999999999995, ""segment_vdrop_bound_v"": 0.07362847756111715, ""allocated_segment_vdrop_percent"": 1, ""path_vdrop_bound_from_db1_v"": 1.6072500092651787, ""path_vdrop_percent_from_db1"": 0.7305681860296267, ""whole_installation_vdrop_percent"": null, ""status"": ""CONDITIONAL SCREEN ONLY"", ""comparison_path_target_percent"": 3, ""comparison_path_screen"": true}]","Above lining / beam tops, short covered joint and rear-face return to fitting. Roof access, rafter/tie interface and removable cover details pending; no timber drilling / notching.","[27.975, 5.932, -7.36]","[27.975, 9.18, 0]",13.220460686265966,"Catalogue maximum proxy only; selected products, actual supply, protection, inrush, installation, origin voltage drop and engineering approval pending",1.5,,,
drop:LC1:LA:light:-1:L76,LA → Roof uplight · axis 8,LC1,DB1,LA,light,drop,"[""L76""]",10.200418805696332,10.200418805696332,One modeled mains trunk/branch/local/feeder piece,32,0.048,32,40.0,,,,,,,,,,,ENGINEERING HOLD,"[{""case_id"": ""S1-230-PF09-45C-4"", ""voltage_v"": 230, ""pf"": 0.9, ""maximum_proxy_current_a"": 0.15458937198067632, ""planning_current_a"": 0.1932367149758454, ""comparison_breaker_a"": 6, ""comparison_area_mm2"": 1.5, ""comparison_conductors"": ""3 copper cores (L/N/PE), assumed single-phase; actual PE and phases pending"", ""corrected_ampacity_a"": 7.702500000000001, ""temperature_grouping_factor"": 0.5135000000000001, ""segment_vdrop_bound_v"": 0.06260199058336531, ""allocated_segment_vdrop_percent"": 1, ""path_vdrop_bound_from_db1_v"": 1.340149226522105, ""path_vdrop_percent_from_db1"": 0.5826735767487413, ""whole_installation_vdrop_percent"": null, ""status"": ""CONDITIONAL SCREEN ONLY"", ""comparison_path_target_percent"": 3, ""comparison_path_screen"": true}, {""case_id"": ""S2-220-PF08-50C-6"", ""voltage_v"": 220, ""pf"": 0.8, ""maximum_proxy_current_a"": 0.18181818181818182, ""planning_current_a"": 0.22727272727272727, ""comparison_breaker_a"": 6, ""comparison_area_mm2"": 1.5, ""comparison_conductors"": ""3 copper cores (L/N/PE), assumed single-phase; actual PE and phases pending"", ""corrected_ampacity_a"": 6.070499999999999, ""temperature_grouping_factor"": 0.40469999999999995, ""segment_vdrop_bound_v"": 0.07362847756111715, ""allocated_segment_vdrop_percent"": 1, ""path_vdrop_bound_from_db1_v"": 1.4703681910833604, ""path_vdrop_percent_from_db1"": 0.6683491777651638, ""whole_installation_vdrop_percent"": null, ""status"": ""CONDITIONAL SCREEN ONLY"", ""comparison_path_target_percent"": 3, ""comparison_path_screen"": true}]","Above lining / beam tops, short covered joint and rear-face return to fitting. Roof access, rafter/tie interface and removable cover details pending; no timber drilling / notching.","[32.475, 5.932, -7.36]","[32.475, 9.18, 0]",13.220460686265966,"Catalogue maximum proxy only; selected products, actual supply, protection, inrush, installation, origin voltage drop and engineering approval pending",1.5,,,
drop:LC1:LA:light:-1:L77,LA → Roof uplight · axis 9,LC1,DB1,LA,light,drop,"[""L77""]",10.200418805696332,10.200418805696332,One modeled mains trunk/branch/local/feeder piece,32,0.048,32,40.0,,,,,,,,,,,ENGINEERING HOLD,"[{""case_id"": ""S1-230-PF09-45C-4"", ""voltage_v"": 230, ""pf"": 0.9, ""maximum_proxy_current_a"": 0.15458937198067632, ""planning_current_a"": 0.1932367149758454, ""comparison_breaker_a"": 6, ""comparison_area_mm2"": 1.5, ""comparison_conductors"": ""3 copper cores (L/N/PE), assumed single-phase; actual PE and phases pending"", ""corrected_ampacity_a"": 7.702500000000001, ""temperature_grouping_factor"": 0.5135000000000001, ""segment_vdrop_bound_v"": 0.06260199058336531, ""allocated_segment_vdrop_percent"": 1, ""path_vdrop_bound_from_db1_v"": 1.2237666178264528, ""path_vdrop_percent_from_db1"": 0.5320724425332404, ""whole_installation_vdrop_percent"": null, ""status"": ""CONDITIONAL SCREEN ONLY"", ""comparison_path_target_percent"": 3, ""comparison_path_screen"": true}, {""case_id"": ""S2-220-PF08-50C-6"", ""voltage_v"": 220, ""pf"": 0.8, ""maximum_proxy_current_a"": 0.18181818181818182, ""planning_current_a"": 0.22727272727272727, ""comparison_breaker_a"": 6, ""comparison_area_mm2"": 1.5, ""comparison_conductors"": ""3 copper cores (L/N/PE), assumed single-phase; actual PE and phases pending"", ""corrected_ampacity_a"": 6.070499999999999, ""temperature_grouping_factor"": 0.40469999999999995, ""segment_vdrop_bound_v"": 0.07362847756111715, ""allocated_segment_vdrop_percent"": 1, ""path_vdrop_bound_from_db1_v"": 1.3334863729015423, ""path_vdrop_percent_from_db1"": 0.606130169500701, ""whole_installation_vdrop_percent"": null, ""status"": ""CONDITIONAL SCREEN ONLY"", ""comparison_path_target_percent"": 3, ""comparison_path_screen"": true}]","Above lining / beam tops, short covered joint and rear-face return to fitting. Roof access, rafter/tie interface and removable cover details pending; no timber drilling / notching.","[36.975, 5.932, -7.36]","[36.975, 9.18, 0]",13.220460686265966,"Catalogue maximum proxy only; selected products, actual supply, protection, inrush, installation, origin voltage drop and engineering approval pending",1.5,,,
trunk:LC1:LD:light:-1,LD · B · circuit trunk,LC1,DB1,LD,light,trunk,"[""L78"", ""L79"", ""L80"", ""L81"", ""L82"", ""L84"", ""L86"", ""L88"", ""L90"", ""L92"", ""L94"", ""L96""]",62.29813031117919,62.29813031117919,One modeled mains trunk/branch/local/feeder piece,230.36170212765958,0.3455425531914894,230.36170212765958,287.9521276595745,,,,,,,,,,,ENGINEERING HOLD,"[{""case_id"": ""S1-230-PF09-45C-4"", ""voltage_v"": 230, ""pf"": 0.9, ""maximum_proxy_current_a"": 1.112858464384829, ""planning_current_a"": 1.3910730804810363, ""comparison_breaker_a"": 6, ""comparison_area_mm2"": 2.5, ""comparison_conductors"": ""3 copper cores (L/N/PE), assumed single-phase; actual PE and phases pending"", ""corrected_ampacity_a"": 10.270000000000001, ""temperature_grouping_factor"": 0.5135000000000001, ""segment_vdrop_bound_v"": 1.6569631390082618, ""allocated_segment_vdrop_percent"": 1, ""path_vdrop_bound_from_db1_v"": 1.905012311014978, ""path_vdrop_percent_from_db1"": 0.8282662221804251, ""whole_installation_vdrop_percent"": null, ""status"": ""CONDITIONAL SCREEN ONLY"", ""comparison_path_target_percent"": 3, ""comparison_path_screen"": true}, {""case_id"": ""S2-220-PF08-50C-6"", ""voltage_v"": 220, ""pf"": 0.8, ""maximum_proxy_current_a"": 1.3088733075435204, ""planning_current_a"": 1.6360916344294005, ""comparison_breaker_a"": 6, ""comparison_area_mm2"": 2.5, ""comparison_conductors"": ""3 copper cores (L/N/PE), assumed single-phase; actual PE and phases pending"", ""corrected_ampacity_a"": 8.094, ""temperature_grouping_factor"": 0.40469999999999995, ""segment_vdrop_bound_v"": 1.9488146009926715, ""allocated_segment_vdrop_percent"": 1, ""path_vdrop_bound_from_db1_v"": 2.134724205231228, ""path_vdrop_percent_from_db1"": 0.9703291841960127, ""whole_installation_vdrop_percent"": null, ""status"": ""CONDITIONAL SCREEN ONLY"", ""comparison_path_target_percent"": 3, ""comparison_path_screen"": true}]",Wall bands above openings; concealed finish-matched soffit crossing over the 9–10 wing opening.,"[48.895, 1.85, -0.55]","[9.975000000000001, 5.94, -7.36]",70.52794334229712,"Catalogue maximum proxy only; selected products, actual supply, protection, inrush, installation, origin voltage drop and engineering approval pending",2.5,,,
drop:LC1:LD:light:-1:L78,LD → Chandelier · bay 4–5,LC1,DB1,LD,light,drop,"[""L78""]",16.276314927469798,16.276314927469798,One modeled mains trunk/branch/local/feeder piece,36,0.054,36,45.0,,,,,,,,,,,ENGINEERING HOLD,"[{""case_id"": ""S1-230-PF09-45C-4"", ""voltage_v"": 230, ""pf"": 0.9, ""maximum_proxy_current_a"": 0.17391304347826086, ""planning_current_a"": 0.21739130434782608, ""comparison_breaker_a"": 6, ""comparison_area_mm2"": 1.5, ""comparison_conductors"": ""3 copper cores (L/N/PE), assumed single-phase; actual PE and phases pending"", ""corrected_ampacity_a"": 7.702500000000001, ""temperature_grouping_factor"": 0.5135000000000001, ""segment_vdrop_bound_v"": 0.11237733958618278, ""allocated_segment_vdrop_percent"": 1, ""path_vdrop_bound_from_db1_v"": 1.8378577588342784, ""path_vdrop_percent_from_db1"": 0.7990685907975124, ""whole_installation_vdrop_percent"": null, ""status"": ""CONDITIONAL SCREEN ONLY"", ""comparison_path_target_percent"": 3, ""comparison_path_screen"": true}, {""case_id"": ""S2-220-PF08-50C-6"", ""voltage_v"": 220, ""pf"": 0.8, ""maximum_proxy_current_a"": 0.20454545454545456, ""planning_current_a"": 0.2556818181818182, ""comparison_breaker_a"": 6, ""comparison_area_mm2"": 1.5, ""comparison_conductors"": ""3 copper cores (L/N/PE), assumed single-phase; actual PE and phases pending"", ""corrected_ampacity_a"": 6.070499999999999, ""temperature_grouping_factor"": 0.40469999999999995, ""segment_vdrop_bound_v"": 0.13217107553602175, ""allocated_segment_vdrop_percent"": 1, ""path_vdrop_bound_from_db1_v"": 2.0557412944277913, ""path_vdrop_percent_from_db1"": 0.9344278611035416, ""whole_installation_vdrop_percent"": null, ""status"": ""CONDITIONAL SCREEN ONLY"", ""comparison_path_target_percent"": 3, ""comparison_path_screen"": true}]","Above nave lining / covered soffit route at wings and verandas; cable continues inside the existing pendant stem. Roof build-up, supports and access pending.","[16.725, 5.94, -7.36]","[16.725, 6.3, 0]",19.90394642021678,"Catalogue maximum proxy only; selected products, actual supply, protection, inrush, installation, origin voltage drop and engineering approval pending",1.5,,,
drop:LC1:LD:light:-1:L79,LD → Chandelier · bay 6–7,LC1,DB1,LD,light,drop,"[""L79""]",16.276314927469798,16.276314927469798,One modeled mains trunk/branch/local/feeder piece,36,0.054,36,45.0,,,,,,,,,,,ENGINEERING HOLD,"[{""case_id"": ""S1-230-PF09-45C-4"", ""voltage_v"": 230, ""pf"": 0.9, ""maximum_proxy_current_a"": 0.17391304347826086, ""planning_current_a"": 0.21739130434782608, ""comparison_breaker_a"": 6, ""comparison_area_mm2"": 1.5, ""comparison_conductors"": ""3 copper cores (L/N/PE), assumed single-phase; actual PE and phases pending"", ""corrected_ampacity_a"": 7.702500000000001, ""temperature_grouping_factor"": 0.5135000000000001, ""segment_vdrop_bound_v"": 0.11237733958618278, ""allocated_segment_vdrop_percent"": 1, ""path_vdrop_bound_from_db1_v"": 1.5984819031451014, ""path_vdrop_percent_from_db1"": 0.694992131802218, ""whole_installation_vdrop_percent"": null, ""status"": ""CONDITIONAL SCREEN ONLY"", ""comparison_path_target_percent"": 3, ""comparison_path_screen"": true}, {""case_id"": ""S2-220-PF08-50C-6"", ""voltage_v"": 220, ""pf"": 0.8, ""maximum_proxy_current_a"": 0.20454545454545456, ""planning_current_a"": 0.2556818181818182, ""comparison_breaker_a"": 6, ""comparison_area_mm2"": 1.5, ""comparison_conductors"": ""3 copper cores (L/N/PE), assumed single-phase; actual PE and phases pending"", ""corrected_ampacity_a"": 6.070499999999999, ""temperature_grouping_factor"": 0.40469999999999995, ""segment_vdrop_bound_v"": 0.13217107553602175, ""allocated_segment_vdrop_percent"": 1, ""path_vdrop_bound_from_db1_v"": 1.77420264597518, ""path_vdrop_percent_from_db1"": 0.8064557481705364, ""whole_installation_vdrop_percent"": null, ""status"": ""CONDITIONAL SCREEN ONLY"", ""comparison_path_target_percent"": 3, ""comparison_path_screen"": true}]","Above nave lining / covered soffit route at wings and verandas; cable continues inside the existing pendant stem. Roof build-up, supports and access pending.","[25.725, 5.94, -7.36]","[25.725, 6.3, 0]",19.90394642021678,"Catalogue maximum proxy only; selected products, actual supply, protection, inrush, installation, origin voltage drop and engineering approval pending",1.5,,,
drop:LC1:LD:light:-1:L80,LD → Chandelier · bay 8–9,LC1,DB1,LD,light,drop,"[""L80""]",16.276314927469798,16.276314927469798,One modeled mains trunk/branch/local/feeder piece,36,0.054,36,45.0,,,,,,,,,,,ENGINEERING HOLD,"[{""case_id"": ""S1-230-PF09-45C-4"", ""voltage_v"": 230, ""pf"": 0.9, ""maximum_proxy_current_a"": 0.17391304347826086, ""planning_current_a"": 0.21739130434782608, ""comparison_breaker_a"": 6, ""comparison_area_mm2"": 1.5, ""comparison_conductors"": ""3 copper cores (L/N/PE), assumed single-phase; actual PE and phases pending"", ""corrected_ampacity_a"": 7.702500000000001, ""temperature_grouping_factor"": 0.5135000000000001, ""segment_vdrop_bound_v"": 0.11237733958618278, ""allocated_segment_vdrop_percent"": 1, ""path_vdrop_bound_from_db1_v"": 1.3591060474559247, ""path_vdrop_percent_from_db1"": 0.5909156728069238, ""whole_installation_vdrop_percent"": null, ""status"": ""CONDITIONAL SCREEN ONLY"", ""comparison_path_target_percent"": 3, ""comparison_path_screen"": true}, {""case_id"": ""S2-220-PF08-50C-6"", ""voltage_v"": 220, ""pf"": 0.8, ""maximum_proxy_current_a"": 0.20454545454545456, ""planning_current_a"": 0.2556818181818182, ""comparison_breaker_a"": 6, ""comparison_area_mm2"": 1.5, ""comparison_conductors"": ""3 copper cores (L/N/PE), assumed single-phase; actual PE and phases pending"", ""corrected_ampacity_a"": 6.070499999999999, ""temperature_grouping_factor"": 0.40469999999999995, ""segment_vdrop_bound_v"": 0.13217107553602175, ""allocated_segment_vdrop_percent"": 1, ""path_vdrop_bound_from_db1_v"": 1.4926639975225686, ""path_vdrop_percent_from_db1"": 0.6784836352375312, ""whole_installation_vdrop_percent"": null, ""status"": ""CONDITIONAL SCREEN ONLY"", ""comparison_path_target_percent"": 3, ""comparison_path_screen"": true}]","Above nave lining / covered soffit route at wings and verandas; cable continues inside the existing pendant stem. Roof build-up, supports and access pending.","[34.725, 5.94, -7.36]","[34.725, 6.3, 0]",19.90394642021678,"Catalogue maximum proxy only; selected products, actual supply, protection, inrush, installation, origin voltage drop and engineering approval pending",1.5,,,
drop:LC1:LD:light:-1:L81,LD → Grand chandelier · crossing 9–10,LC1,DB1,LD,light,drop,"[""L81""]",11.56464294113543,11.56464294113543,One modeled mains trunk/branch/local/feeder piece,54,0.081,54,67.5,,,,,,,,,,,ENGINEERING HOLD,"[{""case_id"": ""S1-230-PF09-45C-4"", ""voltage_v"": 230, ""pf"": 0.9, ""maximum_proxy_current_a"": 0.2608695652173913, ""planning_current_a"": 0.32608695652173914, ""comparison_breaker_a"": 6, ""comparison_area_mm2"": 1.5, ""comparison_conductors"": ""3 copper cores (L/N/PE), assumed single-phase; actual PE and phases pending"", ""corrected_ampacity_a"": 7.702500000000001, ""temperature_grouping_factor"": 0.5135000000000001, ""segment_vdrop_bound_v"": 0.1197694760251504, ""allocated_segment_vdrop_percent"": 1, ""path_vdrop_bound_from_db1_v"": 1.1588245974619915, ""path_vdrop_percent_from_db1"": 0.5038367815052137, ""whole_installation_vdrop_percent"": null, ""status"": ""CONDITIONAL SCREEN ONLY"", ""comparison_path_target_percent"": 3, ""comparison_path_screen"": true}, {""case_id"": ""S2-220-PF08-50C-6"", ""voltage_v"": 220, ""pf"": 0.8, ""maximum_proxy_current_a"": 0.3068181818181818, ""planning_current_a"": 0.3835227272727273, ""comparison_breaker_a"": 6, ""comparison_area_mm2"": 1.5, ""comparison_conductors"": ""3 copper cores (L/N/PE), assumed single-phase; actual PE and phases pending"", ""corrected_ampacity_a"": 6.070499999999999, ""temperature_grouping_factor"": 0.40469999999999995, ""segment_vdrop_bound_v"": 0.14086523600685302, ""allocated_segment_vdrop_percent"": 1, ""path_vdrop_bound_from_db1_v"": 1.2571057012228861, ""path_vdrop_percent_from_db1"": 0.5714116823740392, ""whole_installation_vdrop_percent"": null, ""status"": ""CONDITIONAL SCREEN ONLY"", ""comparison_path_target_percent"": 3, ""comparison_path_screen"": true}]","Above nave lining / covered soffit route at wings and verandas; cable continues inside the existing pendant stem. Roof build-up, supports and access pending.","[40.575, 9.269999999999989, -7.36]","[40.575, 9.2, 0]",14.721107235248974,"Catalogue maximum proxy only; selected products, actual supply, protection, inrush, installation, origin voltage drop and engineering approval pending",1.5,,,
drop:LC1:LD:light:-1:L82,LD → Sconce · axis 3 · B,LC1,DB1,LD,light,drop,"[""L82""]",1.6300000000000008,1.6300000000000008,One modeled mains trunk/branch/local/feeder piece,9,0.0135,9,11.25,,,,,,,,,,,ENGINEERING HOLD,"[{""case_id"": ""S1-230-PF09-45C-4"", ""voltage_v"": 230, ""pf"": 0.9, ""maximum_proxy_current_a"": 0.043478260869565216, ""planning_current_a"": 0.05434782608695652, ""comparison_breaker_a"": 6, ""comparison_area_mm2"": 1.5, ""comparison_conductors"": ""3 copper cores (L/N/PE), assumed single-phase; actual PE and phases pending"", ""corrected_ampacity_a"": 7.702500000000001, ""temperature_grouping_factor"": 0.5135000000000001, ""segment_vdrop_bound_v"": 0.0028135217391304355, ""allocated_segment_vdrop_percent"": 1, ""path_vdrop_bound_from_db1_v"": 1.9078258327541082, ""path_vdrop_percent_from_db1"": 0.8294894925017862, ""whole_installation_vdrop_percent"": null, ""status"": ""CONDITIONAL SCREEN ONLY"", ""comparison_path_target_percent"": 3, ""comparison_path_screen"": true}, {""case_id"": ""S2-220-PF08-50C-6"", ""voltage_v"": 220, ""pf"": 0.8, ""maximum_proxy_current_a"": 0.05113636363636364, ""planning_current_a"": 0.06392045454545454, ""comparison_breaker_a"": 6, ""comparison_area_mm2"": 1.5, ""comparison_conductors"": ""3 copper cores (L/N/PE), assumed single-phase; actual PE and phases pending"", ""corrected_ampacity_a"": 6.070499999999999, ""temperature_grouping_factor"": 0.40469999999999995, ""segment_vdrop_bound_v"": 0.0033090852272727282, ""allocated_segment_vdrop_percent"": 1, ""path_vdrop_bound_from_db1_v"": 2.1380332904585004, ""path_vdrop_percent_from_db1"": 0.9718333138447729, ""whole_installation_vdrop_percent"": null, ""status"": ""CONDITIONAL SCREEN ONLY"", ""comparison_path_target_percent"": 3, ""comparison_path_screen"": true}]",Concealed solid-pier / wall drop and local termination.,"[9.975000000000001, 5.94, -7.36]","[9.975, 4.6, -7.07]",3.793000000000001,"Catalogue maximum proxy only; selected products, actual supply, protection, inrush, installation, origin voltage drop and engineering approval pending",1.5,,,
drop:LC1:LD:light:-1:L84,LD → Sconce · axis 4 · B,LC1,DB1,LD,light,drop,"[""L84""]",1.6300000000000008,1.6300000000000008,One modeled mains trunk/branch/local/feeder piece,9,0.0135,9,11.25,,,,,,,,,,,ENGINEERING HOLD,"[{""case_id"": ""S1-230-PF09-45C-4"", ""voltage_v"": 230, ""pf"": 0.9, ""maximum_proxy_current_a"": 0.043478260869565216, ""planning_current_a"": 0.05434782608695652, ""comparison_breaker_a"": 6, ""comparison_area_mm2"": 1.5, ""comparison_conductors"": ""3 copper cores (L/N/PE), assumed single-phase; actual PE and phases pending"", ""corrected_ampacity_a"": 7.702500000000001, ""temperature_grouping_factor"": 0.5135000000000001, ""segment_vdrop_bound_v"": 0.0028135217391304355, ""allocated_segment_vdrop_percent"": 1, ""path_vdrop_bound_from_db1_v"": 1.7881379049095198, ""path_vdrop_percent_from_db1"": 0.777451263004139, ""whole_installation_vdrop_percent"": null, ""status"": ""CONDITIONAL SCREEN ONLY"", ""comparison_path_target_percent"": 3, ""comparison_path_screen"": true}, {""case_id"": ""S2-220-PF08-50C-6"", ""voltage_v"": 220, ""pf"": 0.8, ""maximum_proxy_current_a"": 0.05113636363636364, ""planning_current_a"": 0.06392045454545454, ""comparison_breaker_a"": 6, ""comparison_area_mm2"": 1.5, ""comparison_conductors"": ""3 copper cores (L/N/PE), assumed single-phase; actual PE and phases pending"", ""corrected_ampacity_a"": 6.070499999999999, ""temperature_grouping_factor"": 0.40469999999999995, ""segment_vdrop_bound_v"": 0.0033090852272727282, ""allocated_segment_vdrop_percent"": 1, ""path_vdrop_bound_from_db1_v"": 1.997263966232195, ""path_vdrop_percent_from_db1"": 0.9078472573782704, ""whole_installation_vdrop_percent"": null, ""status"": ""CONDITIONAL SCREEN ONLY"", ""comparison_path_target_percent"": 3, ""comparison_path_screen"": true}]",Concealed solid-pier / wall drop and local termination.,"[14.475000000000001, 5.94, -7.36]","[14.475, 4.6, -7.07]",3.793000000000001,"Catalogue maximum proxy only; selected products, actual supply, protection, inrush, installation, origin voltage drop and engineering approval pending",1.5,,,
drop:LC1:LD:light:-1:L86,LD → Sconce · axis 5 · B,LC1,DB1,LD,light,drop,"[""L86""]",1.6300000000000008,1.6300000000000008,One modeled mains trunk/branch/local/feeder piece,9,0.0135,9,11.25,,,,,,,,,,,ENGINEERING HOLD,"[{""case_id"": ""S1-230-PF09-45C-4"", ""voltage_v"": 230, ""pf"": 0.9, ""maximum_proxy_current_a"": 0.043478260869565216, ""planning_current_a"": 0.05434782608695652, ""comparison_breaker_a"": 6, ""comparison_area_mm2"": 1.5, ""comparison_conductors"": ""3 copper cores (L/N/PE), assumed single-phase; actual PE and phases pending"", ""corrected_ampacity_a"": 7.702500000000001, ""temperature_grouping_factor"": 0.5135000000000001, ""segment_vdrop_bound_v"": 0.0028135217391304355, ""allocated_segment_vdrop_percent"": 1, ""path_vdrop_bound_from_db1_v"": 1.6684499770649317, ""path_vdrop_percent_from_db1"": 0.725413033506492, ""whole_installation_vdrop_percent"": null, ""status"": ""CONDITIONAL SCREEN ONLY"", ""comparison_path_target_percent"": 3, ""comparison_path_screen"": true}, {""case_id"": ""S2-220-PF08-50C-6"", ""voltage_v"": 220, ""pf"": 0.8, ""maximum_proxy_current_a"": 0.05113636363636364, ""planning_current_a"": 0.06392045454545454, ""comparison_breaker_a"": 6, ""comparison_area_mm2"": 1.5, ""comparison_conductors"": ""3 copper cores (L/N/PE), assumed single-phase; actual PE and phases pending"", ""corrected_ampacity_a"": 6.070499999999999, ""temperature_grouping_factor"": 0.40469999999999995, ""segment_vdrop_bound_v"": 0.0033090852272727282, ""allocated_segment_vdrop_percent"": 1, ""path_vdrop_bound_from_db1_v"": 1.8564946420058894, ""path_vdrop_percent_from_db1"": 0.8438612009117679, ""whole_installation_vdrop_percent"": null, ""status"": ""CONDITIONAL SCREEN ONLY"", ""comparison_path_target_percent"": 3, ""comparison_path_screen"": true}]",Concealed solid-pier / wall drop and local termination.,"[18.975, 5.94, -7.36]","[18.975, 4.6, -7.07]",3.793000000000001,"Catalogue maximum proxy only; selected products, actual supply, protection, inrush, installation, origin voltage drop and engineering approval pending",1.5,,,
drop:LC1:LD:light:-1:L88,LD → Sconce · axis 6 · B,LC1,DB1,LD,light,drop,"[""L88""]",1.6300000000000008,1.6300000000000008,One modeled mains trunk/branch/local/feeder piece,9,0.0135,9,11.25,,,,,,,,,,,ENGINEERING HOLD,"[{""case_id"": ""S1-230-PF09-45C-4"", ""voltage_v"": 230, ""pf"": 0.9, ""maximum_proxy_current_a"": 0.043478260869565216, ""planning_current_a"": 0.05434782608695652, ""comparison_breaker_a"": 6, ""comparison_area_mm2"": 1.5, ""comparison_conductors"": ""3 copper cores (L/N/PE), assumed single-phase; actual PE and phases pending"", ""corrected_ampacity_a"": 7.702500000000001, ""temperature_grouping_factor"": 0.5135000000000001, ""segment_vdrop_bound_v"": 0.0028135217391304355, ""allocated_segment_vdrop_percent"": 1, ""path_vdrop_bound_from_db1_v"": 1.5487620492203433, ""path_vdrop_percent_from_db1"": 0.673374804008845, ""whole_installation_vdrop_percent"": null, ""status"": ""CONDITIONAL SCREEN ONLY"", ""comparison_path_target_percent"": 3, ""comparison_path_screen"": true}, {""case_id"": ""S2-220-PF08-50C-6"", ""voltage_v"": 220, ""pf"": 0.8, ""maximum_proxy_current_a"": 0.05113636363636364, ""planning_current_a"": 0.06392045454545454, ""comparison_breaker_a"": 6, ""comparison_area_mm2"": 1.5, ""comparison_conductors"": ""3 copper cores (L/N/PE), assumed single-phase; actual PE and phases pending"", ""corrected_ampacity_a"": 6.070499999999999, ""temperature_grouping_factor"": 0.40469999999999995, ""segment_vdrop_bound_v"": 0.0033090852272727282, ""allocated_segment_vdrop_percent"": 1, ""path_vdrop_bound_from_db1_v"": 1.7157253177795837, ""path_vdrop_percent_from_db1"": 0.7798751444452653, ""whole_installation_vdrop_percent"": null, ""status"": ""CONDITIONAL SCREEN ONLY"", ""comparison_path_target_percent"": 3, ""comparison_path_screen"": true}]",Concealed solid-pier / wall drop and local termination.,"[23.475, 5.94, -7.36]","[23.475, 4.6, -7.07]",3.793000000000001,"Catalogue maximum proxy only; selected products, actual supply, protection, inrush, installation, origin voltage drop and engineering approval pending",1.5,,,
drop:LC1:LD:light:-1:L90,LD → Sconce · axis 7 · B,LC1,DB1,LD,light,drop,"[""L90""]",1.6300000000000008,1.6300000000000008,One modeled mains trunk/branch/local/feeder piece,9,0.0135,9,11.25,,,,,,,,,,,ENGINEERING HOLD,"[{""case_id"": ""S1-230-PF09-45C-4"", ""voltage_v"": 230, ""pf"": 0.9, ""maximum_proxy_current_a"": 0.043478260869565216, ""planning_current_a"": 0.05434782608695652, ""comparison_breaker_a"": 6, ""comparison_area_mm2"": 1.5, ""comparison_conductors"": ""3 copper cores (L/N/PE), assumed single-phase; actual PE and phases pending"", ""corrected_ampacity_a"": 7.702500000000001, ""temperature_grouping_factor"": 0.5135000000000001, ""segment_vdrop_bound_v"": 0.0028135217391304355, ""allocated_segment_vdrop_percent"": 1, ""path_vdrop_bound_from_db1_v"": 1.429074121375755, ""path_vdrop_percent_from_db1"": 0.6213365745111978, ""whole_installation_vdrop_percent"": null, ""status"": ""CONDITIONAL SCREEN ONLY"", ""comparison_path_target_percent"": 3, ""comparison_path_screen"": true}, {""case_id"": ""S2-220-PF08-50C-6"", ""voltage_v"": 220, ""pf"": 0.8, ""maximum_proxy_current_a"": 0.05113636363636364, ""planning_current_a"": 0.06392045454545454, ""comparison_breaker_a"": 6, ""comparison_area_mm2"": 1.5, ""comparison_conductors"": ""3 copper cores (L/N/PE), assumed single-phase; actual PE and phases pending"", ""corrected_ampacity_a"": 6.070499999999999, ""temperature_grouping_factor"": 0.40469999999999995, ""segment_vdrop_bound_v"": 0.0033090852272727282, ""allocated_segment_vdrop_percent"": 1, ""path_vdrop_bound_from_db1_v"": 1.574955993553278, ""path_vdrop_percent_from_db1"": 0.7158890879787626, ""whole_installation_vdrop_percent"": null, ""status"": ""CONDITIONAL SCREEN ONLY"", ""comparison_path_target_percent"": 3, ""comparison_path_screen"": true}]",Concealed solid-pier / wall drop and local termination.,"[27.975, 5.94, -7.36]","[27.975, 4.6, -7.07]",3.793000000000001,"Catalogue maximum proxy only; selected products, actual supply, protection, inrush, installation, origin voltage drop and engineering approval pending",1.5,,,
drop:LC1:LD:light:-1:L92,LD → Sconce · axis 8 · B,LC1,DB1,LD,light,drop,"[""L92""]",1.6300000000000008,1.6300000000000008,One modeled mains trunk/branch/local/feeder piece,9,0.0135,9,11.25,,,,,,,,,,,ENGINEERING HOLD,"[{""case_id"": ""S1-230-PF09-45C-4"", ""voltage_v"": 230, ""pf"": 0.9, ""maximum_proxy_current_a"": 0.043478260869565216, ""planning_current_a"": 0.05434782608695652, ""comparison_breaker_a"": 6, ""comparison_area_mm2"": 1.5, ""comparison_conductors"": ""3 copper cores (L/N/PE), assumed single-phase; actual PE and phases pending"", ""corrected_ampacity_a"": 7.702500000000001, ""temperature_grouping_factor"": 0.5135000000000001, ""segment_vdrop_bound_v"": 0.0028135217391304355, ""allocated_segment_vdrop_percent"": 1, ""path_vdrop_bound_from_db1_v"": 1.3093861935311666, ""path_vdrop_percent_from_db1"": 0.5692983450135507, ""whole_installation_vdrop_percent"": null, ""status"": ""CONDITIONAL SCREEN ONLY"", ""comparison_path_target_percent"": 3, ""comparison_path_screen"": true}, {""case_id"": ""S2-220-PF08-50C-6"", ""voltage_v"": 220, ""pf"": 0.8, ""maximum_proxy_current_a"": 0.05113636363636364, ""planning_current_a"": 0.06392045454545454, ""comparison_breaker_a"": 6, ""comparison_area_mm2"": 1.5, ""comparison_conductors"": ""3 copper cores (L/N/PE), assumed single-phase; actual PE and phases pending"", ""corrected_ampacity_a"": 6.070499999999999, ""temperature_grouping_factor"": 0.40469999999999995, ""segment_vdrop_bound_v"": 0.0033090852272727282, ""allocated_segment_vdrop_percent"": 1, ""path_vdrop_bound_from_db1_v"": 1.4341866693269725, ""path_vdrop_percent_from_db1"": 0.6519030315122603, ""whole_installation_vdrop_percent"": null, ""status"": ""CONDITIONAL SCREEN ONLY"", ""comparison_path_target_percent"": 3, ""comparison_path_screen"": true}]",Concealed solid-pier / wall drop and local termination.,"[32.475, 5.94, -7.36]","[32.475, 4.6, -7.07]",3.793000000000001,"Catalogue maximum proxy only; selected products, actual supply, protection, inrush, installation, origin voltage drop and engineering approval pending",1.5,,,
drop:LC1:LD:light:-1:L94,LD → Sconce · axis 9 · B,LC1,DB1,LD,light,drop,"[""L94""]",1.6300000000000008,1.6300000000000008,One modeled mains trunk/branch/local/feeder piece,9,0.0135,9,11.25,,,,,,,,,,,ENGINEERING HOLD,"[{""case_id"": ""S1-230-PF09-45C-4"", ""voltage_v"": 230, ""pf"": 0.9, ""maximum_proxy_current_a"": 0.043478260869565216, ""planning_current_a"": 0.05434782608695652, ""comparison_breaker_a"": 6, ""comparison_area_mm2"": 1.5, ""comparison_conductors"": ""3 copper cores (L/N/PE), assumed single-phase; actual PE and phases pending"", ""corrected_ampacity_a"": 7.702500000000001, ""temperature_grouping_factor"": 0.5135000000000001, ""segment_vdrop_bound_v"": 0.0028135217391304355, ""allocated_segment_vdrop_percent"": 1, ""path_vdrop_bound_from_db1_v"": 1.1896982656865782, ""path_vdrop_percent_from_db1"": 0.5172601155159036, ""whole_installation_vdrop_percent"": null, ""status"": ""CONDITIONAL SCREEN ONLY"", ""comparison_path_target_percent"": 3, ""comparison_path_screen"": true}, {""case_id"": ""S2-220-PF08-50C-6"", ""voltage_v"": 220, ""pf"": 0.8, ""maximum_proxy_current_a"": 0.05113636363636364, ""planning_current_a"": 0.06392045454545454, ""comparison_breaker_a"": 6, ""comparison_area_mm2"": 1.5, ""comparison_conductors"": ""3 copper cores (L/N/PE), assumed single-phase; actual PE and phases pending"", ""corrected_ampacity_a"": 6.070499999999999, ""temperature_grouping_factor"": 0.40469999999999995, ""segment_vdrop_bound_v"": 0.0033090852272727282, ""allocated_segment_vdrop_percent"": 1, ""path_vdrop_bound_from_db1_v"": 1.293417345100667, ""path_vdrop_percent_from_db1"": 0.5879169750457577, ""whole_installation_vdrop_percent"": null, ""status"": ""CONDITIONAL SCREEN ONLY"", ""comparison_path_target_percent"": 3, ""comparison_path_screen"": true}]",Concealed solid-pier / wall drop and local termination.,"[36.975, 5.94, -7.36]","[36.975, 4.6, -7.07]",3.793000000000001,"Catalogue maximum proxy only; selected products, actual supply, protection, inrush, installation, origin voltage drop and engineering approval pending",1.5,,,
drop:LC1:LD:light:-1:L96,LD → Sconce · sanctuary pier · B,LC1,DB1,LD,light,drop,"[""L96""]",7.805000000000003,7.805000000000003,One modeled mains trunk/branch/local/feeder piece,5.361702127659575,0.008042553191489362,5.361702127659575,6.702127659574469,,,,,,,,,,,ENGINEERING HOLD,"[{""case_id"": ""S1-230-PF09-45C-4"", ""voltage_v"": 230, ""pf"": 0.9, ""maximum_proxy_current_a"": 0.02590194264569843, ""planning_current_a"": 0.032377428307123035, ""comparison_breaker_a"": 6, ""comparison_area_mm2"": 1.5, ""comparison_conductors"": ""3 copper cores (L/N/PE), assumed single-phase; actual PE and phases pending"", ""corrected_ampacity_a"": 7.702500000000001, ""temperature_grouping_factor"": 0.5135000000000001, ""segment_vdrop_bound_v"": 0.008025937095282149, ""allocated_segment_vdrop_percent"": 1, ""path_vdrop_bound_from_db1_v"": 0.7842180387042185, ""path_vdrop_percent_from_db1"": 0.340964364654008, ""whole_installation_vdrop_percent"": null, ""status"": ""CONDITIONAL SCREEN ONLY"", ""comparison_path_target_percent"": 3, ""comparison_path_screen"": true}, {""case_id"": ""S2-220-PF08-50C-6"", ""voltage_v"": 220, ""pf"": 0.8, ""maximum_proxy_current_a"": 0.0304642166344294, ""planning_current_a"": 0.038080270793036754, ""comparison_breaker_a"": 6, ""comparison_area_mm2"": 1.5, ""comparison_conductors"": ""3 copper cores (L/N/PE), assumed single-phase; actual PE and phases pending"", ""corrected_ampacity_a"": 6.070499999999999, ""temperature_grouping_factor"": 0.40469999999999995, ""segment_vdrop_bound_v"": 0.009439596470019348, ""allocated_segment_vdrop_percent"": 1, ""path_vdrop_bound_from_db1_v"": 0.8165173054111868, ""path_vdrop_percent_from_db1"": 0.37114422973235767, ""whole_installation_vdrop_percent"": null, ""status"": ""CONDITIONAL SCREEN ONLY"", ""comparison_path_target_percent"": 3, ""comparison_path_screen"": true}]",Back-wall band to service space behind chamber lining; local termination behind the fitting / cornice. Removable lining and cable-entry detail pending.,"[48.5, 5.94, -7.36]","[46.455, 4.3, -3.2399999999999998]",10.585500000000005,"Catalogue maximum proxy only; selected products, actual supply, protection, inrush, installation, origin voltage drop and engineering approval pending",1.5,,,
trunk:LC1:LD:light:1,LD · H · circuit trunk,LC1,DB1,LD,light,trunk,"[""L83"", ""L85"", ""L87"", ""L89"", ""L91"", ""L93"", ""L95"", ""L97""]",68.89813031117919,68.89813031117919,One modeled mains trunk/branch/local/feeder piece,68.36170212765957,0.10254255319148936,68.36170212765957,85.45212765957446,,,,,,,,,,,ENGINEERING HOLD,"[{""case_id"": ""S1-230-PF09-45C-4"", ""voltage_v"": 230, ""pf"": 0.9, ""maximum_proxy_current_a"": 0.33024976873265494, ""planning_current_a"": 0.41281221091581866, ""comparison_breaker_a"": 6, ""comparison_area_mm2"": 1.5, ""comparison_conductors"": ""3 copper cores (L/N/PE), assumed single-phase; actual PE and phases pending"", ""corrected_ampacity_a"": 7.702500000000001, ""temperature_grouping_factor"": 0.5135000000000001, ""segment_vdrop_bound_v"": 0.9033175865747561, ""allocated_segment_vdrop_percent"": 1, ""path_vdrop_bound_from_db1_v"": 1.1513667585814722, ""path_vdrop_percent_from_db1"": 0.5005942428615097, ""whole_installation_vdrop_percent"": null, ""status"": ""CONDITIONAL SCREEN ONLY"", ""comparison_path_target_percent"": 3, ""comparison_path_screen"": true}, {""case_id"": ""S2-220-PF08-50C-6"", ""voltage_v"": 220, ""pf"": 0.8, ""maximum_proxy_current_a"": 0.3884187620889748, ""planning_current_a"": 0.4855234526112185, ""comparison_breaker_a"": 6, ""comparison_area_mm2"": 1.5, ""comparison_conductors"": ""3 copper cores (L/N/PE), assumed single-phase; actual PE and phases pending"", ""corrected_ampacity_a"": 6.070499999999999, ""temperature_grouping_factor"": 0.40469999999999995, ""segment_vdrop_bound_v"": 1.0624246614828097, ""allocated_segment_vdrop_percent"": 1, ""path_vdrop_bound_from_db1_v"": 1.248334265721366, ""path_vdrop_percent_from_db1"": 0.5674246662369845, ""whole_installation_vdrop_percent"": null, ""status"": ""CONDITIONAL SCREEN ONLY"", ""comparison_path_target_percent"": 3, ""comparison_path_screen"": true}]",Wall bands above openings; concealed finish-matched soffit crossing over the 9–10 wing opening.,"[48.895, 1.85, -0.55]","[9.975000000000001, 5.94, 7.36]",77.78794334229711,"Catalogue maximum proxy only; selected products, actual supply, protection, inrush, installation, origin voltage drop and engineering approval pending",1.5,,,
drop:LC1:LD:light:1:L83,LD → Sconce · axis 3 · H,LC1,DB1,LD,light,drop,"[""L83""]",1.6300000000000008,1.6300000000000008,One modeled mains trunk/branch/local/feeder piece,9,0.0135,9,11.25,,,,,,,,,,,ENGINEERING HOLD,"[{""case_id"": ""S1-230-PF09-45C-4"", ""voltage_v"": 230, ""pf"": 0.9, ""maximum_proxy_current_a"": 0.043478260869565216, ""planning_current_a"": 0.05434782608695652, ""comparison_breaker_a"": 6, ""comparison_area_mm2"": 1.5, ""comparison_conductors"": ""3 copper cores (L/N/PE), assumed single-phase; actual PE and phases pending"", ""corrected_ampacity_a"": 7.702500000000001, ""temperature_grouping_factor"": 0.5135000000000001, ""segment_vdrop_bound_v"": 0.0028135217391304355, ""allocated_segment_vdrop_percent"": 1, ""path_vdrop_bound_from_db1_v"": 1.1541802803206027, ""path_vdrop_percent_from_db1"": 0.5018175131828708, ""whole_installation_vdrop_percent"": null, ""status"": ""CONDITIONAL SCREEN ONLY"", ""comparison_path_target_percent"": 3, ""comparison_path_screen"": true}, {""case_id"": ""S2-220-PF08-50C-6"", ""voltage_v"": 220, ""pf"": 0.8, ""maximum_proxy_current_a"": 0.05113636363636364, ""planning_current_a"": 0.06392045454545454, ""comparison_breaker_a"": 6, ""comparison_area_mm2"": 1.5, ""comparison_conductors"": ""3 copper cores (L/N/PE), assumed single-phase; actual PE and phases pending"", ""corrected_ampacity_a"": 6.070499999999999, ""temperature_grouping_factor"": 0.40469999999999995, ""segment_vdrop_bound_v"": 0.0033090852272727282, ""allocated_segment_vdrop_percent"": 1, ""path_vdrop_bound_from_db1_v"": 1.2516433509486387, ""path_vdrop_percent_from_db1"": 0.5689287958857449, ""whole_installation_vdrop_percent"": null, ""status"": ""CONDITIONAL SCREEN ONLY"", ""comparison_path_target_percent"": 3, ""comparison_path_screen"": true}]",Concealed solid-pier / wall drop and local termination.,"[9.975000000000001, 5.94, 7.36]","[9.975, 4.6, 7.07]",3.793000000000001,"Catalogue maximum proxy only; selected products, actual supply, protection, inrush, installation, origin voltage drop and engineering approval pending",1.5,,,
drop:LC1:LD:light:1:L85,LD → Sconce · axis 4 · H,LC1,DB1,LD,light,drop,"[""L85""]",1.6300000000000008,1.6300000000000008,One modeled mains trunk/branch/local/feeder piece,9,0.0135,9,11.25,,,,,,,,,,,ENGINEERING HOLD,"[{""case_id"": ""S1-230-PF09-45C-4"", ""voltage_v"": 230, ""pf"": 0.9, ""maximum_proxy_current_a"": 0.043478260869565216, ""planning_current_a"": 0.05434782608695652, ""comparison_breaker_a"": 6, ""comparison_area_mm2"": 1.5, ""comparison_conductors"": ""3 copper cores (L/N/PE), assumed single-phase; actual PE and phases pending"", ""corrected_ampacity_a"": 7.702500000000001, ""temperature_grouping_factor"": 0.5135000000000001, ""segment_vdrop_bound_v"": 0.0028135217391304355, ""allocated_segment_vdrop_percent"": 1, ""path_vdrop_bound_from_db1_v"": 1.0951811591365137, ""path_vdrop_percent_from_db1"": 0.4761657213637016, ""whole_installation_vdrop_percent"": null, ""status"": ""CONDITIONAL SCREEN ONLY"", ""comparison_path_target_percent"": 3, ""comparison_path_screen"": true}, {""case_id"": ""S2-220-PF08-50C-6"", ""voltage_v"": 220, ""pf"": 0.8, ""maximum_proxy_current_a"": 0.05113636363636364, ""planning_current_a"": 0.06392045454545454, ""comparison_breaker_a"": 6, ""comparison_area_mm2"": 1.5, ""comparison_conductors"": ""3 copper cores (L/N/PE), assumed single-phase; actual PE and phases pending"", ""corrected_ampacity_a"": 6.070499999999999, ""temperature_grouping_factor"": 0.40469999999999995, ""segment_vdrop_bound_v"": 0.0033090852272727282, ""allocated_segment_vdrop_percent"": 1, ""path_vdrop_bound_from_db1_v"": 1.1822523391014435, ""path_vdrop_percent_from_db1"": 0.5373874268642924, ""whole_installation_vdrop_percent"": null, ""status"": ""CONDITIONAL SCREEN ONLY"", ""comparison_path_target_percent"": 3, ""comparison_path_screen"": true}]",Concealed solid-pier / wall drop and local termination.,"[14.475000000000001, 5.94, 7.36]","[14.475, 4.6, 7.07]",3.793000000000001,"Catalogue maximum proxy only; selected products, actual supply, protection, inrush, installation, origin voltage drop and engineering approval pending",1.5,,,
drop:LC1:LD:light:1:L87,LD → Sconce · axis 5 · H,LC1,DB1,LD,light,drop,"[""L87""]",1.6300000000000008,1.6300000000000008,One modeled mains trunk/branch/local/feeder piece,9,0.0135,9,11.25,,,,,,,,,,,ENGINEERING HOLD,"[{""case_id"": ""S1-230-PF09-45C-4"", ""voltage_v"": 230, ""pf"": 0.9, ""maximum_proxy_current_a"": 0.043478260869565216, ""planning_current_a"": 0.05434782608695652, ""comparison_breaker_a"": 6, ""comparison_area_mm2"": 1.5, ""comparison_conductors"": ""3 copper cores (L/N/PE), assumed single-phase; actual PE and phases pending"", ""corrected_ampacity_a"": 7.702500000000001, ""temperature_grouping_factor"": 0.5135000000000001, ""segment_vdrop_bound_v"": 0.0028135217391304355, ""allocated_segment_vdrop_percent"": 1, ""path_vdrop_bound_from_db1_v"": 1.0361820379524251, ""path_vdrop_percent_from_db1"": 0.4505139295445326, ""whole_installation_vdrop_percent"": null, ""status"": ""CONDITIONAL SCREEN ONLY"", ""comparison_path_target_percent"": 3, ""comparison_path_screen"": true}, {""case_id"": ""S2-220-PF08-50C-6"", ""voltage_v"": 220, ""pf"": 0.8, ""maximum_proxy_current_a"": 0.05113636363636364, ""planning_current_a"": 0.06392045454545454, ""comparison_breaker_a"": 6, ""comparison_area_mm2"": 1.5, ""comparison_conductors"": ""3 copper cores (L/N/PE), assumed single-phase; actual PE and phases pending"", ""corrected_ampacity_a"": 6.070499999999999, ""temperature_grouping_factor"": 0.40469999999999995, ""segment_vdrop_bound_v"": 0.0033090852272727282, ""allocated_segment_vdrop_percent"": 1, ""path_vdrop_bound_from_db1_v"": 1.112861327254248, ""path_vdrop_percent_from_db1"": 0.50584605784284, ""whole_installation_vdrop_percent"": null, ""status"": ""CONDITIONAL SCREEN ONLY"", ""comparison_path_target_percent"": 3, ""comparison_path_screen"": true}]",Concealed solid-pier / wall drop and local termination.,"[18.975, 5.94, 7.36]","[18.975, 4.6, 7.07]",3.793000000000001,"Catalogue maximum proxy only; selected products, actual supply, protection, inrush, installation, origin voltage drop and engineering approval pending",1.5,,,
drop:LC1:LD:light:1:L89,LD → Sconce · axis 6 · H,LC1,DB1,LD,light,drop,"[""L89""]",1.6300000000000008,1.6300000000000008,One modeled mains trunk/branch/local/feeder piece,9,0.0135,9,11.25,,,,,,,,,,,ENGINEERING HOLD,"[{""case_id"": ""S1-230-PF09-45C-4"", ""voltage_v"": 230, ""pf"": 0.9, ""maximum_proxy_current_a"": 0.043478260869565216, ""planning_current_a"": 0.05434782608695652, ""comparison_breaker_a"": 6, ""comparison_area_mm2"": 1.5, ""comparison_conductors"": ""3 copper cores (L/N/PE), assumed single-phase; actual PE and phases pending"", ""corrected_ampacity_a"": 7.702500000000001, ""temperature_grouping_factor"": 0.5135000000000001, ""segment_vdrop_bound_v"": 0.0028135217391304355, ""allocated_segment_vdrop_percent"": 1, ""path_vdrop_bound_from_db1_v"": 0.9771829167683362, ""path_vdrop_percent_from_db1"": 0.42486213772536363, ""whole_installation_vdrop_percent"": null, ""status"": ""CONDITIONAL SCREEN ONLY"", ""comparison_path_target_percent"": 3, ""comparison_path_screen"": true}, {""case_id"": ""S2-220-PF08-50C-6"", ""voltage_v"": 220, ""pf"": 0.8, ""maximum_proxy_current_a"": 0.05113636363636364, ""planning_current_a"": 0.06392045454545454, ""comparison_breaker_a"": 6, ""comparison_area_mm2"": 1.5, ""comparison_conductors"": ""3 copper cores (L/N/PE), assumed single-phase; actual PE and phases pending"", ""corrected_ampacity_a"": 6.070499999999999, ""temperature_grouping_factor"": 0.40469999999999995, ""segment_vdrop_bound_v"": 0.0033090852272727282, ""allocated_segment_vdrop_percent"": 1, ""path_vdrop_bound_from_db1_v"": 1.0434703154070528, ""path_vdrop_percent_from_db1"": 0.47430468882138765, ""whole_installation_vdrop_percent"": null, ""status"": ""CONDITIONAL SCREEN ONLY"", ""comparison_path_target_percent"": 3, ""comparison_path_screen"": true}]",Concealed solid-pier / wall drop and local termination.,"[23.475, 5.94, 7.36]","[23.475, 4.6, 7.07]",3.793000000000001,"Catalogue maximum proxy only; selected products, actual supply, protection, inrush, installation, origin voltage drop and engineering approval pending",1.5,,,
drop:LC1:LD:light:1:L91,LD → Sconce · axis 7 · H,LC1,DB1,LD,light,drop,"[""L91""]",1.6300000000000008,1.6300000000000008,One modeled mains trunk/branch/local/feeder piece,9,0.0135,9,11.25,,,,,,,,,,,ENGINEERING HOLD,"[{""case_id"": ""S1-230-PF09-45C-4"", ""voltage_v"": 230, ""pf"": 0.9, ""maximum_proxy_current_a"": 0.043478260869565216, ""planning_current_a"": 0.05434782608695652, ""comparison_breaker_a"": 6, ""comparison_area_mm2"": 1.5, ""comparison_conductors"": ""3 copper cores (L/N/PE), assumed single-phase; actual PE and phases pending"", ""corrected_ampacity_a"": 7.702500000000001, ""temperature_grouping_factor"": 0.5135000000000001, ""segment_vdrop_bound_v"": 0.0028135217391304355, ""allocated_segment_vdrop_percent"": 1, ""path_vdrop_bound_from_db1_v"": 0.9181837955842475, ""path_vdrop_percent_from_db1"": 0.3992103459061946, ""whole_installation_vdrop_percent"": null, ""status"": ""CONDITIONAL SCREEN ONLY"", ""comparison_path_target_percent"": 3, ""comparison_path_screen"": true}, {""case_id"": ""S2-220-PF08-50C-6"", ""voltage_v"": 220, ""pf"": 0.8, ""maximum_proxy_current_a"": 0.05113636363636364, ""planning_current_a"": 0.06392045454545454, ""comparison_breaker_a"": 6, ""comparison_area_mm2"": 1.5, ""comparison_conductors"": ""3 copper cores (L/N/PE), assumed single-phase; actual PE and phases pending"", ""corrected_ampacity_a"": 6.070499999999999, ""temperature_grouping_factor"": 0.40469999999999995, ""segment_vdrop_bound_v"": 0.0033090852272727282, ""allocated_segment_vdrop_percent"": 1, ""path_vdrop_bound_from_db1_v"": 0.9740793035598575, ""path_vdrop_percent_from_db1"": 0.4427633197999353, ""whole_installation_vdrop_percent"": null, ""status"": ""CONDITIONAL SCREEN ONLY"", ""comparison_path_target_percent"": 3, ""comparison_path_screen"": true}]",Concealed solid-pier / wall drop and local termination.,"[27.975, 5.94, 7.36]","[27.975, 4.6, 7.07]",3.793000000000001,"Catalogue maximum proxy only; selected products, actual supply, protection, inrush, installation, origin voltage drop and engineering approval pending",1.5,,,
drop:LC1:LD:light:1:L93,LD → Sconce · axis 8 · H,LC1,DB1,LD,light,drop,"[""L93""]",1.6300000000000008,1.6300000000000008,One modeled mains trunk/branch/local/feeder piece,9,0.0135,9,11.25,,,,,,,,,,,ENGINEERING HOLD,"[{""case_id"": ""S1-230-PF09-45C-4"", ""voltage_v"": 230, ""pf"": 0.9, ""maximum_proxy_current_a"": 0.043478260869565216, ""planning_current_a"": 0.05434782608695652, ""comparison_breaker_a"": 6, ""comparison_area_mm2"": 1.5, ""comparison_conductors"": ""3 copper cores (L/N/PE), assumed single-phase; actual PE and phases pending"", ""corrected_ampacity_a"": 7.702500000000001, ""temperature_grouping_factor"": 0.5135000000000001, ""segment_vdrop_bound_v"": 0.0028135217391304355, ""allocated_segment_vdrop_percent"": 1, ""path_vdrop_bound_from_db1_v"": 0.8591846744001586, ""path_vdrop_percent_from_db1"": 0.3735585540870255, ""whole_installation_vdrop_percent"": null, ""status"": ""CONDITIONAL SCREEN ONLY"", ""comparison_path_target_percent"": 3, ""comparison_path_screen"": true}, {""case_id"": ""S2-220-PF08-50C-6"", ""voltage_v"": 220, ""pf"": 0.8, ""maximum_proxy_current_a"": 0.05113636363636364, ""planning_current_a"": 0.06392045454545454, ""comparison_breaker_a"": 6, ""comparison_area_mm2"": 1.5, ""comparison_conductors"": ""3 copper cores (L/N/PE), assumed single-phase; actual PE and phases pending"", ""corrected_ampacity_a"": 6.070499999999999, ""temperature_grouping_factor"": 0.40469999999999995, ""segment_vdrop_bound_v"": 0.0033090852272727282, ""allocated_segment_vdrop_percent"": 1, ""path_vdrop_bound_from_db1_v"": 0.9046882917126622, ""path_vdrop_percent_from_db1"": 0.41122195077848284, ""whole_installation_vdrop_percent"": null, ""status"": ""CONDITIONAL SCREEN ONLY"", ""comparison_path_target_percent"": 3, ""comparison_path_screen"": true}]",Concealed solid-pier / wall drop and local termination.,"[32.475, 5.94, 7.36]","[32.475, 4.6, 7.07]",3.793000000000001,"Catalogue maximum proxy only; selected products, actual supply, protection, inrush, installation, origin voltage drop and engineering approval pending",1.5,,,
drop:LC1:LD:light:1:L95,LD → Sconce · axis 9 · H,LC1,DB1,LD,light,drop,"[""L95""]",1.6300000000000008,1.6300000000000008,One modeled mains trunk/branch/local/feeder piece,9,0.0135,9,11.25,,,,,,,,,,,ENGINEERING HOLD,"[{""case_id"": ""S1-230-PF09-45C-4"", ""voltage_v"": 230, ""pf"": 0.9, ""maximum_proxy_current_a"": 0.043478260869565216, ""planning_current_a"": 0.05434782608695652, ""comparison_breaker_a"": 6, ""comparison_area_mm2"": 1.5, ""comparison_conductors"": ""3 copper cores (L/N/PE), assumed single-phase; actual PE and phases pending"", ""corrected_ampacity_a"": 7.702500000000001, ""temperature_grouping_factor"": 0.5135000000000001, ""segment_vdrop_bound_v"": 0.0028135217391304355, ""allocated_segment_vdrop_percent"": 1, ""path_vdrop_bound_from_db1_v"": 0.8001855532160699, ""path_vdrop_percent_from_db1"": 0.34790676226785644, ""whole_installation_vdrop_percent"": null, ""status"": ""CONDITIONAL SCREEN ONLY"", ""comparison_path_target_percent"": 3, ""comparison_path_screen"": true}, {""case_id"": ""S2-220-PF08-50C-6"", ""voltage_v"": 220, ""pf"": 0.8, ""maximum_proxy_current_a"": 0.05113636363636364, ""planning_current_a"": 0.06392045454545454, ""comparison_breaker_a"": 6, ""comparison_area_mm2"": 1.5, ""comparison_conductors"": ""3 copper cores (L/N/PE), assumed single-phase; actual PE and phases pending"", ""corrected_ampacity_a"": 6.070499999999999, ""temperature_grouping_factor"": 0.40469999999999995, ""segment_vdrop_bound_v"": 0.0033090852272727282, ""allocated_segment_vdrop_percent"": 1, ""path_vdrop_bound_from_db1_v"": 0.8352972798654669, ""path_vdrop_percent_from_db1"": 0.3796805817570304, ""whole_installation_vdrop_percent"": null, ""status"": ""CONDITIONAL SCREEN ONLY"", ""comparison_path_target_percent"": 3, ""comparison_path_screen"": true}]",Concealed solid-pier / wall drop and local termination.,"[36.975, 5.94, 7.36]","[36.975, 4.6, 7.07]",3.793000000000001,"Catalogue maximum proxy only; selected products, actual supply, protection, inrush, installation, origin voltage drop and engineering approval pending",1.5,,,
drop:LC1:LD:light:1:L97,LD → Sconce · sanctuary pier · H,LC1,DB1,LD,light,drop,"[""L97""]",7.805000000000003,7.805000000000003,One modeled mains trunk/branch/local/feeder piece,5.361702127659575,0.008042553191489362,5.361702127659575,6.702127659574469,,,,,,,,,,,ENGINEERING HOLD,"[{""case_id"": ""S1-230-PF09-45C-4"", ""voltage_v"": 230, ""pf"": 0.9, ""maximum_proxy_current_a"": 0.02590194264569843, ""planning_current_a"": 0.032377428307123035, ""comparison_breaker_a"": 6, ""comparison_area_mm2"": 1.5, ""comparison_conductors"": ""3 copper cores (L/N/PE), assumed single-phase; actual PE and phases pending"", ""corrected_ampacity_a"": 7.702500000000001, ""temperature_grouping_factor"": 0.5135000000000001, ""segment_vdrop_bound_v"": 0.008025937095282149, ""allocated_segment_vdrop_percent"": 1, ""path_vdrop_bound_from_db1_v"": 0.6029506089169844, ""path_vdrop_percent_from_db1"": 0.26215243865955845, ""whole_installation_vdrop_percent"": null, ""status"": ""CONDITIONAL SCREEN ONLY"", ""comparison_path_target_percent"": 3, ""comparison_path_screen"": true}, {""case_id"": ""S2-220-PF08-50C-6"", ""voltage_v"": 220, ""pf"": 0.8, ""maximum_proxy_current_a"": 0.0304642166344294, ""planning_current_a"": 0.038080270793036754, ""comparison_breaker_a"": 6, ""comparison_area_mm2"": 1.5, ""comparison_conductors"": ""3 copper cores (L/N/PE), assumed single-phase; actual PE and phases pending"", ""corrected_ampacity_a"": 6.070499999999999, ""temperature_grouping_factor"": 0.40469999999999995, ""segment_vdrop_bound_v"": 0.009439596470019348, ""allocated_segment_vdrop_percent"": 1, ""path_vdrop_bound_from_db1_v"": 0.6033220896955195, ""path_vdrop_percent_from_db1"": 0.27423731349796343, ""whole_installation_vdrop_percent"": null, ""status"": ""CONDITIONAL SCREEN ONLY"", ""comparison_path_target_percent"": 3, ""comparison_path_screen"": true}]",Back-wall band to service space behind chamber lining; local termination behind the fitting / cornice. Removable lining and cable-entry detail pending.,"[48.5, 5.94, 7.36]","[46.455, 4.3, 3.2399999999999998]",10.585500000000005,"Catalogue maximum proxy only; selected products, actual supply, protection, inrush, installation, origin voltage drop and engineering approval pending",1.5,,,
trunk:LC1:L3:light:-1,L3 · B · circuit trunk,LC1,DB1,L3,light,trunk,"[""L98"", ""L100"", ""L101"", ""L104"", ""L106"", ""L107"", ""L108"", ""L109"", ""L114"", ""L115"", ""L116"", ""L151"", ""L152""]",35.322130311179194,35.322130311179194,One modeled mains trunk/branch/local/feeder piece,189.306,0.283959,189.306,236.63250000000002,,,,,,,,,,,ENGINEERING HOLD,"[{""case_id"": ""S1-230-PF09-45C-4"", ""voltage_v"": 230, ""pf"": 0.9, ""maximum_proxy_current_a"": 0.9145217391304349, ""planning_current_a"": 1.1431521739130437, ""comparison_breaker_a"": 6, ""comparison_area_mm2"": 1.5, ""comparison_conductors"": ""3 copper cores (L/N/PE), assumed single-phase; actual PE and phases pending"", ""corrected_ampacity_a"": 7.702500000000001, ""temperature_grouping_factor"": 0.5135000000000001, ""segment_vdrop_bound_v"": 1.2824233848662665, ""allocated_segment_vdrop_percent"": 1, ""path_vdrop_bound_from_db1_v"": 1.5304725568729827, ""path_vdrop_percent_from_db1"": 0.6654228508143403, ""whole_installation_vdrop_percent"": null, ""status"": ""CONDITIONAL SCREEN ONLY"", ""comparison_path_target_percent"": 3, ""comparison_path_screen"": true}, {""case_id"": ""S2-220-PF08-50C-6"", ""voltage_v"": 220, ""pf"": 0.8, ""maximum_proxy_current_a"": 1.0756022727272727, ""planning_current_a"": 1.3445028409090911, ""comparison_breaker_a"": 6, ""comparison_area_mm2"": 1.5, ""comparison_conductors"": ""3 copper cores (L/N/PE), assumed single-phase; actual PE and phases pending"", ""corrected_ampacity_a"": 6.070499999999999, ""temperature_grouping_factor"": 0.40469999999999995, ""segment_vdrop_bound_v"": 1.5083047765188473, ""allocated_segment_vdrop_percent"": 1, ""path_vdrop_bound_from_db1_v"": 1.6942143807574037, ""path_vdrop_percent_from_db1"": 0.7700974457988199, ""whole_installation_vdrop_percent"": null, ""status"": ""CONDITIONAL SCREEN ONLY"", ""comparison_path_target_percent"": 3, ""comparison_path_screen"": true}]",Wall bands above openings; concealed finish-matched soffit crossing over the 9–10 wing opening.,"[48.895, 1.85, -0.55]","[36.975, 5.916, -7.36]",40.85434334229711,"Catalogue maximum proxy only; selected products, actual supply, protection, inrush, installation, origin voltage drop and engineering approval pending",1.5,,,
drop:LC1:L3:light:-1:L98,L3 → Altar key light · B,LC1,DB1,L3,light,drop,"[""L98""]",9.911418805696329,9.911418805696329,One modeled mains trunk/branch/local/feeder piece,37.5,0.05625,37.5,46.875,,,,,,,,,,,ENGINEERING HOLD,"[{""case_id"": ""S1-230-PF09-45C-4"", ""voltage_v"": 230, ""pf"": 0.9, ""maximum_proxy_current_a"": 0.18115942028985507, ""planning_current_a"": 0.22644927536231885, ""comparison_breaker_a"": 6, ""comparison_area_mm2"": 1.5, ""comparison_conductors"": ""3 copper cores (L/N/PE), assumed single-phase; actual PE and phases pending"", ""corrected_ampacity_a"": 7.702500000000001, ""temperature_grouping_factor"": 0.5135000000000001, ""segment_vdrop_bound_v"": 0.0712832113380696, ""allocated_segment_vdrop_percent"": 1, ""path_vdrop_bound_from_db1_v"": 1.6017557682110521, ""path_vdrop_percent_from_db1"": 0.6964155513961096, ""whole_installation_vdrop_percent"": null, ""status"": ""CONDITIONAL SCREEN ONLY"", ""comparison_path_target_percent"": 3, ""comparison_path_screen"": true}, {""case_id"": ""S2-220-PF08-50C-6"", ""voltage_v"": 220, ""pf"": 0.8, ""maximum_proxy_current_a"": 0.21306818181818182, ""planning_current_a"": 0.2663352272727273, ""comparison_breaker_a"": 6, ""comparison_area_mm2"": 1.5, ""comparison_conductors"": ""3 copper cores (L/N/PE), assumed single-phase; actual PE and phases pending"", ""corrected_ampacity_a"": 6.070499999999999, ""temperature_grouping_factor"": 0.40469999999999995, ""segment_vdrop_bound_v"": 0.08383877697147961, ""allocated_segment_vdrop_percent"": 1, ""path_vdrop_bound_from_db1_v"": 1.7780531577288832, ""path_vdrop_percent_from_db1"": 0.808205980785856, ""whole_installation_vdrop_percent"": null, ""status"": ""CONDITIONAL SCREEN ONLY"", ""comparison_path_target_percent"": 3, ""comparison_path_screen"": true}]","Above lining / beam tops, short covered joint and rear-face return to fitting. Roof access, rafter/tie interface and removable cover details pending; no timber drilling / notching.","[36.975, 5.916, -7.36]","[36.975, 8.584999999999999, -1.4]",12.902560686265963,"Catalogue maximum proxy only; selected products, actual supply, protection, inrush, installation, origin voltage drop and engineering approval pending",1.5,,,
drop:LC1:L3:light:-1:L100,L3 → Ambo key light,LC1,DB1,L3,light,drop,"[""L100""]",9.188370756381541,9.188370756381541,One modeled mains trunk/branch/local/feeder piece,16.72,0.025079999999999998,16.72,20.9,,,,,,,,,,,ENGINEERING HOLD,"[{""case_id"": ""S1-230-PF09-45C-4"", ""voltage_v"": 230, ""pf"": 0.9, ""maximum_proxy_current_a"": 0.08077294685990338, ""planning_current_a"": 0.10096618357487921, ""comparison_breaker_a"": 6, ""comparison_area_mm2"": 1.5, ""comparison_conductors"": ""3 copper cores (L/N/PE), assumed single-phase; actual PE and phases pending"", ""corrected_ampacity_a"": 7.702500000000001, ""temperature_grouping_factor"": 0.5135000000000001, ""segment_vdrop_bound_v"": 0.029464219778521563, ""allocated_segment_vdrop_percent"": 1, ""path_vdrop_bound_from_db1_v"": 1.5599367766515042, ""path_vdrop_percent_from_db1"": 0.6782333811528279, ""whole_installation_vdrop_percent"": null, ""status"": ""CONDITIONAL SCREEN ONLY"", ""comparison_path_target_percent"": 3, ""comparison_path_screen"": true}, {""case_id"": ""S2-220-PF08-50C-6"", ""voltage_v"": 220, ""pf"": 0.8, ""maximum_proxy_current_a"": 0.09499999999999999, ""planning_current_a"": 0.11875, ""comparison_breaker_a"": 6, ""comparison_area_mm2"": 1.5, ""comparison_conductors"": ""3 copper cores (L/N/PE), assumed single-phase; actual PE and phases pending"", ""corrected_ampacity_a"": 6.070499999999999, ""temperature_grouping_factor"": 0.40469999999999995, ""segment_vdrop_bound_v"": 0.034653940307692976, ""allocated_segment_vdrop_percent"": 1, ""path_vdrop_bound_from_db1_v"": 1.7288683210650966, ""path_vdrop_percent_from_db1"": 0.7858492368477711, ""whole_installation_vdrop_percent"": null, ""status"": ""CONDITIONAL SCREEN ONLY"", ""comparison_path_target_percent"": 3, ""comparison_path_screen"": true}]",Above beam and covered rear-face return to lamp-body cable entry. Existing canopy/capital contact remains on mounting coordination hold; optical position unchanged.,"[36.975, 5.916, -7.36]","[36.92780262285554, 8.50936929692361, -3.155385276617129]",12.107207832019697,"Catalogue maximum proxy only; selected products, actual supply, protection, inrush, installation, origin voltage drop and engineering approval pending",1.5,,,
drop:LC1:L3:light:-1:L101,L3 → Sanctuary step fill · B,LC1,DB1,L3,light,drop,"[""L101""]",9.411418805696329,9.411418805696329,One modeled mains trunk/branch/local/feeder piece,33.333333333333336,0.05,33.333333333333336,41.66666666666667,,,,,,,,,,,ENGINEERING HOLD,"[{""case_id"": ""S1-230-PF09-45C-4"", ""voltage_v"": 230, ""pf"": 0.9, ""maximum_proxy_current_a"": 0.16103059581320453, ""planning_current_a"": 0.20128824476650567, ""comparison_breaker_a"": 6, ""comparison_area_mm2"": 1.5, ""comparison_conductors"": ""3 copper cores (L/N/PE), assumed single-phase; actual PE and phases pending"", ""corrected_ampacity_a"": 7.702500000000001, ""temperature_grouping_factor"": 0.5135000000000001, ""segment_vdrop_bound_v"": 0.06016639719583644, ""allocated_segment_vdrop_percent"": 1, ""path_vdrop_bound_from_db1_v"": 1.590638954068819, ""path_vdrop_percent_from_db1"": 0.6915821539429647, ""whole_installation_vdrop_percent"": null, ""status"": ""CONDITIONAL SCREEN ONLY"", ""comparison_path_target_percent"": 3, ""comparison_path_screen"": true}, {""case_id"": ""S2-220-PF08-50C-6"", ""voltage_v"": 220, ""pf"": 0.8, ""maximum_proxy_current_a"": 0.18939393939393942, ""planning_current_a"": 0.23674242424242428, ""comparison_breaker_a"": 6, ""comparison_area_mm2"": 1.5, ""comparison_conductors"": ""3 copper cores (L/N/PE), assumed single-phase; actual PE and phases pending"", ""corrected_ampacity_a"": 6.070499999999999, ""temperature_grouping_factor"": 0.40469999999999995, ""segment_vdrop_bound_v"": 0.07076388761101217, ""allocated_segment_vdrop_percent"": 1, ""path_vdrop_bound_from_db1_v"": 1.7649782683684159, ""path_vdrop_percent_from_db1"": 0.8022628492583709, ""whole_installation_vdrop_percent"": null, ""status"": ""CONDITIONAL SCREEN ONLY"", ""comparison_path_target_percent"": 3, ""comparison_path_screen"": true}]","Above lining / beam tops, short covered joint and rear-face return to fitting. Roof access, rafter/tie interface and removable cover details pending; no timber drilling / notching.","[36.975, 5.916, -7.36]","[36.975, 8.584999999999999, -1.9]",12.352560686265962,"Catalogue maximum proxy only; selected products, actual supply, protection, inrush, installation, origin voltage drop and engineering approval pending",1.5,,,
drop:LC1:L3:light:-1:L104,L3 → Sanctuary frame wash · B,LC1,DB1,L3,light,drop,"[""L104""]",10.71141880569633,10.71141880569633,One modeled mains trunk/branch/local/feeder piece,29.166666666666668,0.04375,29.166666666666668,36.458333333333336,,,,,,,,,,,ENGINEERING HOLD,"[{""case_id"": ""S1-230-PF09-45C-4"", ""voltage_v"": 230, ""pf"": 0.9, ""maximum_proxy_current_a"": 0.14090177133655396, ""planning_current_a"": 0.17612721417069244, ""comparison_breaker_a"": 6, ""comparison_area_mm2"": 1.5, ""comparison_conductors"": ""3 copper cores (L/N/PE), assumed single-phase; actual PE and phases pending"", ""corrected_ampacity_a"": 7.702500000000001, ""temperature_grouping_factor"": 0.5135000000000001, ""segment_vdrop_bound_v"": 0.05991753796503643, ""allocated_segment_vdrop_percent"": 1, ""path_vdrop_bound_from_db1_v"": 1.590390094838019, ""path_vdrop_percent_from_db1"": 0.6914739542773995, ""whole_installation_vdrop_percent"": null, ""status"": ""CONDITIONAL SCREEN ONLY"", ""comparison_path_target_percent"": 3, ""comparison_path_screen"": true}, {""case_id"": ""S2-220-PF08-50C-6"", ""voltage_v"": 220, ""pf"": 0.8, ""maximum_proxy_current_a"": 0.165719696969697, ""planning_current_a"": 0.20714962121212122, ""comparison_breaker_a"": 6, ""comparison_area_mm2"": 1.5, ""comparison_conductors"": ""3 copper cores (L/N/PE), assumed single-phase; actual PE and phases pending"", ""corrected_ampacity_a"": 6.070499999999999, ""temperature_grouping_factor"": 0.40469999999999995, ""segment_vdrop_bound_v"": 0.07047119522024171, ""allocated_segment_vdrop_percent"": 1, ""path_vdrop_bound_from_db1_v"": 1.7646855759776454, ""path_vdrop_percent_from_db1"": 0.8021298072625661, ""whole_installation_vdrop_percent"": null, ""status"": ""CONDITIONAL SCREEN ONLY"", ""comparison_path_target_percent"": 3, ""comparison_path_screen"": true}]","Above lining / beam tops, short covered joint and rear-face return to fitting. Roof access, rafter/tie interface and removable cover details pending; no timber drilling / notching.","[36.975, 5.916, -7.36]","[36.975, 8.584999999999999, -0.6]",13.782560686265963,"Catalogue maximum proxy only; selected products, actual supply, protection, inrush, installation, origin voltage drop and engineering approval pending",1.5,,,
drop:LC1:L3:light:-1:L106,L3 → Crucifix accent · B,LC1,DB1,L3,light,drop,"[""L106""]",9.554,9.554,One modeled mains trunk/branch/local/feeder piece,6.16,0.00924,6.16,7.7,,,,,,,,,,,ENGINEERING HOLD,"[{""case_id"": ""S1-230-PF09-45C-4"", ""voltage_v"": 230, ""pf"": 0.9, ""maximum_proxy_current_a"": 0.029758454106280193, ""planning_current_a"": 0.037198067632850246, ""comparison_breaker_a"": 6, ""comparison_area_mm2"": 1.5, ""comparison_conductors"": ""3 copper cores (L/N/PE), assumed single-phase; actual PE and phases pending"", ""corrected_ampacity_a"": 7.702500000000001, ""temperature_grouping_factor"": 0.5135000000000001, ""segment_vdrop_bound_v"": 0.011287197140096619, ""allocated_segment_vdrop_percent"": 1, ""path_vdrop_bound_from_db1_v"": 0.9794034423381173, ""path_vdrop_percent_from_db1"": 0.4258275836252684, ""whole_installation_vdrop_percent"": null, ""status"": ""CONDITIONAL SCREEN ONLY"", ""comparison_path_target_percent"": 3, ""comparison_path_screen"": true}, {""case_id"": ""S2-220-PF08-50C-6"", ""voltage_v"": 220, ""pf"": 0.8, ""maximum_proxy_current_a"": 0.035, ""planning_current_a"": 0.043750000000000004, ""comparison_breaker_a"": 6, ""comparison_area_mm2"": 1.5, ""comparison_conductors"": ""3 copper cores (L/N/PE), assumed single-phase; actual PE and phases pending"", ""corrected_ampacity_a"": 6.070499999999999, ""temperature_grouping_factor"": 0.40469999999999995, ""segment_vdrop_bound_v"": 0.013275283, ""allocated_segment_vdrop_percent"": 1, ""path_vdrop_bound_from_db1_v"": 1.0460819562760566, ""path_vdrop_percent_from_db1"": 0.47549179830729843, ""whole_installation_vdrop_percent"": null, ""status"": ""CONDITIONAL SCREEN ONLY"", ""comparison_path_target_percent"": 3, ""comparison_path_screen"": true}]",Back-wall band to service space behind chamber lining; local termination behind the fitting / cornice. Removable lining and cable-entry detail pending.,"[48.5, 5.916, -7.36]","[44.75, 7.6, -3.2399999999999998]",12.509400000000001,"Catalogue maximum proxy only; selected products, actual supply, protection, inrush, installation, origin voltage drop and engineering approval pending",1.5,,,
drop:LC1:L3:light:-1:L107,L3 → Reredos wash · B,LC1,DB1,L3,light,drop,"[""L107""]",8.654,8.654,One modeled mains trunk/branch/local/feeder piece,5.416666666666667,0.008125,5.416666666666667,6.770833333333334,,,,,,,,,,,ENGINEERING HOLD,"[{""case_id"": ""S1-230-PF09-45C-4"", ""voltage_v"": 230, ""pf"": 0.9, ""maximum_proxy_current_a"": 0.026167471819645734, ""planning_current_a"": 0.032709339774557165, ""comparison_breaker_a"": 6, ""comparison_area_mm2"": 1.5, ""comparison_conductors"": ""3 copper cores (L/N/PE), assumed single-phase; actual PE and phases pending"", ""corrected_ampacity_a"": 7.702500000000001, ""temperature_grouping_factor"": 0.5135000000000001, ""segment_vdrop_bound_v"": 0.008990196054750401, ""allocated_segment_vdrop_percent"": 1, ""path_vdrop_bound_from_db1_v"": 0.977106441252771, ""path_vdrop_percent_from_db1"": 0.4248288875012048, ""whole_installation_vdrop_percent"": null, ""status"": ""CONDITIONAL SCREEN ONLY"", ""comparison_path_target_percent"": 3, ""comparison_path_screen"": true}, {""case_id"": ""S2-220-PF08-50C-6"", ""voltage_v"": 220, ""pf"": 0.8, ""maximum_proxy_current_a"": 0.030776515151515152, ""planning_current_a"": 0.03847064393939394, ""comparison_breaker_a"": 6, ""comparison_area_mm2"": 1.5, ""comparison_conductors"": ""3 copper cores (L/N/PE), assumed single-phase; actual PE and phases pending"", ""corrected_ampacity_a"": 6.070499999999999, ""temperature_grouping_factor"": 0.40469999999999995, ""segment_vdrop_bound_v"": 0.010573696496212122, ""allocated_segment_vdrop_percent"": 1, ""path_vdrop_bound_from_db1_v"": 1.0433803697722686, ""path_vdrop_percent_from_db1"": 0.4742638044419402, ""whole_installation_vdrop_percent"": null, ""status"": ""CONDITIONAL SCREEN ONLY"", ""comparison_path_target_percent"": 3, ""comparison_path_screen"": true}]",Back-wall band to service space behind chamber lining; local termination behind the fitting / cornice. Removable lining and cable-entry detail pending.,"[48.5, 5.916, -7.36]","[44.75, 6.7, -3.2399999999999998]",11.519400000000001,"Catalogue maximum proxy only; selected products, actual supply, protection, inrush, installation, origin voltage drop and engineering approval pending",1.5,,,
drop:LC1:L3:light:-1:L108,L3 → Reredos base wash · B,LC1,DB1,L3,light,drop,"[""L108""]",8.386000000000001,8.386000000000001,One modeled mains trunk/branch/local/feeder piece,10.833333333333334,0.01625,10.833333333333334,13.541666666666668,,,,,,,,,,,ENGINEERING HOLD,"[{""case_id"": ""S1-230-PF09-45C-4"", ""voltage_v"": 230, ""pf"": 0.9, ""maximum_proxy_current_a"": 0.05233494363929147, ""planning_current_a"": 0.06541867954911433, ""comparison_breaker_a"": 6, ""comparison_area_mm2"": 1.5, ""comparison_conductors"": ""3 copper cores (L/N/PE), assumed single-phase; actual PE and phases pending"", ""corrected_ampacity_a"": 7.702500000000001, ""temperature_grouping_factor"": 0.5135000000000001, ""segment_vdrop_bound_v"": 0.017423569243156196, ""allocated_segment_vdrop_percent"": 1, ""path_vdrop_bound_from_db1_v"": 0.9855398144411769, ""path_vdrop_percent_from_db1"": 0.42849557149616385, ""whole_installation_vdrop_percent"": null, ""status"": ""CONDITIONAL SCREEN ONLY"", ""comparison_path_target_percent"": 3, ""comparison_path_screen"": true}, {""case_id"": ""S2-220-PF08-50C-6"", ""voltage_v"": 220, ""pf"": 0.8, ""maximum_proxy_current_a"": 0.061553030303030304, ""planning_current_a"": 0.07694128787878789, ""comparison_breaker_a"": 6, ""comparison_area_mm2"": 1.5, ""comparison_conductors"": ""3 copper cores (L/N/PE), assumed single-phase; actual PE and phases pending"", ""corrected_ampacity_a"": 6.070499999999999, ""temperature_grouping_factor"": 0.40469999999999995, ""segment_vdrop_bound_v"": 0.020492493371212124, ""allocated_segment_vdrop_percent"": 1, ""path_vdrop_bound_from_db1_v"": 1.0532991666472686, ""path_vdrop_percent_from_db1"": 0.47877234847603123, ""whole_installation_vdrop_percent"": null, ""status"": ""CONDITIONAL SCREEN ONLY"", ""comparison_path_target_percent"": 3, ""comparison_path_screen"": true}]",Back-wall band to service space behind chamber lining; local termination behind the fitting / cornice. Removable lining and cable-entry detail pending.,"[48.5, 5.916, -7.36]","[44.75, 5.4, -3.2399999999999998]",11.224600000000002,"Catalogue maximum proxy only; selected products, actual supply, protection, inrush, installation, origin voltage drop and engineering approval pending",1.5,,,
drop:LC1:L3:light:-1:L109,L3 → Sanctuary vault uplight · B,LC1,DB1,L3,light,drop,"[""L109""]",10.073999999999998,10.073999999999998,One modeled mains trunk/branch/local/feeder piece,17.6,0.026400000000000003,17.6,22.0,,,,,,,,,,,ENGINEERING HOLD,"[{""case_id"": ""S1-230-PF09-45C-4"", ""voltage_v"": 230, ""pf"": 0.9, ""maximum_proxy_current_a"": 0.08502415458937199, ""planning_current_a"": 0.10628019323671498, ""comparison_breaker_a"": 6, ""comparison_area_mm2"": 1.5, ""comparison_conductors"": ""3 copper cores (L/N/PE), assumed single-phase; actual PE and phases pending"", ""corrected_ampacity_a"": 7.702500000000001, ""temperature_grouping_factor"": 0.5135000000000001, ""segment_vdrop_bound_v"": 0.03400437333333332, ""allocated_segment_vdrop_percent"": 1, ""path_vdrop_bound_from_db1_v"": 1.002120618531354, ""path_vdrop_percent_from_db1"": 0.4357046167527627, ""whole_installation_vdrop_percent"": null, ""status"": ""CONDITIONAL SCREEN ONLY"", ""comparison_path_target_percent"": 3, ""comparison_path_screen"": true}, {""case_id"": ""S2-220-PF08-50C-6"", ""voltage_v"": 220, ""pf"": 0.8, ""maximum_proxy_current_a"": 0.1, ""planning_current_a"": 0.125, ""comparison_breaker_a"": 6, ""comparison_area_mm2"": 1.5, ""comparison_conductors"": ""3 copper cores (L/N/PE), assumed single-phase; actual PE and phases pending"", ""corrected_ampacity_a"": 6.070499999999999, ""temperature_grouping_factor"": 0.40469999999999995, ""segment_vdrop_bound_v"": 0.039993779999999986, ""allocated_segment_vdrop_percent"": 1, ""path_vdrop_bound_from_db1_v"": 1.0728004532760564, ""path_vdrop_percent_from_db1"": 0.48763656967093477, ""whole_installation_vdrop_percent"": null, ""status"": ""CONDITIONAL SCREEN ONLY"", ""comparison_path_target_percent"": 3, ""comparison_path_screen"": true}]",Back-wall band to service space behind chamber lining; local termination behind the fitting / cornice. Removable lining and cable-entry detail pending.,"[48.5, 5.916, -7.36]","[45.35, 8.42, -2.94]",13.081399999999999,"Catalogue maximum proxy only; selected products, actual supply, protection, inrush, installation, origin voltage drop and engineering approval pending",1.5,,,
drop:LC1:L3:light:-1:L114,L3 → Tabernacle accent,LC1,DB1,L3,light,drop,"[""L114""]",8.886000000000001,8.886000000000001,One modeled mains trunk/branch/local/feeder piece,2.64,0.00396,2.64,3.3000000000000003,,,,,,,,,,,ENGINEERING HOLD,"[{""case_id"": ""S1-230-PF09-45C-4"", ""voltage_v"": 230, ""pf"": 0.9, ""maximum_proxy_current_a"": 0.012753623188405798, ""planning_current_a"": 0.01594202898550725, ""comparison_breaker_a"": 6, ""comparison_area_mm2"": 1.5, ""comparison_conductors"": ""3 copper cores (L/N/PE), assumed single-phase; actual PE and phases pending"", ""corrected_ampacity_a"": 7.702500000000001, ""temperature_grouping_factor"": 0.5135000000000001, ""segment_vdrop_bound_v"": 0.0044991492173913055, ""allocated_segment_vdrop_percent"": 1, ""path_vdrop_bound_from_db1_v"": 0.972615394415412, ""path_vdrop_percent_from_db1"": 0.42287625844148347, ""whole_installation_vdrop_percent"": null, ""status"": ""CONDITIONAL SCREEN ONLY"", ""comparison_path_target_percent"": 3, ""comparison_path_screen"": true}, {""case_id"": ""S2-220-PF08-50C-6"", ""voltage_v"": 220, ""pf"": 0.8, ""maximum_proxy_current_a"": 0.015000000000000001, ""planning_current_a"": 0.018750000000000003, ""comparison_breaker_a"": 6, ""comparison_area_mm2"": 1.5, ""comparison_conductors"": ""3 copper cores (L/N/PE), assumed single-phase; actual PE and phases pending"", ""corrected_ampacity_a"": 6.070499999999999, ""temperature_grouping_factor"": 0.40469999999999995, ""segment_vdrop_bound_v"": 0.0052916130000000006, ""allocated_segment_vdrop_percent"": 1, ""path_vdrop_bound_from_db1_v"": 1.0380982862760564, ""path_vdrop_percent_from_db1"": 0.47186285739820744, ""whole_installation_vdrop_percent"": null, ""status"": ""CONDITIONAL SCREEN ONLY"", ""comparison_path_target_percent"": 3, ""comparison_path_screen"": true}]",Back-wall band to service space behind chamber lining; local termination behind the fitting / cornice. Removable lining and cable-entry detail pending.,"[48.5, 5.916, -7.36]","[44.75, 4.9, -3.2399999999999998]",11.774600000000001,"Catalogue maximum proxy only; selected products, actual supply, protection, inrush, installation, origin voltage drop and engineering approval pending",1.5,,,
drop:LC1:L3:light:-1:L115,L3 → Statue accent · B,LC1,DB1,L3,light,drop,"[""L115""]",4.068999999999997,4.068999999999997,One modeled mains trunk/branch/local/feeder piece,1.936,0.002904,1.936,2.42,,,,,,,,,,,ENGINEERING HOLD,"[{""case_id"": ""S1-230-PF09-45C-4"", ""voltage_v"": 230, ""pf"": 0.9, ""maximum_proxy_current_a"": 0.009352657004830917, ""planning_current_a"": 0.011690821256038647, ""comparison_breaker_a"": 6, ""comparison_area_mm2"": 1.5, ""comparison_conductors"": ""3 copper cores (L/N/PE), assumed single-phase; actual PE and phases pending"", ""corrected_ampacity_a"": 7.702500000000001, ""temperature_grouping_factor"": 0.5135000000000001, ""segment_vdrop_bound_v"": 0.001510821665700482, ""allocated_segment_vdrop_percent"": 1, ""path_vdrop_bound_from_db1_v"": 1.5319833785386832, ""path_vdrop_percent_from_db1"": 0.6660797297994274, ""whole_installation_vdrop_percent"": null, ""status"": ""CONDITIONAL SCREEN ONLY"", ""comparison_path_target_percent"": 3, ""comparison_path_screen"": true}, {""case_id"": ""S2-220-PF08-50C-6"", ""voltage_v"": 220, ""pf"": 0.8, ""maximum_proxy_current_a"": 0.011, ""planning_current_a"": 0.01375, ""comparison_breaker_a"": 6, ""comparison_area_mm2"": 1.5, ""comparison_conductors"": ""3 copper cores (L/N/PE), assumed single-phase; actual PE and phases pending"", ""corrected_ampacity_a"": 6.070499999999999, ""temperature_grouping_factor"": 0.40469999999999995, ""segment_vdrop_bound_v"": 0.0017769322999999987, ""allocated_segment_vdrop_percent"": 1, ""path_vdrop_bound_from_db1_v"": 1.6959913130574036, ""path_vdrop_percent_from_db1"": 0.7709051422988199, ""whole_installation_vdrop_percent"": null, ""status"": ""CONDITIONAL SCREEN ONLY"", ""comparison_path_target_percent"": 3, ""comparison_path_screen"": true}]","Above lining / beam tops, short covered joint and rear-face return to fitting. Roof access, rafter/tie interface and removable cover details pending; no timber drilling / notching.","[36.975, 5.916, -7.36]","[36.975, 6.655, -5.25]",6.4758999999999975,"Catalogue maximum proxy only; selected products, actual supply, protection, inrush, installation, origin voltage drop and engineering approval pending",1.5,,,
drop:LC1:L3:light:-1:L116,L3 → Shrine wash · B,LC1,DB1,L3,light,drop,"[""L116""]",4.418999999999997,4.418999999999997,One modeled mains trunk/branch/local/feeder piece,20,0.03,20,25.0,,,,,,,,,,,ENGINEERING HOLD,"[{""case_id"": ""S1-230-PF09-45C-4"", ""voltage_v"": 230, ""pf"": 0.9, ""maximum_proxy_current_a"": 0.0966183574879227, ""planning_current_a"": 0.12077294685990338, ""comparison_breaker_a"": 6, ""comparison_area_mm2"": 1.5, ""comparison_conductors"": ""3 copper cores (L/N/PE), assumed single-phase; actual PE and phases pending"", ""corrected_ampacity_a"": 7.702500000000001, ""temperature_grouping_factor"": 0.5135000000000001, ""segment_vdrop_bound_v"": 0.016950173913043463, ""allocated_segment_vdrop_percent"": 1, ""path_vdrop_bound_from_db1_v"": 1.547422730786026, ""path_vdrop_percent_from_db1"": 0.6727924916460983, ""whole_installation_vdrop_percent"": null, ""status"": ""CONDITIONAL SCREEN ONLY"", ""comparison_path_target_percent"": 3, ""comparison_path_screen"": true}, {""case_id"": ""S2-220-PF08-50C-6"", ""voltage_v"": 220, ""pf"": 0.8, ""maximum_proxy_current_a"": 0.11363636363636363, ""planning_current_a"": 0.14204545454545456, ""comparison_breaker_a"": 6, ""comparison_area_mm2"": 1.5, ""comparison_conductors"": ""3 copper cores (L/N/PE), assumed single-phase; actual PE and phases pending"", ""corrected_ampacity_a"": 6.070499999999999, ""temperature_grouping_factor"": 0.40469999999999995, ""segment_vdrop_bound_v"": 0.019935715909090896, ""allocated_segment_vdrop_percent"": 1, ""path_vdrop_bound_from_db1_v"": 1.7141500966664944, ""path_vdrop_percent_from_db1"": 0.7791591348484065, ""whole_installation_vdrop_percent"": null, ""status"": ""CONDITIONAL SCREEN ONLY"", ""comparison_path_target_percent"": 3, ""comparison_path_screen"": true}]","Above lining / beam tops, short covered joint and rear-face return to fitting. Roof access, rafter/tie interface and removable cover details pending; no timber drilling / notching.","[36.975, 5.916, -7.36]","[36.975, 6.655, -4.9]",6.860899999999997,"Catalogue maximum proxy only; selected products, actual supply, protection, inrush, installation, origin voltage drop and engineering approval pending",1.5,,,
drop:LC1:L3:light:-1:L151,L3 → Service door lantern · B · front,LC1,DB1,L3,light,drop,"[""L151""]",6.928000000000003,6.928000000000003,One modeled mains trunk/branch/local/feeder piece,4,0.006,4,5.0,,,,,,,,,,,ENGINEERING HOLD,"[{""case_id"": ""S1-230-PF09-45C-4"", ""voltage_v"": 230, ""pf"": 0.9, ""maximum_proxy_current_a"": 0.01932367149758454, ""planning_current_a"": 0.024154589371980676, ""comparison_breaker_a"": 6, ""comparison_area_mm2"": 1.5, ""comparison_conductors"": ""3 copper cores (L/N/PE), assumed single-phase; actual PE and phases pending"", ""corrected_ampacity_a"": 7.702500000000001, ""temperature_grouping_factor"": 0.5135000000000001, ""segment_vdrop_bound_v"": 0.0053148135265700495, ""allocated_segment_vdrop_percent"": 1, ""path_vdrop_bound_from_db1_v"": 0.8173130526376342, ""path_vdrop_percent_from_db1"": 0.3553535011467975, ""whole_installation_vdrop_percent"": null, ""status"": ""CONDITIONAL SCREEN ONLY"", ""comparison_path_target_percent"": 3, ""comparison_path_screen"": true}, {""case_id"": ""S2-220-PF08-50C-6"", ""voltage_v"": 220, ""pf"": 0.8, ""maximum_proxy_current_a"": 0.022727272727272728, ""planning_current_a"": 0.028409090909090908, ""comparison_breaker_a"": 6, ""comparison_area_mm2"": 1.5, ""comparison_conductors"": ""3 copper cores (L/N/PE), assumed single-phase; actual PE and phases pending"", ""corrected_ampacity_a"": 6.070499999999999, ""temperature_grouping_factor"": 0.40469999999999995, ""segment_vdrop_bound_v"": 0.006250945454545456, ""allocated_segment_vdrop_percent"": 1, ""path_vdrop_bound_from_db1_v"": 0.8554415547533294, ""path_vdrop_percent_from_db1"": 0.3888370703424225, ""whole_installation_vdrop_percent"": null, ""status"": ""CONDITIONAL SCREEN ONLY"", ""comparison_path_target_percent"": 3, ""comparison_path_screen"": true}]",Rear-wall band and local termination; gable / weatherproof entry details pending.,"[52.8, 5.916, -7.36]","[52.8, 2.3, -4.48]",9.620800000000003,"Catalogue maximum proxy only; selected products, actual supply, protection, inrush, installation, origin voltage drop and engineering approval pending",1.5,,,
drop:LC1:L3:light:-1:L152,L3 → Service door lantern · B · rear,LC1,DB1,L3,light,drop,"[""L152""]",4.928000000000003,4.928000000000003,One modeled mains trunk/branch/local/feeder piece,4,0.006,4,5.0,,,,,,,,,,,ENGINEERING HOLD,"[{""case_id"": ""S1-230-PF09-45C-4"", ""voltage_v"": 230, ""pf"": 0.9, ""maximum_proxy_current_a"": 0.01932367149758454, ""planning_current_a"": 0.024154589371980676, ""comparison_breaker_a"": 6, ""comparison_area_mm2"": 1.5, ""comparison_conductors"": ""3 copper cores (L/N/PE), assumed single-phase; actual PE and phases pending"", ""corrected_ampacity_a"": 7.702500000000001, ""temperature_grouping_factor"": 0.5135000000000001, ""segment_vdrop_bound_v"": 0.0037805140096618377, ""allocated_segment_vdrop_percent"": 1, ""path_vdrop_bound_from_db1_v"": 0.815778753120726, ""path_vdrop_percent_from_db1"": 0.3546864144003157, ""whole_installation_vdrop_percent"": null, ""status"": ""CONDITIONAL SCREEN ONLY"", ""comparison_path_target_percent"": 3, ""comparison_path_screen"": true}, {""case_id"": ""S2-220-PF08-50C-6"", ""voltage_v"": 220, ""pf"": 0.8, ""maximum_proxy_current_a"": 0.022727272727272728, ""planning_current_a"": 0.028409090909090908, ""comparison_breaker_a"": 6, ""comparison_area_mm2"": 1.5, ""comparison_conductors"": ""3 copper cores (L/N/PE), assumed single-phase; actual PE and phases pending"", ""corrected_ampacity_a"": 6.070499999999999, ""temperature_grouping_factor"": 0.40469999999999995, ""segment_vdrop_bound_v"": 0.004446400000000002, ""allocated_segment_vdrop_percent"": 1, ""path_vdrop_bound_from_db1_v"": 0.8536370092987839, ""path_vdrop_percent_from_db1"": 0.38801682240853813, ""whole_installation_vdrop_percent"": null, ""status"": ""CONDITIONAL SCREEN ONLY"", ""comparison_path_target_percent"": 3, ""comparison_path_screen"": true}]",Rear-wall band and local termination; gable / weatherproof entry details pending.,"[52.8, 5.916, -7.36]","[52.8, 2.3, -6.48]",7.420800000000003,"Catalogue maximum proxy only; selected products, actual supply, protection, inrush, installation, origin voltage drop and engineering approval pending",1.5,,,
trunk:LC1:L3:light:1,L3 · H · circuit trunk,LC1,DB1,L3,light,trunk,"[""L99"", ""L102"", ""L103"", ""L105"", ""L110"", ""L111"", ""L112"", ""L113"", ""L117"", ""L118"", ""L153"", ""L154""]",41.922130311179195,41.922130311179195,One modeled mains trunk/branch/local/feeder piece,182.26600000000002,0.273399,182.26600000000002,227.83250000000004,,,,,,,,,,,ENGINEERING HOLD,"[{""case_id"": ""S1-230-PF09-45C-4"", ""voltage_v"": 230, ""pf"": 0.9, ""maximum_proxy_current_a"": 0.8805120772946861, ""planning_current_a"": 1.1006400966183576, ""comparison_breaker_a"": 6, ""comparison_area_mm2"": 1.5, ""comparison_conductors"": ""3 copper cores (L/N/PE), assumed single-phase; actual PE and phases pending"", ""corrected_ampacity_a"": 7.702500000000001, ""temperature_grouping_factor"": 0.5135000000000001, ""segment_vdrop_bound_v"": 1.4654437991831224, ""allocated_segment_vdrop_percent"": 1, ""path_vdrop_bound_from_db1_v"": 1.7134929711898386, ""path_vdrop_percent_from_db1"": 0.744996943995582, ""whole_installation_vdrop_percent"": null, ""status"": ""CONDITIONAL SCREEN ONLY"", ""comparison_path_target_percent"": 3, ""comparison_path_screen"": true}, {""case_id"": ""S2-220-PF08-50C-6"", ""voltage_v"": 220, ""pf"": 0.8, ""maximum_proxy_current_a"": 1.035602272727273, ""planning_current_a"": 1.294502840909091, ""comparison_breaker_a"": 6, ""comparison_area_mm2"": 1.5, ""comparison_conductors"": ""3 copper cores (L/N/PE), assumed single-phase; actual PE and phases pending"", ""corrected_ampacity_a"": 6.070499999999999, ""temperature_grouping_factor"": 0.40469999999999995, ""segment_vdrop_bound_v"": 1.7235617410846948, ""allocated_segment_vdrop_percent"": 1, ""path_vdrop_bound_from_db1_v"": 1.9094713453232512, ""path_vdrop_percent_from_db1"": 0.8679415206014778, ""whole_installation_vdrop_percent"": null, ""status"": ""CONDITIONAL SCREEN ONLY"", ""comparison_path_target_percent"": 3, ""comparison_path_screen"": true}]",Wall bands above openings; concealed finish-matched soffit crossing over the 9–10 wing opening.,"[48.895, 1.85, -0.55]","[36.975, 5.916, 7.36]",48.11434334229712,"Catalogue maximum proxy only; selected products, actual supply, protection, inrush, installation, origin voltage drop and engineering approval pending",1.5,,,
drop:LC1:L3:light:1:L99,L3 → Altar key light · H,LC1,DB1,L3,light,drop,"[""L99""]",9.911418805696329,9.911418805696329,One modeled mains trunk/branch/local/feeder piece,37.5,0.05625,37.5,46.875,,,,,,,,,,,ENGINEERING HOLD,"[{""case_id"": ""S1-230-PF09-45C-4"", ""voltage_v"": 230, ""pf"": 0.9, ""maximum_proxy_current_a"": 0.18115942028985507, ""planning_current_a"": 0.22644927536231885, ""comparison_breaker_a"": 6, ""comparison_area_mm2"": 1.5, ""comparison_conductors"": ""3 copper cores (L/N/PE), assumed single-phase; actual PE and phases pending"", ""corrected_ampacity_a"": 7.702500000000001, ""temperature_grouping_factor"": 0.5135000000000001, ""segment_vdrop_bound_v"": 0.0712832113380696, ""allocated_segment_vdrop_percent"": 1, ""path_vdrop_bound_from_db1_v"": 1.784776182527908, ""path_vdrop_percent_from_db1"": 0.7759896445773513, ""whole_installation_vdrop_percent"": null, ""status"": ""CONDITIONAL SCREEN ONLY"", ""comparison_path_target_percent"": 3, ""comparison_path_screen"": true}, {""case_id"": ""S2-220-PF08-50C-6"", ""voltage_v"": 220, ""pf"": 0.8, ""maximum_proxy_current_a"": 0.21306818181818182, ""planning_current_a"": 0.2663352272727273, ""comparison_breaker_a"": 6, ""comparison_area_mm2"": 1.5, ""comparison_conductors"": ""3 copper cores (L/N/PE), assumed single-phase; actual PE and phases pending"", ""corrected_ampacity_a"": 6.070499999999999, ""temperature_grouping_factor"": 0.40469999999999995, ""segment_vdrop_bound_v"": 0.08383877697147961, ""allocated_segment_vdrop_percent"": 1, ""path_vdrop_bound_from_db1_v"": 1.9933101222947307, ""path_vdrop_percent_from_db1"": 0.9060500555885139, ""whole_installation_vdrop_percent"": null, ""status"": ""CONDITIONAL SCREEN ONLY"", ""comparison_path_target_percent"": 3, ""comparison_path_screen"": true}]","Above lining / beam tops, short covered joint and rear-face return to fitting. Roof access, rafter/tie interface and removable cover details pending; no timber drilling / notching.","[36.975, 5.916, 7.36]","[36.975, 8.584999999999999, 1.4]",12.902560686265963,"Catalogue maximum proxy only; selected products, actual supply, protection, inrush, installation, origin voltage drop and engineering approval pending",1.5,,,
drop:LC1:L3:light:1:L102,L3 → Sanctuary step fill · H,LC1,DB1,L3,light,drop,"[""L102""]",9.411418805696329,9.411418805696329,One modeled mains trunk/branch/local/feeder piece,33.333333333333336,0.05,33.333333333333336,41.66666666666667,,,,,,,,,,,ENGINEERING HOLD,"[{""case_id"": ""S1-230-PF09-45C-4"", ""voltage_v"": 230, ""pf"": 0.9, ""maximum_proxy_current_a"": 0.16103059581320453, ""planning_current_a"": 0.20128824476650567, ""comparison_breaker_a"": 6, ""comparison_area_mm2"": 1.5, ""comparison_conductors"": ""3 copper cores (L/N/PE), assumed single-phase; actual PE and phases pending"", ""corrected_ampacity_a"": 7.702500000000001, ""temperature_grouping_factor"": 0.5135000000000001, ""segment_vdrop_bound_v"": 0.06016639719583644, ""allocated_segment_vdrop_percent"": 1, ""path_vdrop_bound_from_db1_v"": 1.773659368385675, ""path_vdrop_percent_from_db1"": 0.7711562471242065, ""whole_installation_vdrop_percent"": null, ""status"": ""CONDITIONAL SCREEN ONLY"", ""comparison_path_target_percent"": 3, ""comparison_path_screen"": true}, {""case_id"": ""S2-220-PF08-50C-6"", ""voltage_v"": 220, ""pf"": 0.8, ""maximum_proxy_current_a"": 0.18939393939393942, ""planning_current_a"": 0.23674242424242428, ""comparison_breaker_a"": 6, ""comparison_area_mm2"": 1.5, ""comparison_conductors"": ""3 copper cores (L/N/PE), assumed single-phase; actual PE and phases pending"", ""corrected_ampacity_a"": 6.070499999999999, ""temperature_grouping_factor"": 0.40469999999999995, ""segment_vdrop_bound_v"": 0.07076388761101217, ""allocated_segment_vdrop_percent"": 1, ""path_vdrop_bound_from_db1_v"": 1.9802352329342634, ""path_vdrop_percent_from_db1"": 0.9001069240610288, ""whole_installation_vdrop_percent"": null, ""status"": ""CONDITIONAL SCREEN ONLY"", ""comparison_path_target_percent"": 3, ""comparison_path_screen"": true}]","Above lining / beam tops, short covered joint and rear-face return to fitting. Roof access, rafter/tie interface and removable cover details pending; no timber drilling / notching.","[36.975, 5.916, 7.36]","[36.975, 8.584999999999999, 1.9]",12.352560686265962,"Catalogue maximum proxy only; selected products, actual supply, protection, inrush, installation, origin voltage drop and engineering approval pending",1.5,,,
drop:LC1:L3:light:1:L103,L3 → Presider chair light,LC1,DB1,L3,light,drop,"[""L103""]",8.311418805696329,8.311418805696329,One modeled mains trunk/branch/local/feeder piece,12.32,0.01848,12.32,15.4,,,,,,,,,,,ENGINEERING HOLD,"[{""case_id"": ""S1-230-PF09-45C-4"", ""voltage_v"": 230, ""pf"": 0.9, ""maximum_proxy_current_a"": 0.059516908212560386, ""planning_current_a"": 0.07439613526570049, ""comparison_breaker_a"": 6, ""comparison_area_mm2"": 1.5, ""comparison_conductors"": ""3 copper cores (L/N/PE), assumed single-phase; actual PE and phases pending"", ""corrected_ampacity_a"": 7.702500000000001, ""temperature_grouping_factor"": 0.5135000000000001, ""segment_vdrop_bound_v"": 0.019638397021938633, ""allocated_segment_vdrop_percent"": 1, ""path_vdrop_bound_from_db1_v"": 1.733131368211777, ""path_vdrop_percent_from_db1"": 0.7535353774833813, ""whole_installation_vdrop_percent"": null, ""status"": ""CONDITIONAL SCREEN ONLY"", ""comparison_path_target_percent"": 3, ""comparison_path_screen"": true}, {""case_id"": ""S2-220-PF08-50C-6"", ""voltage_v"": 220, ""pf"": 0.8, ""maximum_proxy_current_a"": 0.07, ""planning_current_a"": 0.08750000000000001, ""comparison_breaker_a"": 6, ""comparison_area_mm2"": 1.5, ""comparison_conductors"": ""3 copper cores (L/N/PE), assumed single-phase; actual PE and phases pending"", ""corrected_ampacity_a"": 6.070499999999999, ""temperature_grouping_factor"": 0.40469999999999995, ""segment_vdrop_bound_v"": 0.023097432861030096, ""allocated_segment_vdrop_percent"": 1, ""path_vdrop_bound_from_db1_v"": 1.9325687781842813, ""path_vdrop_percent_from_db1"": 0.8784403537201279, ""whole_installation_vdrop_percent"": null, ""status"": ""CONDITIONAL SCREEN ONLY"", ""comparison_path_target_percent"": 3, ""comparison_path_screen"": true}]","Above lining / beam tops, short covered joint and rear-face return to fitting. Roof access, rafter/tie interface and removable cover details pending; no timber drilling / notching.","[36.975, 5.916, 7.36]","[36.975, 8.584999999999999, 3]",11.142560686265963,"Catalogue maximum proxy only; selected products, actual supply, protection, inrush, installation, origin voltage drop and engineering approval pending",1.5,,,
drop:LC1:L3:light:1:L105,L3 → Sanctuary frame wash · H,LC1,DB1,L3,light,drop,"[""L105""]",10.71141880569633,10.71141880569633,One modeled mains trunk/branch/local/feeder piece,29.166666666666668,0.04375,29.166666666666668,36.458333333333336,,,,,,,,,,,ENGINEERING HOLD,"[{""case_id"": ""S1-230-PF09-45C-4"", ""voltage_v"": 230, ""pf"": 0.9, ""maximum_proxy_current_a"": 0.14090177133655396, ""planning_current_a"": 0.17612721417069244, ""comparison_breaker_a"": 6, ""comparison_area_mm2"": 1.5, ""comparison_conductors"": ""3 copper cores (L/N/PE), assumed single-phase; actual PE and phases pending"", ""corrected_ampacity_a"": 7.702500000000001, ""temperature_grouping_factor"": 0.5135000000000001, ""segment_vdrop_bound_v"": 0.05991753796503643, ""allocated_segment_vdrop_percent"": 1, ""path_vdrop_bound_from_db1_v"": 1.7734105091548749, ""path_vdrop_percent_from_db1"": 0.7710480474586412, ""whole_installation_vdrop_percent"": null, ""status"": ""CONDITIONAL SCREEN ONLY"", ""comparison_path_target_percent"": 3, ""comparison_path_screen"": true}, {""case_id"": ""S2-220-PF08-50C-6"", ""voltage_v"": 220, ""pf"": 0.8, ""maximum_proxy_current_a"": 0.165719696969697, ""planning_current_a"": 0.20714962121212122, ""comparison_breaker_a"": 6, ""comparison_area_mm2"": 1.5, ""comparison_conductors"": ""3 copper cores (L/N/PE), assumed single-phase; actual PE and phases pending"", ""corrected_ampacity_a"": 6.070499999999999, ""temperature_grouping_factor"": 0.40469999999999995, ""segment_vdrop_bound_v"": 0.07047119522024171, ""allocated_segment_vdrop_percent"": 1, ""path_vdrop_bound_from_db1_v"": 1.979942540543493, ""path_vdrop_percent_from_db1"": 0.899973882065224, ""whole_installation_vdrop_percent"": null, ""status"": ""CONDITIONAL SCREEN ONLY"", ""comparison_path_target_percent"": 3, ""comparison_path_screen"": true}]","Above lining / beam tops, short covered joint and rear-face return to fitting. Roof access, rafter/tie interface and removable cover details pending; no timber drilling / notching.","[36.975, 5.916, 7.36]","[36.975, 8.584999999999999, 0.6]",13.782560686265963,"Catalogue maximum proxy only; selected products, actual supply, protection, inrush, installation, origin voltage drop and engineering approval pending",1.5,,,
drop:LC1:L3:light:1:L110,L3 → Crucifix accent · H,LC1,DB1,L3,light,drop,"[""L110""]",9.554,9.554,One modeled mains trunk/branch/local/feeder piece,6.16,0.00924,6.16,7.7,,,,,,,,,,,ENGINEERING HOLD,"[{""case_id"": ""S1-230-PF09-45C-4"", ""voltage_v"": 230, ""pf"": 0.9, ""maximum_proxy_current_a"": 0.029758454106280193, ""planning_current_a"": 0.037198067632850246, ""comparison_breaker_a"": 6, ""comparison_area_mm2"": 1.5, ""comparison_conductors"": ""3 copper cores (L/N/PE), assumed single-phase; actual PE and phases pending"", ""corrected_ampacity_a"": 7.702500000000001, ""temperature_grouping_factor"": 0.5135000000000001, ""segment_vdrop_bound_v"": 0.011287197140096619, ""allocated_segment_vdrop_percent"": 1, ""path_vdrop_bound_from_db1_v"": 1.1833370259902911, ""path_vdrop_percent_from_db1"": 0.5144943591262136, ""whole_installation_vdrop_percent"": null, ""status"": ""CONDITIONAL SCREEN ONLY"", ""comparison_path_target_percent"": 3, ""comparison_path_screen"": true}, {""case_id"": ""S2-220-PF08-50C-6"", ""voltage_v"": 220, ""pf"": 0.8, ""maximum_proxy_current_a"": 0.035, ""planning_current_a"": 0.043750000000000004, ""comparison_breaker_a"": 6, ""comparison_area_mm2"": 1.5, ""comparison_conductors"": ""3 copper cores (L/N/PE), assumed single-phase; actual PE and phases pending"", ""corrected_ampacity_a"": 6.070499999999999, ""temperature_grouping_factor"": 0.40469999999999995, ""segment_vdrop_bound_v"": 0.013275283, ""allocated_segment_vdrop_percent"": 1, ""path_vdrop_bound_from_db1_v"": 1.2859356597760565, ""path_vdrop_percent_from_db1"": 0.5845162089891166, ""whole_installation_vdrop_percent"": null, ""status"": ""CONDITIONAL SCREEN ONLY"", ""comparison_path_target_percent"": 3, ""comparison_path_screen"": true}]",Back-wall band to service space behind chamber lining; local termination behind the fitting / cornice. Removable lining and cable-entry detail pending.,"[48.5, 5.916, 7.36]","[44.75, 7.6, 3.2399999999999998]",12.509400000000001,"Catalogue maximum proxy only; selected products, actual supply, protection, inrush, installation, origin voltage drop and engineering approval pending",1.5,,,
drop:LC1:L3:light:1:L111,L3 → Reredos wash · H,LC1,DB1,L3,light,drop,"[""L111""]",8.654,8.654,One modeled mains trunk/branch/local/feeder piece,5.416666666666667,0.008125,5.416666666666667,6.770833333333334,,,,,,,,,,,ENGINEERING HOLD,"[{""case_id"": ""S1-230-PF09-45C-4"", ""voltage_v"": 230, ""pf"": 0.9, ""maximum_proxy_current_a"": 0.026167471819645734, ""planning_current_a"": 0.032709339774557165, ""comparison_breaker_a"": 6, ""comparison_area_mm2"": 1.5, ""comparison_conductors"": ""3 copper cores (L/N/PE), assumed single-phase; actual PE and phases pending"", ""corrected_ampacity_a"": 7.702500000000001, ""temperature_grouping_factor"": 0.5135000000000001, ""segment_vdrop_bound_v"": 0.008990196054750401, ""allocated_segment_vdrop_percent"": 1, ""path_vdrop_bound_from_db1_v"": 1.1810400249049449, ""path_vdrop_percent_from_db1"": 0.5134956630021499, ""whole_installation_vdrop_percent"": null, ""status"": ""CONDITIONAL SCREEN ONLY"", ""comparison_path_target_percent"": 3, ""comparison_path_screen"": true}, {""case_id"": ""S2-220-PF08-50C-6"", ""voltage_v"": 220, ""pf"": 0.8, ""maximum_proxy_current_a"": 0.030776515151515152, ""planning_current_a"": 0.03847064393939394, ""comparison_breaker_a"": 6, ""comparison_area_mm2"": 1.5, ""comparison_conductors"": ""3 copper cores (L/N/PE), assumed single-phase; actual PE and phases pending"", ""corrected_ampacity_a"": 6.070499999999999, ""temperature_grouping_factor"": 0.40469999999999995, ""segment_vdrop_bound_v"": 0.010573696496212122, ""allocated_segment_vdrop_percent"": 1, ""path_vdrop_bound_from_db1_v"": 1.2832340732722685, ""path_vdrop_percent_from_db1"": 0.5832882151237584, ""whole_installation_vdrop_percent"": null, ""status"": ""CONDITIONAL SCREEN ONLY"", ""comparison_path_target_percent"": 3, ""comparison_path_screen"": true}]",Back-wall band to service space behind chamber lining; local termination behind the fitting / cornice. Removable lining and cable-entry detail pending.,"[48.5, 5.916, 7.36]","[44.75, 6.7, 3.2399999999999998]",11.519400000000001,"Catalogue maximum proxy only; selected products, actual supply, protection, inrush, installation, origin voltage drop and engineering approval pending",1.5,,,
drop:LC1:L3:light:1:L112,L3 → Reredos base wash · H,LC1,DB1,L3,light,drop,"[""L112""]",8.386000000000001,8.386000000000001,One modeled mains trunk/branch/local/feeder piece,10.833333333333334,0.01625,10.833333333333334,13.541666666666668,,,,,,,,,,,ENGINEERING HOLD,"[{""case_id"": ""S1-230-PF09-45C-4"", ""voltage_v"": 230, ""pf"": 0.9, ""maximum_proxy_current_a"": 0.05233494363929147, ""planning_current_a"": 0.06541867954911433, ""comparison_breaker_a"": 6, ""comparison_area_mm2"": 1.5, ""comparison_conductors"": ""3 copper cores (L/N/PE), assumed single-phase; actual PE and phases pending"", ""corrected_ampacity_a"": 7.702500000000001, ""temperature_grouping_factor"": 0.5135000000000001, ""segment_vdrop_bound_v"": 0.017423569243156196, ""allocated_segment_vdrop_percent"": 1, ""path_vdrop_bound_from_db1_v"": 1.1894733980933507, ""path_vdrop_percent_from_db1"": 0.5171623469971091, ""whole_installation_vdrop_percent"": null, ""status"": ""CONDITIONAL SCREEN ONLY"", ""comparison_path_target_percent"": 3, ""comparison_path_screen"": true}, {""case_id"": ""S2-220-PF08-50C-6"", ""voltage_v"": 220, ""pf"": 0.8, ""maximum_proxy_current_a"": 0.061553030303030304, ""planning_current_a"": 0.07694128787878789, ""comparison_breaker_a"": 6, ""comparison_area_mm2"": 1.5, ""comparison_conductors"": ""3 copper cores (L/N/PE), assumed single-phase; actual PE and phases pending"", ""corrected_ampacity_a"": 6.070499999999999, ""temperature_grouping_factor"": 0.40469999999999995, ""segment_vdrop_bound_v"": 0.020492493371212124, ""allocated_segment_vdrop_percent"": 1, ""path_vdrop_bound_from_db1_v"": 1.2931528701472685, ""path_vdrop_percent_from_db1"": 0.5877967591578493, ""whole_installation_vdrop_percent"": null, ""status"": ""CONDITIONAL SCREEN ONLY"", ""comparison_path_target_percent"": 3, ""comparison_path_screen"": true}]",Back-wall band to service space behind chamber lining; local termination behind the fitting / cornice. Removable lining and cable-entry detail pending.,"[48.5, 5.916, 7.36]","[44.75, 5.4, 3.2399999999999998]",11.224600000000002,"Catalogue maximum proxy only; selected products, actual supply, protection, inrush, installation, origin voltage drop and engineering approval pending",1.5,,,
drop:LC1:L3:light:1:L113,L3 → Sanctuary vault uplight · H,LC1,DB1,L3,light,drop,"[""L113""]",10.073999999999998,10.073999999999998,One modeled mains trunk/branch/local/feeder piece,17.6,0.026400000000000003,17.6,22.0,,,,,,,,,,,ENGINEERING HOLD,"[{""case_id"": ""S1-230-PF09-45C-4"", ""voltage_v"": 230, ""pf"": 0.9, ""maximum_proxy_current_a"": 0.08502415458937199, ""planning_current_a"": 0.10628019323671498, ""comparison_breaker_a"": 6, ""comparison_area_mm2"": 1.5, ""comparison_conductors"": ""3 copper cores (L/N/PE), assumed single-phase; actual PE and phases pending"", ""corrected_ampacity_a"": 7.702500000000001, ""temperature_grouping_factor"": 0.5135000000000001, ""segment_vdrop_bound_v"": 0.03400437333333332, ""allocated_segment_vdrop_percent"": 1, ""path_vdrop_bound_from_db1_v"": 1.2060542021835279, ""path_vdrop_percent_from_db1"": 0.5243713922537078, ""whole_installation_vdrop_percent"": null, ""status"": ""CONDITIONAL SCREEN ONLY"", ""comparison_path_target_percent"": 3, ""comparison_path_screen"": true}, {""case_id"": ""S2-220-PF08-50C-6"", ""voltage_v"": 220, ""pf"": 0.8, ""maximum_proxy_current_a"": 0.1, ""planning_current_a"": 0.125, ""comparison_breaker_a"": 6, ""comparison_area_mm2"": 1.5, ""comparison_conductors"": ""3 copper cores (L/N/PE), assumed single-phase; actual PE and phases pending"", ""corrected_ampacity_a"": 6.070499999999999, ""temperature_grouping_factor"": 0.40469999999999995, ""segment_vdrop_bound_v"": 0.039993779999999986, ""allocated_segment_vdrop_percent"": 1, ""path_vdrop_bound_from_db1_v"": 1.3126541567760563, ""path_vdrop_percent_from_db1"": 0.5966609803527528, ""whole_installation_vdrop_percent"": null, ""status"": ""CONDITIONAL SCREEN ONLY"", ""comparison_path_target_percent"": 3, ""comparison_path_screen"": true}]",Back-wall band to service space behind chamber lining; local termination behind the fitting / cornice. Removable lining and cable-entry detail pending.,"[48.5, 5.916, 7.36]","[45.35, 8.42, 2.94]",13.081399999999999,"Catalogue maximum proxy only; selected products, actual supply, protection, inrush, installation, origin voltage drop and engineering approval pending",1.5,,,
drop:LC1:L3:light:1:L117,L3 → Statue accent · H,LC1,DB1,L3,light,drop,"[""L117""]",4.068999999999997,4.068999999999997,One modeled mains trunk/branch/local/feeder piece,1.936,0.002904,1.936,2.42,,,,,,,,,,,ENGINEERING HOLD,"[{""case_id"": ""S1-230-PF09-45C-4"", ""voltage_v"": 230, ""pf"": 0.9, ""maximum_proxy_current_a"": 0.009352657004830917, ""planning_current_a"": 0.011690821256038647, ""comparison_breaker_a"": 6, ""comparison_area_mm2"": 1.5, ""comparison_conductors"": ""3 copper cores (L/N/PE), assumed single-phase; actual PE and phases pending"", ""corrected_ampacity_a"": 7.702500000000001, ""temperature_grouping_factor"": 0.5135000000000001, ""segment_vdrop_bound_v"": 0.001510821665700482, ""allocated_segment_vdrop_percent"": 1, ""path_vdrop_bound_from_db1_v"": 1.715003792855539, ""path_vdrop_percent_from_db1"": 0.7456538229806692, ""whole_installation_vdrop_percent"": null, ""status"": ""CONDITIONAL SCREEN ONLY"", ""comparison_path_target_percent"": 3, ""comparison_path_screen"": true}, {""case_id"": ""S2-220-PF08-50C-6"", ""voltage_v"": 220, ""pf"": 0.8, ""maximum_proxy_current_a"": 0.011, ""planning_current_a"": 0.01375, ""comparison_breaker_a"": 6, ""comparison_area_mm2"": 1.5, ""comparison_conductors"": ""3 copper cores (L/N/PE), assumed single-phase; actual PE and phases pending"", ""corrected_ampacity_a"": 6.070499999999999, ""temperature_grouping_factor"": 0.40469999999999995, ""segment_vdrop_bound_v"": 0.0017769322999999987, ""allocated_segment_vdrop_percent"": 1, ""path_vdrop_bound_from_db1_v"": 1.9112482776232511, ""path_vdrop_percent_from_db1"": 0.8687492171014778, ""whole_installation_vdrop_percent"": null, ""status"": ""CONDITIONAL SCREEN ONLY"", ""comparison_path_target_percent"": 3, ""comparison_path_screen"": true}]","Above lining / beam tops, short covered joint and rear-face return to fitting. Roof access, rafter/tie interface and removable cover details pending; no timber drilling / notching.","[36.975, 5.916, 7.36]","[36.975, 6.655, 5.25]",6.4758999999999975,"Catalogue maximum proxy only; selected products, actual supply, protection, inrush, installation, origin voltage drop and engineering approval pending",1.5,,,
drop:LC1:L3:light:1:L118,L3 → Shrine wash · H,LC1,DB1,L3,light,drop,"[""L118""]",4.418999999999997,4.418999999999997,One modeled mains trunk/branch/local/feeder piece,20,0.03,20,25.0,,,,,,,,,,,ENGINEERING HOLD,"[{""case_id"": ""S1-230-PF09-45C-4"", ""voltage_v"": 230, ""pf"": 0.9, ""maximum_proxy_current_a"": 0.0966183574879227, ""planning_current_a"": 0.12077294685990338, ""comparison_breaker_a"": 6, ""comparison_area_mm2"": 1.5, ""comparison_conductors"": ""3 copper cores (L/N/PE), assumed single-phase; actual PE and phases pending"", ""corrected_ampacity_a"": 7.702500000000001, ""temperature_grouping_factor"": 0.5135000000000001, ""segment_vdrop_bound_v"": 0.016950173913043463, ""allocated_segment_vdrop_percent"": 1, ""path_vdrop_bound_from_db1_v"": 1.7304431451028819, ""path_vdrop_percent_from_db1"": 0.75236658482734, ""whole_installation_vdrop_percent"": null, ""status"": ""CONDITIONAL SCREEN ONLY"", ""comparison_path_target_percent"": 3, ""comparison_path_screen"": true}, {""case_id"": ""S2-220-PF08-50C-6"", ""voltage_v"": 220, ""pf"": 0.8, ""maximum_proxy_current_a"": 0.11363636363636363, ""planning_current_a"": 0.14204545454545456, ""comparison_breaker_a"": 6, ""comparison_area_mm2"": 1.5, ""comparison_conductors"": ""3 copper cores (L/N/PE), assumed single-phase; actual PE and phases pending"", ""corrected_ampacity_a"": 6.070499999999999, ""temperature_grouping_factor"": 0.40469999999999995, ""segment_vdrop_bound_v"": 0.019935715909090896, ""allocated_segment_vdrop_percent"": 1, ""path_vdrop_bound_from_db1_v"": 1.929407061232342, ""path_vdrop_percent_from_db1"": 0.8770032096510646, ""whole_installation_vdrop_percent"": null, ""status"": ""CONDITIONAL SCREEN ONLY"", ""comparison_path_target_percent"": 3, ""comparison_path_screen"": true}]","Above lining / beam tops, short covered joint and rear-face return to fitting. Roof access, rafter/tie interface and removable cover details pending; no timber drilling / notching.","[36.975, 5.916, 7.36]","[36.975, 6.655, 4.9]",6.860899999999997,"Catalogue maximum proxy only; selected products, actual supply, protection, inrush, installation, origin voltage drop and engineering approval pending",1.5,,,
drop:LC1:L3:light:1:L153,L3 → Service door lantern · H · front,LC1,DB1,L3,light,drop,"[""L153""]",6.928000000000003,6.928000000000003,One modeled mains trunk/branch/local/feeder piece,4,0.006,4,5.0,,,,,,,,,,,ENGINEERING HOLD,"[{""case_id"": ""S1-230-PF09-45C-4"", ""voltage_v"": 230, ""pf"": 0.9, ""maximum_proxy_current_a"": 0.01932367149758454, ""planning_current_a"": 0.024154589371980676, ""comparison_breaker_a"": 6, ""comparison_area_mm2"": 1.5, ""comparison_conductors"": ""3 copper cores (L/N/PE), assumed single-phase; actual PE and phases pending"", ""corrected_ampacity_a"": 7.702500000000001, ""temperature_grouping_factor"": 0.5135000000000001, ""segment_vdrop_bound_v"": 0.0053148135265700495, ""allocated_segment_vdrop_percent"": 1, ""path_vdrop_bound_from_db1_v"": 1.0270524256617888, ""path_vdrop_percent_from_db1"": 0.4465445328964299, ""whole_installation_vdrop_percent"": null, ""status"": ""CONDITIONAL SCREEN ONLY"", ""comparison_path_target_percent"": 3, ""comparison_path_screen"": true}, {""case_id"": ""S2-220-PF08-50C-6"", ""voltage_v"": 220, ""pf"": 0.8, ""maximum_proxy_current_a"": 0.022727272727272728, ""planning_current_a"": 0.028409090909090908, ""comparison_breaker_a"": 6, ""comparison_area_mm2"": 1.5, ""comparison_conductors"": ""3 copper cores (L/N/PE), assumed single-phase; actual PE and phases pending"", ""corrected_ampacity_a"": 6.070499999999999, ""temperature_grouping_factor"": 0.40469999999999995, ""segment_vdrop_bound_v"": 0.006250945454545456, ""allocated_segment_vdrop_percent"": 1, ""path_vdrop_bound_from_db1_v"": 1.1021236582533291, ""path_vdrop_percent_from_db1"": 0.5009652992060587, ""whole_installation_vdrop_percent"": null, ""status"": ""CONDITIONAL SCREEN ONLY"", ""comparison_path_target_percent"": 3, ""comparison_path_screen"": true}]",Rear-wall band and local termination; gable / weatherproof entry details pending.,"[52.8, 5.916, 7.36]","[52.8, 2.3, 4.48]",9.620800000000003,"Catalogue maximum proxy only; selected products, actual supply, protection, inrush, installation, origin voltage drop and engineering approval pending",1.5,,,
drop:LC1:L3:light:1:L154,L3 → Service door lantern · H · rear,LC1,DB1,L3,light,drop,"[""L154""]",4.928000000000003,4.928000000000003,One modeled mains trunk/branch/local/feeder piece,4,0.006,4,5.0,,,,,,,,,,,ENGINEERING HOLD,"[{""case_id"": ""S1-230-PF09-45C-4"", ""voltage_v"": 230, ""pf"": 0.9, ""maximum_proxy_current_a"": 0.01932367149758454, ""planning_current_a"": 0.024154589371980676, ""comparison_breaker_a"": 6, ""comparison_area_mm2"": 1.5, ""comparison_conductors"": ""3 copper cores (L/N/PE), assumed single-phase; actual PE and phases pending"", ""corrected_ampacity_a"": 7.702500000000001, ""temperature_grouping_factor"": 0.5135000000000001, ""segment_vdrop_bound_v"": 0.0037805140096618377, ""allocated_segment_vdrop_percent"": 1, ""path_vdrop_bound_from_db1_v"": 1.0255181261448807, ""path_vdrop_percent_from_db1"": 0.4458774461499481, ""whole_installation_vdrop_percent"": null, ""status"": ""CONDITIONAL SCREEN ONLY"", ""comparison_path_target_percent"": 3, ""comparison_path_screen"": true}, {""case_id"": ""S2-220-PF08-50C-6"", ""voltage_v"": 220, ""pf"": 0.8, ""maximum_proxy_current_a"": 0.022727272727272728, ""planning_current_a"": 0.028409090909090908, ""comparison_breaker_a"": 6, ""comparison_area_mm2"": 1.5, ""comparison_conductors"": ""3 copper cores (L/N/PE), assumed single-phase; actual PE and phases pending"", ""corrected_ampacity_a"": 6.070499999999999, ""temperature_grouping_factor"": 0.40469999999999995, ""segment_vdrop_bound_v"": 0.004446400000000002, ""allocated_segment_vdrop_percent"": 1, ""path_vdrop_bound_from_db1_v"": 1.1003191127987837, ""path_vdrop_percent_from_db1"": 0.5001450512721745, ""whole_installation_vdrop_percent"": null, ""status"": ""CONDITIONAL SCREEN ONLY"", ""comparison_path_target_percent"": 3, ""comparison_path_screen"": true}]",Rear-wall band and local termination; gable / weatherproof entry details pending.,"[52.8, 5.916, 7.36]","[52.8, 2.3, 6.48]",7.420800000000003,"Catalogue maximum proxy only; selected products, actual supply, protection, inrush, installation, origin voltage drop and engineering approval pending",1.5,,,
trunk:LC1:L4:light:-1,L4 · B · circuit trunk,LC1,DB1,L4,light,trunk,"[""L119"", ""L120"", ""L121"", ""L122"", ""L123"", ""L124"", ""L125"", ""L126"", ""L127""]",62.31413031117919,62.31413031117919,One modeled mains trunk/branch/local/feeder piece,168.0,0.252,168.0,210.0,,,,,,,,,,,ENGINEERING HOLD,"[{""case_id"": ""S1-230-PF09-45C-4"", ""voltage_v"": 230, ""pf"": 0.9, ""maximum_proxy_current_a"": 0.8115942028985508, ""planning_current_a"": 1.0144927536231885, ""comparison_breaker_a"": 6, ""comparison_area_mm2"": 1.5, ""comparison_conductors"": ""3 copper cores (L/N/PE), assumed single-phase; actual PE and phases pending"", ""corrected_ampacity_a"": 7.702500000000001, ""temperature_grouping_factor"": 0.5135000000000001, ""segment_vdrop_bound_v"": 2.0077793406929505, ""allocated_segment_vdrop_percent"": 1, ""path_vdrop_bound_from_db1_v"": 2.2558285126996664, ""path_vdrop_percent_from_db1"": 0.9807950055215942, ""whole_installation_vdrop_percent"": null, ""status"": ""CONDITIONAL SCREEN ONLY"", ""comparison_path_target_percent"": 3, ""comparison_path_screen"": true}, {""case_id"": ""S2-220-PF08-50C-6"", ""voltage_v"": 220, ""pf"": 0.8, ""maximum_proxy_current_a"": 0.9545454545454546, ""planning_current_a"": 1.1931818181818181, ""comparison_breaker_a"": 6, ""comparison_area_mm2"": 2.5, ""comparison_conductors"": ""3 copper cores (L/N/PE), assumed single-phase; actual PE and phases pending"", ""corrected_ampacity_a"": 8.094, ""temperature_grouping_factor"": 0.40469999999999995, ""segment_vdrop_bound_v"": 1.4216119092354924, ""allocated_segment_vdrop_percent"": 1, ""path_vdrop_bound_from_db1_v"": 1.6075215134740488, ""path_vdrop_percent_from_db1"": 0.7306915970336586, ""whole_installation_vdrop_percent"": null, ""status"": ""CONDITIONAL SCREEN ONLY"", ""comparison_path_target_percent"": 3, ""comparison_path_screen"": true}]",Wall bands above openings; concealed finish-matched soffit crossing over the 9–10 wing opening.,"[48.895, 1.85, -0.55]","[9.975000000000001, 5.924, -7.36]",70.54554334229712,"Catalogue maximum proxy only; selected products, actual supply, protection, inrush, installation, origin voltage drop and engineering approval pending",2.5,,,
drop:LC1:L4:light:-1:L119,L4 → Veranda lantern · B · axis 3,LC1,DB1,L4,light,drop,"[""L119""]",4.763734978599281,4.763734978599281,One modeled mains trunk/branch/local/feeder piece,18.666666666666668,0.028,18.666666666666668,23.333333333333336,,,,,,,,,,,ENGINEERING HOLD,"[{""case_id"": ""S1-230-PF09-45C-4"", ""voltage_v"": 230, ""pf"": 0.9, ""maximum_proxy_current_a"": 0.09017713365539454, ""planning_current_a"": 0.11272141706924317, ""comparison_breaker_a"": 6, ""comparison_area_mm2"": 1.5, ""comparison_conductors"": ""3 copper cores (L/N/PE), assumed single-phase; actual PE and phases pending"", ""corrected_ampacity_a"": 7.702500000000001, ""temperature_grouping_factor"": 0.5135000000000001, ""segment_vdrop_bound_v"": 0.017054324644801805, ""allocated_segment_vdrop_percent"": 1, ""path_vdrop_bound_from_db1_v"": 2.2728828373444685, ""path_vdrop_percent_from_db1"": 0.9882099292802037, ""whole_installation_vdrop_percent"": null, ""status"": ""CONDITIONAL SCREEN ONLY"", ""comparison_path_target_percent"": 3, ""comparison_path_screen"": true}, {""case_id"": ""S2-220-PF08-50C-6"", ""voltage_v"": 220, ""pf"": 0.8, ""maximum_proxy_current_a"": 0.10606060606060606, ""planning_current_a"": 0.1325757575757576, ""comparison_breaker_a"": 6, ""comparison_area_mm2"": 1.5, ""comparison_conductors"": ""3 copper cores (L/N/PE), assumed single-phase; actual PE and phases pending"", ""corrected_ampacity_a"": 6.070499999999999, ""temperature_grouping_factor"": 0.40469999999999995, ""segment_vdrop_bound_v"": 0.02005821137201122, ""allocated_segment_vdrop_percent"": 1, ""path_vdrop_bound_from_db1_v"": 1.62757972484606, ""path_vdrop_percent_from_db1"": 0.7398089658391181, ""whole_installation_vdrop_percent"": null, ""status"": ""CONDITIONAL SCREEN ONLY"", ""comparison_path_target_percent"": 3, ""comparison_path_screen"": true}]","Above nave lining / covered soffit route at wings and verandas; cable continues inside the existing pendant stem. Roof build-up, supports and access pending.","[9.975000000000001, 5.924, -7.36]","[9.975, 4.55, -8.85]",7.240108476459209,"Catalogue maximum proxy only; selected products, actual supply, protection, inrush, installation, origin voltage drop and engineering approval pending",1.5,,,
drop:LC1:L4:light:-1:L120,L4 → Veranda lantern · B · axis 4,LC1,DB1,L4,light,drop,"[""L120""]",4.763734978599281,4.763734978599281,One modeled mains trunk/branch/local/feeder piece,18.666666666666668,0.028,18.666666666666668,23.333333333333336,,,,,,,,,,,ENGINEERING HOLD,"[{""case_id"": ""S1-230-PF09-45C-4"", ""voltage_v"": 230, ""pf"": 0.9, ""maximum_proxy_current_a"": 0.09017713365539454, ""planning_current_a"": 0.11272141706924317, ""comparison_breaker_a"": 6, ""comparison_area_mm2"": 1.5, ""comparison_conductors"": ""3 copper cores (L/N/PE), assumed single-phase; actual PE and phases pending"", ""corrected_ampacity_a"": 7.702500000000001, ""temperature_grouping_factor"": 0.5135000000000001, ""segment_vdrop_bound_v"": 0.017054324644801805, ""allocated_segment_vdrop_percent"": 1, ""path_vdrop_bound_from_db1_v"": 2.1278915329966424, ""path_vdrop_percent_from_db1"": 0.9251702317376705, ""whole_installation_vdrop_percent"": null, ""status"": ""CONDITIONAL SCREEN ONLY"", ""comparison_path_target_percent"": 3, ""comparison_path_screen"": true}, {""case_id"": ""S2-220-PF08-50C-6"", ""voltage_v"": 220, ""pf"": 0.8, ""maximum_proxy_current_a"": 0.10606060606060606, ""planning_current_a"": 0.1325757575757576, ""comparison_breaker_a"": 6, ""comparison_area_mm2"": 1.5, ""comparison_conductors"": ""3 copper cores (L/N/PE), assumed single-phase; actual PE and phases pending"", ""corrected_ampacity_a"": 6.070499999999999, ""temperature_grouping_factor"": 0.40469999999999995, ""segment_vdrop_bound_v"": 0.02005821137201122, ""allocated_segment_vdrop_percent"": 1, ""path_vdrop_bound_from_db1_v"": 1.5249183612096964, ""path_vdrop_percent_from_db1"": 0.6931447096407711, ""whole_installation_vdrop_percent"": null, ""status"": ""CONDITIONAL SCREEN ONLY"", ""comparison_path_target_percent"": 3, ""comparison_path_screen"": true}]","Above nave lining / covered soffit route at wings and verandas; cable continues inside the existing pendant stem. Roof build-up, supports and access pending.","[14.475000000000001, 5.924, -7.36]","[14.475, 4.55, -8.85]",7.240108476459209,"Catalogue maximum proxy only; selected products, actual supply, protection, inrush, installation, origin voltage drop and engineering approval pending",1.5,,,
drop:LC1:L4:light:-1:L121,L4 → Veranda lantern · B · axis 5,LC1,DB1,L4,light,drop,"[""L121""]",4.763734978599281,4.763734978599281,One modeled mains trunk/branch/local/feeder piece,18.666666666666668,0.028,18.666666666666668,23.333333333333336,,,,,,,,,,,ENGINEERING HOLD,"[{""case_id"": ""S1-230-PF09-45C-4"", ""voltage_v"": 230, ""pf"": 0.9, ""maximum_proxy_current_a"": 0.09017713365539454, ""planning_current_a"": 0.11272141706924317, ""comparison_breaker_a"": 6, ""comparison_area_mm2"": 1.5, ""comparison_conductors"": ""3 copper cores (L/N/PE), assumed single-phase; actual PE and phases pending"", ""corrected_ampacity_a"": 7.702500000000001, ""temperature_grouping_factor"": 0.5135000000000001, ""segment_vdrop_bound_v"": 0.017054324644801805, ""allocated_segment_vdrop_percent"": 1, ""path_vdrop_bound_from_db1_v"": 1.9829002286488162, ""path_vdrop_percent_from_db1"": 0.8621305341951375, ""whole_installation_vdrop_percent"": null, ""status"": ""CONDITIONAL SCREEN ONLY"", ""comparison_path_target_percent"": 3, ""comparison_path_screen"": true}, {""case_id"": ""S2-220-PF08-50C-6"", ""voltage_v"": 220, ""pf"": 0.8, ""maximum_proxy_current_a"": 0.10606060606060606, ""planning_current_a"": 0.1325757575757576, ""comparison_breaker_a"": 6, ""comparison_area_mm2"": 1.5, ""comparison_conductors"": ""3 copper cores (L/N/PE), assumed single-phase; actual PE and phases pending"", ""corrected_ampacity_a"": 6.070499999999999, ""temperature_grouping_factor"": 0.40469999999999995, ""segment_vdrop_bound_v"": 0.02005821137201122, ""allocated_segment_vdrop_percent"": 1, ""path_vdrop_bound_from_db1_v"": 1.4222569975733328, ""path_vdrop_percent_from_db1"": 0.646480453442424, ""whole_installation_vdrop_percent"": null, ""status"": ""CONDITIONAL SCREEN ONLY"", ""comparison_path_target_percent"": 3, ""comparison_path_screen"": true}]","Above nave lining / covered soffit route at wings and verandas; cable continues inside the existing pendant stem. Roof build-up, supports and access pending.","[18.975, 5.924, -7.36]","[18.975, 4.55, -8.85]",7.240108476459209,"Catalogue maximum proxy only; selected products, actual supply, protection, inrush, installation, origin voltage drop and engineering approval pending",1.5,,,
drop:LC1:L4:light:-1:L122,L4 → Veranda lantern · B · axis 6,LC1,DB1,L4,light,drop,"[""L122""]",4.763734978599281,4.763734978599281,One modeled mains trunk/branch/local/feeder piece,18.666666666666668,0.028,18.666666666666668,23.333333333333336,,,,,,,,,,,ENGINEERING HOLD,"[{""case_id"": ""S1-230-PF09-45C-4"", ""voltage_v"": 230, ""pf"": 0.9, ""maximum_proxy_current_a"": 0.09017713365539454, ""planning_current_a"": 0.11272141706924317, ""comparison_breaker_a"": 6, ""comparison_area_mm2"": 1.5, ""comparison_conductors"": ""3 copper cores (L/N/PE), assumed single-phase; actual PE and phases pending"", ""corrected_ampacity_a"": 7.702500000000001, ""temperature_grouping_factor"": 0.5135000000000001, ""segment_vdrop_bound_v"": 0.017054324644801805, ""allocated_segment_vdrop_percent"": 1, ""path_vdrop_bound_from_db1_v"": 1.83790892430099, ""path_vdrop_percent_from_db1"": 0.7990908366526044, ""whole_installation_vdrop_percent"": null, ""status"": ""CONDITIONAL SCREEN ONLY"", ""comparison_path_target_percent"": 3, ""comparison_path_screen"": true}, {""case_id"": ""S2-220-PF08-50C-6"", ""voltage_v"": 220, ""pf"": 0.8, ""maximum_proxy_current_a"": 0.10606060606060606, ""planning_current_a"": 0.1325757575757576, ""comparison_breaker_a"": 6, ""comparison_area_mm2"": 1.5, ""comparison_conductors"": ""3 copper cores (L/N/PE), assumed single-phase; actual PE and phases pending"", ""corrected_ampacity_a"": 6.070499999999999, ""temperature_grouping_factor"": 0.40469999999999995, ""segment_vdrop_bound_v"": 0.02005821137201122, ""allocated_segment_vdrop_percent"": 1, ""path_vdrop_bound_from_db1_v"": 1.3195956339369692, ""path_vdrop_percent_from_db1"": 0.599816197244077, ""whole_installation_vdrop_percent"": null, ""status"": ""CONDITIONAL SCREEN ONLY"", ""comparison_path_target_percent"": 3, ""comparison_path_screen"": true}]","Above nave lining / covered soffit route at wings and verandas; cable continues inside the existing pendant stem. Roof build-up, supports and access pending.","[23.475, 5.924, -7.36]","[23.475, 4.55, -8.85]",7.240108476459209,"Catalogue maximum proxy only; selected products, actual supply, protection, inrush, installation, origin voltage drop and engineering approval pending",1.5,,,
drop:LC1:L4:light:-1:L123,L4 → Veranda lantern · B · axis 7,LC1,DB1,L4,light,drop,"[""L123""]",4.763734978599281,4.763734978599281,One modeled mains trunk/branch/local/feeder piece,18.666666666666668,0.028,18.666666666666668,23.333333333333336,,,,,,,,,,,ENGINEERING HOLD,"[{""case_id"": ""S1-230-PF09-45C-4"", ""voltage_v"": 230, ""pf"": 0.9, ""maximum_proxy_current_a"": 0.09017713365539454, ""planning_current_a"": 0.11272141706924317, ""comparison_breaker_a"": 6, ""comparison_area_mm2"": 1.5, ""comparison_conductors"": ""3 copper cores (L/N/PE), assumed single-phase; actual PE and phases pending"", ""corrected_ampacity_a"": 7.702500000000001, ""temperature_grouping_factor"": 0.5135000000000001, ""segment_vdrop_bound_v"": 0.017054324644801805, ""allocated_segment_vdrop_percent"": 1, ""path_vdrop_bound_from_db1_v"": 1.692917619953164, ""path_vdrop_percent_from_db1"": 0.7360511391100713, ""whole_installation_vdrop_percent"": null, ""status"": ""CONDITIONAL SCREEN ONLY"", ""comparison_path_target_percent"": 3, ""comparison_path_screen"": true}, {""case_id"": ""S2-220-PF08-50C-6"", ""voltage_v"": 220, ""pf"": 0.8, ""maximum_proxy_current_a"": 0.10606060606060606, ""planning_current_a"": 0.1325757575757576, ""comparison_breaker_a"": 6, ""comparison_area_mm2"": 1.5, ""comparison_conductors"": ""3 copper cores (L/N/PE), assumed single-phase; actual PE and phases pending"", ""corrected_ampacity_a"": 6.070499999999999, ""temperature_grouping_factor"": 0.40469999999999995, ""segment_vdrop_bound_v"": 0.02005821137201122, ""allocated_segment_vdrop_percent"": 1, ""path_vdrop_bound_from_db1_v"": 1.2169342703006054, ""path_vdrop_percent_from_db1"": 0.5531519410457297, ""whole_installation_vdrop_percent"": null, ""status"": ""CONDITIONAL SCREEN ONLY"", ""comparison_path_target_percent"": 3, ""comparison_path_screen"": true}]","Above nave lining / covered soffit route at wings and verandas; cable continues inside the existing pendant stem. Roof build-up, supports and access pending.","[27.975, 5.924, -7.36]","[27.975, 4.55, -8.85]",7.240108476459209,"Catalogue maximum proxy only; selected products, actual supply, protection, inrush, installation, origin voltage drop and engineering approval pending",1.5,,,
drop:LC1:L4:light:-1:L124,L4 → Veranda lantern · B · axis 8,LC1,DB1,L4,light,drop,"[""L124""]",4.763734978599281,4.763734978599281,One modeled mains trunk/branch/local/feeder piece,18.666666666666668,0.028,18.666666666666668,23.333333333333336,,,,,,,,,,,ENGINEERING HOLD,"[{""case_id"": ""S1-230-PF09-45C-4"", ""voltage_v"": 230, ""pf"": 0.9, ""maximum_proxy_current_a"": 0.09017713365539454, ""planning_current_a"": 0.11272141706924317, ""comparison_breaker_a"": 6, ""comparison_area_mm2"": 1.5, ""comparison_conductors"": ""3 copper cores (L/N/PE), assumed single-phase; actual PE and phases pending"", ""corrected_ampacity_a"": 7.702500000000001, ""temperature_grouping_factor"": 0.5135000000000001, ""segment_vdrop_bound_v"": 0.017054324644801805, ""allocated_segment_vdrop_percent"": 1, ""path_vdrop_bound_from_db1_v"": 1.5479263156053378, ""path_vdrop_percent_from_db1"": 0.6730114415675381, ""whole_installation_vdrop_percent"": null, ""status"": ""CONDITIONAL SCREEN ONLY"", ""comparison_path_target_percent"": 3, ""comparison_path_screen"": true}, {""case_id"": ""S2-220-PF08-50C-6"", ""voltage_v"": 220, ""pf"": 0.8, ""maximum_proxy_current_a"": 0.10606060606060606, ""planning_current_a"": 0.1325757575757576, ""comparison_breaker_a"": 6, ""comparison_area_mm2"": 1.5, ""comparison_conductors"": ""3 copper cores (L/N/PE), assumed single-phase; actual PE and phases pending"", ""corrected_ampacity_a"": 6.070499999999999, ""temperature_grouping_factor"": 0.40469999999999995, ""segment_vdrop_bound_v"": 0.02005821137201122, ""allocated_segment_vdrop_percent"": 1, ""path_vdrop_bound_from_db1_v"": 1.1142729066642418, ""path_vdrop_percent_from_db1"": 0.5064876848473826, ""whole_installation_vdrop_percent"": null, ""status"": ""CONDITIONAL SCREEN ONLY"", ""comparison_path_target_percent"": 3, ""comparison_path_screen"": true}]","Above nave lining / covered soffit route at wings and verandas; cable continues inside the existing pendant stem. Roof build-up, supports and access pending.","[32.475, 5.924, -7.36]","[32.475, 4.55, -8.85]",7.240108476459209,"Catalogue maximum proxy only; selected products, actual supply, protection, inrush, installation, origin voltage drop and engineering approval pending",1.5,,,
drop:LC1:L4:light:-1:L125,L4 → Veranda lantern · B · axis 9,LC1,DB1,L4,light,drop,"[""L125""]",4.763734978599281,4.763734978599281,One modeled mains trunk/branch/local/feeder piece,18.666666666666668,0.028,18.666666666666668,23.333333333333336,,,,,,,,,,,ENGINEERING HOLD,"[{""case_id"": ""S1-230-PF09-45C-4"", ""voltage_v"": 230, ""pf"": 0.9, ""maximum_proxy_current_a"": 0.09017713365539454, ""planning_current_a"": 0.11272141706924317, ""comparison_breaker_a"": 6, ""comparison_area_mm2"": 1.5, ""comparison_conductors"": ""3 copper cores (L/N/PE), assumed single-phase; actual PE and phases pending"", ""corrected_ampacity_a"": 7.702500000000001, ""temperature_grouping_factor"": 0.5135000000000001, ""segment_vdrop_bound_v"": 0.017054324644801805, ""allocated_segment_vdrop_percent"": 1, ""path_vdrop_bound_from_db1_v"": 1.402935011257512, ""path_vdrop_percent_from_db1"": 0.6099717440250053, ""whole_installation_vdrop_percent"": null, ""status"": ""CONDITIONAL SCREEN ONLY"", ""comparison_path_target_percent"": 3, ""comparison_path_screen"": true}, {""case_id"": ""S2-220-PF08-50C-6"", ""voltage_v"": 220, ""pf"": 0.8, ""maximum_proxy_current_a"": 0.10606060606060606, ""planning_current_a"": 0.1325757575757576, ""comparison_breaker_a"": 6, ""comparison_area_mm2"": 1.5, ""comparison_conductors"": ""3 copper cores (L/N/PE), assumed single-phase; actual PE and phases pending"", ""corrected_ampacity_a"": 6.070499999999999, ""temperature_grouping_factor"": 0.40469999999999995, ""segment_vdrop_bound_v"": 0.02005821137201122, ""allocated_segment_vdrop_percent"": 1, ""path_vdrop_bound_from_db1_v"": 1.0116115430278783, ""path_vdrop_percent_from_db1"": 0.4598234286490355, ""whole_installation_vdrop_percent"": null, ""status"": ""CONDITIONAL SCREEN ONLY"", ""comparison_path_target_percent"": 3, ""comparison_path_screen"": true}]","Above nave lining / covered soffit route at wings and verandas; cable continues inside the existing pendant stem. Roof build-up, supports and access pending.","[36.975, 5.924, -7.36]","[36.975, 4.55, -8.85]",7.240108476459209,"Catalogue maximum proxy only; selected products, actual supply, protection, inrush, installation, origin voltage drop and engineering approval pending",1.5,,,
drop:LC1:L4:light:-1:L126,L4 → Veranda lantern · B · axis 10,LC1,DB1,L4,light,drop,"[""L126""]",4.763734978599281,4.763734978599281,One modeled mains trunk/branch/local/feeder piece,18.666666666666668,0.028,18.666666666666668,23.333333333333336,,,,,,,,,,,ENGINEERING HOLD,"[{""case_id"": ""S1-230-PF09-45C-4"", ""voltage_v"": 230, ""pf"": 0.9, ""maximum_proxy_current_a"": 0.09017713365539454, ""planning_current_a"": 0.11272141706924317, ""comparison_breaker_a"": 6, ""comparison_area_mm2"": 1.5, ""comparison_conductors"": ""3 copper cores (L/N/PE), assumed single-phase; actual PE and phases pending"", ""corrected_ampacity_a"": 7.702500000000001, ""temperature_grouping_factor"": 0.5135000000000001, ""segment_vdrop_bound_v"": 0.017054324644801805, ""allocated_segment_vdrop_percent"": 1, ""path_vdrop_bound_from_db1_v"": 1.0437390212891993, ""path_vdrop_percent_from_db1"": 0.4537995744735649, ""whole_installation_vdrop_percent"": null, ""status"": ""CONDITIONAL SCREEN ONLY"", ""comparison_path_target_percent"": 3, ""comparison_path_screen"": true}, {""case_id"": ""S2-220-PF08-50C-6"", ""voltage_v"": 220, ""pf"": 0.8, ""maximum_proxy_current_a"": 0.10606060606060606, ""planning_current_a"": 0.1325757575757576, ""comparison_breaker_a"": 6, ""comparison_area_mm2"": 1.5, ""comparison_conductors"": ""3 copper cores (L/N/PE), assumed single-phase; actual PE and phases pending"", ""corrected_ampacity_a"": 6.070499999999999, ""temperature_grouping_factor"": 0.40469999999999995, ""segment_vdrop_bound_v"": 0.02005821137201122, ""allocated_segment_vdrop_percent"": 1, ""path_vdrop_bound_from_db1_v"": 0.757282151974204, ""path_vdrop_percent_from_db1"": 0.3442191599882745, ""whole_installation_vdrop_percent"": null, ""status"": ""CONDITIONAL SCREEN ONLY"", ""comparison_path_target_percent"": 3, ""comparison_path_screen"": true}]","Above nave lining / covered soffit route at wings and verandas; cable continues inside the existing pendant stem. Roof build-up, supports and access pending.","[44.175, 5.924, -7.36]","[44.175, 4.55, -8.85]",7.240108476459209,"Catalogue maximum proxy only; selected products, actual supply, protection, inrush, installation, origin voltage drop and engineering approval pending",1.5,,,
drop:LC1:L4:light:-1:L127,L4 → Veranda lantern · B · axis 11,LC1,DB1,L4,light,drop,"[""L127""]",4.763734978599281,4.763734978599281,One modeled mains trunk/branch/local/feeder piece,18.666666666666668,0.028,18.666666666666668,23.333333333333336,,,,,,,,,,,ENGINEERING HOLD,"[{""case_id"": ""S1-230-PF09-45C-4"", ""voltage_v"": 230, ""pf"": 0.9, ""maximum_proxy_current_a"": 0.09017713365539454, ""planning_current_a"": 0.11272141706924317, ""comparison_breaker_a"": 6, ""comparison_area_mm2"": 1.5, ""comparison_conductors"": ""3 copper cores (L/N/PE), assumed single-phase; actual PE and phases pending"", ""corrected_ampacity_a"": 7.702500000000001, ""temperature_grouping_factor"": 0.5135000000000001, ""segment_vdrop_bound_v"": 0.017054324644801805, ""allocated_segment_vdrop_percent"": 1, ""path_vdrop_bound_from_db1_v"": 0.8987477169413731, ""path_vdrop_percent_from_db1"": 0.39075987693103176, ""whole_installation_vdrop_percent"": null, ""status"": ""CONDITIONAL SCREEN ONLY"", ""comparison_path_target_percent"": 3, ""comparison_path_screen"": true}, {""case_id"": ""S2-220-PF08-50C-6"", ""voltage_v"": 220, ""pf"": 0.8, ""maximum_proxy_current_a"": 0.10606060606060606, ""planning_current_a"": 0.1325757575757576, ""comparison_breaker_a"": 6, ""comparison_area_mm2"": 1.5, ""comparison_conductors"": ""3 copper cores (L/N/PE), assumed single-phase; actual PE and phases pending"", ""corrected_ampacity_a"": 6.070499999999999, ""temperature_grouping_factor"": 0.40469999999999995, ""segment_vdrop_bound_v"": 0.02005821137201122, ""allocated_segment_vdrop_percent"": 1, ""path_vdrop_bound_from_db1_v"": 0.6546207883378403, ""path_vdrop_percent_from_db1"": 0.29755490378992744, ""whole_installation_vdrop_percent"": null, ""status"": ""CONDITIONAL SCREEN ONLY"", ""comparison_path_target_percent"": 3, ""comparison_path_screen"": true}]","Above nave lining / covered soffit route at wings and verandas; cable continues inside the existing pendant stem. Roof build-up, supports and access pending.","[48.675, 5.924, -7.36]","[48.675, 4.55, -8.85]",7.240108476459209,"Catalogue maximum proxy only; selected products, actual supply, protection, inrush, installation, origin voltage drop and engineering approval pending",1.5,,,
trunk:LC1:L4:light:1,L4 · H · circuit trunk,LC1,DB1,L4,light,trunk,"[""L128"", ""L129"", ""L130"", ""L131"", ""L132"", ""L133"", ""L134"", ""L135"", ""L136""]",68.91413031117919,68.91413031117919,One modeled mains trunk/branch/local/feeder piece,168.0,0.252,168.0,210.0,,,,,,,,,,,ENGINEERING HOLD,"[{""case_id"": ""S1-230-PF09-45C-4"", ""voltage_v"": 230, ""pf"": 0.9, ""maximum_proxy_current_a"": 0.8115942028985508, ""planning_current_a"": 1.0144927536231885, ""comparison_breaker_a"": 6, ""comparison_area_mm2"": 1.5, ""comparison_conductors"": ""3 copper cores (L/N/PE), assumed single-phase; actual PE and phases pending"", ""corrected_ampacity_a"": 7.702500000000001, ""temperature_grouping_factor"": 0.5135000000000001, ""segment_vdrop_bound_v"": 2.220433253736429, ""allocated_segment_vdrop_percent"": 1, ""path_vdrop_bound_from_db1_v"": 2.468482425743145, ""path_vdrop_percent_from_db1"": 1.073253228583976, ""whole_installation_vdrop_percent"": null, ""status"": ""CONDITIONAL SCREEN ONLY"", ""comparison_path_target_percent"": 3, ""comparison_path_screen"": true}, {""case_id"": ""S2-220-PF08-50C-6"", ""voltage_v"": 220, ""pf"": 0.8, ""maximum_proxy_current_a"": 0.9545454545454546, ""planning_current_a"": 1.1931818181818181, ""comparison_breaker_a"": 6, ""comparison_area_mm2"": 2.5, ""comparison_conductors"": ""3 copper cores (L/N/PE), assumed single-phase; actual PE and phases pending"", ""corrected_ampacity_a"": 8.094, ""temperature_grouping_factor"": 0.40469999999999995, ""segment_vdrop_bound_v"": 1.5721819092354925, ""allocated_segment_vdrop_percent"": 1, ""path_vdrop_bound_from_db1_v"": 1.758091513474049, ""path_vdrop_percent_from_db1"": 0.7991325061245677, ""whole_installation_vdrop_percent"": null, ""status"": ""CONDITIONAL SCREEN ONLY"", ""comparison_path_target_percent"": 3, ""comparison_path_screen"": true}]",Wall bands above openings; concealed finish-matched soffit crossing over the 9–10 wing opening.,"[48.895, 1.85, -0.55]","[9.975000000000001, 5.924, 7.36]",77.80554334229711,"Catalogue maximum proxy only; selected products, actual supply, protection, inrush, installation, origin voltage drop and engineering approval pending",2.5,,,
drop:LC1:L4:light:1:L128,L4 → Veranda lantern · H · axis 3,LC1,DB1,L4,light,drop,"[""L128""]",4.763734978599281,4.763734978599281,One modeled mains trunk/branch/local/feeder piece,18.666666666666668,0.028,18.666666666666668,23.333333333333336,,,,,,,,,,,ENGINEERING HOLD,"[{""case_id"": ""S1-230-PF09-45C-4"", ""voltage_v"": 230, ""pf"": 0.9, ""maximum_proxy_current_a"": 0.09017713365539454, ""planning_current_a"": 0.11272141706924317, ""comparison_breaker_a"": 6, ""comparison_area_mm2"": 1.5, ""comparison_conductors"": ""3 copper cores (L/N/PE), assumed single-phase; actual PE and phases pending"", ""corrected_ampacity_a"": 7.702500000000001, ""temperature_grouping_factor"": 0.5135000000000001, ""segment_vdrop_bound_v"": 0.017054324644801805, ""allocated_segment_vdrop_percent"": 1, ""path_vdrop_bound_from_db1_v"": 2.485536750387947, ""path_vdrop_percent_from_db1"": 1.0806681523425858, ""whole_installation_vdrop_percent"": null, ""status"": ""CONDITIONAL SCREEN ONLY"", ""comparison_path_target_percent"": 3, ""comparison_path_screen"": true}, {""case_id"": ""S2-220-PF08-50C-6"", ""voltage_v"": 220, ""pf"": 0.8, ""maximum_proxy_current_a"": 0.10606060606060606, ""planning_current_a"": 0.1325757575757576, ""comparison_breaker_a"": 6, ""comparison_area_mm2"": 1.5, ""comparison_conductors"": ""3 copper cores (L/N/PE), assumed single-phase; actual PE and phases pending"", ""corrected_ampacity_a"": 6.070499999999999, ""temperature_grouping_factor"": 0.40469999999999995, ""segment_vdrop_bound_v"": 0.02005821137201122, ""allocated_segment_vdrop_percent"": 1, ""path_vdrop_bound_from_db1_v"": 1.77814972484606, ""path_vdrop_percent_from_db1"": 0.8082498749300273, ""whole_installation_vdrop_percent"": null, ""status"": ""CONDITIONAL SCREEN ONLY"", ""comparison_path_target_percent"": 3, ""comparison_path_screen"": true}]","Above nave lining / covered soffit route at wings and verandas; cable continues inside the existing pendant stem. Roof build-up, supports and access pending.","[9.975000000000001, 5.924, 7.36]","[9.975, 4.55, 8.85]",7.240108476459209,"Catalogue maximum proxy only; selected products, actual supply, protection, inrush, installation, origin voltage drop and engineering approval pending",1.5,,,
drop:LC1:L4:light:1:L129,L4 → Veranda lantern · H · axis 4,LC1,DB1,L4,light,drop,"[""L129""]",4.763734978599281,4.763734978599281,One modeled mains trunk/branch/local/feeder piece,18.666666666666668,0.028,18.666666666666668,23.333333333333336,,,,,,,,,,,ENGINEERING HOLD,"[{""case_id"": ""S1-230-PF09-45C-4"", ""voltage_v"": 230, ""pf"": 0.9, ""maximum_proxy_current_a"": 0.09017713365539454, ""planning_current_a"": 0.11272141706924317, ""comparison_breaker_a"": 6, ""comparison_area_mm2"": 1.5, ""comparison_conductors"": ""3 copper cores (L/N/PE), assumed single-phase; actual PE and phases pending"", ""corrected_ampacity_a"": 7.702500000000001, ""temperature_grouping_factor"": 0.5135000000000001, ""segment_vdrop_bound_v"": 0.017054324644801805, ""allocated_segment_vdrop_percent"": 1, ""path_vdrop_bound_from_db1_v"": 2.3405454460401205, ""path_vdrop_percent_from_db1"": 1.0176284548000525, ""whole_installation_vdrop_percent"": null, ""status"": ""CONDITIONAL SCREEN ONLY"", ""comparison_path_target_percent"": 3, ""comparison_path_screen"": true}, {""case_id"": ""S2-220-PF08-50C-6"", ""voltage_v"": 220, ""pf"": 0.8, ""maximum_proxy_current_a"": 0.10606060606060606, ""planning_current_a"": 0.1325757575757576, ""comparison_breaker_a"": 6, ""comparison_area_mm2"": 1.5, ""comparison_conductors"": ""3 copper cores (L/N/PE), assumed single-phase; actual PE and phases pending"", ""corrected_ampacity_a"": 6.070499999999999, ""temperature_grouping_factor"": 0.40469999999999995, ""segment_vdrop_bound_v"": 0.02005821137201122, ""allocated_segment_vdrop_percent"": 1, ""path_vdrop_bound_from_db1_v"": 1.6754883612096962, ""path_vdrop_percent_from_db1"": 0.7615856187316801, ""whole_installation_vdrop_percent"": null, ""status"": ""CONDITIONAL SCREEN ONLY"", ""comparison_path_target_percent"": 3, ""comparison_path_screen"": true}]","Above nave lining / covered soffit route at wings and verandas; cable continues inside the existing pendant stem. Roof build-up, supports and access pending.","[14.475000000000001, 5.924, 7.36]","[14.475, 4.55, 8.85]",7.240108476459209,"Catalogue maximum proxy only; selected products, actual supply, protection, inrush, installation, origin voltage drop and engineering approval pending",1.5,,,
drop:LC1:L4:light:1:L130,L4 → Veranda lantern · H · axis 5,LC1,DB1,L4,light,drop,"[""L130""]",4.763734978599281,4.763734978599281,One modeled mains trunk/branch/local/feeder piece,18.666666666666668,0.028,18.666666666666668,23.333333333333336,,,,,,,,,,,ENGINEERING HOLD,"[{""case_id"": ""S1-230-PF09-45C-4"", ""voltage_v"": 230, ""pf"": 0.9, ""maximum_proxy_current_a"": 0.09017713365539454, ""planning_current_a"": 0.11272141706924317, ""comparison_breaker_a"": 6, ""comparison_area_mm2"": 1.5, ""comparison_conductors"": ""3 copper cores (L/N/PE), assumed single-phase; actual PE and phases pending"", ""corrected_ampacity_a"": 7.702500000000001, ""temperature_grouping_factor"": 0.5135000000000001, ""segment_vdrop_bound_v"": 0.017054324644801805, ""allocated_segment_vdrop_percent"": 1, ""path_vdrop_bound_from_db1_v"": 2.1955541416922943, ""path_vdrop_percent_from_db1"": 0.9545887572575192, ""whole_installation_vdrop_percent"": null, ""status"": ""CONDITIONAL SCREEN ONLY"", ""comparison_path_target_percent"": 3, ""comparison_path_screen"": true}, {""case_id"": ""S2-220-PF08-50C-6"", ""voltage_v"": 220, ""pf"": 0.8, ""maximum_proxy_current_a"": 0.10606060606060606, ""planning_current_a"": 0.1325757575757576, ""comparison_breaker_a"": 6, ""comparison_area_mm2"": 1.5, ""comparison_conductors"": ""3 copper cores (L/N/PE), assumed single-phase; actual PE and phases pending"", ""corrected_ampacity_a"": 6.070499999999999, ""temperature_grouping_factor"": 0.40469999999999995, ""segment_vdrop_bound_v"": 0.02005821137201122, ""allocated_segment_vdrop_percent"": 1, ""path_vdrop_bound_from_db1_v"": 1.5728269975733327, ""path_vdrop_percent_from_db1"": 0.714921362533333, ""whole_installation_vdrop_percent"": null, ""status"": ""CONDITIONAL SCREEN ONLY"", ""comparison_path_target_percent"": 3, ""comparison_path_screen"": true}]","Above nave lining / covered soffit route at wings and verandas; cable continues inside the existing pendant stem. Roof build-up, supports and access pending.","[18.975, 5.924, 7.36]","[18.975, 4.55, 8.85]",7.240108476459209,"Catalogue maximum proxy only; selected products, actual supply, protection, inrush, installation, origin voltage drop and engineering approval pending",1.5,,,
drop:LC1:L4:light:1:L131,L4 → Veranda lantern · H · axis 6,LC1,DB1,L4,light,drop,"[""L131""]",4.763734978599281,4.763734978599281,One modeled mains trunk/branch/local/feeder piece,18.666666666666668,0.028,18.666666666666668,23.333333333333336,,,,,,,,,,,ENGINEERING HOLD,"[{""case_id"": ""S1-230-PF09-45C-4"", ""voltage_v"": 230, ""pf"": 0.9, ""maximum_proxy_current_a"": 0.09017713365539454, ""planning_current_a"": 0.11272141706924317, ""comparison_breaker_a"": 6, ""comparison_area_mm2"": 1.5, ""comparison_conductors"": ""3 copper cores (L/N/PE), assumed single-phase; actual PE and phases pending"", ""corrected_ampacity_a"": 7.702500000000001, ""temperature_grouping_factor"": 0.5135000000000001, ""segment_vdrop_bound_v"": 0.017054324644801805, ""allocated_segment_vdrop_percent"": 1, ""path_vdrop_bound_from_db1_v"": 2.050562837344468, ""path_vdrop_percent_from_db1"": 0.8915490597149862, ""whole_installation_vdrop_percent"": null, ""status"": ""CONDITIONAL SCREEN ONLY"", ""comparison_path_target_percent"": 3, ""comparison_path_screen"": true}, {""case_id"": ""S2-220-PF08-50C-6"", ""voltage_v"": 220, ""pf"": 0.8, ""maximum_proxy_current_a"": 0.10606060606060606, ""planning_current_a"": 0.1325757575757576, ""comparison_breaker_a"": 6, ""comparison_area_mm2"": 1.5, ""comparison_conductors"": ""3 copper cores (L/N/PE), assumed single-phase; actual PE and phases pending"", ""corrected_ampacity_a"": 6.070499999999999, ""temperature_grouping_factor"": 0.40469999999999995, ""segment_vdrop_bound_v"": 0.02005821137201122, ""allocated_segment_vdrop_percent"": 1, ""path_vdrop_bound_from_db1_v"": 1.470165633936969, ""path_vdrop_percent_from_db1"": 0.6682571063349859, ""whole_installation_vdrop_percent"": null, ""status"": ""CONDITIONAL SCREEN ONLY"", ""comparison_path_target_percent"": 3, ""comparison_path_screen"": true}]","Above nave lining / covered soffit route at wings and verandas; cable continues inside the existing pendant stem. Roof build-up, supports and access pending.","[23.475, 5.924, 7.36]","[23.475, 4.55, 8.85]",7.240108476459209,"Catalogue maximum proxy only; selected products, actual supply, protection, inrush, installation, origin voltage drop and engineering approval pending",1.5,,,
drop:LC1:L4:light:1:L132,L4 → Veranda lantern · H · axis 7,LC1,DB1,L4,light,drop,"[""L132""]",4.763734978599281,4.763734978599281,One modeled mains trunk/branch/local/feeder piece,18.666666666666668,0.028,18.666666666666668,23.333333333333336,,,,,,,,,,,ENGINEERING HOLD,"[{""case_id"": ""S1-230-PF09-45C-4"", ""voltage_v"": 230, ""pf"": 0.9, ""maximum_proxy_current_a"": 0.09017713365539454, ""planning_current_a"": 0.11272141706924317, ""comparison_breaker_a"": 6, ""comparison_area_mm2"": 1.5, ""comparison_conductors"": ""3 copper cores (L/N/PE), assumed single-phase; actual PE and phases pending"", ""corrected_ampacity_a"": 7.702500000000001, ""temperature_grouping_factor"": 0.5135000000000001, ""segment_vdrop_bound_v"": 0.017054324644801805, ""allocated_segment_vdrop_percent"": 1, ""path_vdrop_bound_from_db1_v"": 1.905571532996642, ""path_vdrop_percent_from_db1"": 0.8285093621724531, ""whole_installation_vdrop_percent"": null, ""status"": ""CONDITIONAL SCREEN ONLY"", ""comparison_path_target_percent"": 3, ""comparison_path_screen"": true}, {""case_id"": ""S2-220-PF08-50C-6"", ""voltage_v"": 220, ""pf"": 0.8, ""maximum_proxy_current_a"": 0.10606060606060606, ""planning_current_a"": 0.1325757575757576, ""comparison_breaker_a"": 6, ""comparison_area_mm2"": 1.5, ""comparison_conductors"": ""3 copper cores (L/N/PE), assumed single-phase; actual PE and phases pending"", ""corrected_ampacity_a"": 6.070499999999999, ""temperature_grouping_factor"": 0.40469999999999995, ""segment_vdrop_bound_v"": 0.02005821137201122, ""allocated_segment_vdrop_percent"": 1, ""path_vdrop_bound_from_db1_v"": 1.3675042703006055, ""path_vdrop_percent_from_db1"": 0.6215928501366389, ""whole_installation_vdrop_percent"": null, ""status"": ""CONDITIONAL SCREEN ONLY"", ""comparison_path_target_percent"": 3, ""comparison_path_screen"": true}]","Above nave lining / covered soffit route at wings and verandas; cable continues inside the existing pendant stem. Roof build-up, supports and access pending.","[27.975, 5.924, 7.36]","[27.975, 4.55, 8.85]",7.240108476459209,"Catalogue maximum proxy only; selected products, actual supply, protection, inrush, installation, origin voltage drop and engineering approval pending",1.5,,,
drop:LC1:L4:light:1:L133,L4 → Veranda lantern · H · axis 8,LC1,DB1,L4,light,drop,"[""L133""]",4.763734978599281,4.763734978599281,One modeled mains trunk/branch/local/feeder piece,18.666666666666668,0.028,18.666666666666668,23.333333333333336,,,,,,,,,,,ENGINEERING HOLD,"[{""case_id"": ""S1-230-PF09-45C-4"", ""voltage_v"": 230, ""pf"": 0.9, ""maximum_proxy_current_a"": 0.09017713365539454, ""planning_current_a"": 0.11272141706924317, ""comparison_breaker_a"": 6, ""comparison_area_mm2"": 1.5, ""comparison_conductors"": ""3 copper cores (L/N/PE), assumed single-phase; actual PE and phases pending"", ""corrected_ampacity_a"": 7.702500000000001, ""temperature_grouping_factor"": 0.5135000000000001, ""segment_vdrop_bound_v"": 0.017054324644801805, ""allocated_segment_vdrop_percent"": 1, ""path_vdrop_bound_from_db1_v"": 1.7605802286488164, ""path_vdrop_percent_from_db1"": 0.7654696646299202, ""whole_installation_vdrop_percent"": null, ""status"": ""CONDITIONAL SCREEN ONLY"", ""comparison_path_target_percent"": 3, ""comparison_path_screen"": true}, {""case_id"": ""S2-220-PF08-50C-6"", ""voltage_v"": 220, ""pf"": 0.8, ""maximum_proxy_current_a"": 0.10606060606060606, ""planning_current_a"": 0.1325757575757576, ""comparison_breaker_a"": 6, ""comparison_area_mm2"": 1.5, ""comparison_conductors"": ""3 copper cores (L/N/PE), assumed single-phase; actual PE and phases pending"", ""corrected_ampacity_a"": 6.070499999999999, ""temperature_grouping_factor"": 0.40469999999999995, ""segment_vdrop_bound_v"": 0.02005821137201122, ""allocated_segment_vdrop_percent"": 1, ""path_vdrop_bound_from_db1_v"": 1.264842906664242, ""path_vdrop_percent_from_db1"": 0.5749285939382918, ""whole_installation_vdrop_percent"": null, ""status"": ""CONDITIONAL SCREEN ONLY"", ""comparison_path_target_percent"": 3, ""comparison_path_screen"": true}]","Above nave lining / covered soffit route at wings and verandas; cable continues inside the existing pendant stem. Roof build-up, supports and access pending.","[32.475, 5.924, 7.36]","[32.475, 4.55, 8.85]",7.240108476459209,"Catalogue maximum proxy only; selected products, actual supply, protection, inrush, installation, origin voltage drop and engineering approval pending",1.5,,,
drop:LC1:L4:light:1:L134,L4 → Veranda lantern · H · axis 9,LC1,DB1,L4,light,drop,"[""L134""]",4.763734978599281,4.763734978599281,One modeled mains trunk/branch/local/feeder piece,18.666666666666668,0.028,18.666666666666668,23.333333333333336,,,,,,,,,,,ENGINEERING HOLD,"[{""case_id"": ""S1-230-PF09-45C-4"", ""voltage_v"": 230, ""pf"": 0.9, ""maximum_proxy_current_a"": 0.09017713365539454, ""planning_current_a"": 0.11272141706924317, ""comparison_breaker_a"": 6, ""comparison_area_mm2"": 1.5, ""comparison_conductors"": ""3 copper cores (L/N/PE), assumed single-phase; actual PE and phases pending"", ""corrected_ampacity_a"": 7.702500000000001, ""temperature_grouping_factor"": 0.5135000000000001, ""segment_vdrop_bound_v"": 0.017054324644801805, ""allocated_segment_vdrop_percent"": 1, ""path_vdrop_bound_from_db1_v"": 1.6155889243009902, ""path_vdrop_percent_from_db1"": 0.7024299670873871, ""whole_installation_vdrop_percent"": null, ""status"": ""CONDITIONAL SCREEN ONLY"", ""comparison_path_target_percent"": 3, ""comparison_path_screen"": true}, {""case_id"": ""S2-220-PF08-50C-6"", ""voltage_v"": 220, ""pf"": 0.8, ""maximum_proxy_current_a"": 0.10606060606060606, ""planning_current_a"": 0.1325757575757576, ""comparison_breaker_a"": 6, ""comparison_area_mm2"": 1.5, ""comparison_conductors"": ""3 copper cores (L/N/PE), assumed single-phase; actual PE and phases pending"", ""corrected_ampacity_a"": 6.070499999999999, ""temperature_grouping_factor"": 0.40469999999999995, ""segment_vdrop_bound_v"": 0.02005821137201122, ""allocated_segment_vdrop_percent"": 1, ""path_vdrop_bound_from_db1_v"": 1.1621815430278781, ""path_vdrop_percent_from_db1"": 0.5282643377399446, ""whole_installation_vdrop_percent"": null, ""status"": ""CONDITIONAL SCREEN ONLY"", ""comparison_path_target_percent"": 3, ""comparison_path_screen"": true}]","Above nave lining / covered soffit route at wings and verandas; cable continues inside the existing pendant stem. Roof build-up, supports and access pending.","[36.975, 5.924, 7.36]","[36.975, 4.55, 8.85]",7.240108476459209,"Catalogue maximum proxy only; selected products, actual supply, protection, inrush, installation, origin voltage drop and engineering approval pending",1.5,,,
drop:LC1:L4:light:1:L135,L4 → Veranda lantern · H · axis 10,LC1,DB1,L4,light,drop,"[""L135""]",4.763734978599281,4.763734978599281,One modeled mains trunk/branch/local/feeder piece,18.666666666666668,0.028,18.666666666666668,23.333333333333336,,,,,,,,,,,ENGINEERING HOLD,"[{""case_id"": ""S1-230-PF09-45C-4"", ""voltage_v"": 230, ""pf"": 0.9, ""maximum_proxy_current_a"": 0.09017713365539454, ""planning_current_a"": 0.11272141706924317, ""comparison_breaker_a"": 6, ""comparison_area_mm2"": 1.5, ""comparison_conductors"": ""3 copper cores (L/N/PE), assumed single-phase; actual PE and phases pending"", ""corrected_ampacity_a"": 7.702500000000001, ""temperature_grouping_factor"": 0.5135000000000001, ""segment_vdrop_bound_v"": 0.017054324644801805, ""allocated_segment_vdrop_percent"": 1, ""path_vdrop_bound_from_db1_v"": 1.2563929343326774, ""path_vdrop_percent_from_db1"": 0.5462577975359467, ""whole_installation_vdrop_percent"": null, ""status"": ""CONDITIONAL SCREEN ONLY"", ""comparison_path_target_percent"": 3, ""comparison_path_screen"": true}, {""case_id"": ""S2-220-PF08-50C-6"", ""voltage_v"": 220, ""pf"": 0.8, ""maximum_proxy_current_a"": 0.10606060606060606, ""planning_current_a"": 0.1325757575757576, ""comparison_breaker_a"": 6, ""comparison_area_mm2"": 1.5, ""comparison_conductors"": ""3 copper cores (L/N/PE), assumed single-phase; actual PE and phases pending"", ""corrected_ampacity_a"": 6.070499999999999, ""temperature_grouping_factor"": 0.40469999999999995, ""segment_vdrop_bound_v"": 0.02005821137201122, ""allocated_segment_vdrop_percent"": 1, ""path_vdrop_bound_from_db1_v"": 0.907852151974204, ""path_vdrop_percent_from_db1"": 0.4126600690791836, ""whole_installation_vdrop_percent"": null, ""status"": ""CONDITIONAL SCREEN ONLY"", ""comparison_path_target_percent"": 3, ""comparison_path_screen"": true}]","Above nave lining / covered soffit route at wings and verandas; cable continues inside the existing pendant stem. Roof build-up, supports and access pending.","[44.175, 5.924, 7.36]","[44.175, 4.55, 8.85]",7.240108476459209,"Catalogue maximum proxy only; selected products, actual supply, protection, inrush, installation, origin voltage drop and engineering approval pending",1.5,,,
drop:LC1:L4:light:1:L136,L4 → Veranda lantern · H · axis 11,LC1,DB1,L4,light,drop,"[""L136""]",4.763734978599281,4.763734978599281,One modeled mains trunk/branch/local/feeder piece,18.666666666666668,0.028,18.666666666666668,23.333333333333336,,,,,,,,,,,ENGINEERING HOLD,"[{""case_id"": ""S1-230-PF09-45C-4"", ""voltage_v"": 230, ""pf"": 0.9, ""maximum_proxy_current_a"": 0.09017713365539454, ""planning_current_a"": 0.11272141706924317, ""comparison_breaker_a"": 6, ""comparison_area_mm2"": 1.5, ""comparison_conductors"": ""3 copper cores (L/N/PE), assumed single-phase; actual PE and phases pending"", ""corrected_ampacity_a"": 7.702500000000001, ""temperature_grouping_factor"": 0.5135000000000001, ""segment_vdrop_bound_v"": 0.017054324644801805, ""allocated_segment_vdrop_percent"": 1, ""path_vdrop_bound_from_db1_v"": 1.1114016299848515, ""path_vdrop_percent_from_db1"": 0.4832180999934137, ""whole_installation_vdrop_percent"": null, ""status"": ""CONDITIONAL SCREEN ONLY"", ""comparison_path_target_percent"": 3, ""comparison_path_screen"": true}, {""case_id"": ""S2-220-PF08-50C-6"", ""voltage_v"": 220, ""pf"": 0.8, ""maximum_proxy_current_a"": 0.10606060606060606, ""planning_current_a"": 0.1325757575757576, ""comparison_breaker_a"": 6, ""comparison_area_mm2"": 1.5, ""comparison_conductors"": ""3 copper cores (L/N/PE), assumed single-phase; actual PE and phases pending"", ""corrected_ampacity_a"": 6.070499999999999, ""temperature_grouping_factor"": 0.40469999999999995, ""segment_vdrop_bound_v"": 0.02005821137201122, ""allocated_segment_vdrop_percent"": 1, ""path_vdrop_bound_from_db1_v"": 0.8051907883378403, ""path_vdrop_percent_from_db1"": 0.36599581288083655, ""whole_installation_vdrop_percent"": null, ""status"": ""CONDITIONAL SCREEN ONLY"", ""comparison_path_target_percent"": 3, ""comparison_path_screen"": true}]","Above nave lining / covered soffit route at wings and verandas; cable continues inside the existing pendant stem. Roof build-up, supports and access pending.","[48.675, 5.924, 7.36]","[48.675, 4.55, 8.85]",7.240108476459209,"Catalogue maximum proxy only; selected products, actual supply, protection, inrush, installation, origin voltage drop and engineering approval pending",1.5,,,
trunk:DB2:L9:light:-1,L9 · B · circuit trunk,DB2,DB2,L9,light,trunk,"[""L137"", ""L182"", ""L183""]",12.268,12.268,One modeled mains trunk/branch/local/feeder piece,149,0.2235,149,186.25,,,,,,,,,,,ENGINEERING HOLD,"[{""case_id"": ""S1-230-PF09-45C-4"", ""voltage_v"": 230, ""pf"": 0.9, ""maximum_proxy_current_a"": 0.7198067632850241, ""planning_current_a"": 0.8997584541062802, ""comparison_breaker_a"": 6, ""comparison_area_mm2"": 1.5, ""comparison_conductors"": ""3 copper cores (L/N/PE), assumed single-phase; actual PE and phases pending"", ""corrected_ampacity_a"": 7.702500000000001, ""temperature_grouping_factor"": 0.5135000000000001, ""segment_vdrop_bound_v"": 0.35057439806763285, ""allocated_segment_vdrop_percent"": 1, ""path_vdrop_bound_from_db1_v"": 2.332922592814999, ""path_vdrop_percent_from_db1"": 1.0143141707891299, ""whole_installation_vdrop_percent"": null, ""status"": ""CONDITIONAL SCREEN ONLY"", ""comparison_path_target_percent"": 3, ""comparison_path_screen"": true}, {""case_id"": ""S2-220-PF08-50C-6"", ""voltage_v"": 220, ""pf"": 0.8, ""maximum_proxy_current_a"": 0.8465909090909091, ""planning_current_a"": 1.0582386363636365, ""comparison_breaker_a"": 6, ""comparison_area_mm2"": 1.5, ""comparison_conductors"": ""3 copper cores (L/N/PE), assumed single-phase; actual PE and phases pending"", ""corrected_ampacity_a"": 6.070499999999999, ""temperature_grouping_factor"": 0.40469999999999995, ""segment_vdrop_bound_v"": 0.4123232977272727, ""allocated_segment_vdrop_percent"": 1, ""path_vdrop_bound_from_db1_v"": 2.118286080682535, ""path_vdrop_percent_from_db1"": 0.9628573094011523, ""whole_installation_vdrop_percent"": null, ""status"": ""CONDITIONAL SCREEN ONLY"", ""comparison_path_target_percent"": 3, ""comparison_path_screen"": true}]",Wall bands above openings; concealed finish-matched soffit crossing over the 9–10 wing opening.,"[2.73, 1.5, -3.3]","[2.35, 5.972, -7.36]",15.494800000000001,"Catalogue maximum proxy only; selected products, actual supply, protection, inrush, installation, origin voltage drop and engineering approval pending",1.5,,,
drop:DB2:L9:light:-1:L137,L9 → Central front door lantern · B,DB2,DB2,L9,light,drop,"[""L137""]",11.438,11.438,One modeled mains trunk/branch/local/feeder piece,9,0.0135,9,11.25,,,,,,,,,,,ENGINEERING HOLD,"[{""case_id"": ""S1-230-PF09-45C-4"", ""voltage_v"": 230, ""pf"": 0.9, ""maximum_proxy_current_a"": 0.043478260869565216, ""planning_current_a"": 0.05434782608695652, ""comparison_breaker_a"": 6, ""comparison_area_mm2"": 1.5, ""comparison_conductors"": ""3 copper cores (L/N/PE), assumed single-phase; actual PE and phases pending"", ""corrected_ampacity_a"": 7.702500000000001, ""temperature_grouping_factor"": 0.5135000000000001, ""segment_vdrop_bound_v"": 0.019742982608695652, ""allocated_segment_vdrop_percent"": 1, ""path_vdrop_bound_from_db1_v"": 2.3526655754236945, ""path_vdrop_percent_from_db1"": 1.0228980762711715, ""whole_installation_vdrop_percent"": null, ""status"": ""CONDITIONAL SCREEN ONLY"", ""comparison_path_target_percent"": 3, ""comparison_path_screen"": true}, {""case_id"": ""S2-220-PF08-50C-6"", ""voltage_v"": 220, ""pf"": 0.8, ""maximum_proxy_current_a"": 0.05113636363636364, ""planning_current_a"": 0.06392045454545454, ""comparison_breaker_a"": 6, ""comparison_area_mm2"": 1.5, ""comparison_conductors"": ""3 copper cores (L/N/PE), assumed single-phase; actual PE and phases pending"", ""corrected_ampacity_a"": 6.070499999999999, ""temperature_grouping_factor"": 0.40469999999999995, ""segment_vdrop_bound_v"": 0.02322043977272727, ""allocated_segment_vdrop_percent"": 1, ""path_vdrop_bound_from_db1_v"": 2.1415065204552626, ""path_vdrop_percent_from_db1"": 0.9734120547523921, ""whole_installation_vdrop_percent"": null, ""status"": ""CONDITIONAL SCREEN ONLY"", ""comparison_path_target_percent"": 3, ""comparison_path_screen"": true}]","Concealed entrance wall band, solid pier and local termination.","[2.35, 5.972, -7.36]","[2.2, 3, -2.4]",14.581800000000001,"Catalogue maximum proxy only; selected products, actual supply, protection, inrush, installation, origin voltage drop and engineering approval pending",1.5,,,
drop:DB2:L9:light:-1:L182,L9 → Stage flood · tower B · outer,DB2,DB2,L9,light,drop,"[""L182""]",10.546,10.546,One modeled mains trunk/branch/local/feeder piece,70,0.105,70,87.5,,,,,,,,,,,ENGINEERING HOLD,"[{""case_id"": ""S1-230-PF09-45C-4"", ""voltage_v"": 230, ""pf"": 0.9, ""maximum_proxy_current_a"": 0.33816425120772947, ""planning_current_a"": 0.4227053140096618, ""comparison_breaker_a"": 6, ""comparison_area_mm2"": 1.5, ""comparison_conductors"": ""3 copper cores (L/N/PE), assumed single-phase; actual PE and phases pending"", ""corrected_ampacity_a"": 7.702500000000001, ""temperature_grouping_factor"": 0.5135000000000001, ""segment_vdrop_bound_v"": 0.14158132367149756, ""allocated_segment_vdrop_percent"": 1, ""path_vdrop_bound_from_db1_v"": 2.4745039164864964, ""path_vdrop_percent_from_db1"": 1.075871268037607, ""whole_installation_vdrop_percent"": null, ""status"": ""CONDITIONAL SCREEN ONLY"", ""comparison_path_target_percent"": 3, ""comparison_path_screen"": true}, {""case_id"": ""S2-220-PF08-50C-6"", ""voltage_v"": 220, ""pf"": 0.8, ""maximum_proxy_current_a"": 0.3977272727272727, ""planning_current_a"": 0.4971590909090909, ""comparison_breaker_a"": 6, ""comparison_area_mm2"": 1.5, ""comparison_conductors"": ""3 copper cores (L/N/PE), assumed single-phase; actual PE and phases pending"", ""corrected_ampacity_a"": 6.070499999999999, ""temperature_grouping_factor"": 0.40469999999999995, ""segment_vdrop_bound_v"": 0.16651894318181815, ""allocated_segment_vdrop_percent"": 1, ""path_vdrop_bound_from_db1_v"": 2.284805023864353, ""path_vdrop_percent_from_db1"": 1.0385477381201604, ""whole_installation_vdrop_percent"": null, ""status"": ""CONDITIONAL SCREEN ONLY"", ""comparison_path_target_percent"": 3, ""comparison_path_screen"": true}]","Solid tower corner/piers, stepped behind cornices; local ledge/fitting connection. No riser through louver openings; chase/finish and weathering details pending.","[2.35, 5.972, -7.36]","[-0.0750000000000001, 8.4, -11.853]",13.6006,"Catalogue maximum proxy only; selected products, actual supply, protection, inrush, installation, origin voltage drop and engineering approval pending",1.5,,,
drop:DB2:L9:light:-1:L183,L9 → Stage flood · tower B · inner,DB2,DB2,L9,light,drop,"[""L183""]",6.126000000000001,6.126000000000001,One modeled mains trunk/branch/local/feeder piece,70,0.105,70,87.5,,,,,,,,,,,ENGINEERING HOLD,"[{""case_id"": ""S1-230-PF09-45C-4"", ""voltage_v"": 230, ""pf"": 0.9, ""maximum_proxy_current_a"": 0.33816425120772947, ""planning_current_a"": 0.4227053140096618, ""comparison_breaker_a"": 6, ""comparison_area_mm2"": 1.5, ""comparison_conductors"": ""3 copper cores (L/N/PE), assumed single-phase; actual PE and phases pending"", ""corrected_ampacity_a"": 7.702500000000001, ""temperature_grouping_factor"": 0.5135000000000001, ""segment_vdrop_bound_v"": 0.08224228985507247, ""allocated_segment_vdrop_percent"": 1, ""path_vdrop_bound_from_db1_v"": 2.415164882670071, ""path_vdrop_percent_from_db1"": 1.0500716881174221, ""whole_installation_vdrop_percent"": null, ""status"": ""CONDITIONAL SCREEN ONLY"", ""comparison_path_target_percent"": 3, ""comparison_path_screen"": true}, {""case_id"": ""S2-220-PF08-50C-6"", ""voltage_v"": 220, ""pf"": 0.8, ""maximum_proxy_current_a"": 0.3977272727272727, ""planning_current_a"": 0.4971590909090909, ""comparison_breaker_a"": 6, ""comparison_area_mm2"": 1.5, ""comparison_conductors"": ""3 copper cores (L/N/PE), assumed single-phase; actual PE and phases pending"", ""corrected_ampacity_a"": 6.070499999999999, ""temperature_grouping_factor"": 0.40469999999999995, ""segment_vdrop_bound_v"": 0.09672814772727273, ""allocated_segment_vdrop_percent"": 1, ""path_vdrop_bound_from_db1_v"": 2.215014228409808, ""path_vdrop_percent_from_db1"": 1.0068246492771855, ""whole_installation_vdrop_percent"": null, ""status"": ""CONDITIONAL SCREEN ONLY"", ""comparison_path_target_percent"": 3, ""comparison_path_screen"": true}]","Solid tower corner/piers, stepped behind cornices; local ledge/fitting connection. No riser through louver openings; chase/finish and weathering details pending.","[2.35, 5.972, -7.36]","[-0.0750000000000001, 8.4, -8.453000000000001]",8.738600000000002,"Catalogue maximum proxy only; selected products, actual supply, protection, inrush, installation, origin voltage drop and engineering approval pending",1.5,,,
trunk:DB2:L9:light:1,L9 · H · circuit trunk,DB2,DB2,L9,light,trunk,"[""L138"", ""L189"", ""L190""]",18.868000000000002,18.868000000000002,One modeled mains trunk/branch/local/feeder piece,149,0.2235,149,186.25,,,,,,,,,,,ENGINEERING HOLD,"[{""case_id"": ""S1-230-PF09-45C-4"", ""voltage_v"": 230, ""pf"": 0.9, ""maximum_proxy_current_a"": 0.7198067632850241, ""planning_current_a"": 0.8997584541062802, ""comparison_breaker_a"": 6, ""comparison_area_mm2"": 1.5, ""comparison_conductors"": ""3 copper cores (L/N/PE), assumed single-phase; actual PE and phases pending"", ""corrected_ampacity_a"": 7.702500000000001, ""temperature_grouping_factor"": 0.5135000000000001, ""segment_vdrop_bound_v"": 0.539178166183575, ""allocated_segment_vdrop_percent"": 1, ""path_vdrop_bound_from_db1_v"": 2.521526360930941, ""path_vdrop_percent_from_db1"": 1.096315809100409, ""whole_installation_vdrop_percent"": null, ""status"": ""CONDITIONAL SCREEN ONLY"", ""comparison_path_target_percent"": 3, ""comparison_path_screen"": true}, {""case_id"": ""S2-220-PF08-50C-6"", ""voltage_v"": 220, ""pf"": 0.8, ""maximum_proxy_current_a"": 0.8465909090909091, ""planning_current_a"": 1.0582386363636365, ""comparison_breaker_a"": 6, ""comparison_area_mm2"": 1.5, ""comparison_conductors"": ""3 copper cores (L/N/PE), assumed single-phase; actual PE and phases pending"", ""corrected_ampacity_a"": 6.070499999999999, ""temperature_grouping_factor"": 0.40469999999999995, ""segment_vdrop_bound_v"": 0.6341470477272728, ""allocated_segment_vdrop_percent"": 1, ""path_vdrop_bound_from_db1_v"": 2.340109830682535, ""path_vdrop_percent_from_db1"": 1.0636862866738797, ""whole_installation_vdrop_percent"": null, ""status"": ""CONDITIONAL SCREEN ONLY"", ""comparison_path_target_percent"": 3, ""comparison_path_screen"": true}]",Wall bands above openings; concealed finish-matched soffit crossing over the 9–10 wing opening.,"[2.73, 1.5, -3.3]","[2.35, 5.972, 7.36]",22.754800000000003,"Catalogue maximum proxy only; selected products, actual supply, protection, inrush, installation, origin voltage drop and engineering approval pending",1.5,,,
drop:DB2:L9:light:1:L138,L9 → Central front door lantern · H,DB2,DB2,L9,light,drop,"[""L138""]",11.438,11.438,One modeled mains trunk/branch/local/feeder piece,9,0.0135,9,11.25,,,,,,,,,,,ENGINEERING HOLD,"[{""case_id"": ""S1-230-PF09-45C-4"", ""voltage_v"": 230, ""pf"": 0.9, ""maximum_proxy_current_a"": 0.043478260869565216, ""planning_current_a"": 0.05434782608695652, ""comparison_breaker_a"": 6, ""comparison_area_mm2"": 1.5, ""comparison_conductors"": ""3 copper cores (L/N/PE), assumed single-phase; actual PE and phases pending"", ""corrected_ampacity_a"": 7.702500000000001, ""temperature_grouping_factor"": 0.5135000000000001, ""segment_vdrop_bound_v"": 0.019742982608695652, ""allocated_segment_vdrop_percent"": 1, ""path_vdrop_bound_from_db1_v"": 2.5412693435396365, ""path_vdrop_percent_from_db1"": 1.1048997145824506, ""whole_installation_vdrop_percent"": null, ""status"": ""CONDITIONAL SCREEN ONLY"", ""comparison_path_target_percent"": 3, ""comparison_path_screen"": true}, {""case_id"": ""S2-220-PF08-50C-6"", ""voltage_v"": 220, ""pf"": 0.8, ""maximum_proxy_current_a"": 0.05113636363636364, ""planning_current_a"": 0.06392045454545454, ""comparison_breaker_a"": 6, ""comparison_area_mm2"": 1.5, ""comparison_conductors"": ""3 copper cores (L/N/PE), assumed single-phase; actual PE and phases pending"", ""corrected_ampacity_a"": 6.070499999999999, ""temperature_grouping_factor"": 0.40469999999999995, ""segment_vdrop_bound_v"": 0.02322043977272727, ""allocated_segment_vdrop_percent"": 1, ""path_vdrop_bound_from_db1_v"": 2.3633302704552626, ""path_vdrop_percent_from_db1"": 1.0742410320251192, ""whole_installation_vdrop_percent"": null, ""status"": ""CONDITIONAL SCREEN ONLY"", ""comparison_path_target_percent"": 3, ""comparison_path_screen"": true}]","Concealed entrance wall band, solid pier and local termination.","[2.35, 5.972, 7.36]","[2.2, 3, 2.4]",14.581800000000001,"Catalogue maximum proxy only; selected products, actual supply, protection, inrush, installation, origin voltage drop and engineering approval pending",1.5,,,
drop:DB2:L9:light:1:L189,L9 → Stage flood · tower H · inner,DB2,DB2,L9,light,drop,"[""L189""]",6.126000000000001,6.126000000000001,One modeled mains trunk/branch/local/feeder piece,70,0.105,70,87.5,,,,,,,,,,,ENGINEERING HOLD,"[{""case_id"": ""S1-230-PF09-45C-4"", ""voltage_v"": 230, ""pf"": 0.9, ""maximum_proxy_current_a"": 0.33816425120772947, ""planning_current_a"": 0.4227053140096618, ""comparison_breaker_a"": 6, ""comparison_area_mm2"": 1.5, ""comparison_conductors"": ""3 copper cores (L/N/PE), assumed single-phase; actual PE and phases pending"", ""corrected_ampacity_a"": 7.702500000000001, ""temperature_grouping_factor"": 0.5135000000000001, ""segment_vdrop_bound_v"": 0.08224228985507247, ""allocated_segment_vdrop_percent"": 1, ""path_vdrop_bound_from_db1_v"": 2.603768650786013, ""path_vdrop_percent_from_db1"": 1.1320733264287015, ""whole_installation_vdrop_percent"": null, ""status"": ""CONDITIONAL SCREEN ONLY"", ""comparison_path_target_percent"": 3, ""comparison_path_screen"": true}, {""case_id"": ""S2-220-PF08-50C-6"", ""voltage_v"": 220, ""pf"": 0.8, ""maximum_proxy_current_a"": 0.3977272727272727, ""planning_current_a"": 0.4971590909090909, ""comparison_breaker_a"": 6, ""comparison_area_mm2"": 1.5, ""comparison_conductors"": ""3 copper cores (L/N/PE), assumed single-phase; actual PE and phases pending"", ""corrected_ampacity_a"": 6.070499999999999, ""temperature_grouping_factor"": 0.40469999999999995, ""segment_vdrop_bound_v"": 0.09672814772727273, ""allocated_segment_vdrop_percent"": 1, ""path_vdrop_bound_from_db1_v"": 2.436837978409808, ""path_vdrop_percent_from_db1"": 1.1076536265499126, ""whole_installation_vdrop_percent"": null, ""status"": ""CONDITIONAL SCREEN ONLY"", ""comparison_path_target_percent"": 3, ""comparison_path_screen"": true}]","Solid tower corner/piers, stepped behind cornices; local ledge/fitting connection. No riser through louver openings; chase/finish and weathering details pending.","[2.35, 5.972, 7.36]","[-0.0750000000000001, 8.4, 8.453000000000001]",8.738600000000002,"Catalogue maximum proxy only; selected products, actual supply, protection, inrush, installation, origin voltage drop and engineering approval pending",1.5,,,
drop:DB2:L9:light:1:L190,L9 → Stage flood · tower H · outer,DB2,DB2,L9,light,drop,"[""L190""]",10.546,10.546,One modeled mains trunk/branch/local/feeder piece,70,0.105,70,87.5,,,,,,,,,,,ENGINEERING HOLD,"[{""case_id"": ""S1-230-PF09-45C-4"", ""voltage_v"": 230, ""pf"": 0.9, ""maximum_proxy_current_a"": 0.33816425120772947, ""planning_current_a"": 0.4227053140096618, ""comparison_breaker_a"": 6, ""comparison_area_mm2"": 1.5, ""comparison_conductors"": ""3 copper cores (L/N/PE), assumed single-phase; actual PE and phases pending"", ""corrected_ampacity_a"": 7.702500000000001, ""temperature_grouping_factor"": 0.5135000000000001, ""segment_vdrop_bound_v"": 0.14158132367149756, ""allocated_segment_vdrop_percent"": 1, ""path_vdrop_bound_from_db1_v"": 2.6631076846024384, ""path_vdrop_percent_from_db1"": 1.1578729063488862, ""whole_installation_vdrop_percent"": null, ""status"": ""CONDITIONAL SCREEN ONLY"", ""comparison_path_target_percent"": 3, ""comparison_path_screen"": true}, {""case_id"": ""S2-220-PF08-50C-6"", ""voltage_v"": 220, ""pf"": 0.8, ""maximum_proxy_current_a"": 0.3977272727272727, ""planning_current_a"": 0.4971590909090909, ""comparison_breaker_a"": 6, ""comparison_area_mm2"": 1.5, ""comparison_conductors"": ""3 copper cores (L/N/PE), assumed single-phase; actual PE and phases pending"", ""corrected_ampacity_a"": 6.070499999999999, ""temperature_grouping_factor"": 0.40469999999999995, ""segment_vdrop_bound_v"": 0.16651894318181815, ""allocated_segment_vdrop_percent"": 1, ""path_vdrop_bound_from_db1_v"": 2.506628773864353, ""path_vdrop_percent_from_db1"": 1.1393767153928878, ""whole_installation_vdrop_percent"": null, ""status"": ""CONDITIONAL SCREEN ONLY"", ""comparison_path_target_percent"": 3, ""comparison_path_screen"": true}]","Solid tower corner/piers, stepped behind cornices; local ledge/fitting connection. No riser through louver openings; chase/finish and weathering details pending.","[2.35, 5.972, 7.36]","[-0.0750000000000001, 8.4, 11.853]",13.6006,"Catalogue maximum proxy only; selected products, actual supply, protection, inrush, installation, origin voltage drop and engineering approval pending",1.5,,,
trunk:LC1:L5:light:-1,L5 · B · circuit trunk,LC1,DB1,L5,light,trunk,"[""L139"", ""L140"", ""L141"", ""L142"", ""L143"", ""L144"", ""L184"", ""L185"", ""L186"", ""L187"", ""L188""]",57.79013031117919,57.79013031117919,One modeled mains trunk/branch/local/feeder piece,166.5,0.24975,166.5,208.125,,,,,,,,,,,ENGINEERING HOLD,"[{""case_id"": ""S1-230-PF09-45C-4"", ""voltage_v"": 230, ""pf"": 0.9, ""maximum_proxy_current_a"": 0.8043478260869565, ""planning_current_a"": 1.0054347826086956, ""comparison_breaker_a"": 6, ""comparison_area_mm2"": 1.5, ""comparison_conductors"": ""3 copper cores (L/N/PE), assumed single-phase; actual PE and phases pending"", ""corrected_ampacity_a"": 7.702500000000001, ""temperature_grouping_factor"": 0.5135000000000001, ""segment_vdrop_bound_v"": 1.8453896176976328, ""allocated_segment_vdrop_percent"": 1, ""path_vdrop_bound_from_db1_v"": 2.093438789704349, ""path_vdrop_percent_from_db1"": 0.9101907781323256, ""whole_installation_vdrop_percent"": null, ""status"": ""CONDITIONAL SCREEN ONLY"", ""comparison_path_target_percent"": 3, ""comparison_path_screen"": true}, {""case_id"": ""S2-220-PF08-50C-6"", ""voltage_v"": 220, ""pf"": 0.8, ""maximum_proxy_current_a"": 0.9460227272727273, ""planning_current_a"": 1.1825284090909092, ""comparison_breaker_a"": 6, ""comparison_area_mm2"": 1.5, ""comparison_conductors"": ""3 copper cores (L/N/PE), assumed single-phase; actual PE and phases pending"", ""corrected_ampacity_a"": 6.070499999999999, ""temperature_grouping_factor"": 0.40469999999999995, ""segment_vdrop_bound_v"": 2.170429834451193, ""allocated_segment_vdrop_percent"": 1, ""path_vdrop_bound_from_db1_v"": 2.356339438689749, ""path_vdrop_percent_from_db1"": 1.0710633812226131, ""whole_installation_vdrop_percent"": null, ""status"": ""CONDITIONAL SCREEN ONLY"", ""comparison_path_target_percent"": 3, ""comparison_path_screen"": true}]",Wall bands above openings; concealed finish-matched soffit crossing over the 9–10 wing opening.,"[48.895, 1.85, -0.55]","[14.475000000000001, 5.948, -7.36]",65.56914334229711,"Catalogue maximum proxy only; selected products, actual supply, protection, inrush, installation, origin voltage drop and engineering approval pending",1.5,,,
drop:LC1:L5:light:-1:L139,L5 → Side door lantern · B · 16.725 · front,LC1,DB1,L5,light,drop,"[""L139""]",8.080172388861076,8.080172388861076,One modeled mains trunk/branch/local/feeder piece,9,0.0135,9,11.25,,,,,,,,,,,ENGINEERING HOLD,"[{""case_id"": ""S1-230-PF09-45C-4"", ""voltage_v"": 230, ""pf"": 0.9, ""maximum_proxy_current_a"": 0.043478260869565216, ""planning_current_a"": 0.05434782608695652, ""comparison_breaker_a"": 6, ""comparison_area_mm2"": 1.5, ""comparison_conductors"": ""3 copper cores (L/N/PE), assumed single-phase; actual PE and phases pending"", ""corrected_ampacity_a"": 7.702500000000001, ""temperature_grouping_factor"": 0.5135000000000001, ""segment_vdrop_bound_v"": 0.013947080166860203, ""allocated_segment_vdrop_percent"": 1, ""path_vdrop_bound_from_db1_v"": 2.081041467697296, ""path_vdrop_percent_from_db1"": 0.9048006381292591, ""whole_installation_vdrop_percent"": null, ""status"": ""CONDITIONAL SCREEN ONLY"", ""comparison_path_target_percent"": 3, ""comparison_path_screen"": true}, {""case_id"": ""S2-220-PF08-50C-6"", ""voltage_v"": 220, ""pf"": 0.8, ""maximum_proxy_current_a"": 0.05113636363636364, ""planning_current_a"": 0.06392045454545454, ""comparison_breaker_a"": 6, ""comparison_area_mm2"": 1.5, ""comparison_conductors"": ""3 copper cores (L/N/PE), assumed single-phase; actual PE and phases pending"", ""corrected_ampacity_a"": 6.070499999999999, ""temperature_grouping_factor"": 0.40469999999999995, ""segment_vdrop_bound_v"": 0.016403668150795806, ""allocated_segment_vdrop_percent"": 1, ""path_vdrop_bound_from_db1_v"": 2.3417584974655457, ""path_vdrop_percent_from_db1"": 1.0644356806661572, ""whole_installation_vdrop_percent"": null, ""status"": ""CONDITIONAL SCREEN ONLY"", ""comparison_path_target_percent"": 3, ""comparison_path_screen"": true}]","Covered roof-soffit crossing into outer arcade / wing-gable wall, then concealed pier drop. No exposed crossing at equipment height.","[15.3, 5.948, -7.36]","[15.3, 2.6, -10.55]",10.888189627747185,"Catalogue maximum proxy only; selected products, actual supply, protection, inrush, installation, origin voltage drop and engineering approval pending",1.5,,,
drop:LC1:L5:light:-1:L140,L5 → Side door lantern · B · 16.725 · rear,LC1,DB1,L5,light,drop,"[""L140""]",8.080172388861076,8.080172388861076,One modeled mains trunk/branch/local/feeder piece,9,0.0135,9,11.25,,,,,,,,,,,ENGINEERING HOLD,"[{""case_id"": ""S1-230-PF09-45C-4"", ""voltage_v"": 230, ""pf"": 0.9, ""maximum_proxy_current_a"": 0.043478260869565216, ""planning_current_a"": 0.05434782608695652, ""comparison_breaker_a"": 6, ""comparison_area_mm2"": 1.5, ""comparison_conductors"": ""3 copper cores (L/N/PE), assumed single-phase; actual PE and phases pending"", ""corrected_ampacity_a"": 7.702500000000001, ""temperature_grouping_factor"": 0.5135000000000001, ""segment_vdrop_bound_v"": 0.013947080166860203, ""allocated_segment_vdrop_percent"": 1, ""path_vdrop_bound_from_db1_v"": 1.9900335329146872, ""path_vdrop_percent_from_db1"": 0.8652319708324727, ""whole_installation_vdrop_percent"": null, ""status"": ""CONDITIONAL SCREEN ONLY"", ""comparison_path_target_percent"": 3, ""comparison_path_screen"": true}, {""case_id"": ""S2-220-PF08-50C-6"", ""voltage_v"": 220, ""pf"": 0.8, ""maximum_proxy_current_a"": 0.05113636363636364, ""planning_current_a"": 0.06392045454545454, ""comparison_breaker_a"": 6, ""comparison_area_mm2"": 1.5, ""comparison_conductors"": ""3 copper cores (L/N/PE), assumed single-phase; actual PE and phases pending"", ""corrected_ampacity_a"": 6.070499999999999, ""temperature_grouping_factor"": 0.40469999999999995, ""segment_vdrop_bound_v"": 0.016403668150795806, ""allocated_segment_vdrop_percent"": 1, ""path_vdrop_bound_from_db1_v"": 2.2347207559882722, ""path_vdrop_percent_from_db1"": 1.015782161812851, ""whole_installation_vdrop_percent"": null, ""status"": ""CONDITIONAL SCREEN ONLY"", ""comparison_path_target_percent"": 3, ""comparison_path_screen"": true}]","Covered roof-soffit crossing into outer arcade / wing-gable wall, then concealed pier drop. No exposed crossing at equipment height.","[18.150000000000002, 5.948, -7.36]","[18.150000000000002, 2.6, -10.55]",10.888189627747185,"Catalogue maximum proxy only; selected products, actual supply, protection, inrush, installation, origin voltage drop and engineering approval pending",1.5,,,
drop:LC1:L5:light:-1:L141,L5 → Side door lantern · B · 34.725 · front,LC1,DB1,L5,light,drop,"[""L141""]",8.080172388861076,8.080172388861076,One modeled mains trunk/branch/local/feeder piece,9,0.0135,9,11.25,,,,,,,,,,,ENGINEERING HOLD,"[{""case_id"": ""S1-230-PF09-45C-4"", ""voltage_v"": 230, ""pf"": 0.9, ""maximum_proxy_current_a"": 0.043478260869565216, ""planning_current_a"": 0.05434782608695652, ""comparison_breaker_a"": 6, ""comparison_area_mm2"": 1.5, ""comparison_conductors"": ""3 copper cores (L/N/PE), assumed single-phase; actual PE and phases pending"", ""corrected_ampacity_a"": 7.702500000000001, ""temperature_grouping_factor"": 0.5135000000000001, ""segment_vdrop_bound_v"": 0.013947080166860203, ""allocated_segment_vdrop_percent"": 1, ""path_vdrop_bound_from_db1_v"": 1.506254511175557, ""path_vdrop_percent_from_db1"": 0.6548932657285029, ""whole_installation_vdrop_percent"": null, ""status"": ""CONDITIONAL SCREEN ONLY"", ""comparison_path_target_percent"": 3, ""comparison_path_screen"": true}, {""case_id"": ""S2-220-PF08-50C-6"", ""voltage_v"": 220, ""pf"": 0.8, ""maximum_proxy_current_a"": 0.05113636363636364, ""planning_current_a"": 0.06392045454545454, ""comparison_breaker_a"": 6, ""comparison_area_mm2"": 1.5, ""comparison_conductors"": ""3 copper cores (L/N/PE), assumed single-phase; actual PE and phases pending"", ""corrected_ampacity_a"": 6.070499999999999, ""temperature_grouping_factor"": 0.40469999999999995, ""segment_vdrop_bound_v"": 0.016403668150795806, ""allocated_segment_vdrop_percent"": 1, ""path_vdrop_bound_from_db1_v"": 1.6657306565564545, ""path_vdrop_percent_from_db1"": 0.757150298434752, ""whole_installation_vdrop_percent"": null, ""status"": ""CONDITIONAL SCREEN ONLY"", ""comparison_path_target_percent"": 3, ""comparison_path_screen"": true}]","Covered roof-soffit crossing into outer arcade / wing-gable wall, then concealed pier drop. No exposed crossing at equipment height.","[33.300000000000004, 5.948, -7.36]","[33.300000000000004, 2.6, -10.55]",10.888189627747185,"Catalogue maximum proxy only; selected products, actual supply, protection, inrush, installation, origin voltage drop and engineering approval pending",1.5,,,
drop:LC1:L5:light:-1:L142,L5 → Side door lantern · B · 34.725 · rear,LC1,DB1,L5,light,drop,"[""L142""]",8.080172388861076,8.080172388861076,One modeled mains trunk/branch/local/feeder piece,9,0.0135,9,11.25,,,,,,,,,,,ENGINEERING HOLD,"[{""case_id"": ""S1-230-PF09-45C-4"", ""voltage_v"": 230, ""pf"": 0.9, ""maximum_proxy_current_a"": 0.043478260869565216, ""planning_current_a"": 0.05434782608695652, ""comparison_breaker_a"": 6, ""comparison_area_mm2"": 1.5, ""comparison_conductors"": ""3 copper cores (L/N/PE), assumed single-phase; actual PE and phases pending"", ""corrected_ampacity_a"": 7.702500000000001, ""temperature_grouping_factor"": 0.5135000000000001, ""segment_vdrop_bound_v"": 0.013947080166860203, ""allocated_segment_vdrop_percent"": 1, ""path_vdrop_bound_from_db1_v"": 1.4152465763929485, ""path_vdrop_percent_from_db1"": 0.6153245984317167, ""whole_installation_vdrop_percent"": null, ""status"": ""CONDITIONAL SCREEN ONLY"", ""comparison_path_target_percent"": 3, ""comparison_path_screen"": true}, {""case_id"": ""S2-220-PF08-50C-6"", ""voltage_v"": 220, ""pf"": 0.8, ""maximum_proxy_current_a"": 0.05113636363636364, ""planning_current_a"": 0.06392045454545454, ""comparison_breaker_a"": 6, ""comparison_area_mm2"": 1.5, ""comparison_conductors"": ""3 copper cores (L/N/PE), assumed single-phase; actual PE and phases pending"", ""corrected_ampacity_a"": 6.070499999999999, ""temperature_grouping_factor"": 0.40469999999999995, ""segment_vdrop_bound_v"": 0.016403668150795806, ""allocated_segment_vdrop_percent"": 1, ""path_vdrop_bound_from_db1_v"": 1.5586929150791817, ""path_vdrop_percent_from_db1"": 0.7084967795814463, ""whole_installation_vdrop_percent"": null, ""status"": ""CONDITIONAL SCREEN ONLY"", ""comparison_path_target_percent"": 3, ""comparison_path_screen"": true}]","Covered roof-soffit crossing into outer arcade / wing-gable wall, then concealed pier drop. No exposed crossing at equipment height.","[36.15, 5.948, -7.36]","[36.15, 2.6, -10.55]",10.888189627747185,"Catalogue maximum proxy only; selected products, actual supply, protection, inrush, installation, origin voltage drop and engineering approval pending",1.5,,,
drop:LC1:L5:light:-1:L143,L5 → Side door lantern · B · 46.425 · front,LC1,DB1,L5,light,drop,"[""L143""]",8.080172388861076,8.080172388861076,One modeled mains trunk/branch/local/feeder piece,9,0.0135,9,11.25,,,,,,,,,,,ENGINEERING HOLD,"[{""case_id"": ""S1-230-PF09-45C-4"", ""voltage_v"": 230, ""pf"": 0.9, ""maximum_proxy_current_a"": 0.043478260869565216, ""planning_current_a"": 0.05434782608695652, ""comparison_breaker_a"": 6, ""comparison_area_mm2"": 1.5, ""comparison_conductors"": ""3 copper cores (L/N/PE), assumed single-phase; actual PE and phases pending"", ""corrected_ampacity_a"": 7.702500000000001, ""temperature_grouping_factor"": 0.5135000000000001, ""segment_vdrop_bound_v"": 0.013947080166860203, ""allocated_segment_vdrop_percent"": 1, ""path_vdrop_bound_from_db1_v"": 1.0081016543474894, ""path_vdrop_percent_from_db1"": 0.4383050671076041, ""whole_installation_vdrop_percent"": null, ""status"": ""CONDITIONAL SCREEN ONLY"", ""comparison_path_target_percent"": 3, ""comparison_path_screen"": true}, {""case_id"": ""S2-220-PF08-50C-6"", ""voltage_v"": 220, ""pf"": 0.8, ""maximum_proxy_current_a"": 0.05113636363636364, ""planning_current_a"": 0.06392045454545454, ""comparison_breaker_a"": 6, ""comparison_area_mm2"": 1.5, ""comparison_conductors"": ""3 copper cores (L/N/PE), assumed single-phase; actual PE and phases pending"", ""corrected_ampacity_a"": 6.070499999999999, ""temperature_grouping_factor"": 0.40469999999999995, ""segment_vdrop_bound_v"": 0.016403668150795806, ""allocated_segment_vdrop_percent"": 1, ""path_vdrop_bound_from_db1_v"": 1.079834966991625, ""path_vdrop_percent_from_db1"": 0.4908340759052841, ""whole_installation_vdrop_percent"": null, ""status"": ""CONDITIONAL SCREEN ONLY"", ""comparison_path_target_percent"": 3, ""comparison_path_screen"": true}]","Covered roof-soffit crossing into outer arcade / wing-gable wall, then concealed pier drop. No exposed crossing at equipment height.","[45, 5.948, -7.36]","[45, 2.6, -10.55]",10.888189627747185,"Catalogue maximum proxy only; selected products, actual supply, protection, inrush, installation, origin voltage drop and engineering approval pending",1.5,,,
drop:LC1:L5:light:-1:L144,L5 → Side door lantern · B · 46.425 · rear,LC1,DB1,L5,light,drop,"[""L144""]",8.080172388861076,8.080172388861076,One modeled mains trunk/branch/local/feeder piece,9,0.0135,9,11.25,,,,,,,,,,,ENGINEERING HOLD,"[{""case_id"": ""S1-230-PF09-45C-4"", ""voltage_v"": 230, ""pf"": 0.9, ""maximum_proxy_current_a"": 0.043478260869565216, ""planning_current_a"": 0.05434782608695652, ""comparison_breaker_a"": 6, ""comparison_area_mm2"": 1.5, ""comparison_conductors"": ""3 copper cores (L/N/PE), assumed single-phase; actual PE and phases pending"", ""corrected_ampacity_a"": 7.702500000000001, ""temperature_grouping_factor"": 0.5135000000000001, ""segment_vdrop_bound_v"": 0.013947080166860203, ""allocated_segment_vdrop_percent"": 1, ""path_vdrop_bound_from_db1_v"": 0.9170937195648808, ""path_vdrop_percent_from_db1"": 0.39873639981081777, ""whole_installation_vdrop_percent"": null, ""status"": ""CONDITIONAL SCREEN ONLY"", ""comparison_path_target_percent"": 3, ""comparison_path_screen"": true}, {""case_id"": ""S2-220-PF08-50C-6"", ""voltage_v"": 220, ""pf"": 0.8, ""maximum_proxy_current_a"": 0.05113636363636364, ""planning_current_a"": 0.06392045454545454, ""comparison_breaker_a"": 6, ""comparison_area_mm2"": 1.5, ""comparison_conductors"": ""3 copper cores (L/N/PE), assumed single-phase; actual PE and phases pending"", ""corrected_ampacity_a"": 6.070499999999999, ""temperature_grouping_factor"": 0.40469999999999995, ""segment_vdrop_bound_v"": 0.016403668150795806, ""allocated_segment_vdrop_percent"": 1, ""path_vdrop_bound_from_db1_v"": 0.9727972255143523, ""path_vdrop_percent_from_db1"": 0.4421805570519783, ""whole_installation_vdrop_percent"": null, ""status"": ""CONDITIONAL SCREEN ONLY"", ""comparison_path_target_percent"": 3, ""comparison_path_screen"": true}]","Covered roof-soffit crossing into outer arcade / wing-gable wall, then concealed pier drop. No exposed crossing at equipment height.","[47.849999999999994, 5.948, -7.36]","[47.849999999999994, 2.6, -10.55]",10.888189627747185,"Catalogue maximum proxy only; selected products, actual supply, protection, inrush, installation, origin voltage drop and engineering approval pending",1.5,,,
drop:LC1:L5:light:-1:L184,L5 → Path light · axis 4 · B,LC1,DB1,L5,light,drop,"[""L184""]",4.980172388861075,4.980172388861075,One modeled mains trunk/branch/local/feeder piece,20.833333333333332,0.03125,20.833333333333332,26.041666666666664,,,,,,,,,,,ENGINEERING HOLD,"[{""case_id"": ""S1-230-PF09-45C-4"", ""voltage_v"": 230, ""pf"": 0.9, ""maximum_proxy_current_a"": 0.10064412238325281, ""planning_current_a"": 0.125805152979066, ""comparison_breaker_a"": 6, ""comparison_area_mm2"": 1.5, ""comparison_conductors"": ""3 copper cores (L/N/PE), assumed single-phase; actual PE and phases pending"", ""corrected_ampacity_a"": 7.702500000000001, ""temperature_grouping_factor"": 0.5135000000000001, ""segment_vdrop_bound_v"": 0.01989863565195095, ""allocated_segment_vdrop_percent"": 1, ""path_vdrop_bound_from_db1_v"": 2.1133374253563, ""path_vdrop_percent_from_db1"": 0.9188423588505652, ""whole_installation_vdrop_percent"": null, ""status"": ""CONDITIONAL SCREEN ONLY"", ""comparison_path_target_percent"": 3, ""comparison_path_screen"": true}, {""case_id"": ""S2-220-PF08-50C-6"", ""voltage_v"": 220, ""pf"": 0.8, ""maximum_proxy_current_a"": 0.11837121212121211, ""planning_current_a"": 0.14796401515151514, ""comparison_breaker_a"": 6, ""comparison_area_mm2"": 1.5, ""comparison_conductors"": ""3 copper cores (L/N/PE), assumed single-phase; actual PE and phases pending"", ""corrected_ampacity_a"": 6.070499999999999, ""temperature_grouping_factor"": 0.40469999999999995, ""segment_vdrop_bound_v"": 0.023403508977010493, ""allocated_segment_vdrop_percent"": 1, ""path_vdrop_bound_from_db1_v"": 2.37974294766676, ""path_vdrop_percent_from_db1"": 1.0817013398485273, ""whole_installation_vdrop_percent"": null, ""status"": ""CONDITIONAL SCREEN ONLY"", ""comparison_path_target_percent"": 3, ""comparison_path_screen"": true}]","Covered roof-soffit crossing into outer arcade / wing-gable wall, then concealed pier drop. No exposed crossing at equipment height.","[14.475000000000001, 5.948, -7.36]","[14.475, 5.9, -10.75]",7.4781896277471835,"Catalogue maximum proxy only; selected products, actual supply, protection, inrush, installation, origin voltage drop and engineering approval pending",1.5,,,
drop:LC1:L5:light:-1:L185,L5 → Path light · axis 6 · B,LC1,DB1,L5,light,drop,"[""L185""]",4.980172388861075,4.980172388861075,One modeled mains trunk/branch/local/feeder piece,20.833333333333332,0.03125,20.833333333333332,26.041666666666664,,,,,,,,,,,ENGINEERING HOLD,"[{""case_id"": ""S1-230-PF09-45C-4"", ""voltage_v"": 230, ""pf"": 0.9, ""maximum_proxy_current_a"": 0.10064412238325281, ""planning_current_a"": 0.125805152979066, ""comparison_breaker_a"": 6, ""comparison_area_mm2"": 1.5, ""comparison_conductors"": ""3 copper cores (L/N/PE), assumed single-phase; actual PE and phases pending"", ""corrected_ampacity_a"": 7.702500000000001, ""temperature_grouping_factor"": 0.5135000000000001, ""segment_vdrop_bound_v"": 0.01989863565195095, ""allocated_segment_vdrop_percent"": 1, ""path_vdrop_bound_from_db1_v"": 1.8259439470954302, ""path_vdrop_percent_from_db1"": 0.793888672650187, ""whole_installation_vdrop_percent"": null, ""status"": ""CONDITIONAL SCREEN ONLY"", ""comparison_path_target_percent"": 3, ""comparison_path_screen"": true}, {""case_id"": ""S2-220-PF08-50C-6"", ""voltage_v"": 220, ""pf"": 0.8, ""maximum_proxy_current_a"": 0.11837121212121211, ""planning_current_a"": 0.14796401515151514, ""comparison_breaker_a"": 6, ""comparison_area_mm2"": 1.5, ""comparison_conductors"": ""3 copper cores (L/N/PE), assumed single-phase; actual PE and phases pending"", ""corrected_ampacity_a"": 6.070499999999999, ""temperature_grouping_factor"": 0.40469999999999995, ""segment_vdrop_bound_v"": 0.023403508977010493, ""allocated_segment_vdrop_percent"": 1, ""path_vdrop_bound_from_db1_v"": 2.041729027212215, ""path_vdrop_percent_from_db1"": 0.9280586487328248, ""whole_installation_vdrop_percent"": null, ""status"": ""CONDITIONAL SCREEN ONLY"", ""comparison_path_target_percent"": 3, ""comparison_path_screen"": true}]","Covered roof-soffit crossing into outer arcade / wing-gable wall, then concealed pier drop. No exposed crossing at equipment height.","[23.475, 5.948, -7.36]","[23.475, 5.9, -10.75]",7.4781896277471835,"Catalogue maximum proxy only; selected products, actual supply, protection, inrush, installation, origin voltage drop and engineering approval pending",1.5,,,
drop:LC1:L5:light:-1:L186,L5 → Path light · axis 11 · B,LC1,DB1,L5,light,drop,"[""L186""]",4.980172388861075,4.980172388861075,One modeled mains trunk/branch/local/feeder piece,20.833333333333332,0.03125,20.833333333333332,26.041666666666664,,,,,,,,,,,ENGINEERING HOLD,"[{""case_id"": ""S1-230-PF09-45C-4"", ""voltage_v"": 230, ""pf"": 0.9, ""maximum_proxy_current_a"": 0.10064412238325281, ""planning_current_a"": 0.125805152979066, ""comparison_breaker_a"": 6, ""comparison_area_mm2"": 1.5, ""comparison_conductors"": ""3 copper cores (L/N/PE), assumed single-phase; actual PE and phases pending"", ""corrected_ampacity_a"": 7.702500000000001, ""temperature_grouping_factor"": 0.5135000000000001, ""segment_vdrop_bound_v"": 0.01989863565195095, ""allocated_segment_vdrop_percent"": 1, ""path_vdrop_bound_from_db1_v"": 0.8967008728760584, ""path_vdrop_percent_from_db1"": 0.38986994472872105, ""whole_installation_vdrop_percent"": null, ""status"": ""CONDITIONAL SCREEN ONLY"", ""comparison_path_target_percent"": 3, ""comparison_path_screen"": true}, {""case_id"": ""S2-220-PF08-50C-6"", ""voltage_v"": 220, ""pf"": 0.8, ""maximum_proxy_current_a"": 0.11837121212121211, ""planning_current_a"": 0.14796401515151514, ""comparison_breaker_a"": 6, ""comparison_area_mm2"": 1.5, ""comparison_conductors"": ""3 copper cores (L/N/PE), assumed single-phase; actual PE and phases pending"", ""corrected_ampacity_a"": 6.070499999999999, ""temperature_grouping_factor"": 0.40469999999999995, ""segment_vdrop_bound_v"": 0.023403508977010493, ""allocated_segment_vdrop_percent"": 1, ""path_vdrop_bound_from_db1_v"": 0.9488124569655669, ""path_vdrop_percent_from_db1"": 0.43127838952980313, ""whole_installation_vdrop_percent"": null, ""status"": ""CONDITIONAL SCREEN ONLY"", ""comparison_path_target_percent"": 3, ""comparison_path_screen"": true}]","Covered roof-soffit crossing into outer arcade / wing-gable wall, then concealed pier drop. No exposed crossing at equipment height.","[48.675, 5.948, -7.36]","[48.675, 5.9, -10.75]",7.4781896277471835,"Catalogue maximum proxy only; selected products, actual supply, protection, inrush, installation, origin voltage drop and engineering approval pending",1.5,,,
drop:LC1:L5:light:-1:L187,L5 → Path light · wing gable B,LC1,DB1,L5,light,drop,"[""L187""]",9.078,9.078,One modeled mains trunk/branch/local/feeder piece,25,0.0375,25,31.25,,,,,,,,,,,ENGINEERING HOLD,"[{""case_id"": ""S1-230-PF09-45C-4"", ""voltage_v"": 230, ""pf"": 0.9, ""maximum_proxy_current_a"": 0.12077294685990338, ""planning_current_a"": 0.15096618357487923, ""comparison_breaker_a"": 6, ""comparison_area_mm2"": 1.5, ""comparison_conductors"": ""3 copper cores (L/N/PE), assumed single-phase; actual PE and phases pending"", ""corrected_ampacity_a"": 7.702500000000001, ""temperature_grouping_factor"": 0.5135000000000001, ""segment_vdrop_bound_v"": 0.04352615942028985, ""allocated_segment_vdrop_percent"": 1, ""path_vdrop_bound_from_db1_v"": 1.241253194623648, ""path_vdrop_percent_from_db1"": 0.5396753020102817, ""whole_installation_vdrop_percent"": null, ""status"": ""CONDITIONAL SCREEN ONLY"", ""comparison_path_target_percent"": 3, ""comparison_path_screen"": true}, {""case_id"": ""S2-220-PF08-50C-6"", ""voltage_v"": 220, ""pf"": 0.8, ""maximum_proxy_current_a"": 0.14204545454545456, ""planning_current_a"": 0.17755681818181818, ""comparison_breaker_a"": 6, ""comparison_area_mm2"": 1.5, ""comparison_conductors"": ""3 copper cores (L/N/PE), assumed single-phase; actual PE and phases pending"", ""corrected_ampacity_a"": 6.070499999999999, ""temperature_grouping_factor"": 0.40469999999999995, ""segment_vdrop_bound_v"": 0.05119269886363636, ""allocated_segment_vdrop_percent"": 1, ""path_vdrop_bound_from_db1_v"": 1.3540529717482435, ""path_vdrop_percent_from_db1"": 0.6154786235219288, ""whole_installation_vdrop_percent"": null, ""status"": ""CONDITIONAL SCREEN ONLY"", ""comparison_path_target_percent"": 3, ""comparison_path_screen"": true}]","Covered roof-soffit crossing into outer arcade / wing-gable wall, then concealed pier drop. No exposed crossing at equipment height.","[40.575, 9.269999999999989, -7.36]","[40.575, 6.2, -13.13]",11.9858,"Catalogue maximum proxy only; selected products, actual supply, protection, inrush, installation, origin voltage drop and engineering approval pending",1.5,,,
drop:LC1:L5:light:-1:L188,L5 → Path light · rear · B,LC1,DB1,L5,light,drop,"[""L188""]",3.792000000000005,3.792000000000005,One modeled mains trunk/branch/local/feeder piece,25,0.0375,25,31.25,,,,,,,,,,,ENGINEERING HOLD,"[{""case_id"": ""S1-230-PF09-45C-4"", ""voltage_v"": 230, ""pf"": 0.9, ""maximum_proxy_current_a"": 0.12077294685990338, ""planning_current_a"": 0.15096618357487923, ""comparison_breaker_a"": 6, ""comparison_area_mm2"": 1.5, ""comparison_conductors"": ""3 copper cores (L/N/PE), assumed single-phase; actual PE and phases pending"", ""corrected_ampacity_a"": 7.702500000000001, ""temperature_grouping_factor"": 0.5135000000000001, ""segment_vdrop_bound_v"": 0.018181449275362343, ""allocated_segment_vdrop_percent"": 1, ""path_vdrop_bound_from_db1_v"": 0.7563642321516437, ""path_vdrop_percent_from_db1"": 0.3288540139789755, ""whole_installation_vdrop_percent"": null, ""status"": ""CONDITIONAL SCREEN ONLY"", ""comparison_path_target_percent"": 3, ""comparison_path_screen"": true}, {""case_id"": ""S2-220-PF08-50C-6"", ""voltage_v"": 220, ""pf"": 0.8, ""maximum_proxy_current_a"": 0.14204545454545456, ""planning_current_a"": 0.17755681818181818, ""comparison_breaker_a"": 6, ""comparison_area_mm2"": 1.5, ""comparison_conductors"": ""3 copper cores (L/N/PE), assumed single-phase; actual PE and phases pending"", ""corrected_ampacity_a"": 6.070499999999999, ""temperature_grouping_factor"": 0.40469999999999995, ""segment_vdrop_bound_v"": 0.021383863636363663, ""allocated_segment_vdrop_percent"": 1, ""path_vdrop_bound_from_db1_v"": 0.7837574306590109, ""path_vdrop_percent_from_db1"": 0.3562533775722777, ""whole_installation_vdrop_percent"": null, ""status"": ""CONDITIONAL SCREEN ONLY"", ""comparison_path_target_percent"": 3, ""comparison_path_screen"": true}]",Rear-wall band and local termination; gable / weatherproof entry details pending.,"[53.016, 5.948, -7.36]","[53.2, 5.2, -4.5]",6.171200000000006,"Catalogue maximum proxy only; selected products, actual supply, protection, inrush, installation, origin voltage drop and engineering approval pending",1.5,,,
trunk:LC1:L5:light:1,L5 · H · circuit trunk,LC1,DB1,L5,light,trunk,"[""L145"", ""L146"", ""L147"", ""L148"", ""L149"", ""L150"", ""L191"", ""L192"", ""L193"", ""L194"", ""L195""]",64.39013031117919,64.39013031117919,One modeled mains trunk/branch/local/feeder piece,166.5,0.24975,166.5,208.125,,,,,,,,,,,ENGINEERING HOLD,"[{""case_id"": ""S1-230-PF09-45C-4"", ""voltage_v"": 230, ""pf"": 0.9, ""maximum_proxy_current_a"": 0.8043478260869565, ""planning_current_a"": 1.0054347826086956, ""comparison_breaker_a"": 6, ""comparison_area_mm2"": 1.5, ""comparison_conductors"": ""3 copper cores (L/N/PE), assumed single-phase; actual PE and phases pending"", ""corrected_ampacity_a"": 7.702500000000001, ""temperature_grouping_factor"": 0.5135000000000001, ""segment_vdrop_bound_v"": 2.0561448350889373, ""allocated_segment_vdrop_percent"": 1, ""path_vdrop_bound_from_db1_v"": 2.3041940070956533, ""path_vdrop_percent_from_db1"": 1.0018234813459364, ""whole_installation_vdrop_percent"": null, ""status"": ""CONDITIONAL SCREEN ONLY"", ""comparison_path_target_percent"": 3, ""comparison_path_screen"": true}, {""case_id"": ""S2-220-PF08-50C-6"", ""voltage_v"": 220, ""pf"": 0.8, ""maximum_proxy_current_a"": 0.9460227272727273, ""planning_current_a"": 1.1825284090909092, ""comparison_breaker_a"": 6, ""comparison_area_mm2"": 2.5, ""comparison_conductors"": ""3 copper cores (L/N/PE), assumed single-phase; actual PE and phases pending"", ""corrected_ampacity_a"": 8.094, ""temperature_grouping_factor"": 0.40469999999999995, ""segment_vdrop_bound_v"": 1.4558571878056306, ""allocated_segment_vdrop_percent"": 1, ""path_vdrop_bound_from_db1_v"": 1.641766792044187, ""path_vdrop_percent_from_db1"": 0.7462576327473577, ""whole_installation_vdrop_percent"": null, ""status"": ""CONDITIONAL SCREEN ONLY"", ""comparison_path_target_percent"": 3, ""comparison_path_screen"": true}]",Wall bands above openings; concealed finish-matched soffit crossing over the 9–10 wing opening.,"[48.895, 1.85, -0.55]","[14.475000000000001, 5.948, 7.36]",72.82914334229712,"Catalogue maximum proxy only; selected products, actual supply, protection, inrush, installation, origin voltage drop and engineering approval pending",2.5,,,
drop:LC1:L5:light:1:L145,L5 → Side door lantern · H · 16.725 · front,LC1,DB1,L5,light,drop,"[""L145""]",8.080172388861076,8.080172388861076,One modeled mains trunk/branch/local/feeder piece,9,0.0135,9,11.25,,,,,,,,,,,ENGINEERING HOLD,"[{""case_id"": ""S1-230-PF09-45C-4"", ""voltage_v"": 230, ""pf"": 0.9, ""maximum_proxy_current_a"": 0.043478260869565216, ""planning_current_a"": 0.05434782608695652, ""comparison_breaker_a"": 6, ""comparison_area_mm2"": 1.5, ""comparison_conductors"": ""3 copper cores (L/N/PE), assumed single-phase; actual PE and phases pending"", ""corrected_ampacity_a"": 7.702500000000001, ""temperature_grouping_factor"": 0.5135000000000001, ""segment_vdrop_bound_v"": 0.013947080166860203, ""allocated_segment_vdrop_percent"": 1, ""path_vdrop_bound_from_db1_v"": 2.2917966850886002, ""path_vdrop_percent_from_db1"": 0.9964333413428698, ""whole_installation_vdrop_percent"": null, ""status"": ""CONDITIONAL SCREEN ONLY"", ""comparison_path_target_percent"": 3, ""comparison_path_screen"": true}, {""case_id"": ""S2-220-PF08-50C-6"", ""voltage_v"": 220, ""pf"": 0.8, ""maximum_proxy_current_a"": 0.05113636363636364, ""planning_current_a"": 0.06392045454545454, ""comparison_breaker_a"": 6, ""comparison_area_mm2"": 1.5, ""comparison_conductors"": ""3 copper cores (L/N/PE), assumed single-phase; actual PE and phases pending"", ""corrected_ampacity_a"": 6.070499999999999, ""temperature_grouping_factor"": 0.40469999999999995, ""segment_vdrop_bound_v"": 0.016403668150795806, ""allocated_segment_vdrop_percent"": 1, ""path_vdrop_bound_from_db1_v"": 1.6395172570699825, ""path_vdrop_percent_from_db1"": 0.745235116849992, ""whole_installation_vdrop_percent"": null, ""status"": ""CONDITIONAL SCREEN ONLY"", ""comparison_path_target_percent"": 3, ""comparison_path_screen"": true}]","Covered roof-soffit crossing into outer arcade / wing-gable wall, then concealed pier drop. No exposed crossing at equipment height.","[15.3, 5.948, 7.36]","[15.3, 2.6, 10.55]",10.888189627747185,"Catalogue maximum proxy only; selected products, actual supply, protection, inrush, installation, origin voltage drop and engineering approval pending",1.5,,,
drop:LC1:L5:light:1:L146,L5 → Side door lantern · H · 16.725 · rear,LC1,DB1,L5,light,drop,"[""L146""]",8.080172388861076,8.080172388861076,One modeled mains trunk/branch/local/feeder piece,9,0.0135,9,11.25,,,,,,,,,,,ENGINEERING HOLD,"[{""case_id"": ""S1-230-PF09-45C-4"", ""voltage_v"": 230, ""pf"": 0.9, ""maximum_proxy_current_a"": 0.043478260869565216, ""planning_current_a"": 0.05434782608695652, ""comparison_breaker_a"": 6, ""comparison_area_mm2"": 1.5, ""comparison_conductors"": ""3 copper cores (L/N/PE), assumed single-phase; actual PE and phases pending"", ""corrected_ampacity_a"": 7.702500000000001, ""temperature_grouping_factor"": 0.5135000000000001, ""segment_vdrop_bound_v"": 0.013947080166860203, ""allocated_segment_vdrop_percent"": 1, ""path_vdrop_bound_from_db1_v"": 2.2007887503059917, ""path_vdrop_percent_from_db1"": 0.9568646740460833, ""whole_installation_vdrop_percent"": null, ""status"": ""CONDITIONAL SCREEN ONLY"", ""comparison_path_target_percent"": 3, ""comparison_path_screen"": true}, {""case_id"": ""S2-220-PF08-50C-6"", ""voltage_v"": 220, ""pf"": 0.8, ""maximum_proxy_current_a"": 0.05113636363636364, ""planning_current_a"": 0.06392045454545454, ""comparison_breaker_a"": 6, ""comparison_area_mm2"": 1.5, ""comparison_conductors"": ""3 copper cores (L/N/PE), assumed single-phase; actual PE and phases pending"", ""corrected_ampacity_a"": 6.070499999999999, ""temperature_grouping_factor"": 0.40469999999999995, ""segment_vdrop_bound_v"": 0.016403668150795806, ""allocated_segment_vdrop_percent"": 1, ""path_vdrop_bound_from_db1_v"": 1.5750789190018006, ""path_vdrop_percent_from_db1"": 0.7159449631826366, ""whole_installation_vdrop_percent"": null, ""status"": ""CONDITIONAL SCREEN ONLY"", ""comparison_path_target_percent"": 3, ""comparison_path_screen"": true}]","Covered roof-soffit crossing into outer arcade / wing-gable wall, then concealed pier drop. No exposed crossing at equipment height.","[18.150000000000002, 5.948, 7.36]","[18.150000000000002, 2.6, 10.55]",10.888189627747185,"Catalogue maximum proxy only; selected products, actual supply, protection, inrush, installation, origin voltage drop and engineering approval pending",1.5,,,
drop:LC1:L5:light:1:L147,L5 → Side door lantern · H · 34.725 · front,LC1,DB1,L5,light,drop,"[""L147""]",8.080172388861076,8.080172388861076,One modeled mains trunk/branch/local/feeder piece,9,0.0135,9,11.25,,,,,,,,,,,ENGINEERING HOLD,"[{""case_id"": ""S1-230-PF09-45C-4"", ""voltage_v"": 230, ""pf"": 0.9, ""maximum_proxy_current_a"": 0.043478260869565216, ""planning_current_a"": 0.05434782608695652, ""comparison_breaker_a"": 6, ""comparison_area_mm2"": 1.5, ""comparison_conductors"": ""3 copper cores (L/N/PE), assumed single-phase; actual PE and phases pending"", ""corrected_ampacity_a"": 7.702500000000001, ""temperature_grouping_factor"": 0.5135000000000001, ""segment_vdrop_bound_v"": 0.013947080166860203, ""allocated_segment_vdrop_percent"": 1, ""path_vdrop_bound_from_db1_v"": 1.7170097285668613, ""path_vdrop_percent_from_db1"": 0.7465259689421135, ""whole_installation_vdrop_percent"": null, ""status"": ""CONDITIONAL SCREEN ONLY"", ""comparison_path_target_percent"": 3, ""comparison_path_screen"": true}, {""case_id"": ""S2-220-PF08-50C-6"", ""voltage_v"": 220, ""pf"": 0.8, ""maximum_proxy_current_a"": 0.05113636363636364, ""planning_current_a"": 0.06392045454545454, ""comparison_breaker_a"": 6, ""comparison_area_mm2"": 1.5, ""comparison_conductors"": ""3 copper cores (L/N/PE), assumed single-phase; actual PE and phases pending"", ""corrected_ampacity_a"": 6.070499999999999, ""temperature_grouping_factor"": 0.40469999999999995, ""segment_vdrop_bound_v"": 0.016403668150795806, ""allocated_segment_vdrop_percent"": 1, ""path_vdrop_bound_from_db1_v"": 1.232538279797255, ""path_vdrop_percent_from_db1"": 0.5602446726351159, ""whole_installation_vdrop_percent"": null, ""status"": ""CONDITIONAL SCREEN ONLY"", ""comparison_path_target_percent"": 3, ""comparison_path_screen"": true}]","Covered roof-soffit crossing into outer arcade / wing-gable wall, then concealed pier drop. No exposed crossing at equipment height.","[33.300000000000004, 5.948, 7.36]","[33.300000000000004, 2.6, 10.55]",10.888189627747185,"Catalogue maximum proxy only; selected products, actual supply, protection, inrush, installation, origin voltage drop and engineering approval pending",1.5,,,
drop:LC1:L5:light:1:L148,L5 → Side door lantern · H · 34.725 · rear,LC1,DB1,L5,light,drop,"[""L148""]",8.080172388861076,8.080172388861076,One modeled mains trunk/branch/local/feeder piece,9,0.0135,9,11.25,,,,,,,,,,,ENGINEERING HOLD,"[{""case_id"": ""S1-230-PF09-45C-4"", ""voltage_v"": 230, ""pf"": 0.9, ""maximum_proxy_current_a"": 0.043478260869565216, ""planning_current_a"": 0.05434782608695652, ""comparison_breaker_a"": 6, ""comparison_area_mm2"": 1.5, ""comparison_conductors"": ""3 copper cores (L/N/PE), assumed single-phase; actual PE and phases pending"", ""corrected_ampacity_a"": 7.702500000000001, ""temperature_grouping_factor"": 0.5135000000000001, ""segment_vdrop_bound_v"": 0.013947080166860203, ""allocated_segment_vdrop_percent"": 1, ""path_vdrop_bound_from_db1_v"": 1.6260017937842528, ""path_vdrop_percent_from_db1"": 0.7069573016453273, ""whole_installation_vdrop_percent"": null, ""status"": ""CONDITIONAL SCREEN ONLY"", ""comparison_path_target_percent"": 3, ""comparison_path_screen"": true}, {""case_id"": ""S2-220-PF08-50C-6"", ""voltage_v"": 220, ""pf"": 0.8, ""maximum_proxy_current_a"": 0.05113636363636364, ""planning_current_a"": 0.06392045454545454, ""comparison_breaker_a"": 6, ""comparison_area_mm2"": 1.5, ""comparison_conductors"": ""3 copper cores (L/N/PE), assumed single-phase; actual PE and phases pending"", ""corrected_ampacity_a"": 6.070499999999999, ""temperature_grouping_factor"": 0.40469999999999995, ""segment_vdrop_bound_v"": 0.016403668150795806, ""allocated_segment_vdrop_percent"": 1, ""path_vdrop_bound_from_db1_v"": 1.1680999417290734, ""path_vdrop_percent_from_db1"": 0.5309545189677606, ""whole_installation_vdrop_percent"": null, ""status"": ""CONDITIONAL SCREEN ONLY"", ""comparison_path_target_percent"": 3, ""comparison_path_screen"": true}]","Covered roof-soffit crossing into outer arcade / wing-gable wall, then concealed pier drop. No exposed crossing at equipment height.","[36.15, 5.948, 7.36]","[36.15, 2.6, 10.55]",10.888189627747185,"Catalogue maximum proxy only; selected products, actual supply, protection, inrush, installation, origin voltage drop and engineering approval pending",1.5,,,
drop:LC1:L5:light:1:L149,L5 → Side door lantern · H · 46.425 · front,LC1,DB1,L5,light,drop,"[""L149""]",8.080172388861076,8.080172388861076,One modeled mains trunk/branch/local/feeder piece,9,0.0135,9,11.25,,,,,,,,,,,ENGINEERING HOLD,"[{""case_id"": ""S1-230-PF09-45C-4"", ""voltage_v"": 230, ""pf"": 0.9, ""maximum_proxy_current_a"": 0.043478260869565216, ""planning_current_a"": 0.05434782608695652, ""comparison_breaker_a"": 6, ""comparison_area_mm2"": 1.5, ""comparison_conductors"": ""3 copper cores (L/N/PE), assumed single-phase; actual PE and phases pending"", ""corrected_ampacity_a"": 7.702500000000001, ""temperature_grouping_factor"": 0.5135000000000001, ""segment_vdrop_bound_v"": 0.013947080166860203, ""allocated_segment_vdrop_percent"": 1, ""path_vdrop_bound_from_db1_v"": 1.2188568717387938, ""path_vdrop_percent_from_db1"": 0.5299377703212147, ""whole_installation_vdrop_percent"": null, ""status"": ""CONDITIONAL SCREEN ONLY"", ""comparison_path_target_percent"": 3, ""comparison_path_screen"": true}, {""case_id"": ""S2-220-PF08-50C-6"", ""voltage_v"": 220, ""pf"": 0.8, ""maximum_proxy_current_a"": 0.05113636363636364, ""planning_current_a"": 0.06392045454545454, ""comparison_breaker_a"": 6, ""comparison_area_mm2"": 1.5, ""comparison_conductors"": ""3 copper cores (L/N/PE), assumed single-phase; actual PE and phases pending"", ""corrected_ampacity_a"": 6.070499999999999, ""temperature_grouping_factor"": 0.40469999999999995, ""segment_vdrop_bound_v"": 0.016403668150795806, ""allocated_segment_vdrop_percent"": 1, ""path_vdrop_bound_from_db1_v"": 0.8798202198325341, ""path_vdrop_percent_from_db1"": 0.399918281742061, ""whole_installation_vdrop_percent"": null, ""status"": ""CONDITIONAL SCREEN ONLY"", ""comparison_path_target_percent"": 3, ""comparison_path_screen"": true}]","Covered roof-soffit crossing into outer arcade / wing-gable wall, then concealed pier drop. No exposed crossing at equipment height.","[45, 5.948, 7.36]","[45, 2.6, 10.55]",10.888189627747185,"Catalogue maximum proxy only; selected products, actual supply, protection, inrush, installation, origin voltage drop and engineering approval pending",1.5,,,
drop:LC1:L5:light:1:L150,L5 → Side door lantern · H · 46.425 · rear,LC1,DB1,L5,light,drop,"[""L150""]",8.080172388861076,8.080172388861076,One modeled mains trunk/branch/local/feeder piece,9,0.0135,9,11.25,,,,,,,,,,,ENGINEERING HOLD,"[{""case_id"": ""S1-230-PF09-45C-4"", ""voltage_v"": 230, ""pf"": 0.9, ""maximum_proxy_current_a"": 0.043478260869565216, ""planning_current_a"": 0.05434782608695652, ""comparison_breaker_a"": 6, ""comparison_area_mm2"": 1.5, ""comparison_conductors"": ""3 copper cores (L/N/PE), assumed single-phase; actual PE and phases pending"", ""corrected_ampacity_a"": 7.702500000000001, ""temperature_grouping_factor"": 0.5135000000000001, ""segment_vdrop_bound_v"": 0.013947080166860203, ""allocated_segment_vdrop_percent"": 1, ""path_vdrop_bound_from_db1_v"": 1.1278489369561853, ""path_vdrop_percent_from_db1"": 0.4903691030244284, ""whole_installation_vdrop_percent"": null, ""status"": ""CONDITIONAL SCREEN ONLY"", ""comparison_path_target_percent"": 3, ""comparison_path_screen"": true}, {""case_id"": ""S2-220-PF08-50C-6"", ""voltage_v"": 220, ""pf"": 0.8, ""maximum_proxy_current_a"": 0.05113636363636364, ""planning_current_a"": 0.06392045454545454, ""comparison_breaker_a"": 6, ""comparison_area_mm2"": 1.5, ""comparison_conductors"": ""3 copper cores (L/N/PE), assumed single-phase; actual PE and phases pending"", ""corrected_ampacity_a"": 6.070499999999999, ""temperature_grouping_factor"": 0.40469999999999995, ""segment_vdrop_bound_v"": 0.016403668150795806, ""allocated_segment_vdrop_percent"": 1, ""path_vdrop_bound_from_db1_v"": 0.8153818817643524, ""path_vdrop_percent_from_db1"": 0.37062812807470563, ""whole_installation_vdrop_percent"": null, ""status"": ""CONDITIONAL SCREEN ONLY"", ""comparison_path_target_percent"": 3, ""comparison_path_screen"": true}]","Covered roof-soffit crossing into outer arcade / wing-gable wall, then concealed pier drop. No exposed crossing at equipment height.","[47.849999999999994, 5.948, 7.36]","[47.849999999999994, 2.6, 10.55]",10.888189627747185,"Catalogue maximum proxy only; selected products, actual supply, protection, inrush, installation, origin voltage drop and engineering approval pending",1.5,,,
drop:LC1:L5:light:1:L191,L5 → Path light · axis 4 · H,LC1,DB1,L5,light,drop,"[""L191""]",4.980172388861075,4.980172388861075,One modeled mains trunk/branch/local/feeder piece,20.833333333333332,0.03125,20.833333333333332,26.041666666666664,,,,,,,,,,,ENGINEERING HOLD,"[{""case_id"": ""S1-230-PF09-45C-4"", ""voltage_v"": 230, ""pf"": 0.9, ""maximum_proxy_current_a"": 0.10064412238325281, ""planning_current_a"": 0.125805152979066, ""comparison_breaker_a"": 6, ""comparison_area_mm2"": 1.5, ""comparison_conductors"": ""3 copper cores (L/N/PE), assumed single-phase; actual PE and phases pending"", ""corrected_ampacity_a"": 7.702500000000001, ""temperature_grouping_factor"": 0.5135000000000001, ""segment_vdrop_bound_v"": 0.01989863565195095, ""allocated_segment_vdrop_percent"": 1, ""path_vdrop_bound_from_db1_v"": 2.3240926427476043, ""path_vdrop_percent_from_db1"": 1.0104750620641758, ""whole_installation_vdrop_percent"": null, ""status"": ""CONDITIONAL SCREEN ONLY"", ""comparison_path_target_percent"": 3, ""comparison_path_screen"": true}, {""case_id"": ""S2-220-PF08-50C-6"", ""voltage_v"": 220, ""pf"": 0.8, ""maximum_proxy_current_a"": 0.11837121212121211, ""planning_current_a"": 0.14796401515151514, ""comparison_breaker_a"": 6, ""comparison_area_mm2"": 1.5, ""comparison_conductors"": ""3 copper cores (L/N/PE), assumed single-phase; actual PE and phases pending"", ""corrected_ampacity_a"": 6.070499999999999, ""temperature_grouping_factor"": 0.40469999999999995, ""segment_vdrop_bound_v"": 0.023403508977010493, ""allocated_segment_vdrop_percent"": 1, ""path_vdrop_bound_from_db1_v"": 1.6651703010211973, ""path_vdrop_percent_from_db1"": 0.7568955913732716, ""whole_installation_vdrop_percent"": null, ""status"": ""CONDITIONAL SCREEN ONLY"", ""comparison_path_target_percent"": 3, ""comparison_path_screen"": true}]","Covered roof-soffit crossing into outer arcade / wing-gable wall, then concealed pier drop. No exposed crossing at equipment height.","[14.475000000000001, 5.948, 7.36]","[14.475, 5.9, 10.75]",7.4781896277471835,"Catalogue maximum proxy only; selected products, actual supply, protection, inrush, installation, origin voltage drop and engineering approval pending",1.5,,,
drop:LC1:L5:light:1:L192,L5 → Path light · axis 6 · H,LC1,DB1,L5,light,drop,"[""L192""]",4.980172388861075,4.980172388861075,One modeled mains trunk/branch/local/feeder piece,20.833333333333332,0.03125,20.833333333333332,26.041666666666664,,,,,,,,,,,ENGINEERING HOLD,"[{""case_id"": ""S1-230-PF09-45C-4"", ""voltage_v"": 230, ""pf"": 0.9, ""maximum_proxy_current_a"": 0.10064412238325281, ""planning_current_a"": 0.125805152979066, ""comparison_breaker_a"": 6, ""comparison_area_mm2"": 1.5, ""comparison_conductors"": ""3 copper cores (L/N/PE), assumed single-phase; actual PE and phases pending"", ""corrected_ampacity_a"": 7.702500000000001, ""temperature_grouping_factor"": 0.5135000000000001, ""segment_vdrop_bound_v"": 0.01989863565195095, ""allocated_segment_vdrop_percent"": 1, ""path_vdrop_bound_from_db1_v"": 2.036699164486735, ""path_vdrop_percent_from_db1"": 0.8855213758637978, ""whole_installation_vdrop_percent"": null, ""status"": ""CONDITIONAL SCREEN ONLY"", ""comparison_path_target_percent"": 3, ""comparison_path_screen"": true}, {""case_id"": ""S2-220-PF08-50C-6"", ""voltage_v"": 220, ""pf"": 0.8, ""maximum_proxy_current_a"": 0.11837121212121211, ""planning_current_a"": 0.14796401515151514, ""comparison_breaker_a"": 6, ""comparison_area_mm2"": 1.5, ""comparison_conductors"": ""3 copper cores (L/N/PE), assumed single-phase; actual PE and phases pending"", ""corrected_ampacity_a"": 6.070499999999999, ""temperature_grouping_factor"": 0.40469999999999995, ""segment_vdrop_bound_v"": 0.023403508977010493, ""allocated_segment_vdrop_percent"": 1, ""path_vdrop_bound_from_db1_v"": 1.4616808123848335, ""path_vdrop_percent_from_db1"": 0.6644003692658335, ""whole_installation_vdrop_percent"": null, ""status"": ""CONDITIONAL SCREEN ONLY"", ""comparison_path_target_percent"": 3, ""comparison_path_screen"": true}]","Covered roof-soffit crossing into outer arcade / wing-gable wall, then concealed pier drop. No exposed crossing at equipment height.","[23.475, 5.948, 7.36]","[23.475, 5.9, 10.75]",7.4781896277471835,"Catalogue maximum proxy only; selected products, actual supply, protection, inrush, installation, origin voltage drop and engineering approval pending",1.5,,,
drop:LC1:L5:light:1:L193,L5 → Path light · axis 11 · H,LC1,DB1,L5,light,drop,"[""L193""]",4.980172388861075,4.980172388861075,One modeled mains trunk/branch/local/feeder piece,20.833333333333332,0.03125,20.833333333333332,26.041666666666664,,,,,,,,,,,ENGINEERING HOLD,"[{""case_id"": ""S1-230-PF09-45C-4"", ""voltage_v"": 230, ""pf"": 0.9, ""maximum_proxy_current_a"": 0.10064412238325281, ""planning_current_a"": 0.125805152979066, ""comparison_breaker_a"": 6, ""comparison_area_mm2"": 1.5, ""comparison_conductors"": ""3 copper cores (L/N/PE), assumed single-phase; actual PE and phases pending"", ""corrected_ampacity_a"": 7.702500000000001, ""temperature_grouping_factor"": 0.5135000000000001, ""segment_vdrop_bound_v"": 0.01989863565195095, ""allocated_segment_vdrop_percent"": 1, ""path_vdrop_bound_from_db1_v"": 1.107456090267363, ""path_vdrop_percent_from_db1"": 0.4815026479423317, ""whole_installation_vdrop_percent"": null, ""status"": ""CONDITIONAL SCREEN ONLY"", ""comparison_path_target_percent"": 3, ""comparison_path_screen"": true}, {""case_id"": ""S2-220-PF08-50C-6"", ""voltage_v"": 220, ""pf"": 0.8, ""maximum_proxy_current_a"": 0.11837121212121211, ""planning_current_a"": 0.14796401515151514, ""comparison_breaker_a"": 6, ""comparison_area_mm2"": 1.5, ""comparison_conductors"": ""3 copper cores (L/N/PE), assumed single-phase; actual PE and phases pending"", ""corrected_ampacity_a"": 6.070499999999999, ""temperature_grouping_factor"": 0.40469999999999995, ""segment_vdrop_bound_v"": 0.023403508977010493, ""allocated_segment_vdrop_percent"": 1, ""path_vdrop_bound_from_db1_v"": 0.803728519465567, ""path_vdrop_percent_from_db1"": 0.36533114521162136, ""whole_installation_vdrop_percent"": null, ""status"": ""CONDITIONAL SCREEN ONLY"", ""comparison_path_target_percent"": 3, ""comparison_path_screen"": true}]","Covered roof-soffit crossing into outer arcade / wing-gable wall, then concealed pier drop. No exposed crossing at equipment height.","[48.675, 5.948, 7.36]","[48.675, 5.9, 10.75]",7.4781896277471835,"Catalogue maximum proxy only; selected products, actual supply, protection, inrush, installation, origin voltage drop and engineering approval pending",1.5,,,
drop:LC1:L5:light:1:L194,L5 → Path light · wing gable H,LC1,DB1,L5,light,drop,"[""L194""]",9.078,9.078,One modeled mains trunk/branch/local/feeder piece,25,0.0375,25,31.25,,,,,,,,,,,ENGINEERING HOLD,"[{""case_id"": ""S1-230-PF09-45C-4"", ""voltage_v"": 230, ""pf"": 0.9, ""maximum_proxy_current_a"": 0.12077294685990338, ""planning_current_a"": 0.15096618357487923, ""comparison_breaker_a"": 6, ""comparison_area_mm2"": 1.5, ""comparison_conductors"": ""3 copper cores (L/N/PE), assumed single-phase; actual PE and phases pending"", ""corrected_ampacity_a"": 7.702500000000001, ""temperature_grouping_factor"": 0.5135000000000001, ""segment_vdrop_bound_v"": 0.04352615942028985, ""allocated_segment_vdrop_percent"": 1, ""path_vdrop_bound_from_db1_v"": 1.4520084120149526, ""path_vdrop_percent_from_db1"": 0.6313080052238924, ""whole_installation_vdrop_percent"": null, ""status"": ""CONDITIONAL SCREEN ONLY"", ""comparison_path_target_percent"": 3, ""comparison_path_screen"": true}, {""case_id"": ""S2-220-PF08-50C-6"", ""voltage_v"": 220, ""pf"": 0.8, ""maximum_proxy_current_a"": 0.14204545454545456, ""planning_current_a"": 0.17755681818181818, ""comparison_breaker_a"": 6, ""comparison_area_mm2"": 1.5, ""comparison_conductors"": ""3 copper cores (L/N/PE), assumed single-phase; actual PE and phases pending"", ""corrected_ampacity_a"": 6.070499999999999, ""temperature_grouping_factor"": 0.40469999999999995, ""segment_vdrop_bound_v"": 0.05119269886363636, ""allocated_segment_vdrop_percent"": 1, ""path_vdrop_bound_from_db1_v"": 1.058749111493644, ""path_vdrop_percent_from_db1"": 0.48124959613347457, ""whole_installation_vdrop_percent"": null, ""status"": ""CONDITIONAL SCREEN ONLY"", ""comparison_path_target_percent"": 3, ""comparison_path_screen"": true}]","Covered roof-soffit crossing into outer arcade / wing-gable wall, then concealed pier drop. No exposed crossing at equipment height.","[40.575, 9.269999999999989, 7.36]","[40.575, 6.2, 13.13]",11.9858,"Catalogue maximum proxy only; selected products, actual supply, protection, inrush, installation, origin voltage drop and engineering approval pending",1.5,,,
drop:LC1:L5:light:1:L195,L5 → Path light · rear · H,LC1,DB1,L5,light,drop,"[""L195""]",3.792000000000005,3.792000000000005,One modeled mains trunk/branch/local/feeder piece,25,0.0375,25,31.25,,,,,,,,,,,ENGINEERING HOLD,"[{""case_id"": ""S1-230-PF09-45C-4"", ""voltage_v"": 230, ""pf"": 0.9, ""maximum_proxy_current_a"": 0.12077294685990338, ""planning_current_a"": 0.15096618357487923, ""comparison_breaker_a"": 6, ""comparison_area_mm2"": 1.5, ""comparison_conductors"": ""3 copper cores (L/N/PE), assumed single-phase; actual PE and phases pending"", ""corrected_ampacity_a"": 7.702500000000001, ""temperature_grouping_factor"": 0.5135000000000001, ""segment_vdrop_bound_v"": 0.018181449275362343, ""allocated_segment_vdrop_percent"": 1, ""path_vdrop_bound_from_db1_v"": 0.967119449542948, ""path_vdrop_percent_from_db1"": 0.4204867171925861, ""whole_installation_vdrop_percent"": null, ""status"": ""CONDITIONAL SCREEN ONLY"", ""comparison_path_target_percent"": 3, ""comparison_path_screen"": true}, {""case_id"": ""S2-220-PF08-50C-6"", ""voltage_v"": 220, ""pf"": 0.8, ""maximum_proxy_current_a"": 0.14204545454545456, ""planning_current_a"": 0.17755681818181818, ""comparison_breaker_a"": 6, ""comparison_area_mm2"": 1.5, ""comparison_conductors"": ""3 copper cores (L/N/PE), assumed single-phase; actual PE and phases pending"", ""corrected_ampacity_a"": 6.070499999999999, ""temperature_grouping_factor"": 0.40469999999999995, ""segment_vdrop_bound_v"": 0.021383863636363663, ""allocated_segment_vdrop_percent"": 1, ""path_vdrop_bound_from_db1_v"": 0.7035591107726474, ""path_vdrop_percent_from_db1"": 0.31979959580574885, ""whole_installation_vdrop_percent"": null, ""status"": ""CONDITIONAL SCREEN ONLY"", ""comparison_path_target_percent"": 3, ""comparison_path_screen"": true}]",Rear-wall band and local termination; gable / weatherproof entry details pending.,"[53.016, 5.948, 7.36]","[53.2, 5.2, 4.5]",6.171200000000006,"Catalogue maximum proxy only; selected products, actual supply, protection, inrush, installation, origin voltage drop and engineering approval pending",1.5,,,
trunk:LC1:E1:light:-1,E1 · B · circuit trunk,LC1,DB1,E1,light,trunk,"[""L155"", ""L156"", ""L158""]",69.5751303111792,69.5751303111792,One modeled mains trunk/branch/local/feeder piece,9,0.0135,9,11.25,,,,,,,,,,,ENGINEERING HOLD,"[{""case_id"": ""S1-230-PF09-45C-4"", ""voltage_v"": 230, ""pf"": 0.9, ""maximum_proxy_current_a"": 0.043478260869565216, ""planning_current_a"": 0.05434782608695652, ""comparison_breaker_a"": 6, ""comparison_area_mm2"": 1.5, ""comparison_conductors"": ""3 copper cores (L/N/PE), assumed single-phase; actual PE and phases pending"", ""corrected_ampacity_a"": 7.702500000000001, ""temperature_grouping_factor"": 0.5135000000000001, ""segment_vdrop_bound_v"": 0.12009272492842668, ""allocated_segment_vdrop_percent"": 1, ""path_vdrop_bound_from_db1_v"": 0.36814189693514277, ""path_vdrop_percent_from_db1"": 0.1600616943196273, ""whole_installation_vdrop_percent"": null, ""status"": ""CONDITIONAL SCREEN ONLY"", ""comparison_path_target_percent"": 3, ""comparison_path_screen"": true}, {""case_id"": ""S2-220-PF08-50C-6"", ""voltage_v"": 220, ""pf"": 0.8, ""maximum_proxy_current_a"": 0.05113636363636364, ""planning_current_a"": 0.06392045454545454, ""comparison_breaker_a"": 6, ""comparison_area_mm2"": 1.5, ""comparison_conductors"": ""3 copper cores (L/N/PE), assumed single-phase; actual PE and phases pending"", ""corrected_ampacity_a"": 6.070499999999999, ""temperature_grouping_factor"": 0.40469999999999995, ""segment_vdrop_bound_v"": 0.14124542079650182, ""allocated_segment_vdrop_percent"": 1, ""path_vdrop_bound_from_db1_v"": 0.3271550250350581, ""path_vdrop_percent_from_db1"": 0.14870682956139006, ""whole_installation_vdrop_percent"": null, ""status"": ""CONDITIONAL SCREEN ONLY"", ""comparison_path_target_percent"": 3, ""comparison_path_screen"": true}]",Wall bands above openings; concealed finish-matched soffit crossing over the 9–10 wing opening.,"[48.895, 1.85, -0.55]","[2.65, 5.988, -7.36]",78.53264334229712,"Catalogue maximum proxy only; selected products, actual supply, protection, inrush, installation, origin voltage drop and engineering approval pending",1.5,,,
drop:LC1:E1:light:-1:L155,E1 → Exit sign · main doors,LC1,DB1,E1,light,drop,"[""L155""]",10.048858786281436,10.048858786281436,One modeled mains trunk/branch/local/feeder piece,3,0.0045,3,3.75,,,,,,,,,,,ENGINEERING HOLD,"[{""case_id"": ""S1-230-PF09-45C-4"", ""voltage_v"": 230, ""pf"": 0.9, ""maximum_proxy_current_a"": 0.014492753623188406, ""planning_current_a"": 0.018115942028985508, ""comparison_breaker_a"": 6, ""comparison_area_mm2"": 1.5, ""comparison_conductors"": ""3 copper cores (L/N/PE), assumed single-phase; actual PE and phases pending"", ""corrected_ampacity_a"": 7.702500000000001, ""temperature_grouping_factor"": 0.5135000000000001, ""segment_vdrop_bound_v"": 0.0057817346929764195, ""allocated_segment_vdrop_percent"": 1, ""path_vdrop_bound_from_db1_v"": 0.3739236316281192, ""path_vdrop_percent_from_db1"": 0.16257549201222574, ""whole_installation_vdrop_percent"": null, ""status"": ""CONDITIONAL SCREEN ONLY"", ""comparison_path_target_percent"": 3, ""comparison_path_screen"": true}, {""case_id"": ""S2-220-PF08-50C-6"", ""voltage_v"": 220, ""pf"": 0.8, ""maximum_proxy_current_a"": 0.017045454545454544, ""planning_current_a"": 0.02130681818181818, ""comparison_breaker_a"": 6, ""comparison_area_mm2"": 1.5, ""comparison_conductors"": ""3 copper cores (L/N/PE), assumed single-phase; actual PE and phases pending"", ""corrected_ampacity_a"": 6.070499999999999, ""temperature_grouping_factor"": 0.40469999999999995, ""segment_vdrop_bound_v"": 0.006800108417307493, ""allocated_segment_vdrop_percent"": 1, ""path_vdrop_bound_from_db1_v"": 0.3339551334523656, ""path_vdrop_percent_from_db1"": 0.15179778793289345, ""whole_installation_vdrop_percent"": null, ""status"": ""CONDITIONAL SCREEN ONLY"", ""comparison_path_target_percent"": 3, ""comparison_path_screen"": true}]","Concealed entrance wall band, solid pier and local termination.","[2.65, 5.988, -7.36]","[2.65, 6.95, 0]",13.05374466490958,"Catalogue maximum proxy only; selected products, actual supply, protection, inrush, installation, origin voltage drop and engineering approval pending",1.5,,,
drop:LC1:E1:light:-1:L156,E1 → Exit sign · side door 16.7 · B,LC1,DB1,E1,light,drop,"[""L156""]",1.503000000000001,1.503000000000001,One modeled mains trunk/branch/local/feeder piece,3,0.0045,3,3.75,,,,,,,,,,,ENGINEERING HOLD,"[{""case_id"": ""S1-230-PF09-45C-4"", ""voltage_v"": 230, ""pf"": 0.9, ""maximum_proxy_current_a"": 0.014492753623188406, ""planning_current_a"": 0.018115942028985508, ""comparison_breaker_a"": 6, ""comparison_area_mm2"": 1.5, ""comparison_conductors"": ""3 copper cores (L/N/PE), assumed single-phase; actual PE and phases pending"", ""corrected_ampacity_a"": 7.702500000000001, ""temperature_grouping_factor"": 0.5135000000000001, ""segment_vdrop_bound_v"": 0.0008647695652173918, ""allocated_segment_vdrop_percent"": 1, ""path_vdrop_bound_from_db1_v"": 0.34471199258731666, ""path_vdrop_percent_from_db1"": 0.14987477938578986, ""whole_installation_vdrop_percent"": null, ""status"": ""CONDITIONAL SCREEN ONLY"", ""comparison_path_target_percent"": 3, ""comparison_path_screen"": true}, {""case_id"": ""S2-220-PF08-50C-6"", ""voltage_v"": 220, ""pf"": 0.8, ""maximum_proxy_current_a"": 0.017045454545454544, ""planning_current_a"": 0.02130681818181818, ""comparison_breaker_a"": 6, ""comparison_area_mm2"": 1.5, ""comparison_conductors"": ""3 copper cores (L/N/PE), assumed single-phase; actual PE and phases pending"", ""corrected_ampacity_a"": 6.070499999999999, ""temperature_grouping_factor"": 0.40469999999999995, ""segment_vdrop_bound_v"": 0.0010170869318181822, ""allocated_segment_vdrop_percent"": 1, ""path_vdrop_bound_from_db1_v"": 0.29959826253505817, ""path_vdrop_percent_from_db1"": 0.13618102842502644, ""whole_installation_vdrop_percent"": null, ""status"": ""CONDITIONAL SCREEN ONLY"", ""comparison_path_target_percent"": 3, ""comparison_path_screen"": true}]",Concealed solid-pier / wall drop and local termination.,"[16.725, 5.988, -7.36]","[16.725, 4.6, -7.245]",3.6533000000000015,"Catalogue maximum proxy only; selected products, actual supply, protection, inrush, installation, origin voltage drop and engineering approval pending",1.5,,,
drop:LC1:E1:light:-1:L158,E1 → Exit sign · side door 34.7 · B,LC1,DB1,E1,light,drop,"[""L158""]",1.503000000000001,1.503000000000001,One modeled mains trunk/branch/local/feeder piece,3,0.0045,3,3.75,,,,,,,,,,,ENGINEERING HOLD,"[{""case_id"": ""S1-230-PF09-45C-4"", ""voltage_v"": 230, ""pf"": 0.9, ""maximum_proxy_current_a"": 0.014492753623188406, ""planning_current_a"": 0.018115942028985508, ""comparison_breaker_a"": 6, ""comparison_area_mm2"": 1.5, ""comparison_conductors"": ""3 copper cores (L/N/PE), assumed single-phase; actual PE and phases pending"", ""corrected_ampacity_a"": 7.702500000000001, ""temperature_grouping_factor"": 0.5135000000000001, ""segment_vdrop_bound_v"": 0.0008647695652173918, ""allocated_segment_vdrop_percent"": 1, ""path_vdrop_bound_from_db1_v"": 0.31364242736992537, ""path_vdrop_percent_from_db1"": 0.13636627276953278, ""whole_installation_vdrop_percent"": null, ""status"": ""CONDITIONAL SCREEN ONLY"", ""comparison_path_target_percent"": 3, ""comparison_path_screen"": true}, {""case_id"": ""S2-220-PF08-50C-6"", ""voltage_v"": 220, ""pf"": 0.8, ""maximum_proxy_current_a"": 0.017045454545454544, ""planning_current_a"": 0.02130681818181818, ""comparison_breaker_a"": 6, ""comparison_area_mm2"": 1.5, ""comparison_conductors"": ""3 copper cores (L/N/PE), assumed single-phase; actual PE and phases pending"", ""corrected_ampacity_a"": 6.070499999999999, ""temperature_grouping_factor"": 0.40469999999999995, ""segment_vdrop_bound_v"": 0.0010170869318181822, ""allocated_segment_vdrop_percent"": 1, ""path_vdrop_bound_from_db1_v"": 0.2630562170805127, ""path_vdrop_percent_from_db1"": 0.1195710077638694, ""whole_installation_vdrop_percent"": null, ""status"": ""CONDITIONAL SCREEN ONLY"", ""comparison_path_target_percent"": 3, ""comparison_path_screen"": true}]",Concealed solid-pier / wall drop and local termination.,"[34.725, 5.988, -7.36]","[34.725, 4.6, -7.245]",3.6533000000000015,"Catalogue maximum proxy only; selected products, actual supply, protection, inrush, installation, origin voltage drop and engineering approval pending",1.5,,,
trunk:LC1:E1:light:1,E1 · H · circuit trunk,LC1,DB1,E1,light,trunk,"[""L157"", ""L159""]",62.10013031117919,62.10013031117919,One modeled mains trunk/branch/local/feeder piece,6,0.009,6,7.5,,,,,,,,,,,ENGINEERING HOLD,"[{""case_id"": ""S1-230-PF09-45C-4"", ""voltage_v"": 230, ""pf"": 0.9, ""maximum_proxy_current_a"": 0.028985507246376812, ""planning_current_a"": 0.036231884057971016, ""comparison_breaker_a"": 6, ""comparison_area_mm2"": 1.5, ""comparison_conductors"": ""3 copper cores (L/N/PE), assumed single-phase; actual PE and phases pending"", ""corrected_ampacity_a"": 7.702500000000001, ""temperature_grouping_factor"": 0.5135000000000001, ""segment_vdrop_bound_v"": 0.07146014995228446, ""allocated_segment_vdrop_percent"": 1, ""path_vdrop_bound_from_db1_v"": 0.31950932195900056, ""path_vdrop_percent_from_db1"": 0.1389170965039133, ""whole_installation_vdrop_percent"": null, ""status"": ""CONDITIONAL SCREEN ONLY"", ""comparison_path_target_percent"": 3, ""comparison_path_screen"": true}, {""case_id"": ""S2-220-PF08-50C-6"", ""voltage_v"": 220, ""pf"": 0.8, ""maximum_proxy_current_a"": 0.03409090909090909, ""planning_current_a"": 0.04261363636363636, ""comparison_breaker_a"": 6, ""comparison_area_mm2"": 1.5, ""comparison_conductors"": ""3 copper cores (L/N/PE), assumed single-phase; actual PE and phases pending"", ""corrected_ampacity_a"": 6.070499999999999, ""temperature_grouping_factor"": 0.40469999999999995, ""segment_vdrop_bound_v"": 0.08404688090978911, ""allocated_segment_vdrop_percent"": 1, ""path_vdrop_bound_from_db1_v"": 0.2699564851483454, ""path_vdrop_percent_from_db1"": 0.12270749324924791, ""whole_installation_vdrop_percent"": null, ""status"": ""CONDITIONAL SCREEN ONLY"", ""comparison_path_target_percent"": 3, ""comparison_path_screen"": true}]",Wall bands above openings; concealed finish-matched soffit crossing over the 9–10 wing opening.,"[48.895, 1.85, -0.55]","[16.725, 5.988, 7.36]",70.31014334229712,"Catalogue maximum proxy only; selected products, actual supply, protection, inrush, installation, origin voltage drop and engineering approval pending",1.5,,,
drop:LC1:E1:light:1:L157,E1 → Exit sign · side door 16.7 · H,LC1,DB1,E1,light,drop,"[""L157""]",1.503000000000001,1.503000000000001,One modeled mains trunk/branch/local/feeder piece,3,0.0045,3,3.75,,,,,,,,,,,ENGINEERING HOLD,"[{""case_id"": ""S1-230-PF09-45C-4"", ""voltage_v"": 230, ""pf"": 0.9, ""maximum_proxy_current_a"": 0.014492753623188406, ""planning_current_a"": 0.018115942028985508, ""comparison_breaker_a"": 6, ""comparison_area_mm2"": 1.5, ""comparison_conductors"": ""3 copper cores (L/N/PE), assumed single-phase; actual PE and phases pending"", ""corrected_ampacity_a"": 7.702500000000001, ""temperature_grouping_factor"": 0.5135000000000001, ""segment_vdrop_bound_v"": 0.0008647695652173918, ""allocated_segment_vdrop_percent"": 1, ""path_vdrop_bound_from_db1_v"": 0.3203740915242179, ""path_vdrop_percent_from_db1"": 0.1392930832713991, ""whole_installation_vdrop_percent"": null, ""status"": ""CONDITIONAL SCREEN ONLY"", ""comparison_path_target_percent"": 3, ""comparison_path_screen"": true}, {""case_id"": ""S2-220-PF08-50C-6"", ""voltage_v"": 220, ""pf"": 0.8, ""maximum_proxy_current_a"": 0.017045454545454544, ""planning_current_a"": 0.02130681818181818, ""comparison_breaker_a"": 6, ""comparison_area_mm2"": 1.5, ""comparison_conductors"": ""3 copper cores (L/N/PE), assumed single-phase; actual PE and phases pending"", ""corrected_ampacity_a"": 6.070499999999999, ""temperature_grouping_factor"": 0.40469999999999995, ""segment_vdrop_bound_v"": 0.0010170869318181822, ""allocated_segment_vdrop_percent"": 1, ""path_vdrop_bound_from_db1_v"": 0.2709735720801636, ""path_vdrop_percent_from_db1"": 0.12316980549098344, ""whole_installation_vdrop_percent"": null, ""status"": ""CONDITIONAL SCREEN ONLY"", ""comparison_path_target_percent"": 3, ""comparison_path_screen"": true}]",Concealed solid-pier / wall drop and local termination.,"[16.725, 5.988, 7.36]","[16.725, 4.6, 7.245]",3.6533000000000015,"Catalogue maximum proxy only; selected products, actual supply, protection, inrush, installation, origin voltage drop and engineering approval pending",1.5,,,
drop:LC1:E1:light:1:L159,E1 → Exit sign · side door 34.7 · H,LC1,DB1,E1,light,drop,"[""L159""]",1.503000000000001,1.503000000000001,One modeled mains trunk/branch/local/feeder piece,3,0.0045,3,3.75,,,,,,,,,,,ENGINEERING HOLD,"[{""case_id"": ""S1-230-PF09-45C-4"", ""voltage_v"": 230, ""pf"": 0.9, ""maximum_proxy_current_a"": 0.014492753623188406, ""planning_current_a"": 0.018115942028985508, ""comparison_breaker_a"": 6, ""comparison_area_mm2"": 1.5, ""comparison_conductors"": ""3 copper cores (L/N/PE), assumed single-phase; actual PE and phases pending"", ""corrected_ampacity_a"": 7.702500000000001, ""temperature_grouping_factor"": 0.5135000000000001, ""segment_vdrop_bound_v"": 0.0008647695652173918, ""allocated_segment_vdrop_percent"": 1, ""path_vdrop_bound_from_db1_v"": 0.29966104804595706, ""path_vdrop_percent_from_db1"": 0.13028741219389436, ""whole_installation_vdrop_percent"": null, ""status"": ""CONDITIONAL SCREEN ONLY"", ""comparison_path_target_percent"": 3, ""comparison_path_screen"": true}, {""case_id"": ""S2-220-PF08-50C-6"", ""voltage_v"": 220, ""pf"": 0.8, ""maximum_proxy_current_a"": 0.017045454545454544, ""planning_current_a"": 0.02130681818181818, ""comparison_breaker_a"": 6, ""comparison_area_mm2"": 1.5, ""comparison_conductors"": ""3 copper cores (L/N/PE), assumed single-phase; actual PE and phases pending"", ""corrected_ampacity_a"": 6.070499999999999, ""temperature_grouping_factor"": 0.40469999999999995, ""segment_vdrop_bound_v"": 0.0010170869318181822, ""allocated_segment_vdrop_percent"": 1, ""path_vdrop_bound_from_db1_v"": 0.24661220844379997, ""path_vdrop_percent_from_db1"": 0.11209645838354544, ""whole_installation_vdrop_percent"": null, ""status"": ""CONDITIONAL SCREEN ONLY"", ""comparison_path_target_percent"": 3, ""comparison_path_screen"": true}]",Concealed solid-pier / wall drop and local termination.,"[34.725, 5.988, 7.36]","[34.725, 4.6, 7.245]",3.6533000000000015,"Catalogue maximum proxy only; selected products, actual supply, protection, inrush, installation, origin voltage drop and engineering approval pending",1.5,,,
trunk:DB2:L6:light:-1,L6 · B · circuit trunk,DB2,DB2,L6,light,trunk,"[""L160"", ""L161"", ""L162"", ""L163"", ""L164"", ""L165"", ""L166"", ""L167"", ""L168"", ""L169"", ""L170"", ""L222"", ""L223""]",12.975999999999999,12.975999999999999,One modeled mains trunk/branch/local/feeder piece,459.44444444444446,0.6891666666666667,459.44444444444446,574.3055555555555,,,,,,,,,,,ENGINEERING HOLD,"[{""case_id"": ""S1-230-PF09-45C-4"", ""voltage_v"": 230, ""pf"": 0.9, ""maximum_proxy_current_a"": 2.219538378958669, ""planning_current_a"": 2.774422973698336, ""comparison_breaker_a"": 6, ""comparison_area_mm2"": 1.5, ""comparison_conductors"": ""3 copper cores (L/N/PE), assumed single-phase; actual PE and phases pending"", ""corrected_ampacity_a"": 7.702500000000001, ""temperature_grouping_factor"": 0.5135000000000001, ""segment_vdrop_bound_v"": 1.143388981213097, ""allocated_segment_vdrop_percent"": 1, ""path_vdrop_bound_from_db1_v"": 3.125737175960463, ""path_vdrop_percent_from_db1"": 1.359016163461071, ""whole_installation_vdrop_percent"": null, ""status"": ""CONDITIONAL SCREEN ONLY"", ""comparison_path_target_percent"": 3, ""comparison_path_screen"": true}, {""case_id"": ""S2-220-PF08-50C-6"", ""voltage_v"": 220, ""pf"": 0.8, ""maximum_proxy_current_a"": 2.610479797979798, ""planning_current_a"": 3.2630997474747474, ""comparison_breaker_a"": 10, ""comparison_area_mm2"": 4, ""comparison_conductors"": ""3 copper cores (L/N/PE), assumed single-phase; actual PE and phases pending"", ""corrected_ampacity_a"": 10.926899999999998, ""temperature_grouping_factor"": 0.40469999999999995, ""segment_vdrop_bound_v"": 0.5085272077020202, ""allocated_segment_vdrop_percent"": 1, ""path_vdrop_bound_from_db1_v"": 2.214489990657283, ""path_vdrop_percent_from_db1"": 1.006586359389674, ""whole_installation_vdrop_percent"": null, ""status"": ""CONDITIONAL SCREEN ONLY"", ""comparison_path_target_percent"": 3, ""comparison_path_screen"": true}]",Wall bands above openings; concealed finish-matched soffit crossing over the 9–10 wing opening.,"[2.73, 1.5, -3.3]","[3.0500000000000003, 5.964, -7.36]",16.273600000000002,"Catalogue maximum proxy only; selected products, actual supply, protection, inrush, installation, origin voltage drop and engineering approval pending",4,,,
drop:DB2:L6:light:-1:L160,L6 → Tower lower front wash · B,DB2,DB2,L6,light,drop,"[""L160""]",11.603999999999997,11.603999999999997,One modeled mains trunk/branch/local/feeder piece,27.22222222222222,0.040833333333333326,27.22222222222222,34.02777777777778,,,,,,,,,,,ENGINEERING HOLD,"[{""case_id"": ""S1-230-PF09-45C-4"", ""voltage_v"": 230, ""pf"": 0.9, ""maximum_proxy_current_a"": 0.13150831991411702, ""planning_current_a"": 0.16438539989264628, ""comparison_breaker_a"": 6, ""comparison_area_mm2"": 1.5, ""comparison_conductors"": ""3 copper cores (L/N/PE), assumed single-phase; actual PE and phases pending"", ""corrected_ampacity_a"": 7.702500000000001, ""temperature_grouping_factor"": 0.5135000000000001, ""segment_vdrop_bound_v"": 0.060583095008051514, ""allocated_segment_vdrop_percent"": 1, ""path_vdrop_bound_from_db1_v"": 3.1246392994172534, ""path_vdrop_percent_from_db1"": 1.3585388258335884, ""whole_installation_vdrop_percent"": null, ""status"": ""CONDITIONAL SCREEN ONLY"", ""comparison_path_target_percent"": 3, ""comparison_path_screen"": true}, {""case_id"": ""S2-220-PF08-50C-6"", ""voltage_v"": 220, ""pf"": 0.8, ""maximum_proxy_current_a"": 0.15467171717171715, ""planning_current_a"": 0.19333964646464646, ""comparison_breaker_a"": 10, ""comparison_area_mm2"": 4, ""comparison_conductors"": ""3 copper cores (L/N/PE), assumed single-phase; actual PE and phases pending"", ""corrected_ampacity_a"": 10.926899999999998, ""temperature_grouping_factor"": 0.40469999999999995, ""segment_vdrop_bound_v"": 0.02694459422348484, ""allocated_segment_vdrop_percent"": 1, ""path_vdrop_bound_from_db1_v"": 2.214001705303747, ""path_vdrop_percent_from_db1"": 1.0063644115017032, ""whole_installation_vdrop_percent"": null, ""status"": ""CONDITIONAL SCREEN ONLY"", ""comparison_path_target_percent"": 3, ""comparison_path_screen"": true}]","Solid tower corner/piers, stepped behind cornices; local ledge/fitting connection. No riser through louver openings; chase/finish and weathering details pending.","[2.35, 5.964, -7.36]","[-0.125, 8.4, -10.853]",14.764399999999998,"Catalogue maximum proxy only; selected products, actual supply, protection, inrush, installation, origin voltage drop and engineering approval pending",4,,,
drop:DB2:L6:light:-1:L161,L6 → Tower stage 2 flood · B,DB2,DB2,L6,light,drop,"[""L161""]",12.303999999999997,12.303999999999997,One modeled mains trunk/branch/local/feeder piece,54.44444444444444,0.08166666666666665,54.44444444444444,68.05555555555556,,,,,,,,,,,ENGINEERING HOLD,"[{""case_id"": ""S1-230-PF09-45C-4"", ""voltage_v"": 230, ""pf"": 0.9, ""maximum_proxy_current_a"": 0.26301663982823403, ""planning_current_a"": 0.32877079978529256, ""comparison_breaker_a"": 6, ""comparison_area_mm2"": 1.5, ""comparison_conductors"": ""3 copper cores (L/N/PE), assumed single-phase; actual PE and phases pending"", ""corrected_ampacity_a"": 7.702500000000001, ""temperature_grouping_factor"": 0.5135000000000001, ""segment_vdrop_bound_v"": 0.12847542243692964, ""allocated_segment_vdrop_percent"": 1, ""path_vdrop_bound_from_db1_v"": 3.1925316268461312, ""path_vdrop_percent_from_db1"": 1.3880572290635353, ""whole_installation_vdrop_percent"": null, ""status"": ""CONDITIONAL SCREEN ONLY"", ""comparison_path_target_percent"": 3, ""comparison_path_screen"": true}, {""case_id"": ""S2-220-PF08-50C-6"", ""voltage_v"": 220, ""pf"": 0.8, ""maximum_proxy_current_a"": 0.3093434343434343, ""planning_current_a"": 0.38667929292929293, ""comparison_breaker_a"": 10, ""comparison_area_mm2"": 4, ""comparison_conductors"": ""3 copper cores (L/N/PE), assumed single-phase; actual PE and phases pending"", ""corrected_ampacity_a"": 10.926899999999998, ""temperature_grouping_factor"": 0.40469999999999995, ""segment_vdrop_bound_v"": 0.05714000126262624, ""allocated_segment_vdrop_percent"": 1, ""path_vdrop_bound_from_db1_v"": 2.2441971123428885, ""path_vdrop_percent_from_db1"": 1.0200895965194947, ""whole_installation_vdrop_percent"": null, ""status"": ""CONDITIONAL SCREEN ONLY"", ""comparison_path_target_percent"": 3, ""comparison_path_screen"": true}]","Solid tower corner/piers, stepped behind cornices; local ledge/fitting connection. No riser through louver openings; chase/finish and weathering details pending.","[2.35, 5.964, -7.36]","[-0.125, 8.4, -10.153]",15.534399999999998,"Catalogue maximum proxy only; selected products, actual supply, protection, inrush, installation, origin voltage drop and engineering approval pending",4,,,
drop:DB2:L6:light:-1:L162,L6 → Tower stage 3 flood · B,DB2,DB2,L6,light,drop,"[""L162""]",19.894,19.894,One modeled mains trunk/branch/local/feeder piece,46.666666666666664,0.07,46.666666666666664,58.33333333333333,,,,,,,,,,,ENGINEERING HOLD,"[{""case_id"": ""S1-230-PF09-45C-4"", ""voltage_v"": 230, ""pf"": 0.9, ""maximum_proxy_current_a"": 0.22544283413848631, ""planning_current_a"": 0.28180354267310787, ""comparison_breaker_a"": 6, ""comparison_area_mm2"": 1.5, ""comparison_conductors"": ""3 copper cores (L/N/PE), assumed single-phase; actual PE and phases pending"", ""corrected_ampacity_a"": 7.702500000000001, ""temperature_grouping_factor"": 0.5135000000000001, ""segment_vdrop_bound_v"": 0.1780529017713365, ""allocated_segment_vdrop_percent"": 1, ""path_vdrop_bound_from_db1_v"": 3.2421091061805383, ""path_vdrop_percent_from_db1"": 1.4096126548611037, ""whole_installation_vdrop_percent"": null, ""status"": ""CONDITIONAL SCREEN ONLY"", ""comparison_path_target_percent"": 3, ""comparison_path_screen"": true}, {""case_id"": ""S2-220-PF08-50C-6"", ""voltage_v"": 220, ""pf"": 0.8, ""maximum_proxy_current_a"": 0.26515151515151514, ""planning_current_a"": 0.3314393939393939, ""comparison_breaker_a"": 10, ""comparison_area_mm2"": 4, ""comparison_conductors"": ""3 copper cores (L/N/PE), assumed single-phase; actual PE and phases pending"", ""corrected_ampacity_a"": 10.926899999999998, ""temperature_grouping_factor"": 0.40469999999999995, ""segment_vdrop_bound_v"": 0.07918980018939394, ""allocated_segment_vdrop_percent"": 1, ""path_vdrop_bound_from_db1_v"": 2.2662469112696564, ""path_vdrop_percent_from_db1"": 1.0301122323952985, ""whole_installation_vdrop_percent"": null, ""status"": ""CONDITIONAL SCREEN ONLY"", ""comparison_path_target_percent"": 3, ""comparison_path_screen"": true}]","Solid tower corner/piers, stepped behind cornices; local ledge/fitting connection. No riser through louver openings; chase/finish and weathering details pending.","[2.35, 5.964, -7.36]","[-0.035, 15.88, -10.153]",23.883399999999998,"Catalogue maximum proxy only; selected products, actual supply, protection, inrush, installation, origin voltage drop and engineering approval pending",4,,,
drop:DB2:L6:light:-1:L163,L6 → Belfry front wash · B,DB2,DB2,L6,light,drop,"[""L163""]",27.684,27.684,One modeled mains trunk/branch/local/feeder piece,35,0.0525,35,43.75,,,,,,,,,,,ENGINEERING HOLD,"[{""case_id"": ""S1-230-PF09-45C-4"", ""voltage_v"": 230, ""pf"": 0.9, ""maximum_proxy_current_a"": 0.16908212560386474, ""planning_current_a"": 0.2113526570048309, ""comparison_breaker_a"": 6, ""comparison_area_mm2"": 1.5, ""comparison_conductors"": ""3 copper cores (L/N/PE), assumed single-phase; actual PE and phases pending"", ""corrected_ampacity_a"": 7.702500000000001, ""temperature_grouping_factor"": 0.5135000000000001, ""segment_vdrop_bound_v"": 0.18583052173913042, ""allocated_segment_vdrop_percent"": 1, ""path_vdrop_bound_from_db1_v"": 3.249886726148332, ""path_vdrop_percent_from_db1"": 1.4129942287601445, ""whole_installation_vdrop_percent"": null, ""status"": ""CONDITIONAL SCREEN ONLY"", ""comparison_path_target_percent"": 3, ""comparison_path_screen"": true}, {""case_id"": ""S2-220-PF08-50C-6"", ""voltage_v"": 220, ""pf"": 0.8, ""maximum_proxy_current_a"": 0.19886363636363635, ""planning_current_a"": 0.24857954545454544, ""comparison_breaker_a"": 10, ""comparison_area_mm2"": 4, ""comparison_conductors"": ""3 copper cores (L/N/PE), assumed single-phase; actual PE and phases pending"", ""corrected_ampacity_a"": 10.926899999999998, ""temperature_grouping_factor"": 0.40469999999999995, ""segment_vdrop_bound_v"": 0.08264893039772726, ""allocated_segment_vdrop_percent"": 1, ""path_vdrop_bound_from_db1_v"": 2.2697060414779897, ""path_vdrop_percent_from_db1"": 1.0316845643081771, ""whole_installation_vdrop_percent"": null, ""status"": ""CONDITIONAL SCREEN ONLY"", ""comparison_path_target_percent"": 3, ""comparison_path_screen"": true}]","Solid tower corner/piers, stepped behind cornices; local ledge/fitting connection. No riser through louver openings; chase/finish and weathering details pending.","[2.35, 5.964, -7.36]","[0.065, 23.2, -10.153]",32.452400000000004,"Catalogue maximum proxy only; selected products, actual supply, protection, inrush, installation, origin voltage drop and engineering approval pending",4,,,
drop:DB2:L6:light:-1:L164,L6 → Dome front wash · B,DB2,DB2,L6,light,drop,"[""L164""]",33.459,33.459,One modeled mains trunk/branch/local/feeder piece,19.444444444444443,0.029166666666666664,19.444444444444443,24.305555555555554,,,,,,,,,,,ENGINEERING HOLD,"[{""case_id"": ""S1-230-PF09-45C-4"", ""voltage_v"": 230, ""pf"": 0.9, ""maximum_proxy_current_a"": 0.09393451422436928, ""planning_current_a"": 0.11741814278046162, ""comparison_breaker_a"": 6, ""comparison_area_mm2"": 1.5, ""comparison_conductors"": ""3 copper cores (L/N/PE), assumed single-phase; actual PE and phases pending"", ""corrected_ampacity_a"": 7.702500000000001, ""temperature_grouping_factor"": 0.5135000000000001, ""segment_vdrop_bound_v"": 0.12477530998389695, ""allocated_segment_vdrop_percent"": 1, ""path_vdrop_bound_from_db1_v"": 3.1888315143930988, ""path_vdrop_percent_from_db1"": 1.3864484845187386, ""whole_installation_vdrop_percent"": null, ""status"": ""CONDITIONAL SCREEN ONLY"", ""comparison_path_target_percent"": 3, ""comparison_path_screen"": true}, {""case_id"": ""S2-220-PF08-50C-6"", ""voltage_v"": 220, ""pf"": 0.8, ""maximum_proxy_current_a"": 0.11047979797979797, ""planning_current_a"": 0.13809974747474746, ""comparison_breaker_a"": 10, ""comparison_area_mm2"": 4, ""comparison_conductors"": ""3 copper cores (L/N/PE), assumed single-phase; actual PE and phases pending"", ""corrected_ampacity_a"": 10.926899999999998, ""temperature_grouping_factor"": 0.40469999999999995, ""segment_vdrop_bound_v"": 0.055494360203598485, ""allocated_segment_vdrop_percent"": 1, ""path_vdrop_bound_from_db1_v"": 2.242551471283861, ""path_vdrop_percent_from_db1"": 1.0193415778563004, ""whole_installation_vdrop_percent"": null, ""status"": ""CONDITIONAL SCREEN ONLY"", ""comparison_path_target_percent"": 3, ""comparison_path_screen"": true}]","Tower pier to proposed service space behind removable cornice finish, then local fitting lead. Cornice cavity, access, weathering and cable-entry details remain unresolved.","[2.35, 5.964, -7.36]","[0.35, 29.26, -10.153]",38.8049,"Catalogue maximum proxy only; selected products, actual supply, protection, inrush, installation, origin voltage drop and engineering approval pending",4,,,
drop:DB2:L6:light:-1:L165,L6 → Belfry glow · B,DB2,DB2,L6,light,drop,"[""L165""]",29.39196299545017,29.39196299545017,One modeled mains trunk/branch/local/feeder piece,20,0.03,20,25.0,,,,,,,,,,,ENGINEERING HOLD,"[{""case_id"": ""S1-230-PF09-45C-4"", ""voltage_v"": 230, ""pf"": 0.9, ""maximum_proxy_current_a"": 0.0966183574879227, ""planning_current_a"": 0.12077294685990338, ""comparison_breaker_a"": 6, ""comparison_area_mm2"": 1.5, ""comparison_conductors"": ""3 copper cores (L/N/PE), assumed single-phase; actual PE and phases pending"", ""corrected_ampacity_a"": 7.702500000000001, ""temperature_grouping_factor"": 0.5135000000000001, ""segment_vdrop_bound_v"": 0.11274018656225814, ""allocated_segment_vdrop_percent"": 1, ""path_vdrop_bound_from_db1_v"": 3.1856079583359254, ""path_vdrop_percent_from_db1"": 1.385046938406924, ""whole_installation_vdrop_percent"": null, ""status"": ""CONDITIONAL SCREEN ONLY"", ""comparison_path_target_percent"": 3, ""comparison_path_screen"": true}, {""case_id"": ""S2-220-PF08-50C-6"", ""voltage_v"": 220, ""pf"": 0.8, ""maximum_proxy_current_a"": 0.11363636363636363, ""planning_current_a"": 0.14204545454545456, ""comparison_breaker_a"": 10, ""comparison_area_mm2"": 4, ""comparison_conductors"": ""3 copper cores (L/N/PE), assumed single-phase; actual PE and phases pending"", ""corrected_ampacity_a"": 10.926899999999998, ""temperature_grouping_factor"": 0.40469999999999995, ""segment_vdrop_bound_v"": 0.050141686871499516, ""allocated_segment_vdrop_percent"": 1, ""path_vdrop_bound_from_db1_v"": 2.2411177807484792, ""path_vdrop_percent_from_db1"": 1.018689900340218, ""whole_installation_vdrop_percent"": null, ""status"": ""CONDITIONAL SCREEN ONLY"", ""comparison_path_target_percent"": 3, ""comparison_path_screen"": true}]","Tower pier to proposed service space behind removable cornice finish, then local fitting lead. Cornice cavity, access, weathering and cable-entry details remain unresolved.","[2.45, 5.964, -7.36]","[2.45, 23.2, -10.153]",34.33115929499519,"Catalogue maximum proxy only; selected products, actual supply, protection, inrush, installation, origin voltage drop and engineering approval pending",4,,,
drop:DB2:L6:light:-1:L166,L6 → Tower lower side wash · B,DB2,DB2,L6,light,drop,"[""L166""]",13.603539920133219,13.603539920133219,One modeled mains trunk/branch/local/feeder piece,19.444444444444443,0.029166666666666664,19.444444444444443,24.305555555555554,,,,,,,,,,,ENGINEERING HOLD,"[{""case_id"": ""S1-230-PF09-45C-4"", ""voltage_v"": 230, ""pf"": 0.9, ""maximum_proxy_current_a"": 0.09393451422436928, ""planning_current_a"": 0.11741814278046162, ""comparison_breaker_a"": 6, ""comparison_area_mm2"": 1.5, ""comparison_conductors"": ""3 copper cores (L/N/PE), assumed single-phase; actual PE and phases pending"", ""corrected_ampacity_a"": 7.702500000000001, ""temperature_grouping_factor"": 0.5135000000000001, ""segment_vdrop_bound_v"": 0.050730323990942315, ""allocated_segment_vdrop_percent"": 1, ""path_vdrop_bound_from_db1_v"": 3.1764674999514053, ""path_vdrop_percent_from_db1"": 1.3810728260658283, ""whole_installation_vdrop_percent"": null, ""status"": ""CONDITIONAL SCREEN ONLY"", ""comparison_path_target_percent"": 3, ""comparison_path_screen"": true}, {""case_id"": ""S2-220-PF08-50C-6"", ""voltage_v"": 220, ""pf"": 0.8, ""maximum_proxy_current_a"": 0.11047979797979797, ""planning_current_a"": 0.13809974747474746, ""comparison_breaker_a"": 10, ""comparison_area_mm2"": 4, ""comparison_conductors"": ""3 copper cores (L/N/PE), assumed single-phase; actual PE and phases pending"", ""corrected_ampacity_a"": 10.926899999999998, ""temperature_grouping_factor"": 0.40469999999999995, ""segment_vdrop_bound_v"": 0.022562531587073855, ""allocated_segment_vdrop_percent"": 1, ""path_vdrop_bound_from_db1_v"": 2.2370525222443565, ""path_vdrop_percent_from_db1"": 1.0168420555656166, ""whole_installation_vdrop_percent"": null, ""status"": ""CONDITIONAL SCREEN ONLY"", ""comparison_path_target_percent"": 3, ""comparison_path_screen"": true}]","Solid tower corner/piers, stepped behind cornices; local ledge/fitting connection. No riser through louver openings; chase/finish and weathering details pending.","[3.0500000000000003, 5.964, -7.36]","[3.0500000000000003, 8.4, -12.738]",16.963893912146542,"Catalogue maximum proxy only; selected products, actual supply, protection, inrush, installation, origin voltage drop and engineering approval pending",4,,,
drop:DB2:L6:light:-1:L167,L6 → Tower stage 2 side wash · B,DB2,DB2,L6,light,drop,"[""L167""]",12.866962995450166,12.866962995450166,One modeled mains trunk/branch/local/feeder piece,38.888888888888886,0.05833333333333333,38.888888888888886,48.61111111111111,,,,,,,,,,,ENGINEERING HOLD,"[{""case_id"": ""S1-230-PF09-45C-4"", ""voltage_v"": 230, ""pf"": 0.9, ""maximum_proxy_current_a"": 0.18786902844873857, ""planning_current_a"": 0.23483628556092323, ""comparison_breaker_a"": 6, ""comparison_area_mm2"": 1.5, ""comparison_conductors"": ""3 copper cores (L/N/PE), assumed single-phase; actual PE and phases pending"", ""corrected_ampacity_a"": 7.702500000000001, ""temperature_grouping_factor"": 0.5135000000000001, ""segment_vdrop_bound_v"": 0.09596696233053141, ""allocated_segment_vdrop_percent"": 1, ""path_vdrop_bound_from_db1_v"": 3.1688347341041987, ""path_vdrop_percent_from_db1"": 1.377754232219217, ""whole_installation_vdrop_percent"": null, ""status"": ""CONDITIONAL SCREEN ONLY"", ""comparison_path_target_percent"": 3, ""comparison_path_screen"": true}, {""case_id"": ""S2-220-PF08-50C-6"", ""voltage_v"": 220, ""pf"": 0.8, ""maximum_proxy_current_a"": 0.22095959595959594, ""planning_current_a"": 0.2761994949494949, ""comparison_breaker_a"": 10, ""comparison_area_mm2"": 4, ""comparison_conductors"": ""3 copper cores (L/N/PE), assumed single-phase; actual PE and phases pending"", ""corrected_ampacity_a"": 10.926899999999998, ""temperature_grouping_factor"": 0.40469999999999995, ""segment_vdrop_bound_v"": 0.04268172265733488, ""allocated_segment_vdrop_percent"": 1, ""path_vdrop_bound_from_db1_v"": 2.2336578165343144, ""path_vdrop_percent_from_db1"": 1.0152990075155974, ""whole_installation_vdrop_percent"": null, ""status"": ""CONDITIONAL SCREEN ONLY"", ""comparison_path_target_percent"": 3, ""comparison_path_screen"": true}]","Solid tower corner/piers, stepped behind cornices; local ledge/fitting connection. No riser through louver openings; chase/finish and weathering details pending.","[2.45, 5.964, -7.36]","[2.45, 8.4, -12.738]",16.153659294995183,"Catalogue maximum proxy only; selected products, actual supply, protection, inrush, installation, origin voltage drop and engineering approval pending",4,,,
drop:DB2:L6:light:-1:L168,L6 → Tower stage 3 side wash · B,DB2,DB2,L6,light,drop,"[""L168""]",20.42196299545017,20.42196299545017,One modeled mains trunk/branch/local/feeder piece,31.11111111111111,0.04666666666666666,31.11111111111111,38.888888888888886,,,,,,,,,,,ENGINEERING HOLD,"[{""case_id"": ""S1-230-PF09-45C-4"", ""voltage_v"": 230, ""pf"": 0.9, ""maximum_proxy_current_a"": 0.15029522275899088, ""planning_current_a"": 0.18786902844873857, ""comparison_breaker_a"": 6, ""comparison_area_mm2"": 1.5, ""comparison_conductors"": ""3 copper cores (L/N/PE), assumed single-phase; actual PE and phases pending"", ""corrected_ampacity_a"": 7.702500000000001, ""temperature_grouping_factor"": 0.5135000000000001, ""segment_vdrop_bound_v"": 0.12185214205980893, ""allocated_segment_vdrop_percent"": 1, ""path_vdrop_bound_from_db1_v"": 3.1947199138334765, ""path_vdrop_percent_from_db1"": 1.389008658188468, ""whole_installation_vdrop_percent"": null, ""status"": ""CONDITIONAL SCREEN ONLY"", ""comparison_path_target_percent"": 3, ""comparison_path_screen"": true}, {""case_id"": ""S2-220-PF08-50C-6"", ""voltage_v"": 220, ""pf"": 0.8, ""maximum_proxy_current_a"": 0.17676767676767677, ""planning_current_a"": 0.22095959595959594, ""comparison_breaker_a"": 10, ""comparison_area_mm2"": 4, ""comparison_conductors"": ""3 copper cores (L/N/PE), assumed single-phase; actual PE and phases pending"", ""corrected_ampacity_a"": 10.926899999999998, ""temperature_grouping_factor"": 0.40469999999999995, ""segment_vdrop_bound_v"": 0.054194268593039635, ""allocated_segment_vdrop_percent"": 1, ""path_vdrop_bound_from_db1_v"": 2.245170362470019, ""path_vdrop_percent_from_db1"": 1.0205319829409178, ""whole_installation_vdrop_percent"": null, ""status"": ""CONDITIONAL SCREEN ONLY"", ""comparison_path_target_percent"": 3, ""comparison_path_screen"": true}]","Solid tower corner/piers, stepped behind cornices; local ledge/fitting connection. No riser through louver openings; chase/finish and weathering details pending.","[2.45, 5.964, -7.36]","[2.45, 15.88, -12.613]",24.464159294995188,"Catalogue maximum proxy only; selected products, actual supply, protection, inrush, installation, origin voltage drop and engineering approval pending",4,,,
drop:DB2:L6:light:-1:L169,L6 → Belfry side wash · B,DB2,DB2,L6,light,drop,"[""L169""]",28.191962995450172,28.191962995450172,One modeled mains trunk/branch/local/feeder piece,23.333333333333332,0.035,23.333333333333332,29.166666666666664,,,,,,,,,,,ENGINEERING HOLD,"[{""case_id"": ""S1-230-PF09-45C-4"", ""voltage_v"": 230, ""pf"": 0.9, ""maximum_proxy_current_a"": 0.11272141706924316, ""planning_current_a"": 0.14090177133655393, ""comparison_breaker_a"": 6, ""comparison_area_mm2"": 1.5, ""comparison_conductors"": ""3 copper cores (L/N/PE), assumed single-phase; actual PE and phases pending"", ""corrected_ampacity_a"": 7.702500000000001, ""temperature_grouping_factor"": 0.5135000000000001, ""segment_vdrop_bound_v"": 0.12616016934678909, ""allocated_segment_vdrop_percent"": 1, ""path_vdrop_bound_from_db1_v"": 3.1990279411204563, ""path_vdrop_percent_from_db1"": 1.390881713530633, ""whole_installation_vdrop_percent"": null, ""status"": ""CONDITIONAL SCREEN ONLY"", ""comparison_path_target_percent"": 3, ""comparison_path_screen"": true}, {""case_id"": ""S2-220-PF08-50C-6"", ""voltage_v"": 220, ""pf"": 0.8, ""maximum_proxy_current_a"": 0.13257575757575757, ""planning_current_a"": 0.16571969696969696, ""comparison_breaker_a"": 10, ""comparison_area_mm2"": 4, ""comparison_conductors"": ""3 copper cores (L/N/PE), assumed single-phase; actual PE and phases pending"", ""corrected_ampacity_a"": 10.926899999999998, ""temperature_grouping_factor"": 0.40469999999999995, ""segment_vdrop_bound_v"": 0.05611028241068883, ""allocated_segment_vdrop_percent"": 1, ""path_vdrop_bound_from_db1_v"": 2.2470863762876685, ""path_vdrop_percent_from_db1"": 1.0214028983125765, ""whole_installation_vdrop_percent"": null, ""status"": ""CONDITIONAL SCREEN ONLY"", ""comparison_path_target_percent"": 3, ""comparison_path_screen"": true}]","Solid tower corner/piers, stepped behind cornices; local ledge/fitting connection. No riser through louver openings; chase/finish and weathering details pending.","[2.45, 5.964, -7.36]","[2.45, 23.2, -12.513]",33.011159294995196,"Catalogue maximum proxy only; selected products, actual supply, protection, inrush, installation, origin voltage drop and engineering approval pending",4,,,
drop:DB2:L6:light:-1:L170,L6 → Façade wash · B,DB2,DB2,L6,light,drop,"[""L170""]",5.917000000000002,5.917000000000002,One modeled mains trunk/branch/local/feeder piece,46.666666666666664,0.07,46.666666666666664,58.33333333333333,,,,,,,,,,,ENGINEERING HOLD,"[{""case_id"": ""S1-230-PF09-45C-4"", ""voltage_v"": 230, ""pf"": 0.9, ""maximum_proxy_current_a"": 0.22544283413848631, ""planning_current_a"": 0.28180354267310787, ""comparison_breaker_a"": 6, ""comparison_area_mm2"": 1.5, ""comparison_conductors"": ""3 copper cores (L/N/PE), assumed single-phase; actual PE and phases pending"", ""corrected_ampacity_a"": 7.702500000000001, ""temperature_grouping_factor"": 0.5135000000000001, ""segment_vdrop_bound_v"": 0.05295762640901772, ""allocated_segment_vdrop_percent"": 1, ""path_vdrop_bound_from_db1_v"": 3.1170138308182196, ""path_vdrop_percent_from_db1"": 1.3552234047035738, ""whole_installation_vdrop_percent"": null, ""status"": ""CONDITIONAL SCREEN ONLY"", ""comparison_path_target_percent"": 3, ""comparison_path_screen"": true}, {""case_id"": ""S2-220-PF08-50C-6"", ""voltage_v"": 220, ""pf"": 0.8, ""maximum_proxy_current_a"": 0.26515151515151514, ""planning_current_a"": 0.3314393939393939, ""comparison_breaker_a"": 10, ""comparison_area_mm2"": 4, ""comparison_conductors"": ""3 copper cores (L/N/PE), assumed single-phase; actual PE and phases pending"", ""corrected_ampacity_a"": 10.926899999999998, ""temperature_grouping_factor"": 0.40469999999999995, ""segment_vdrop_bound_v"": 0.023553133996212127, ""allocated_segment_vdrop_percent"": 1, ""path_vdrop_bound_from_db1_v"": 2.2106102450764746, ""path_vdrop_percent_from_db1"": 1.0048228386711249, ""whole_installation_vdrop_percent"": null, ""status"": ""CONDITIONAL SCREEN ONLY"", ""comparison_path_target_percent"": 3, ""comparison_path_screen"": true}]","Solid tower corner/piers, stepped behind cornices; local ledge/fitting connection. No riser through louver openings; chase/finish and weathering details pending.","[2.35, 5.964, -7.36]","[-0.0750000000000001, 8.4, -7.9]",8.508700000000001,"Catalogue maximum proxy only; selected products, actual supply, protection, inrush, installation, origin voltage drop and engineering approval pending",4,,,
drop:DB2:L6:light:-1:L222,L6 → Central gable flood · B,DB2,DB2,L6,light,drop,"[""L222""]",6.067000000000002,6.067000000000002,One modeled mains trunk/branch/local/feeder piece,50.55555555555556,0.07583333333333334,50.55555555555556,63.19444444444444,,,,,,,,,,,ENGINEERING HOLD,"[{""case_id"": ""S1-230-PF09-45C-4"", ""voltage_v"": 230, ""pf"": 0.9, ""maximum_proxy_current_a"": 0.24422973698336017, ""planning_current_a"": 0.3052871712292002, ""comparison_breaker_a"": 6, ""comparison_area_mm2"": 1.5, ""comparison_conductors"": ""3 copper cores (L/N/PE), assumed single-phase; actual PE and phases pending"", ""corrected_ampacity_a"": 7.702500000000001, ""temperature_grouping_factor"": 0.5135000000000001, ""segment_vdrop_bound_v"": 0.05882515002683844, ""allocated_segment_vdrop_percent"": 1, ""path_vdrop_bound_from_db1_v"": 3.12288135443604, ""path_vdrop_percent_from_db1"": 1.357774501928713, ""whole_installation_vdrop_percent"": null, ""status"": ""CONDITIONAL SCREEN ONLY"", ""comparison_path_target_percent"": 3, ""comparison_path_screen"": true}, {""case_id"": ""S2-220-PF08-50C-6"", ""voltage_v"": 220, ""pf"": 0.8, ""maximum_proxy_current_a"": 0.28724747474747475, ""planning_current_a"": 0.3590593434343434, ""comparison_breaker_a"": 10, ""comparison_area_mm2"": 4, ""comparison_conductors"": ""3 copper cores (L/N/PE), assumed single-phase; actual PE and phases pending"", ""corrected_ampacity_a"": 10.926899999999998, ""temperature_grouping_factor"": 0.40469999999999995, ""segment_vdrop_bound_v"": 0.026162740569760107, ""allocated_segment_vdrop_percent"": 1, ""path_vdrop_bound_from_db1_v"": 2.2132198516500226, ""path_vdrop_percent_from_db1"": 1.006009023477283, ""whole_installation_vdrop_percent"": null, ""status"": ""CONDITIONAL SCREEN ONLY"", ""comparison_path_target_percent"": 3, ""comparison_path_screen"": true}]","Solid tower corner/piers, stepped behind cornices; local ledge/fitting connection. No riser through louver openings; chase/finish and weathering details pending.","[2.35, 5.964, -7.36]","[-0.0750000000000001, 8.4, -7.75]",8.673700000000004,"Catalogue maximum proxy only; selected products, actual supply, protection, inrush, installation, origin voltage drop and engineering approval pending",4,,,
drop:DB2:L6:light:-1:L223,L6 → Central crown wash · B,DB2,DB2,L6,light,drop,"[""L223""]",13.757,13.757,One modeled mains trunk/branch/local/feeder piece,46.666666666666664,0.07,46.666666666666664,58.33333333333333,,,,,,,,,,,ENGINEERING HOLD,"[{""case_id"": ""S1-230-PF09-45C-4"", ""voltage_v"": 230, ""pf"": 0.9, ""maximum_proxy_current_a"": 0.22544283413848631, ""planning_current_a"": 0.28180354267310787, ""comparison_breaker_a"": 6, ""comparison_area_mm2"": 1.5, ""comparison_conductors"": ""3 copper cores (L/N/PE), assumed single-phase; actual PE and phases pending"", ""corrected_ampacity_a"": 7.702500000000001, ""temperature_grouping_factor"": 0.5135000000000001, ""segment_vdrop_bound_v"": 0.12312625764895328, ""allocated_segment_vdrop_percent"": 1, ""path_vdrop_bound_from_db1_v"": 3.187182462058155, ""path_vdrop_percent_from_db1"": 1.385731505242676, ""whole_installation_vdrop_percent"": null, ""status"": ""CONDITIONAL SCREEN ONLY"", ""comparison_path_target_percent"": 3, ""comparison_path_screen"": true}, {""case_id"": ""S2-220-PF08-50C-6"", ""voltage_v"": 220, ""pf"": 0.8, ""maximum_proxy_current_a"": 0.26515151515151514, ""planning_current_a"": 0.3314393939393939, ""comparison_breaker_a"": 10, ""comparison_area_mm2"": 4, ""comparison_conductors"": ""3 copper cores (L/N/PE), assumed single-phase; actual PE and phases pending"", ""corrected_ampacity_a"": 10.926899999999998, ""temperature_grouping_factor"": 0.40469999999999995, ""segment_vdrop_bound_v"": 0.054760937026515154, ""allocated_segment_vdrop_percent"": 1, ""path_vdrop_bound_from_db1_v"": 2.2418180481067775, ""path_vdrop_percent_from_db1"": 1.0190082036848989, ""whole_installation_vdrop_percent"": null, ""status"": ""CONDITIONAL SCREEN ONLY"", ""comparison_path_target_percent"": 3, ""comparison_path_screen"": true}]","Solid tower corner/piers, stepped behind cornices; local ledge/fitting connection. No riser through louver openings; chase/finish and weathering details pending.","[2.35, 5.964, -7.36]","[-0.035, 15.88, -7.9]",17.1327,"Catalogue maximum proxy only; selected products, actual supply, protection, inrush, installation, origin voltage drop and engineering approval pending",4,,,
trunk:DB2:L6:light:1,L6 · H · circuit trunk,DB2,DB2,L6,light,trunk,"[""L171"", ""L172"", ""L173"", ""L174"", ""L175"", ""L176"", ""L177"", ""L178"", ""L179"", ""L180"", ""L181"", ""L224"", ""L225""]",19.576,19.576,One modeled mains trunk/branch/local/feeder piece,459.44444444444446,0.6891666666666667,459.44444444444446,574.3055555555555,,,,,,,,,,,ENGINEERING HOLD,"[{""case_id"": ""S1-230-PF09-45C-4"", ""voltage_v"": 230, ""pf"": 0.9, ""maximum_proxy_current_a"": 2.219538378958669, ""planning_current_a"": 2.774422973698336, ""comparison_breaker_a"": 6, ""comparison_area_mm2"": 1.5, ""comparison_conductors"": ""3 copper cores (L/N/PE), assumed single-phase; actual PE and phases pending"", ""corrected_ampacity_a"": 7.702500000000001, ""temperature_grouping_factor"": 0.5135000000000001, ""segment_vdrop_bound_v"": 1.7249524272678478, ""allocated_segment_vdrop_percent"": 1, ""path_vdrop_bound_from_db1_v"": 3.7073006220152136, ""path_vdrop_percent_from_db1"": 1.6118698356587886, ""whole_installation_vdrop_percent"": null, ""status"": ""CONDITIONAL SCREEN ONLY"", ""comparison_path_target_percent"": 3, ""comparison_path_screen"": true}, {""case_id"": ""S2-220-PF08-50C-6"", ""voltage_v"": 220, ""pf"": 0.8, ""maximum_proxy_current_a"": 2.610479797979798, ""planning_current_a"": 3.2630997474747474, ""comparison_breaker_a"": 10, ""comparison_area_mm2"": 4, ""comparison_conductors"": ""3 copper cores (L/N/PE), assumed single-phase; actual PE and phases pending"", ""corrected_ampacity_a"": 10.926899999999998, ""temperature_grouping_factor"": 0.40469999999999995, ""segment_vdrop_bound_v"": 0.7671800722853535, ""allocated_segment_vdrop_percent"": 1, ""path_vdrop_bound_from_db1_v"": 2.473142855240616, ""path_vdrop_percent_from_db1"": 1.124155843291189, ""whole_installation_vdrop_percent"": null, ""status"": ""CONDITIONAL SCREEN ONLY"", ""comparison_path_target_percent"": 3, ""comparison_path_screen"": true}]",Wall bands above openings; concealed finish-matched soffit crossing over the 9–10 wing opening.,"[2.73, 1.5, -3.3]","[3.0500000000000003, 5.964, 7.36]",23.533600000000003,"Catalogue maximum proxy only; selected products, actual supply, protection, inrush, installation, origin voltage drop and engineering approval pending",4,,,
drop:DB2:L6:light:1:L171,L6 → Tower lower front wash · H,DB2,DB2,L6,light,drop,"[""L171""]",11.603999999999997,11.603999999999997,One modeled mains trunk/branch/local/feeder piece,27.22222222222222,0.040833333333333326,27.22222222222222,34.02777777777778,,,,,,,,,,,ENGINEERING HOLD,"[{""case_id"": ""S1-230-PF09-45C-4"", ""voltage_v"": 230, ""pf"": 0.9, ""maximum_proxy_current_a"": 0.13150831991411702, ""planning_current_a"": 0.16438539989264628, ""comparison_breaker_a"": 6, ""comparison_area_mm2"": 1.5, ""comparison_conductors"": ""3 copper cores (L/N/PE), assumed single-phase; actual PE and phases pending"", ""corrected_ampacity_a"": 7.702500000000001, ""temperature_grouping_factor"": 0.5135000000000001, ""segment_vdrop_bound_v"": 0.060583095008051514, ""allocated_segment_vdrop_percent"": 1, ""path_vdrop_bound_from_db1_v"": 3.706202745472004, ""path_vdrop_percent_from_db1"": 1.611392498031306, ""whole_installation_vdrop_percent"": null, ""status"": ""CONDITIONAL SCREEN ONLY"", ""comparison_path_target_percent"": 3, ""comparison_path_screen"": true}, {""case_id"": ""S2-220-PF08-50C-6"", ""voltage_v"": 220, ""pf"": 0.8, ""maximum_proxy_current_a"": 0.15467171717171715, ""planning_current_a"": 0.19333964646464646, ""comparison_breaker_a"": 10, ""comparison_area_mm2"": 4, ""comparison_conductors"": ""3 copper cores (L/N/PE), assumed single-phase; actual PE and phases pending"", ""corrected_ampacity_a"": 10.926899999999998, ""temperature_grouping_factor"": 0.40469999999999995, ""segment_vdrop_bound_v"": 0.02694459422348484, ""allocated_segment_vdrop_percent"": 1, ""path_vdrop_bound_from_db1_v"": 2.4726545698870805, ""path_vdrop_percent_from_db1"": 1.1239338954032185, ""whole_installation_vdrop_percent"": null, ""status"": ""CONDITIONAL SCREEN ONLY"", ""comparison_path_target_percent"": 3, ""comparison_path_screen"": true}]","Solid tower corner/piers, stepped behind cornices; local ledge/fitting connection. No riser through louver openings; chase/finish and weathering details pending.","[2.35, 5.964, 7.36]","[-0.125, 8.4, 10.853]",14.764399999999998,"Catalogue maximum proxy only; selected products, actual supply, protection, inrush, installation, origin voltage drop and engineering approval pending",4,,,
drop:DB2:L6:light:1:L172,L6 → Tower stage 2 flood · H,DB2,DB2,L6,light,drop,"[""L172""]",12.303999999999997,12.303999999999997,One modeled mains trunk/branch/local/feeder piece,54.44444444444444,0.08166666666666665,54.44444444444444,68.05555555555556,,,,,,,,,,,ENGINEERING HOLD,"[{""case_id"": ""S1-230-PF09-45C-4"", ""voltage_v"": 230, ""pf"": 0.9, ""maximum_proxy_current_a"": 0.26301663982823403, ""planning_current_a"": 0.32877079978529256, ""comparison_breaker_a"": 6, ""comparison_area_mm2"": 1.5, ""comparison_conductors"": ""3 copper cores (L/N/PE), assumed single-phase; actual PE and phases pending"", ""corrected_ampacity_a"": 7.702500000000001, ""temperature_grouping_factor"": 0.5135000000000001, ""segment_vdrop_bound_v"": 0.12847542243692964, ""allocated_segment_vdrop_percent"": 1, ""path_vdrop_bound_from_db1_v"": 3.7740950729008818, ""path_vdrop_percent_from_db1"": 1.640910901261253, ""whole_installation_vdrop_percent"": null, ""status"": ""CONDITIONAL SCREEN ONLY"", ""comparison_path_target_percent"": 3, ""comparison_path_screen"": true}, {""case_id"": ""S2-220-PF08-50C-6"", ""voltage_v"": 220, ""pf"": 0.8, ""maximum_proxy_current_a"": 0.3093434343434343, ""planning_current_a"": 0.38667929292929293, ""comparison_breaker_a"": 10, ""comparison_area_mm2"": 4, ""comparison_conductors"": ""3 copper cores (L/N/PE), assumed single-phase; actual PE and phases pending"", ""corrected_ampacity_a"": 10.926899999999998, ""temperature_grouping_factor"": 0.40469999999999995, ""segment_vdrop_bound_v"": 0.05714000126262624, ""allocated_segment_vdrop_percent"": 1, ""path_vdrop_bound_from_db1_v"": 2.502849976926222, ""path_vdrop_percent_from_db1"": 1.13765908042101, ""whole_installation_vdrop_percent"": null, ""status"": ""CONDITIONAL SCREEN ONLY"", ""comparison_path_target_percent"": 3, ""comparison_path_screen"": true}]","Solid tower corner/piers, stepped behind cornices; local ledge/fitting connection. No riser through louver openings; chase/finish and weathering details pending.","[2.35, 5.964, 7.36]","[-0.125, 8.4, 10.153]",15.534399999999998,"Catalogue maximum proxy only; selected products, actual supply, protection, inrush, installation, origin voltage drop and engineering approval pending",4,,,
drop:DB2:L6:light:1:L173,L6 → Tower stage 3 flood · H,DB2,DB2,L6,light,drop,"[""L173""]",19.894,19.894,One modeled mains trunk/branch/local/feeder piece,46.666666666666664,0.07,46.666666666666664,58.33333333333333,,,,,,,,,,,ENGINEERING HOLD,"[{""case_id"": ""S1-230-PF09-45C-4"", ""voltage_v"": 230, ""pf"": 0.9, ""maximum_proxy_current_a"": 0.22544283413848631, ""planning_current_a"": 0.28180354267310787, ""comparison_breaker_a"": 6, ""comparison_area_mm2"": 1.5, ""comparison_conductors"": ""3 copper cores (L/N/PE), assumed single-phase; actual PE and phases pending"", ""corrected_ampacity_a"": 7.702500000000001, ""temperature_grouping_factor"": 0.5135000000000001, ""segment_vdrop_bound_v"": 0.1780529017713365, ""allocated_segment_vdrop_percent"": 1, ""path_vdrop_bound_from_db1_v"": 3.823672552235289, ""path_vdrop_percent_from_db1"": 1.6624663270588214, ""whole_installation_vdrop_percent"": null, ""status"": ""CONDITIONAL SCREEN ONLY"", ""comparison_path_target_percent"": 3, ""comparison_path_screen"": true}, {""case_id"": ""S2-220-PF08-50C-6"", ""voltage_v"": 220, ""pf"": 0.8, ""maximum_proxy_current_a"": 0.26515151515151514, ""planning_current_a"": 0.3314393939393939, ""comparison_breaker_a"": 10, ""comparison_area_mm2"": 4, ""comparison_conductors"": ""3 copper cores (L/N/PE), assumed single-phase; actual PE and phases pending"", ""corrected_ampacity_a"": 10.926899999999998, ""temperature_grouping_factor"": 0.40469999999999995, ""segment_vdrop_bound_v"": 0.07918980018939394, ""allocated_segment_vdrop_percent"": 1, ""path_vdrop_bound_from_db1_v"": 2.52489977585299, ""path_vdrop_percent_from_db1"": 1.1476817162968136, ""whole_installation_vdrop_percent"": null, ""status"": ""CONDITIONAL SCREEN ONLY"", ""comparison_path_target_percent"": 3, ""comparison_path_screen"": true}]","Solid tower corner/piers, stepped behind cornices; local ledge/fitting connection. No riser through louver openings; chase/finish and weathering details pending.","[2.35, 5.964, 7.36]","[-0.035, 15.88, 10.153]",23.883399999999998,"Catalogue maximum proxy only; selected products, actual supply, protection, inrush, installation, origin voltage drop and engineering approval pending",4,,,
drop:DB2:L6:light:1:L174,L6 → Belfry front wash · H,DB2,DB2,L6,light,drop,"[""L174""]",27.684,27.684,One modeled mains trunk/branch/local/feeder piece,35,0.0525,35,43.75,,,,,,,,,,,ENGINEERING HOLD,"[{""case_id"": ""S1-230-PF09-45C-4"", ""voltage_v"": 230, ""pf"": 0.9, ""maximum_proxy_current_a"": 0.16908212560386474, ""planning_current_a"": 0.2113526570048309, ""comparison_breaker_a"": 6, ""comparison_area_mm2"": 1.5, ""comparison_conductors"": ""3 copper cores (L/N/PE), assumed single-phase; actual PE and phases pending"", ""corrected_ampacity_a"": 7.702500000000001, ""temperature_grouping_factor"": 0.5135000000000001, ""segment_vdrop_bound_v"": 0.18583052173913042, ""allocated_segment_vdrop_percent"": 1, ""path_vdrop_bound_from_db1_v"": 3.8314501722030827, ""path_vdrop_percent_from_db1"": 1.665847900957862, ""whole_installation_vdrop_percent"": null, ""status"": ""CONDITIONAL SCREEN ONLY"", ""comparison_path_target_percent"": 3, ""comparison_path_screen"": true}, {""case_id"": ""S2-220-PF08-50C-6"", ""voltage_v"": 220, ""pf"": 0.8, ""maximum_proxy_current_a"": 0.19886363636363635, ""planning_current_a"": 0.24857954545454544, ""comparison_breaker_a"": 10, ""comparison_area_mm2"": 4, ""comparison_conductors"": ""3 copper cores (L/N/PE), assumed single-phase; actual PE and phases pending"", ""corrected_ampacity_a"": 10.926899999999998, ""temperature_grouping_factor"": 0.40469999999999995, ""segment_vdrop_bound_v"": 0.08264893039772726, ""allocated_segment_vdrop_percent"": 1, ""path_vdrop_bound_from_db1_v"": 2.528358906061323, ""path_vdrop_percent_from_db1"": 1.1492540482096925, ""whole_installation_vdrop_percent"": null, ""status"": ""CONDITIONAL SCREEN ONLY"", ""comparison_path_target_percent"": 3, ""comparison_path_screen"": true}]","Solid tower corner/piers, stepped behind cornices; local ledge/fitting connection. No riser through louver openings; chase/finish and weathering details pending.","[2.35, 5.964, 7.36]","[0.065, 23.2, 10.153]",32.452400000000004,"Catalogue maximum proxy only; selected products, actual supply, protection, inrush, installation, origin voltage drop and engineering approval pending",4,,,
drop:DB2:L6:light:1:L175,L6 → Dome front wash · H,DB2,DB2,L6,light,drop,"[""L175""]",33.459,33.459,One modeled mains trunk/branch/local/feeder piece,19.444444444444443,0.029166666666666664,19.444444444444443,24.305555555555554,,,,,,,,,,,ENGINEERING HOLD,"[{""case_id"": ""S1-230-PF09-45C-4"", ""voltage_v"": 230, ""pf"": 0.9, ""maximum_proxy_current_a"": 0.09393451422436928, ""planning_current_a"": 0.11741814278046162, ""comparison_breaker_a"": 6, ""comparison_area_mm2"": 1.5, ""comparison_conductors"": ""3 copper cores (L/N/PE), assumed single-phase; actual PE and phases pending"", ""corrected_ampacity_a"": 7.702500000000001, ""temperature_grouping_factor"": 0.5135000000000001, ""segment_vdrop_bound_v"": 0.12477530998389695, ""allocated_segment_vdrop_percent"": 1, ""path_vdrop_bound_from_db1_v"": 3.7703949604478493, ""path_vdrop_percent_from_db1"": 1.6393021567164563, ""whole_installation_vdrop_percent"": null, ""status"": ""CONDITIONAL SCREEN ONLY"", ""comparison_path_target_percent"": 3, ""comparison_path_screen"": true}, {""case_id"": ""S2-220-PF08-50C-6"", ""voltage_v"": 220, ""pf"": 0.8, ""maximum_proxy_current_a"": 0.11047979797979797, ""planning_current_a"": 0.13809974747474746, ""comparison_breaker_a"": 10, ""comparison_area_mm2"": 4, ""comparison_conductors"": ""3 copper cores (L/N/PE), assumed single-phase; actual PE and phases pending"", ""corrected_ampacity_a"": 10.926899999999998, ""temperature_grouping_factor"": 0.40469999999999995, ""segment_vdrop_bound_v"": 0.055494360203598485, ""allocated_segment_vdrop_percent"": 1, ""path_vdrop_bound_from_db1_v"": 2.501204335867194, ""path_vdrop_percent_from_db1"": 1.1369110617578155, ""whole_installation_vdrop_percent"": null, ""status"": ""CONDITIONAL SCREEN ONLY"", ""comparison_path_target_percent"": 3, ""comparison_path_screen"": true}]","Tower pier to proposed service space behind removable cornice finish, then local fitting lead. Cornice cavity, access, weathering and cable-entry details remain unresolved.","[2.35, 5.964, 7.36]","[0.35, 29.26, 10.153]",38.8049,"Catalogue maximum proxy only; selected products, actual supply, protection, inrush, installation, origin voltage drop and engineering approval pending",4,,,
drop:DB2:L6:light:1:L176,L6 → Belfry glow · H,DB2,DB2,L6,light,drop,"[""L176""]",29.39196299545017,29.39196299545017,One modeled mains trunk/branch/local/feeder piece,20,0.03,20,25.0,,,,,,,,,,,ENGINEERING HOLD,"[{""case_id"": ""S1-230-PF09-45C-4"", ""voltage_v"": 230, ""pf"": 0.9, ""maximum_proxy_current_a"": 0.0966183574879227, ""planning_current_a"": 0.12077294685990338, ""comparison_breaker_a"": 6, ""comparison_area_mm2"": 1.5, ""comparison_conductors"": ""3 copper cores (L/N/PE), assumed single-phase; actual PE and phases pending"", ""corrected_ampacity_a"": 7.702500000000001, ""temperature_grouping_factor"": 0.5135000000000001, ""segment_vdrop_bound_v"": 0.11274018656225814, ""allocated_segment_vdrop_percent"": 1, ""path_vdrop_bound_from_db1_v"": 3.767171404390676, ""path_vdrop_percent_from_db1"": 1.6379006106046416, ""whole_installation_vdrop_percent"": null, ""status"": ""CONDITIONAL SCREEN ONLY"", ""comparison_path_target_percent"": 3, ""comparison_path_screen"": true}, {""case_id"": ""S2-220-PF08-50C-6"", ""voltage_v"": 220, ""pf"": 0.8, ""maximum_proxy_current_a"": 0.11363636363636363, ""planning_current_a"": 0.14204545454545456, ""comparison_breaker_a"": 10, ""comparison_area_mm2"": 4, ""comparison_conductors"": ""3 copper cores (L/N/PE), assumed single-phase; actual PE and phases pending"", ""corrected_ampacity_a"": 10.926899999999998, ""temperature_grouping_factor"": 0.40469999999999995, ""segment_vdrop_bound_v"": 0.050141686871499516, ""allocated_segment_vdrop_percent"": 1, ""path_vdrop_bound_from_db1_v"": 2.4997706453318123, ""path_vdrop_percent_from_db1"": 1.1362593842417328, ""whole_installation_vdrop_percent"": null, ""status"": ""CONDITIONAL SCREEN ONLY"", ""comparison_path_target_percent"": 3, ""comparison_path_screen"": true}]","Tower pier to proposed service space behind removable cornice finish, then local fitting lead. Cornice cavity, access, weathering and cable-entry details remain unresolved.","[2.45, 5.964, 7.36]","[2.45, 23.2, 10.153]",34.33115929499519,"Catalogue maximum proxy only; selected products, actual supply, protection, inrush, installation, origin voltage drop and engineering approval pending",4,,,
drop:DB2:L6:light:1:L177,L6 → Tower lower side wash · H,DB2,DB2,L6,light,drop,"[""L177""]",13.603539920133219,13.603539920133219,One modeled mains trunk/branch/local/feeder piece,19.444444444444443,0.029166666666666664,19.444444444444443,24.305555555555554,,,,,,,,,,,ENGINEERING HOLD,"[{""case_id"": ""S1-230-PF09-45C-4"", ""voltage_v"": 230, ""pf"": 0.9, ""maximum_proxy_current_a"": 0.09393451422436928, ""planning_current_a"": 0.11741814278046162, ""comparison_breaker_a"": 6, ""comparison_area_mm2"": 1.5, ""comparison_conductors"": ""3 copper cores (L/N/PE), assumed single-phase; actual PE and phases pending"", ""corrected_ampacity_a"": 7.702500000000001, ""temperature_grouping_factor"": 0.5135000000000001, ""segment_vdrop_bound_v"": 0.050730323990942315, ""allocated_segment_vdrop_percent"": 1, ""path_vdrop_bound_from_db1_v"": 3.758030946006156, ""path_vdrop_percent_from_db1"": 1.633926498263546, ""whole_installation_vdrop_percent"": null, ""status"": ""CONDITIONAL SCREEN ONLY"", ""comparison_path_target_percent"": 3, ""comparison_path_screen"": true}, {""case_id"": ""S2-220-PF08-50C-6"", ""voltage_v"": 220, ""pf"": 0.8, ""maximum_proxy_current_a"": 0.11047979797979797, ""planning_current_a"": 0.13809974747474746, ""comparison_breaker_a"": 10, ""comparison_area_mm2"": 4, ""comparison_conductors"": ""3 copper cores (L/N/PE), assumed single-phase; actual PE and phases pending"", ""corrected_ampacity_a"": 10.926899999999998, ""temperature_grouping_factor"": 0.40469999999999995, ""segment_vdrop_bound_v"": 0.022562531587073855, ""allocated_segment_vdrop_percent"": 1, ""path_vdrop_bound_from_db1_v"": 2.4957053868276895, ""path_vdrop_percent_from_db1"": 1.1344115394671317, ""whole_installation_vdrop_percent"": null, ""status"": ""CONDITIONAL SCREEN ONLY"", ""comparison_path_target_percent"": 3, ""comparison_path_screen"": true}]","Solid tower corner/piers, stepped behind cornices; local ledge/fitting connection. No riser through louver openings; chase/finish and weathering details pending.","[3.0500000000000003, 5.964, 7.36]","[3.0500000000000003, 8.4, 12.738]",16.963893912146542,"Catalogue maximum proxy only; selected products, actual supply, protection, inrush, installation, origin voltage drop and engineering approval pending",4,,,
drop:DB2:L6:light:1:L178,L6 → Tower stage 2 side wash · H,DB2,DB2,L6,light,drop,"[""L178""]",12.866962995450166,12.866962995450166,One modeled mains trunk/branch/local/feeder piece,38.888888888888886,0.05833333333333333,38.888888888888886,48.61111111111111,,,,,,,,,,,ENGINEERING HOLD,"[{""case_id"": ""S1-230-PF09-45C-4"", ""voltage_v"": 230, ""pf"": 0.9, ""maximum_proxy_current_a"": 0.18786902844873857, ""planning_current_a"": 0.23483628556092323, ""comparison_breaker_a"": 6, ""comparison_area_mm2"": 1.5, ""comparison_conductors"": ""3 copper cores (L/N/PE), assumed single-phase; actual PE and phases pending"", ""corrected_ampacity_a"": 7.702500000000001, ""temperature_grouping_factor"": 0.5135000000000001, ""segment_vdrop_bound_v"": 0.09596696233053141, ""allocated_segment_vdrop_percent"": 1, ""path_vdrop_bound_from_db1_v"": 3.750398180158949, ""path_vdrop_percent_from_db1"": 1.6306079044169344, ""whole_installation_vdrop_percent"": null, ""status"": ""CONDITIONAL SCREEN ONLY"", ""comparison_path_target_percent"": 3, ""comparison_path_screen"": true}, {""case_id"": ""S2-220-PF08-50C-6"", ""voltage_v"": 220, ""pf"": 0.8, ""maximum_proxy_current_a"": 0.22095959595959594, ""planning_current_a"": 0.2761994949494949, ""comparison_breaker_a"": 10, ""comparison_area_mm2"": 4, ""comparison_conductors"": ""3 copper cores (L/N/PE), assumed single-phase; actual PE and phases pending"", ""corrected_ampacity_a"": 10.926899999999998, ""temperature_grouping_factor"": 0.40469999999999995, ""segment_vdrop_bound_v"": 0.04268172265733488, ""allocated_segment_vdrop_percent"": 1, ""path_vdrop_bound_from_db1_v"": 2.492310681117648, ""path_vdrop_percent_from_db1"": 1.1328684914171128, ""whole_installation_vdrop_percent"": null, ""status"": ""CONDITIONAL SCREEN ONLY"", ""comparison_path_target_percent"": 3, ""comparison_path_screen"": true}]","Solid tower corner/piers, stepped behind cornices; local ledge/fitting connection. No riser through louver openings; chase/finish and weathering details pending.","[2.45, 5.964, 7.36]","[2.45, 8.4, 12.738]",16.153659294995183,"Catalogue maximum proxy only; selected products, actual supply, protection, inrush, installation, origin voltage drop and engineering approval pending",4,,,
drop:DB2:L6:light:1:L179,L6 → Tower stage 3 side wash · H,DB2,DB2,L6,light,drop,"[""L179""]",20.42196299545017,20.42196299545017,One modeled mains trunk/branch/local/feeder piece,31.11111111111111,0.04666666666666666,31.11111111111111,38.888888888888886,,,,,,,,,,,ENGINEERING HOLD,"[{""case_id"": ""S1-230-PF09-45C-4"", ""voltage_v"": 230, ""pf"": 0.9, ""maximum_proxy_current_a"": 0.15029522275899088, ""planning_current_a"": 0.18786902844873857, ""comparison_breaker_a"": 6, ""comparison_area_mm2"": 1.5, ""comparison_conductors"": ""3 copper cores (L/N/PE), assumed single-phase; actual PE and phases pending"", ""corrected_ampacity_a"": 7.702500000000001, ""temperature_grouping_factor"": 0.5135000000000001, ""segment_vdrop_bound_v"": 0.12185214205980893, ""allocated_segment_vdrop_percent"": 1, ""path_vdrop_bound_from_db1_v"": 3.776283359888227, ""path_vdrop_percent_from_db1"": 1.6418623303861857, ""whole_installation_vdrop_percent"": null, ""status"": ""CONDITIONAL SCREEN ONLY"", ""comparison_path_target_percent"": 3, ""comparison_path_screen"": true}, {""case_id"": ""S2-220-PF08-50C-6"", ""voltage_v"": 220, ""pf"": 0.8, ""maximum_proxy_current_a"": 0.17676767676767677, ""planning_current_a"": 0.22095959595959594, ""comparison_breaker_a"": 10, ""comparison_area_mm2"": 4, ""comparison_conductors"": ""3 copper cores (L/N/PE), assumed single-phase; actual PE and phases pending"", ""corrected_ampacity_a"": 10.926899999999998, ""temperature_grouping_factor"": 0.40469999999999995, ""segment_vdrop_bound_v"": 0.054194268593039635, ""allocated_segment_vdrop_percent"": 1, ""path_vdrop_bound_from_db1_v"": 2.5038232270533527, ""path_vdrop_percent_from_db1"": 1.138101466842433, ""whole_installation_vdrop_percent"": null, ""status"": ""CONDITIONAL SCREEN ONLY"", ""comparison_path_target_percent"": 3, ""comparison_path_screen"": true}]","Solid tower corner/piers, stepped behind cornices; local ledge/fitting connection. No riser through louver openings; chase/finish and weathering details pending.","[2.45, 5.964, 7.36]","[2.45, 15.88, 12.613]",24.464159294995188,"Catalogue maximum proxy only; selected products, actual supply, protection, inrush, installation, origin voltage drop and engineering approval pending",4,,,
drop:DB2:L6:light:1:L180,L6 → Belfry side wash · H,DB2,DB2,L6,light,drop,"[""L180""]",28.191962995450172,28.191962995450172,One modeled mains trunk/branch/local/feeder piece,23.333333333333332,0.035,23.333333333333332,29.166666666666664,,,,,,,,,,,ENGINEERING HOLD,"[{""case_id"": ""S1-230-PF09-45C-4"", ""voltage_v"": 230, ""pf"": 0.9, ""maximum_proxy_current_a"": 0.11272141706924316, ""planning_current_a"": 0.14090177133655393, ""comparison_breaker_a"": 6, ""comparison_area_mm2"": 1.5, ""comparison_conductors"": ""3 copper cores (L/N/PE), assumed single-phase; actual PE and phases pending"", ""corrected_ampacity_a"": 7.702500000000001, ""temperature_grouping_factor"": 0.5135000000000001, ""segment_vdrop_bound_v"": 0.12616016934678909, ""allocated_segment_vdrop_percent"": 1, ""path_vdrop_bound_from_db1_v"": 3.780591387175207, ""path_vdrop_percent_from_db1"": 1.6437353857283508, ""whole_installation_vdrop_percent"": null, ""status"": ""CONDITIONAL SCREEN ONLY"", ""comparison_path_target_percent"": 3, ""comparison_path_screen"": true}, {""case_id"": ""S2-220-PF08-50C-6"", ""voltage_v"": 220, ""pf"": 0.8, ""maximum_proxy_current_a"": 0.13257575757575757, ""planning_current_a"": 0.16571969696969696, ""comparison_breaker_a"": 10, ""comparison_area_mm2"": 4, ""comparison_conductors"": ""3 copper cores (L/N/PE), assumed single-phase; actual PE and phases pending"", ""corrected_ampacity_a"": 10.926899999999998, ""temperature_grouping_factor"": 0.40469999999999995, ""segment_vdrop_bound_v"": 0.05611028241068883, ""allocated_segment_vdrop_percent"": 1, ""path_vdrop_bound_from_db1_v"": 2.5057392408710015, ""path_vdrop_percent_from_db1"": 1.1389723822140916, ""whole_installation_vdrop_percent"": null, ""status"": ""CONDITIONAL SCREEN ONLY"", ""comparison_path_target_percent"": 3, ""comparison_path_screen"": true}]","Solid tower corner/piers, stepped behind cornices; local ledge/fitting connection. No riser through louver openings; chase/finish and weathering details pending.","[2.45, 5.964, 7.36]","[2.45, 23.2, 12.513]",33.011159294995196,"Catalogue maximum proxy only; selected products, actual supply, protection, inrush, installation, origin voltage drop and engineering approval pending",4,,,
drop:DB2:L6:light:1:L181,L6 → Façade wash · H,DB2,DB2,L6,light,drop,"[""L181""]",5.917000000000002,5.917000000000002,One modeled mains trunk/branch/local/feeder piece,46.666666666666664,0.07,46.666666666666664,58.33333333333333,,,,,,,,,,,ENGINEERING HOLD,"[{""case_id"": ""S1-230-PF09-45C-4"", ""voltage_v"": 230, ""pf"": 0.9, ""maximum_proxy_current_a"": 0.22544283413848631, ""planning_current_a"": 0.28180354267310787, ""comparison_breaker_a"": 6, ""comparison_area_mm2"": 1.5, ""comparison_conductors"": ""3 copper cores (L/N/PE), assumed single-phase; actual PE and phases pending"", ""corrected_ampacity_a"": 7.702500000000001, ""temperature_grouping_factor"": 0.5135000000000001, ""segment_vdrop_bound_v"": 0.05295762640901772, ""allocated_segment_vdrop_percent"": 1, ""path_vdrop_bound_from_db1_v"": 3.69857727687297, ""path_vdrop_percent_from_db1"": 1.6080770769012915, ""whole_installation_vdrop_percent"": null, ""status"": ""CONDITIONAL SCREEN ONLY"", ""comparison_path_target_percent"": 3, ""comparison_path_screen"": true}, {""case_id"": ""S2-220-PF08-50C-6"", ""voltage_v"": 220, ""pf"": 0.8, ""maximum_proxy_current_a"": 0.26515151515151514, ""planning_current_a"": 0.3314393939393939, ""comparison_breaker_a"": 10, ""comparison_area_mm2"": 4, ""comparison_conductors"": ""3 copper cores (L/N/PE), assumed single-phase; actual PE and phases pending"", ""corrected_ampacity_a"": 10.926899999999998, ""temperature_grouping_factor"": 0.40469999999999995, ""segment_vdrop_bound_v"": 0.023553133996212127, ""allocated_segment_vdrop_percent"": 1, ""path_vdrop_bound_from_db1_v"": 2.4692631096598077, ""path_vdrop_percent_from_db1"": 1.12239232257264, ""whole_installation_vdrop_percent"": null, ""status"": ""CONDITIONAL SCREEN ONLY"", ""comparison_path_target_percent"": 3, ""comparison_path_screen"": true}]","Solid tower corner/piers, stepped behind cornices; local ledge/fitting connection. No riser through louver openings; chase/finish and weathering details pending.","[2.35, 5.964, 7.36]","[-0.0750000000000001, 8.4, 7.9]",8.508700000000001,"Catalogue maximum proxy only; selected products, actual supply, protection, inrush, installation, origin voltage drop and engineering approval pending",4,,,
drop:DB2:L6:light:1:L224,L6 → Central gable flood · H,DB2,DB2,L6,light,drop,"[""L224""]",6.067000000000002,6.067000000000002,One modeled mains trunk/branch/local/feeder piece,50.55555555555556,0.07583333333333334,50.55555555555556,63.19444444444444,,,,,,,,,,,ENGINEERING HOLD,"[{""case_id"": ""S1-230-PF09-45C-4"", ""voltage_v"": 230, ""pf"": 0.9, ""maximum_proxy_current_a"": 0.24422973698336017, ""planning_current_a"": 0.3052871712292002, ""comparison_breaker_a"": 6, ""comparison_area_mm2"": 1.5, ""comparison_conductors"": ""3 copper cores (L/N/PE), assumed single-phase; actual PE and phases pending"", ""corrected_ampacity_a"": 7.702500000000001, ""temperature_grouping_factor"": 0.5135000000000001, ""segment_vdrop_bound_v"": 0.05882515002683844, ""allocated_segment_vdrop_percent"": 1, ""path_vdrop_bound_from_db1_v"": 3.7044448004907906, ""path_vdrop_percent_from_db1"": 1.6106281741264308, ""whole_installation_vdrop_percent"": null, ""status"": ""CONDITIONAL SCREEN ONLY"", ""comparison_path_target_percent"": 3, ""comparison_path_screen"": true}, {""case_id"": ""S2-220-PF08-50C-6"", ""voltage_v"": 220, ""pf"": 0.8, ""maximum_proxy_current_a"": 0.28724747474747475, ""planning_current_a"": 0.3590593434343434, ""comparison_breaker_a"": 10, ""comparison_area_mm2"": 4, ""comparison_conductors"": ""3 copper cores (L/N/PE), assumed single-phase; actual PE and phases pending"", ""corrected_ampacity_a"": 10.926899999999998, ""temperature_grouping_factor"": 0.40469999999999995, ""segment_vdrop_bound_v"": 0.026162740569760107, ""allocated_segment_vdrop_percent"": 1, ""path_vdrop_bound_from_db1_v"": 2.471872716233356, ""path_vdrop_percent_from_db1"": 1.123578507378798, ""whole_installation_vdrop_percent"": null, ""status"": ""CONDITIONAL SCREEN ONLY"", ""comparison_path_target_percent"": 3, ""comparison_path_screen"": true}]","Solid tower corner/piers, stepped behind cornices; local ledge/fitting connection. No riser through louver openings; chase/finish and weathering details pending.","[2.35, 5.964, 7.36]","[-0.0750000000000001, 8.4, 7.75]",8.673700000000004,"Catalogue maximum proxy only; selected products, actual supply, protection, inrush, installation, origin voltage drop and engineering approval pending",4,,,
drop:DB2:L6:light:1:L225,L6 → Central crown wash · H,DB2,DB2,L6,light,drop,"[""L225""]",13.757,13.757,One modeled mains trunk/branch/local/feeder piece,46.666666666666664,0.07,46.666666666666664,58.33333333333333,,,,,,,,,,,ENGINEERING HOLD,"[{""case_id"": ""S1-230-PF09-45C-4"", ""voltage_v"": 230, ""pf"": 0.9, ""maximum_proxy_current_a"": 0.22544283413848631, ""planning_current_a"": 0.28180354267310787, ""comparison_breaker_a"": 6, ""comparison_area_mm2"": 1.5, ""comparison_conductors"": ""3 copper cores (L/N/PE), assumed single-phase; actual PE and phases pending"", ""corrected_ampacity_a"": 7.702500000000001, ""temperature_grouping_factor"": 0.5135000000000001, ""segment_vdrop_bound_v"": 0.12312625764895328, ""allocated_segment_vdrop_percent"": 1, ""path_vdrop_bound_from_db1_v"": 3.7687459081129053, ""path_vdrop_percent_from_db1"": 1.6385851774403937, ""whole_installation_vdrop_percent"": null, ""status"": ""CONDITIONAL SCREEN ONLY"", ""comparison_path_target_percent"": 3, ""comparison_path_screen"": true}, {""case_id"": ""S2-220-PF08-50C-6"", ""voltage_v"": 220, ""pf"": 0.8, ""maximum_proxy_current_a"": 0.26515151515151514, ""planning_current_a"": 0.3314393939393939, ""comparison_breaker_a"": 10, ""comparison_area_mm2"": 4, ""comparison_conductors"": ""3 copper cores (L/N/PE), assumed single-phase; actual PE and phases pending"", ""corrected_ampacity_a"": 10.926899999999998, ""temperature_grouping_factor"": 0.40469999999999995, ""segment_vdrop_bound_v"": 0.054760937026515154, ""allocated_segment_vdrop_percent"": 1, ""path_vdrop_bound_from_db1_v"": 2.500470912690111, ""path_vdrop_percent_from_db1"": 1.1365776875864142, ""whole_installation_vdrop_percent"": null, ""status"": ""CONDITIONAL SCREEN ONLY"", ""comparison_path_target_percent"": 3, ""comparison_path_screen"": true}]","Solid tower corner/piers, stepped behind cornices; local ledge/fitting connection. No riser through louver openings; chase/finish and weathering details pending.","[2.35, 5.964, 7.36]","[-0.035, 15.88, 7.9]",17.1327,"Catalogue maximum proxy only; selected products, actual supply, protection, inrush, installation, origin voltage drop and engineering approval pending",4,,,
trunk:DB2:L7:light:-1,L7 · B · circuit trunk,DB2,DB2,L7,light,trunk,"[""L196"", ""L197"", ""L198"", ""L199"", ""L200"", ""L201"", ""L202"", ""L203"", ""L204"", ""L205"", ""L206"", ""L207"", ""L219"", ""L220""]",66.76213031117919,66.76213031117919,One modeled mains trunk/branch/local/feeder piece,0,0.0,408,510.0,,,,,,,,,,,ENGINEERING HOLD,"[{""case_id"": ""S1-230-PF09-45C-4"", ""voltage_v"": 230, ""pf"": 0.9, ""maximum_proxy_current_a"": 1.9710144927536233, ""planning_current_a"": 2.463768115942029, ""comparison_breaker_a"": 6, ""comparison_area_mm2"": 4, ""comparison_conductors"": ""3 copper cores (L/N/PE), assumed single-phase; actual PE and phases pending"", ""corrected_ampacity_a"": 13.864500000000001, ""temperature_grouping_factor"": 0.5135000000000001, ""segment_vdrop_bound_v"": 1.9754817602367325, ""allocated_segment_vdrop_percent"": 1, ""path_vdrop_bound_from_db1_v"": 3.9578299549840983, ""path_vdrop_percent_from_db1"": 1.720795632601782, ""whole_installation_vdrop_percent"": null, ""status"": ""CONDITIONAL SCREEN ONLY"", ""comparison_path_target_percent"": 3, ""comparison_path_screen"": true}, {""case_id"": ""S2-220-PF08-50C-6"", ""voltage_v"": 220, ""pf"": 0.8, ""maximum_proxy_current_a"": 2.3181818181818183, ""planning_current_a"": 2.897727272727273, ""comparison_breaker_a"": 6, ""comparison_area_mm2"": 6, ""comparison_conductors"": ""3 copper cores (L/N/PE), assumed single-phase; actual PE and phases pending"", ""corrected_ampacity_a"": 13.759799999999998, ""temperature_grouping_factor"": 0.40469999999999995, ""segment_vdrop_bound_v"": 1.5592750730518927, ""allocated_segment_vdrop_percent"": 1, ""path_vdrop_bound_from_db1_v"": 3.265237856007155, ""path_vdrop_percent_from_db1"": 1.4841990254577977, ""whole_installation_vdrop_percent"": null, ""status"": ""CONDITIONAL SCREEN ONLY"", ""comparison_path_target_percent"": 3, ""comparison_path_screen"": true}]",Wall bands above openings; concealed finish-matched soffit crossing over the 9–10 wing opening.,"[2.73, 1.5, -3.3]","[53.016, 5.98, -7.36]",75.43834334229712,"Catalogue maximum proxy only; selected products, actual supply, protection, inrush, installation, origin voltage drop and engineering approval pending",6,,,
drop:DB2:L7:light:-1:L196,L7 → Festival lights · roof ridge,DB2,DB2,L7,light,drop,"[""L196""]",10.462314927469798,10.462314927469798,One modeled mains trunk/branch/local/feeder piece,0,0.0,80,100.0,,,,,,,,,,,ENGINEERING HOLD,"[{""case_id"": ""S1-230-PF09-45C-4"", ""voltage_v"": 230, ""pf"": 0.9, ""maximum_proxy_current_a"": 0.3864734299516908, ""planning_current_a"": 0.4830917874396135, ""comparison_breaker_a"": 6, ""comparison_area_mm2"": 1.5, ""comparison_conductors"": ""3 copper cores (L/N/PE), assumed single-phase; actual PE and phases pending"", ""corrected_ampacity_a"": 7.702500000000001, ""temperature_grouping_factor"": 0.5135000000000001, ""segment_vdrop_bound_v"": 0.1605232473895849, ""allocated_segment_vdrop_percent"": 1, ""path_vdrop_bound_from_db1_v"": 3.29894707981811, ""path_vdrop_percent_from_db1"": 1.4343248173122216, ""whole_installation_vdrop_percent"": null, ""status"": ""CONDITIONAL SCREEN ONLY"", ""comparison_path_target_percent"": 3, ""comparison_path_screen"": true}, {""case_id"": ""S2-220-PF08-50C-6"", ""voltage_v"": 220, ""pf"": 0.8, ""maximum_proxy_current_a"": 0.45454545454545453, ""planning_current_a"": 0.5681818181818182, ""comparison_breaker_a"": 6, ""comparison_area_mm2"": 1.5, ""comparison_conductors"": ""3 copper cores (L/N/PE), assumed single-phase; actual PE and phases pending"", ""corrected_ampacity_a"": 6.070499999999999, ""temperature_grouping_factor"": 0.40469999999999995, ""segment_vdrop_bound_v"": 0.18879722846388683, ""allocated_segment_vdrop_percent"": 1, ""path_vdrop_bound_from_db1_v"": 2.807266500055513, ""path_vdrop_percent_from_db1"": 1.2760302272979605, ""whole_installation_vdrop_percent"": null, ""status"": ""CONDITIONAL SCREEN ONLY"", ""comparison_path_target_percent"": 3, ""comparison_path_screen"": true}]",Concealed roof route to local roof-mounted fitting; weatherproof cable entry pending.,"[29.160000000000004, 5.98, -7.36]","[29.16, 12.69, 0]",13.50854642021678,"Catalogue maximum proxy only; selected products, actual supply, protection, inrush, installation, origin voltage drop and engineering approval pending",1.5,,,
drop:DB2:L7:light:-1:L197,L7 → Festival lights · main eave B · nave,DB2,DB2,L7,light,drop,"[""L197""]",1.370589523865243,1.370589523865243,One modeled mains trunk/branch/local/feeder piece,0,0.0,54,67.5,,,,,,,,,,,ENGINEERING HOLD,"[{""case_id"": ""S1-230-PF09-45C-4"", ""voltage_v"": 230, ""pf"": 0.9, ""maximum_proxy_current_a"": 0.2608695652173913, ""planning_current_a"": 0.32608695652173914, ""comparison_breaker_a"": 6, ""comparison_area_mm2"": 1.5, ""comparison_conductors"": ""3 copper cores (L/N/PE), assumed single-phase; actual PE and phases pending"", ""corrected_ampacity_a"": 7.702500000000001, ""temperature_grouping_factor"": 0.5135000000000001, ""segment_vdrop_bound_v"": 0.01419454019933482, ""allocated_segment_vdrop_percent"": 1, ""path_vdrop_bound_from_db1_v"": 2.921521604511918, ""path_vdrop_percent_from_db1"": 1.2702267845703992, ""whole_installation_vdrop_percent"": null, ""status"": ""CONDITIONAL SCREEN ONLY"", ""comparison_path_target_percent"": 3, ""comparison_path_screen"": true}, {""case_id"": ""S2-220-PF08-50C-6"", ""voltage_v"": 220, ""pf"": 0.8, ""maximum_proxy_current_a"": 0.3068181818181818, ""planning_current_a"": 0.3835227272727273, ""comparison_breaker_a"": 6, ""comparison_area_mm2"": 1.5, ""comparison_conductors"": ""3 copper cores (L/N/PE), assumed single-phase; actual PE and phases pending"", ""corrected_ampacity_a"": 6.070499999999999, ""temperature_grouping_factor"": 0.40469999999999995, ""segment_vdrop_bound_v"": 0.01669471489353584, ""allocated_segment_vdrop_percent"": 1, ""path_vdrop_bound_from_db1_v"": 2.452756111485162, ""path_vdrop_percent_from_db1"": 1.1148891415841644, ""whole_installation_vdrop_percent"": null, ""status"": ""CONDITIONAL SCREEN ONLY"", ""comparison_path_target_percent"": 3, ""comparison_path_screen"": true}]",Concealed roof route to local roof-mounted fitting; weatherproof cable entry pending.,"[21.35, 5.98, -7.36]","[21.35, 7.32, -7.3]",3.5076484762517675,"Catalogue maximum proxy only; selected products, actual supply, protection, inrush, installation, origin voltage drop and engineering approval pending",1.5,,,
drop:DB2:L7:light:-1:L198,L7 → Festival lights · main eave B · sanctuary,DB2,DB2,L7,light,drop,"[""L198""]",1.370589523865243,1.370589523865243,One modeled mains trunk/branch/local/feeder piece,0,0.0,16,20.0,,,,,,,,,,,ENGINEERING HOLD,"[{""case_id"": ""S1-230-PF09-45C-4"", ""voltage_v"": 230, ""pf"": 0.9, ""maximum_proxy_current_a"": 0.07729468599033816, ""planning_current_a"": 0.0966183574879227, ""comparison_breaker_a"": 6, ""comparison_area_mm2"": 1.5, ""comparison_conductors"": ""3 copper cores (L/N/PE), assumed single-phase; actual PE and phases pending"", ""corrected_ampacity_a"": 7.702500000000001, ""temperature_grouping_factor"": 0.5135000000000001, ""segment_vdrop_bound_v"": 0.004205789688691799, ""allocated_segment_vdrop_percent"": 1, ""path_vdrop_bound_from_db1_v"": 3.8254489736582977, ""path_vdrop_percent_from_db1"": 1.66323868419926, ""whole_installation_vdrop_percent"": null, ""status"": ""CONDITIONAL SCREEN ONLY"", ""comparison_path_target_percent"": 3, ""comparison_path_screen"": true}, {""case_id"": ""S2-220-PF08-50C-6"", ""voltage_v"": 220, ""pf"": 0.8, ""maximum_proxy_current_a"": 0.09090909090909091, ""planning_current_a"": 0.11363636363636363, ""comparison_breaker_a"": 6, ""comparison_area_mm2"": 1.5, ""comparison_conductors"": ""3 copper cores (L/N/PE), assumed single-phase; actual PE and phases pending"", ""corrected_ampacity_a"": 6.070499999999999, ""temperature_grouping_factor"": 0.40469999999999995, ""segment_vdrop_bound_v"": 0.004946582190677286, ""allocated_segment_vdrop_percent"": 1, ""path_vdrop_bound_from_db1_v"": 3.162374610925105, ""path_vdrop_percent_from_db1"": 1.4374430049659568, ""whole_installation_vdrop_percent"": null, ""status"": ""CONDITIONAL SCREEN ONLY"", ""comparison_path_target_percent"": 3, ""comparison_path_screen"": true}]",Concealed roof route to local roof-mounted fitting; weatherproof cable entry pending.,"[48.4, 5.98, -7.36]","[48.4, 7.32, -7.3]",3.5076484762517675,"Catalogue maximum proxy only; selected products, actual supply, protection, inrush, installation, origin voltage drop and engineering approval pending",1.5,,,
drop:DB2:L7:light:-1:L199,L7 → Festival lights · veranda eave B · nave,DB2,DB2,L7,light,drop,"[""L199""]",4.672166101158713,4.672166101158713,One modeled mains trunk/branch/local/feeder piece,0,0.0,54,67.5,,,,,,,,,,,ENGINEERING HOLD,"[{""case_id"": ""S1-230-PF09-45C-4"", ""voltage_v"": 230, ""pf"": 0.9, ""maximum_proxy_current_a"": 0.2608695652173913, ""planning_current_a"": 0.32608695652173914, ""comparison_breaker_a"": 6, ""comparison_area_mm2"": 1.5, ""comparison_conductors"": ""3 copper cores (L/N/PE), assumed single-phase; actual PE and phases pending"", ""corrected_ampacity_a"": 7.702500000000001, ""temperature_grouping_factor"": 0.5135000000000001, ""segment_vdrop_bound_v"": 0.0483873897954785, ""allocated_segment_vdrop_percent"": 1, ""path_vdrop_bound_from_db1_v"": 2.9557144541080618, ""path_vdrop_percent_from_db1"": 1.2850932409165485, ""whole_installation_vdrop_percent"": null, ""status"": ""CONDITIONAL SCREEN ONLY"", ""comparison_path_target_percent"": 3, ""comparison_path_screen"": true}, {""case_id"": ""S2-220-PF08-50C-6"", ""voltage_v"": 220, ""pf"": 0.8, ""maximum_proxy_current_a"": 0.3068181818181818, ""planning_current_a"": 0.3835227272727273, ""comparison_breaker_a"": 6, ""comparison_area_mm2"": 1.5, ""comparison_conductors"": ""3 copper cores (L/N/PE), assumed single-phase; actual PE and phases pending"", ""corrected_ampacity_a"": 6.070499999999999, ""temperature_grouping_factor"": 0.40469999999999995, ""segment_vdrop_bound_v"": 0.05691016867990937, ""allocated_segment_vdrop_percent"": 1, ""path_vdrop_bound_from_db1_v"": 2.492971565271535, ""path_vdrop_percent_from_db1"": 1.1331688933052433, ""whole_installation_vdrop_percent"": null, ""status"": ""CONDITIONAL SCREEN ONLY"", ""comparison_path_target_percent"": 3, ""comparison_path_screen"": true}]",Concealed roof route to local roof-mounted fitting; weatherproof cable entry pending.,"[21.35, 5.98, -7.36]","[21.35, 6.47, -10.6]",7.139382711274585,"Catalogue maximum proxy only; selected products, actual supply, protection, inrush, installation, origin voltage drop and engineering approval pending",1.5,,,
drop:DB2:L7:light:-1:L200,L7 → Festival lights · veranda eave B · sanctuary,DB2,DB2,L7,light,drop,"[""L200""]",4.672166101158713,4.672166101158713,One modeled mains trunk/branch/local/feeder piece,0,0.0,16,20.0,,,,,,,,,,,ENGINEERING HOLD,"[{""case_id"": ""S1-230-PF09-45C-4"", ""voltage_v"": 230, ""pf"": 0.9, ""maximum_proxy_current_a"": 0.07729468599033816, ""planning_current_a"": 0.0966183574879227, ""comparison_breaker_a"": 6, ""comparison_area_mm2"": 1.5, ""comparison_conductors"": ""3 copper cores (L/N/PE), assumed single-phase; actual PE and phases pending"", ""corrected_ampacity_a"": 7.702500000000001, ""temperature_grouping_factor"": 0.5135000000000001, ""segment_vdrop_bound_v"": 0.014337004383845482, ""allocated_segment_vdrop_percent"": 1, ""path_vdrop_bound_from_db1_v"": 3.8355801883534513, ""path_vdrop_percent_from_db1"": 1.6676435601536745, ""whole_installation_vdrop_percent"": null, ""status"": ""CONDITIONAL SCREEN ONLY"", ""comparison_path_target_percent"": 3, ""comparison_path_screen"": true}, {""case_id"": ""S2-220-PF08-50C-6"", ""voltage_v"": 220, ""pf"": 0.8, ""maximum_proxy_current_a"": 0.09090909090909091, ""planning_current_a"": 0.11363636363636363, ""comparison_breaker_a"": 6, ""comparison_area_mm2"": 1.5, ""comparison_conductors"": ""3 copper cores (L/N/PE), assumed single-phase; actual PE and phases pending"", ""corrected_ampacity_a"": 6.070499999999999, ""temperature_grouping_factor"": 0.40469999999999995, ""segment_vdrop_bound_v"": 0.016862272201454625, ""allocated_segment_vdrop_percent"": 1, ""path_vdrop_bound_from_db1_v"": 3.1742903009358825, ""path_vdrop_percent_from_db1"": 1.4428592276981285, ""whole_installation_vdrop_percent"": null, ""status"": ""CONDITIONAL SCREEN ONLY"", ""comparison_path_target_percent"": 3, ""comparison_path_screen"": true}]",Concealed roof route to local roof-mounted fitting; weatherproof cable entry pending.,"[48.4, 5.98, -7.36]","[48.4, 6.47, -10.6]",7.139382711274585,"Catalogue maximum proxy only; selected products, actual supply, protection, inrush, installation, origin voltage drop and engineering approval pending",1.5,,,
drop:DB2:L7:light:-1:L201,L7 → Festival lights · rear gable B,DB2,DB2,L7,light,drop,"[""L201""]",8.164000000000005,8.164000000000005,One modeled mains trunk/branch/local/feeder piece,0,0.0,16,20.0,,,,,,,,,,,ENGINEERING HOLD,"[{""case_id"": ""S1-230-PF09-45C-4"", ""voltage_v"": 230, ""pf"": 0.9, ""maximum_proxy_current_a"": 0.07729468599033816, ""planning_current_a"": 0.0966183574879227, ""comparison_breaker_a"": 6, ""comparison_area_mm2"": 1.5, ""comparison_conductors"": ""3 copper cores (L/N/PE), assumed single-phase; actual PE and phases pending"", ""corrected_ampacity_a"": 7.702500000000001, ""temperature_grouping_factor"": 0.5135000000000001, ""segment_vdrop_bound_v"": 0.02505204251207731, ""allocated_segment_vdrop_percent"": 1, ""path_vdrop_bound_from_db1_v"": 3.9828819974961758, ""path_vdrop_percent_from_db1"": 1.7316878249983374, ""whole_installation_vdrop_percent"": null, ""status"": ""CONDITIONAL SCREEN ONLY"", ""comparison_path_target_percent"": 3, ""comparison_path_screen"": true}, {""case_id"": ""S2-220-PF08-50C-6"", ""voltage_v"": 220, ""pf"": 0.8, ""maximum_proxy_current_a"": 0.09090909090909091, ""planning_current_a"": 0.11363636363636363, ""comparison_breaker_a"": 6, ""comparison_area_mm2"": 1.5, ""comparison_conductors"": ""3 copper cores (L/N/PE), assumed single-phase; actual PE and phases pending"", ""corrected_ampacity_a"": 6.070499999999999, ""temperature_grouping_factor"": 0.40469999999999995, ""segment_vdrop_bound_v"": 0.0294646181818182, ""allocated_segment_vdrop_percent"": 1, ""path_vdrop_bound_from_db1_v"": 3.2947024741889734, ""path_vdrop_percent_from_db1"": 1.4975920337222606, ""whole_installation_vdrop_percent"": null, ""status"": ""CONDITIONAL SCREEN ONLY"", ""comparison_path_target_percent"": 3, ""comparison_path_screen"": true}]",Rear-wall band and local termination; gable / weatherproof entry details pending.,"[53.016, 5.98, -7.36]","[53.45, 10, -3.65]",10.980400000000007,"Catalogue maximum proxy only; selected products, actual supply, protection, inrush, installation, origin voltage drop and engineering approval pending",1.5,,,
drop:DB2:L7:light:-1:L202,L7 → Festival lights · tower B · stage 1 · inner corner,DB2,DB2,L7,light,drop,"[""L202""]",8.578000000000001,8.578000000000001,One modeled mains trunk/branch/local/feeder piece,0,0.0,14,17.5,,,,,,,,,,,ENGINEERING HOLD,"[{""case_id"": ""S1-230-PF09-45C-4"", ""voltage_v"": 230, ""pf"": 0.9, ""maximum_proxy_current_a"": 0.06763285024154589, ""planning_current_a"": 0.08454106280193237, ""comparison_breaker_a"": 6, ""comparison_area_mm2"": 1.5, ""comparison_conductors"": ""3 copper cores (L/N/PE), assumed single-phase; actual PE and phases pending"", ""corrected_ampacity_a"": 7.702500000000001, ""temperature_grouping_factor"": 0.5135000000000001, ""segment_vdrop_bound_v"": 0.023032137198067633, ""allocated_segment_vdrop_percent"": 1, ""path_vdrop_bound_from_db1_v"": 2.3681519551338392, ""path_vdrop_percent_from_db1"": 1.0296312848407996, ""whole_installation_vdrop_percent"": null, ""status"": ""CONDITIONAL SCREEN ONLY"", ""comparison_path_target_percent"": 3, ""comparison_path_screen"": true}, {""case_id"": ""S2-220-PF08-50C-6"", ""voltage_v"": 220, ""pf"": 0.8, ""maximum_proxy_current_a"": 0.07954545454545454, ""planning_current_a"": 0.09943181818181818, ""comparison_breaker_a"": 6, ""comparison_area_mm2"": 1.5, ""comparison_conductors"": ""3 copper cores (L/N/PE), assumed single-phase; actual PE and phases pending"", ""corrected_ampacity_a"": 6.070499999999999, ""temperature_grouping_factor"": 0.40469999999999995, ""segment_vdrop_bound_v"": 0.02708893409090909, ""allocated_segment_vdrop_percent"": 1, ""path_vdrop_bound_from_db1_v"": 2.0193923761370804, ""path_vdrop_percent_from_db1"": 0.9179056255168547, ""whole_installation_vdrop_percent"": null, ""status"": ""CONDITIONAL SCREEN ONLY"", ""comparison_path_target_percent"": 3, ""comparison_path_screen"": true}]","Solid tower corner/piers, stepped behind cornices; local ledge/fitting connection. No riser through louver openings; chase/finish and weathering details pending.","[2.35, 5.98, -7.36]","[-0.4, 4.195, -7.823]",11.435800000000002,"Catalogue maximum proxy only; selected products, actual supply, protection, inrush, installation, origin voltage drop and engineering approval pending",1.5,,,
drop:DB2:L7:light:-1:L203,L7 → Festival lights · tower B · stage 1 · outer corner,DB2,DB2,L7,light,drop,"[""L203""]",12.998000000000001,12.998000000000001,One modeled mains trunk/branch/local/feeder piece,0,0.0,14,17.5,,,,,,,,,,,ENGINEERING HOLD,"[{""case_id"": ""S1-230-PF09-45C-4"", ""voltage_v"": 230, ""pf"": 0.9, ""maximum_proxy_current_a"": 0.06763285024154589, ""planning_current_a"": 0.08454106280193237, ""comparison_breaker_a"": 6, ""comparison_area_mm2"": 1.5, ""comparison_conductors"": ""3 copper cores (L/N/PE), assumed single-phase; actual PE and phases pending"", ""corrected_ampacity_a"": 7.702500000000001, ""temperature_grouping_factor"": 0.5135000000000001, ""segment_vdrop_bound_v"": 0.03489994396135265, ""allocated_segment_vdrop_percent"": 1, ""path_vdrop_bound_from_db1_v"": 2.3800197618971244, ""path_vdrop_percent_from_db1"": 1.0347912008248368, ""whole_installation_vdrop_percent"": null, ""status"": ""CONDITIONAL SCREEN ONLY"", ""comparison_path_target_percent"": 3, ""comparison_path_screen"": true}, {""case_id"": ""S2-220-PF08-50C-6"", ""voltage_v"": 220, ""pf"": 0.8, ""maximum_proxy_current_a"": 0.07954545454545454, ""planning_current_a"": 0.09943181818181818, ""comparison_breaker_a"": 6, ""comparison_area_mm2"": 1.5, ""comparison_conductors"": ""3 copper cores (L/N/PE), assumed single-phase; actual PE and phases pending"", ""corrected_ampacity_a"": 6.070499999999999, ""temperature_grouping_factor"": 0.40469999999999995, ""segment_vdrop_bound_v"": 0.041047093181818185, ""allocated_segment_vdrop_percent"": 1, ""path_vdrop_bound_from_db1_v"": 2.0333505352279895, ""path_vdrop_percent_from_db1"": 0.9242502432854497, ""whole_installation_vdrop_percent"": null, ""status"": ""CONDITIONAL SCREEN ONLY"", ""comparison_path_target_percent"": 3, ""comparison_path_screen"": true}]","Solid tower corner/piers, stepped behind cornices; local ledge/fitting connection. No riser through louver openings; chase/finish and weathering details pending.","[2.35, 5.98, -7.36]","[-0.4, 4.195, -12.483]",16.297800000000002,"Catalogue maximum proxy only; selected products, actual supply, protection, inrush, installation, origin voltage drop and engineering approval pending",1.5,,,
drop:DB2:L7:light:-1:L204,L7 → Festival lights · tower B · stage 2 · inner corner,DB2,DB2,L7,light,drop,"[""L204""]",9.803000000000003,9.803000000000003,One modeled mains trunk/branch/local/feeder piece,0,0.0,12,15.0,,,,,,,,,,,ENGINEERING HOLD,"[{""case_id"": ""S1-230-PF09-45C-4"", ""voltage_v"": 230, ""pf"": 0.9, ""maximum_proxy_current_a"": 0.057971014492753624, ""planning_current_a"": 0.07246376811594203, ""comparison_breaker_a"": 6, ""comparison_area_mm2"": 1.5, ""comparison_conductors"": ""3 copper cores (L/N/PE), assumed single-phase; actual PE and phases pending"", ""corrected_ampacity_a"": 7.702500000000001, ""temperature_grouping_factor"": 0.5135000000000001, ""segment_vdrop_bound_v"": 0.022561107246376815, ""allocated_segment_vdrop_percent"": 1, ""path_vdrop_bound_from_db1_v"": 2.3676809251821482, ""path_vdrop_percent_from_db1"": 1.0294264892096296, ""whole_installation_vdrop_percent"": null, ""status"": ""CONDITIONAL SCREEN ONLY"", ""comparison_path_target_percent"": 3, ""comparison_path_screen"": true}, {""case_id"": ""S2-220-PF08-50C-6"", ""voltage_v"": 220, ""pf"": 0.8, ""maximum_proxy_current_a"": 0.06818181818181818, ""planning_current_a"": 0.08522727272727272, ""comparison_breaker_a"": 6, ""comparison_area_mm2"": 1.5, ""comparison_conductors"": ""3 copper cores (L/N/PE), assumed single-phase; actual PE and phases pending"", ""corrected_ampacity_a"": 6.070499999999999, ""temperature_grouping_factor"": 0.40469999999999995, ""segment_vdrop_bound_v"": 0.02653493863636364, ""allocated_segment_vdrop_percent"": 1, ""path_vdrop_bound_from_db1_v"": 2.018838380682535, ""path_vdrop_percent_from_db1"": 0.9176538094011523, ""whole_installation_vdrop_percent"": null, ""status"": ""CONDITIONAL SCREEN ONLY"", ""comparison_path_target_percent"": 3, ""comparison_path_screen"": true}]","Solid tower corner/piers, stepped behind cornices; local ledge/fitting connection. No riser through louver openings; chase/finish and weathering details pending.","[2.35, 5.98, -7.36]","[-0.3099999999999997, 12.115, -7.948]",12.783300000000004,"Catalogue maximum proxy only; selected products, actual supply, protection, inrush, installation, origin voltage drop and engineering approval pending",1.5,,,
drop:DB2:L7:light:-1:L205,L7 → Festival lights · tower B · stage 2 · outer corner,DB2,DB2,L7,light,drop,"[""L205""]",14.223,14.223,One modeled mains trunk/branch/local/feeder piece,0,0.0,12,15.0,,,,,,,,,,,ENGINEERING HOLD,"[{""case_id"": ""S1-230-PF09-45C-4"", ""voltage_v"": 230, ""pf"": 0.9, ""maximum_proxy_current_a"": 0.057971014492753624, ""planning_current_a"": 0.07246376811594203, ""comparison_breaker_a"": 6, ""comparison_area_mm2"": 1.5, ""comparison_conductors"": ""3 copper cores (L/N/PE), assumed single-phase; actual PE and phases pending"", ""corrected_ampacity_a"": 7.702500000000001, ""temperature_grouping_factor"": 0.5135000000000001, ""segment_vdrop_bound_v"": 0.03273351304347826, ""allocated_segment_vdrop_percent"": 1, ""path_vdrop_bound_from_db1_v"": 2.37785333097925, ""path_vdrop_percent_from_db1"": 1.0338492743388044, ""whole_installation_vdrop_percent"": null, ""status"": ""CONDITIONAL SCREEN ONLY"", ""comparison_path_target_percent"": 3, ""comparison_path_screen"": true}, {""case_id"": ""S2-220-PF08-50C-6"", ""voltage_v"": 220, ""pf"": 0.8, ""maximum_proxy_current_a"": 0.06818181818181818, ""planning_current_a"": 0.08522727272727272, ""comparison_breaker_a"": 6, ""comparison_area_mm2"": 1.5, ""comparison_conductors"": ""3 copper cores (L/N/PE), assumed single-phase; actual PE and phases pending"", ""corrected_ampacity_a"": 6.070499999999999, ""temperature_grouping_factor"": 0.40469999999999995, ""segment_vdrop_bound_v"": 0.038499075, ""allocated_segment_vdrop_percent"": 1, ""path_vdrop_bound_from_db1_v"": 2.030802517046171, ""path_vdrop_percent_from_db1"": 0.9230920532028051, ""whole_installation_vdrop_percent"": null, ""status"": ""CONDITIONAL SCREEN ONLY"", ""comparison_path_target_percent"": 3, ""comparison_path_screen"": true}]","Solid tower corner/piers, stepped behind cornices; local ledge/fitting connection. No riser through louver openings; chase/finish and weathering details pending.","[2.35, 5.98, -7.36]","[-0.3099999999999997, 12.115, -12.358]",17.645300000000002,"Catalogue maximum proxy only; selected products, actual supply, protection, inrush, installation, origin voltage drop and engineering approval pending",1.5,,,
drop:DB2:L7:light:-1:L206,L7 → Festival lights · tower B · stage 3 · inner corner,DB2,DB2,L7,light,drop,"[""L206""]",17.378000000000004,17.378000000000004,One modeled mains trunk/branch/local/feeder piece,0,0.0,12,15.0,,,,,,,,,,,ENGINEERING HOLD,"[{""case_id"": ""S1-230-PF09-45C-4"", ""voltage_v"": 230, ""pf"": 0.9, ""maximum_proxy_current_a"": 0.057971014492753624, ""planning_current_a"": 0.07246376811594203, ""comparison_breaker_a"": 6, ""comparison_area_mm2"": 1.5, ""comparison_conductors"": ""3 copper cores (L/N/PE), assumed single-phase; actual PE and phases pending"", ""corrected_ampacity_a"": 7.702500000000001, ""temperature_grouping_factor"": 0.5135000000000001, ""segment_vdrop_bound_v"": 0.03999458550724638, ""allocated_segment_vdrop_percent"": 1, ""path_vdrop_bound_from_db1_v"": 2.385114403443018, ""path_vdrop_percent_from_db1"": 1.0370062623665295, ""whole_installation_vdrop_percent"": null, ""status"": ""CONDITIONAL SCREEN ONLY"", ""comparison_path_target_percent"": 3, ""comparison_path_screen"": true}, {""case_id"": ""S2-220-PF08-50C-6"", ""voltage_v"": 220, ""pf"": 0.8, ""maximum_proxy_current_a"": 0.06818181818181818, ""planning_current_a"": 0.08522727272727272, ""comparison_breaker_a"": 6, ""comparison_area_mm2"": 1.5, ""comparison_conductors"": ""3 copper cores (L/N/PE), assumed single-phase; actual PE and phases pending"", ""corrected_ampacity_a"": 6.070499999999999, ""temperature_grouping_factor"": 0.40469999999999995, ""segment_vdrop_bound_v"": 0.04703908636363637, ""allocated_segment_vdrop_percent"": 1, ""path_vdrop_bound_from_db1_v"": 2.039342528409808, ""path_vdrop_percent_from_db1"": 0.9269738765499126, ""whole_installation_vdrop_percent"": null, ""status"": ""CONDITIONAL SCREEN ONLY"", ""comparison_path_target_percent"": 3, ""comparison_path_screen"": true}]","Solid tower corner/piers, stepped behind cornices; local ledge/fitting connection. No riser through louver openings; chase/finish and weathering details pending.","[2.35, 5.98, -7.36]","[-0.20999999999999963, 19.490000000000002, -8.048]",21.115800000000007,"Catalogue maximum proxy only; selected products, actual supply, protection, inrush, installation, origin voltage drop and engineering approval pending",1.5,,,
drop:DB2:L7:light:-1:L207,L7 → Festival lights · tower B · stage 3 · outer corner,DB2,DB2,L7,light,drop,"[""L207""]",21.798,21.798,One modeled mains trunk/branch/local/feeder piece,0,0.0,12,15.0,,,,,,,,,,,ENGINEERING HOLD,"[{""case_id"": ""S1-230-PF09-45C-4"", ""voltage_v"": 230, ""pf"": 0.9, ""maximum_proxy_current_a"": 0.057971014492753624, ""planning_current_a"": 0.07246376811594203, ""comparison_breaker_a"": 6, ""comparison_area_mm2"": 1.5, ""comparison_conductors"": ""3 copper cores (L/N/PE), assumed single-phase; actual PE and phases pending"", ""corrected_ampacity_a"": 7.702500000000001, ""temperature_grouping_factor"": 0.5135000000000001, ""segment_vdrop_bound_v"": 0.05016699130434782, ""allocated_segment_vdrop_percent"": 1, ""path_vdrop_bound_from_db1_v"": 2.3952868092401194, ""path_vdrop_percent_from_db1"": 1.0414290474957042, ""whole_installation_vdrop_percent"": null, ""status"": ""CONDITIONAL SCREEN ONLY"", ""comparison_path_target_percent"": 3, ""comparison_path_screen"": true}, {""case_id"": ""S2-220-PF08-50C-6"", ""voltage_v"": 220, ""pf"": 0.8, ""maximum_proxy_current_a"": 0.06818181818181818, ""planning_current_a"": 0.08522727272727272, ""comparison_breaker_a"": 6, ""comparison_area_mm2"": 1.5, ""comparison_conductors"": ""3 copper cores (L/N/PE), assumed single-phase; actual PE and phases pending"", ""corrected_ampacity_a"": 6.070499999999999, ""temperature_grouping_factor"": 0.40469999999999995, ""segment_vdrop_bound_v"": 0.059003222727272715, ""allocated_segment_vdrop_percent"": 1, ""path_vdrop_bound_from_db1_v"": 2.051306664773444, ""path_vdrop_percent_from_db1"": 0.9324121203515655, ""whole_installation_vdrop_percent"": null, ""status"": ""CONDITIONAL SCREEN ONLY"", ""comparison_path_target_percent"": 3, ""comparison_path_screen"": true}]","Solid tower corner/piers, stepped behind cornices; local ledge/fitting connection. No riser through louver openings; chase/finish and weathering details pending.","[2.35, 5.98, -7.36]","[-0.20999999999999963, 19.490000000000002, -12.258000000000001]",25.9778,"Catalogue maximum proxy only; selected products, actual supply, protection, inrush, installation, origin voltage drop and engineering approval pending",1.5,,,
drop:DB2:L7:light:-1:L219,L7 → Festival lights · front terrace between the towers,DB2,DB2,L7,light,drop,"[""L219""]",10.080000000000002,10.080000000000002,One modeled mains trunk/branch/local/feeder piece,0,0.0,26,32.5,,,,,,,,,,,ENGINEERING HOLD,"[{""case_id"": ""S1-230-PF09-45C-4"", ""voltage_v"": 230, ""pf"": 0.9, ""maximum_proxy_current_a"": 0.12560386473429952, ""planning_current_a"": 0.1570048309178744, ""comparison_breaker_a"": 6, ""comparison_area_mm2"": 1.5, ""comparison_conductors"": ""3 copper cores (L/N/PE), assumed single-phase; actual PE and phases pending"", ""corrected_ampacity_a"": 7.702500000000001, ""temperature_grouping_factor"": 0.5135000000000001, ""segment_vdrop_bound_v"": 0.05026365217391305, ""allocated_segment_vdrop_percent"": 1, ""path_vdrop_bound_from_db1_v"": 2.3953834701096848, ""path_vdrop_percent_from_db1"": 1.0414710739607325, ""whole_installation_vdrop_percent"": null, ""status"": ""CONDITIONAL SCREEN ONLY"", ""comparison_path_target_percent"": 3, ""comparison_path_screen"": true}, {""case_id"": ""S2-220-PF08-50C-6"", ""voltage_v"": 220, ""pf"": 0.8, ""maximum_proxy_current_a"": 0.14772727272727273, ""planning_current_a"": 0.1846590909090909, ""comparison_breaker_a"": 6, ""comparison_area_mm2"": 1.5, ""comparison_conductors"": ""3 copper cores (L/N/PE), assumed single-phase; actual PE and phases pending"", ""corrected_ampacity_a"": 6.070499999999999, ""temperature_grouping_factor"": 0.40469999999999995, ""segment_vdrop_bound_v"": 0.059116909090909095, ""allocated_segment_vdrop_percent"": 1, ""path_vdrop_bound_from_db1_v"": 2.0514203511370805, ""path_vdrop_percent_from_db1"": 0.9324637959714003, ""whole_installation_vdrop_percent"": null, ""status"": ""CONDITIONAL SCREEN ONLY"", ""comparison_path_target_percent"": 3, ""comparison_path_screen"": true}]","Concealed entrance wall band, solid pier and local termination.","[2.35, 5.98, -7.36]","[2.15, 8.5, 0]",13.088000000000003,"Catalogue maximum proxy only; selected products, actual supply, protection, inrush, installation, origin voltage drop and engineering approval pending",1.5,,,
drop:DB2:L7:light:-1:L220,L7 → Festival flood · rear gable B,DB2,DB2,L7,light,drop,"[""L220""]",3.7548036909452103,3.7548036909452103,One modeled mains trunk/branch/local/feeder piece,0,0.0,70,87.5,,,,,,,,,,,ENGINEERING HOLD,"[{""case_id"": ""S1-230-PF09-45C-4"", ""voltage_v"": 230, ""pf"": 0.9, ""maximum_proxy_current_a"": 0.33816425120772947, ""planning_current_a"": 0.4227053140096618, ""comparison_breaker_a"": 6, ""comparison_area_mm2"": 1.5, ""comparison_conductors"": ""3 copper cores (L/N/PE), assumed single-phase; actual PE and phases pending"", ""corrected_ampacity_a"": 7.702500000000001, ""temperature_grouping_factor"": 0.5135000000000001, ""segment_vdrop_bound_v"": 0.05040869302964608, ""allocated_segment_vdrop_percent"": 1, ""path_vdrop_bound_from_db1_v"": 3.9959292683035996, ""path_vdrop_percent_from_db1"": 1.7373605514363475, ""whole_installation_vdrop_percent"": null, ""status"": ""CONDITIONAL SCREEN ONLY"", ""comparison_path_target_percent"": 3, ""comparison_path_screen"": true}, {""case_id"": ""S2-220-PF08-50C-6"", ""voltage_v"": 220, ""pf"": 0.8, ""maximum_proxy_current_a"": 0.3977272727272727, ""planning_current_a"": 0.4971590909090909, ""comparison_breaker_a"": 6, ""comparison_area_mm2"": 1.5, ""comparison_conductors"": ""3 copper cores (L/N/PE), assumed single-phase; actual PE and phases pending"", ""corrected_ampacity_a"": 6.070499999999999, ""temperature_grouping_factor"": 0.40469999999999995, ""segment_vdrop_bound_v"": 0.059287496915549645, ""allocated_segment_vdrop_percent"": 1, ""path_vdrop_bound_from_db1_v"": 3.3148093892863413, ""path_vdrop_percent_from_db1"": 1.5067315405847006, ""whole_installation_vdrop_percent"": null, ""status"": ""CONDITIONAL SCREEN ONLY"", ""comparison_path_target_percent"": 3, ""comparison_path_screen"": true}]",Concealed roof route to local roof-mounted fitting; weatherproof cable entry pending.,"[52.6, 5.98, -7.36]","[52.6, 6.55, -9.8]",6.130284060039732,"Catalogue maximum proxy only; selected products, actual supply, protection, inrush, installation, origin voltage drop and engineering approval pending",1.5,,,
trunk:DB2:L7:light:1,L7 · H · circuit trunk,DB2,DB2,L7,light,trunk,"[""L208"", ""L209"", ""L210"", ""L211"", ""L212"", ""L213"", ""L214"", ""L215"", ""L216"", ""L217"", ""L218"", ""L221""]",73.36213031117919,73.36213031117919,One modeled mains trunk/branch/local/feeder piece,0,0.0,302,377.5,,,,,,,,,,,ENGINEERING HOLD,"[{""case_id"": ""S1-230-PF09-45C-4"", ""voltage_v"": 230, ""pf"": 0.9, ""maximum_proxy_current_a"": 1.458937198067633, ""planning_current_a"": 1.8236714975845412, ""comparison_breaker_a"": 6, ""comparison_area_mm2"": 4, ""comparison_conductors"": ""3 copper cores (L/N/PE), assumed single-phase; actual PE and phases pending"", ""corrected_ampacity_a"": 13.864500000000001, ""temperature_grouping_factor"": 0.5135000000000001, ""segment_vdrop_bound_v"": 1.6067989968674705, ""allocated_segment_vdrop_percent"": 1, ""path_vdrop_bound_from_db1_v"": 3.5891471916148365, ""path_vdrop_percent_from_db1"": 1.5604987789629725, ""whole_installation_vdrop_percent"": null, ""status"": ""CONDITIONAL SCREEN ONLY"", ""comparison_path_target_percent"": 3, ""comparison_path_screen"": true}, {""case_id"": ""S2-220-PF08-50C-6"", ""voltage_v"": 220, ""pf"": 0.8, ""maximum_proxy_current_a"": 1.7159090909090908, ""planning_current_a"": 2.1448863636363638, ""comparison_breaker_a"": 6, ""comparison_area_mm2"": 4, ""comparison_conductors"": ""3 copper cores (L/N/PE), assumed single-phase; actual PE and phases pending"", ""corrected_ampacity_a"": 10.926899999999998, ""temperature_grouping_factor"": 0.40469999999999995, ""segment_vdrop_bound_v"": 1.8898147292702638, ""allocated_segment_vdrop_percent"": 1, ""path_vdrop_bound_from_db1_v"": 3.595777512225526, ""path_vdrop_percent_from_db1"": 1.6344443237388755, ""whole_installation_vdrop_percent"": null, ""status"": ""CONDITIONAL SCREEN ONLY"", ""comparison_path_target_percent"": 3, ""comparison_path_screen"": true}]",Wall bands above openings; concealed finish-matched soffit crossing over the 9–10 wing opening.,"[2.73, 1.5, -3.3]","[53.016, 5.98, 7.36]",82.69834334229711,"Catalogue maximum proxy only; selected products, actual supply, protection, inrush, installation, origin voltage drop and engineering approval pending",4,,,
drop:DB2:L7:light:1:L208,L7 → Festival lights · main eave H · nave,DB2,DB2,L7,light,drop,"[""L208""]",1.370589523865243,1.370589523865243,One modeled mains trunk/branch/local/feeder piece,0,0.0,54,67.5,,,,,,,,,,,ENGINEERING HOLD,"[{""case_id"": ""S1-230-PF09-45C-4"", ""voltage_v"": 230, ""pf"": 0.9, ""maximum_proxy_current_a"": 0.2608695652173913, ""planning_current_a"": 0.32608695652173914, ""comparison_breaker_a"": 6, ""comparison_area_mm2"": 1.5, ""comparison_conductors"": ""3 copper cores (L/N/PE), assumed single-phase; actual PE and phases pending"", ""corrected_ampacity_a"": 7.702500000000001, ""temperature_grouping_factor"": 0.5135000000000001, ""segment_vdrop_bound_v"": 0.01419454019933482, ""allocated_segment_vdrop_percent"": 1, ""path_vdrop_bound_from_db1_v"": 2.825763611758295, ""path_vdrop_percent_from_db1"": 1.2285928746775197, ""whole_installation_vdrop_percent"": null, ""status"": ""CONDITIONAL SCREEN ONLY"", ""comparison_path_target_percent"": 3, ""comparison_path_screen"": true}, {""case_id"": ""S2-220-PF08-50C-6"", ""voltage_v"": 220, ""pf"": 0.8, ""maximum_proxy_current_a"": 0.3068181818181818, ""planning_current_a"": 0.3835227272727273, ""comparison_breaker_a"": 6, ""comparison_area_mm2"": 1.5, ""comparison_conductors"": ""3 copper cores (L/N/PE), assumed single-phase; actual PE and phases pending"", ""corrected_ampacity_a"": 6.070499999999999, ""temperature_grouping_factor"": 0.40469999999999995, ""segment_vdrop_bound_v"": 0.01669471489353584, ""allocated_segment_vdrop_percent"": 1, ""path_vdrop_bound_from_db1_v"": 2.697934324553344, ""path_vdrop_percent_from_db1"": 1.2263337838878834, ""whole_installation_vdrop_percent"": null, ""status"": ""CONDITIONAL SCREEN ONLY"", ""comparison_path_target_percent"": 3, ""comparison_path_screen"": true}]",Concealed roof route to local roof-mounted fitting; weatherproof cable entry pending.,"[21.35, 5.98, 7.36]","[21.35, 7.32, 7.3]",3.5076484762517675,"Catalogue maximum proxy only; selected products, actual supply, protection, inrush, installation, origin voltage drop and engineering approval pending",1.5,,,
drop:DB2:L7:light:1:L209,L7 → Festival lights · main eave H · sanctuary,DB2,DB2,L7,light,drop,"[""L209""]",1.370589523865243,1.370589523865243,One modeled mains trunk/branch/local/feeder piece,0,0.0,16,20.0,,,,,,,,,,,ENGINEERING HOLD,"[{""case_id"": ""S1-230-PF09-45C-4"", ""voltage_v"": 230, ""pf"": 0.9, ""maximum_proxy_current_a"": 0.07729468599033816, ""planning_current_a"": 0.0966183574879227, ""comparison_breaker_a"": 6, ""comparison_area_mm2"": 1.5, ""comparison_conductors"": ""3 copper cores (L/N/PE), assumed single-phase; actual PE and phases pending"", ""corrected_ampacity_a"": 7.702500000000001, ""temperature_grouping_factor"": 0.5135000000000001, ""segment_vdrop_bound_v"": 0.004205789688691799, ""allocated_segment_vdrop_percent"": 1, ""path_vdrop_bound_from_db1_v"": 3.4922519890329973, ""path_vdrop_percent_from_db1"": 1.5183704300143466, ""whole_installation_vdrop_percent"": null, ""status"": ""CONDITIONAL SCREEN ONLY"", ""comparison_path_target_percent"": 3, ""comparison_path_screen"": true}, {""case_id"": ""S2-220-PF08-50C-6"", ""voltage_v"": 220, ""pf"": 0.8, ""maximum_proxy_current_a"": 0.09090909090909091, ""planning_current_a"": 0.11363636363636363, ""comparison_breaker_a"": 6, ""comparison_area_mm2"": 1.5, ""comparison_conductors"": ""3 copper cores (L/N/PE), assumed single-phase; actual PE and phases pending"", ""corrected_ampacity_a"": 6.070499999999999, ""temperature_grouping_factor"": 0.40469999999999995, ""segment_vdrop_bound_v"": 0.004946582190677286, ""allocated_segment_vdrop_percent"": 1, ""path_vdrop_bound_from_db1_v"": 3.481815541007113, ""path_vdrop_percent_from_db1"": 1.582643427730506, ""whole_installation_vdrop_percent"": null, ""status"": ""CONDITIONAL SCREEN ONLY"", ""comparison_path_target_percent"": 3, ""comparison_path_screen"": true}]",Concealed roof route to local roof-mounted fitting; weatherproof cable entry pending.,"[48.4, 5.98, 7.36]","[48.4, 7.32, 7.3]",3.5076484762517675,"Catalogue maximum proxy only; selected products, actual supply, protection, inrush, installation, origin voltage drop and engineering approval pending",1.5,,,
drop:DB2:L7:light:1:L210,L7 → Festival lights · veranda eave H · nave,DB2,DB2,L7,light,drop,"[""L210""]",4.672166101158713,4.672166101158713,One modeled mains trunk/branch/local/feeder piece,0,0.0,54,67.5,,,,,,,,,,,ENGINEERING HOLD,"[{""case_id"": ""S1-230-PF09-45C-4"", ""voltage_v"": 230, ""pf"": 0.9, ""maximum_proxy_current_a"": 0.2608695652173913, ""planning_current_a"": 0.32608695652173914, ""comparison_breaker_a"": 6, ""comparison_area_mm2"": 1.5, ""comparison_conductors"": ""3 copper cores (L/N/PE), assumed single-phase; actual PE and phases pending"", ""corrected_ampacity_a"": 7.702500000000001, ""temperature_grouping_factor"": 0.5135000000000001, ""segment_vdrop_bound_v"": 0.0483873897954785, ""allocated_segment_vdrop_percent"": 1, ""path_vdrop_bound_from_db1_v"": 2.8599564613544386, ""path_vdrop_percent_from_db1"": 1.243459331023669, ""whole_installation_vdrop_percent"": null, ""status"": ""CONDITIONAL SCREEN ONLY"", ""comparison_path_target_percent"": 3, ""comparison_path_screen"": true}, {""case_id"": ""S2-220-PF08-50C-6"", ""voltage_v"": 220, ""pf"": 0.8, ""maximum_proxy_current_a"": 0.3068181818181818, ""planning_current_a"": 0.3835227272727273, ""comparison_breaker_a"": 6, ""comparison_area_mm2"": 1.5, ""comparison_conductors"": ""3 copper cores (L/N/PE), assumed single-phase; actual PE and phases pending"", ""corrected_ampacity_a"": 6.070499999999999, ""temperature_grouping_factor"": 0.40469999999999995, ""segment_vdrop_bound_v"": 0.05691016867990937, ""allocated_segment_vdrop_percent"": 1, ""path_vdrop_bound_from_db1_v"": 2.738149778339717, ""path_vdrop_percent_from_db1"": 1.2446135356089623, ""whole_installation_vdrop_percent"": null, ""status"": ""CONDITIONAL SCREEN ONLY"", ""comparison_path_target_percent"": 3, ""comparison_path_screen"": true}]",Concealed roof route to local roof-mounted fitting; weatherproof cable entry pending.,"[21.35, 5.98, 7.36]","[21.35, 6.47, 10.6]",7.139382711274585,"Catalogue maximum proxy only; selected products, actual supply, protection, inrush, installation, origin voltage drop and engineering approval pending",1.5,,,
drop:DB2:L7:light:1:L211,L7 → Festival lights · veranda eave H · sanctuary,DB2,DB2,L7,light,drop,"[""L211""]",4.672166101158713,4.672166101158713,One modeled mains trunk/branch/local/feeder piece,0,0.0,16,20.0,,,,,,,,,,,ENGINEERING HOLD,"[{""case_id"": ""S1-230-PF09-45C-4"", ""voltage_v"": 230, ""pf"": 0.9, ""maximum_proxy_current_a"": 0.07729468599033816, ""planning_current_a"": 0.0966183574879227, ""comparison_breaker_a"": 6, ""comparison_area_mm2"": 1.5, ""comparison_conductors"": ""3 copper cores (L/N/PE), assumed single-phase; actual PE and phases pending"", ""corrected_ampacity_a"": 7.702500000000001, ""temperature_grouping_factor"": 0.5135000000000001, ""segment_vdrop_bound_v"": 0.014337004383845482, ""allocated_segment_vdrop_percent"": 1, ""path_vdrop_bound_from_db1_v"": 3.502383203728151, ""path_vdrop_percent_from_db1"": 1.5227753059687614, ""whole_installation_vdrop_percent"": null, ""status"": ""CONDITIONAL SCREEN ONLY"", ""comparison_path_target_percent"": 3, ""comparison_path_screen"": true}, {""case_id"": ""S2-220-PF08-50C-6"", ""voltage_v"": 220, ""pf"": 0.8, ""maximum_proxy_current_a"": 0.09090909090909091, ""planning_current_a"": 0.11363636363636363, ""comparison_breaker_a"": 6, ""comparison_area_mm2"": 1.5, ""comparison_conductors"": ""3 copper cores (L/N/PE), assumed single-phase; actual PE and phases pending"", ""corrected_ampacity_a"": 6.070499999999999, ""temperature_grouping_factor"": 0.40469999999999995, ""segment_vdrop_bound_v"": 0.016862272201454625, ""allocated_segment_vdrop_percent"": 1, ""path_vdrop_bound_from_db1_v"": 3.49373123101789, ""path_vdrop_percent_from_db1"": 1.5880596504626774, ""whole_installation_vdrop_percent"": null, ""status"": ""CONDITIONAL SCREEN ONLY"", ""comparison_path_target_percent"": 3, ""comparison_path_screen"": true}]",Concealed roof route to local roof-mounted fitting; weatherproof cable entry pending.,"[48.4, 5.98, 7.36]","[48.4, 6.47, 10.6]",7.139382711274585,"Catalogue maximum proxy only; selected products, actual supply, protection, inrush, installation, origin voltage drop and engineering approval pending",1.5,,,
drop:DB2:L7:light:1:L212,L7 → Festival lights · rear gable H,DB2,DB2,L7,light,drop,"[""L212""]",8.164000000000005,8.164000000000005,One modeled mains trunk/branch/local/feeder piece,0,0.0,16,20.0,,,,,,,,,,,ENGINEERING HOLD,"[{""case_id"": ""S1-230-PF09-45C-4"", ""voltage_v"": 230, ""pf"": 0.9, ""maximum_proxy_current_a"": 0.07729468599033816, ""planning_current_a"": 0.0966183574879227, ""comparison_breaker_a"": 6, ""comparison_area_mm2"": 1.5, ""comparison_conductors"": ""3 copper cores (L/N/PE), assumed single-phase; actual PE and phases pending"", ""corrected_ampacity_a"": 7.702500000000001, ""temperature_grouping_factor"": 0.5135000000000001, ""segment_vdrop_bound_v"": 0.02505204251207731, ""allocated_segment_vdrop_percent"": 1, ""path_vdrop_bound_from_db1_v"": 3.6141992341269136, ""path_vdrop_percent_from_db1"": 1.5713909713595275, ""whole_installation_vdrop_percent"": null, ""status"": ""CONDITIONAL SCREEN ONLY"", ""comparison_path_target_percent"": 3, ""comparison_path_screen"": true}, {""case_id"": ""S2-220-PF08-50C-6"", ""voltage_v"": 220, ""pf"": 0.8, ""maximum_proxy_current_a"": 0.09090909090909091, ""planning_current_a"": 0.11363636363636363, ""comparison_breaker_a"": 6, ""comparison_area_mm2"": 1.5, ""comparison_conductors"": ""3 copper cores (L/N/PE), assumed single-phase; actual PE and phases pending"", ""corrected_ampacity_a"": 6.070499999999999, ""temperature_grouping_factor"": 0.40469999999999995, ""segment_vdrop_bound_v"": 0.0294646181818182, ""allocated_segment_vdrop_percent"": 1, ""path_vdrop_bound_from_db1_v"": 3.6252421304073446, ""path_vdrop_percent_from_db1"": 1.6478373320033386, ""whole_installation_vdrop_percent"": null, ""status"": ""CONDITIONAL SCREEN ONLY"", ""comparison_path_target_percent"": 3, ""comparison_path_screen"": true}]",Rear-wall band and local termination; gable / weatherproof entry details pending.,"[53.016, 5.98, 7.36]","[53.45, 10, 3.65]",10.980400000000007,"Catalogue maximum proxy only; selected products, actual supply, protection, inrush, installation, origin voltage drop and engineering approval pending",1.5,,,
drop:DB2:L7:light:1:L213,L7 → Festival lights · tower H · stage 1 · inner corner,DB2,DB2,L7,light,drop,"[""L213""]",8.578000000000001,8.578000000000001,One modeled mains trunk/branch/local/feeder piece,0,0.0,14,17.5,,,,,,,,,,,ENGINEERING HOLD,"[{""case_id"": ""S1-230-PF09-45C-4"", ""voltage_v"": 230, ""pf"": 0.9, ""maximum_proxy_current_a"": 0.06763285024154589, ""planning_current_a"": 0.08454106280193237, ""comparison_breaker_a"": 6, ""comparison_area_mm2"": 1.5, ""comparison_conductors"": ""3 copper cores (L/N/PE), assumed single-phase; actual PE and phases pending"", ""corrected_ampacity_a"": 7.702500000000001, ""temperature_grouping_factor"": 0.5135000000000001, ""segment_vdrop_bound_v"": 0.023032137198067633, ""allocated_segment_vdrop_percent"": 1, ""path_vdrop_bound_from_db1_v"": 2.418457609723211, ""path_vdrop_percent_from_db1"": 1.0515033085753092, ""whole_installation_vdrop_percent"": null, ""status"": ""CONDITIONAL SCREEN ONLY"", ""comparison_path_target_percent"": 3, ""comparison_path_screen"": true}, {""case_id"": ""S2-220-PF08-50C-6"", ""voltage_v"": 220, ""pf"": 0.8, ""maximum_proxy_current_a"": 0.07954545454545454, ""planning_current_a"": 0.09943181818181818, ""comparison_breaker_a"": 6, ""comparison_area_mm2"": 1.5, ""comparison_conductors"": ""3 copper cores (L/N/PE), assumed single-phase; actual PE and phases pending"", ""corrected_ampacity_a"": 6.070499999999999, ""temperature_grouping_factor"": 0.40469999999999995, ""segment_vdrop_bound_v"": 0.02708893409090909, ""allocated_segment_vdrop_percent"": 1, ""path_vdrop_bound_from_db1_v"": 2.2188869244325353, ""path_vdrop_percent_from_db1"": 1.0085849656511525, ""whole_installation_vdrop_percent"": null, ""status"": ""CONDITIONAL SCREEN ONLY"", ""comparison_path_target_percent"": 3, ""comparison_path_screen"": true}]","Solid tower corner/piers, stepped behind cornices; local ledge/fitting connection. No riser through louver openings; chase/finish and weathering details pending.","[2.35, 5.98, 7.36]","[-0.4, 4.195, 7.823]",11.435800000000002,"Catalogue maximum proxy only; selected products, actual supply, protection, inrush, installation, origin voltage drop and engineering approval pending",1.5,,,
drop:DB2:L7:light:1:L214,L7 → Festival lights · tower H · stage 1 · outer corner,DB2,DB2,L7,light,drop,"[""L214""]",12.998000000000001,12.998000000000001,One modeled mains trunk/branch/local/feeder piece,0,0.0,14,17.5,,,,,,,,,,,ENGINEERING HOLD,"[{""case_id"": ""S1-230-PF09-45C-4"", ""voltage_v"": 230, ""pf"": 0.9, ""maximum_proxy_current_a"": 0.06763285024154589, ""planning_current_a"": 0.08454106280193237, ""comparison_breaker_a"": 6, ""comparison_area_mm2"": 1.5, ""comparison_conductors"": ""3 copper cores (L/N/PE), assumed single-phase; actual PE and phases pending"", ""corrected_ampacity_a"": 7.702500000000001, ""temperature_grouping_factor"": 0.5135000000000001, ""segment_vdrop_bound_v"": 0.03489994396135265, ""allocated_segment_vdrop_percent"": 1, ""path_vdrop_bound_from_db1_v"": 2.4303254164864962, ""path_vdrop_percent_from_db1"": 1.0566632245593461, ""whole_installation_vdrop_percent"": null, ""status"": ""CONDITIONAL SCREEN ONLY"", ""comparison_path_target_percent"": 3, ""comparison_path_screen"": true}, {""case_id"": ""S2-220-PF08-50C-6"", ""voltage_v"": 220, ""pf"": 0.8, ""maximum_proxy_current_a"": 0.07954545454545454, ""planning_current_a"": 0.09943181818181818, ""comparison_breaker_a"": 6, ""comparison_area_mm2"": 1.5, ""comparison_conductors"": ""3 copper cores (L/N/PE), assumed single-phase; actual PE and phases pending"", ""corrected_ampacity_a"": 6.070499999999999, ""temperature_grouping_factor"": 0.40469999999999995, ""segment_vdrop_bound_v"": 0.041047093181818185, ""allocated_segment_vdrop_percent"": 1, ""path_vdrop_bound_from_db1_v"": 2.2328450835234444, ""path_vdrop_percent_from_db1"": 1.0149295834197474, ""whole_installation_vdrop_percent"": null, ""status"": ""CONDITIONAL SCREEN ONLY"", ""comparison_path_target_percent"": 3, ""comparison_path_screen"": true}]","Solid tower corner/piers, stepped behind cornices; local ledge/fitting connection. No riser through louver openings; chase/finish and weathering details pending.","[2.35, 5.98, 7.36]","[-0.4, 4.195, 12.483]",16.297800000000002,"Catalogue maximum proxy only; selected products, actual supply, protection, inrush, installation, origin voltage drop and engineering approval pending",1.5,,,
drop:DB2:L7:light:1:L215,L7 → Festival lights · tower H · stage 2 · inner corner,DB2,DB2,L7,light,drop,"[""L215""]",9.803000000000003,9.803000000000003,One modeled mains trunk/branch/local/feeder piece,0,0.0,12,15.0,,,,,,,,,,,ENGINEERING HOLD,"[{""case_id"": ""S1-230-PF09-45C-4"", ""voltage_v"": 230, ""pf"": 0.9, ""maximum_proxy_current_a"": 0.057971014492753624, ""planning_current_a"": 0.07246376811594203, ""comparison_breaker_a"": 6, ""comparison_area_mm2"": 1.5, ""comparison_conductors"": ""3 copper cores (L/N/PE), assumed single-phase; actual PE and phases pending"", ""corrected_ampacity_a"": 7.702500000000001, ""temperature_grouping_factor"": 0.5135000000000001, ""segment_vdrop_bound_v"": 0.022561107246376815, ""allocated_segment_vdrop_percent"": 1, ""path_vdrop_bound_from_db1_v"": 2.4179865797715205, ""path_vdrop_percent_from_db1"": 1.0512985129441395, ""whole_installation_vdrop_percent"": null, ""status"": ""CONDITIONAL SCREEN ONLY"", ""comparison_path_target_percent"": 3, ""comparison_path_screen"": true}, {""case_id"": ""S2-220-PF08-50C-6"", ""voltage_v"": 220, ""pf"": 0.8, ""maximum_proxy_current_a"": 0.06818181818181818, ""planning_current_a"": 0.08522727272727272, ""comparison_breaker_a"": 6, ""comparison_area_mm2"": 1.5, ""comparison_conductors"": ""3 copper cores (L/N/PE), assumed single-phase; actual PE and phases pending"", ""corrected_ampacity_a"": 6.070499999999999, ""temperature_grouping_factor"": 0.40469999999999995, ""segment_vdrop_bound_v"": 0.02653493863636364, ""allocated_segment_vdrop_percent"": 1, ""path_vdrop_bound_from_db1_v"": 2.21833292897799, ""path_vdrop_percent_from_db1"": 1.00833314953545, ""whole_installation_vdrop_percent"": null, ""status"": ""CONDITIONAL SCREEN ONLY"", ""comparison_path_target_percent"": 3, ""comparison_path_screen"": true}]","Solid tower corner/piers, stepped behind cornices; local ledge/fitting connection. No riser through louver openings; chase/finish and weathering details pending.","[2.35, 5.98, 7.36]","[-0.3099999999999997, 12.115, 7.948]",12.783300000000004,"Catalogue maximum proxy only; selected products, actual supply, protection, inrush, installation, origin voltage drop and engineering approval pending",1.5,,,
drop:DB2:L7:light:1:L216,L7 → Festival lights · tower H · stage 2 · outer corner,DB2,DB2,L7,light,drop,"[""L216""]",14.223,14.223,One modeled mains trunk/branch/local/feeder piece,0,0.0,12,15.0,,,,,,,,,,,ENGINEERING HOLD,"[{""case_id"": ""S1-230-PF09-45C-4"", ""voltage_v"": 230, ""pf"": 0.9, ""maximum_proxy_current_a"": 0.057971014492753624, ""planning_current_a"": 0.07246376811594203, ""comparison_breaker_a"": 6, ""comparison_area_mm2"": 1.5, ""comparison_conductors"": ""3 copper cores (L/N/PE), assumed single-phase; actual PE and phases pending"", ""corrected_ampacity_a"": 7.702500000000001, ""temperature_grouping_factor"": 0.5135000000000001, ""segment_vdrop_bound_v"": 0.03273351304347826, ""allocated_segment_vdrop_percent"": 1, ""path_vdrop_bound_from_db1_v"": 2.4281589855686216, ""path_vdrop_percent_from_db1"": 1.0557212980733137, ""whole_installation_vdrop_percent"": null, ""status"": ""CONDITIONAL SCREEN ONLY"", ""comparison_path_target_percent"": 3, ""comparison_path_screen"": true}, {""case_id"": ""S2-220-PF08-50C-6"", ""voltage_v"": 220, ""pf"": 0.8, ""maximum_proxy_current_a"": 0.06818181818181818, ""planning_current_a"": 0.08522727272727272, ""comparison_breaker_a"": 6, ""comparison_area_mm2"": 1.5, ""comparison_conductors"": ""3 copper cores (L/N/PE), assumed single-phase; actual PE and phases pending"", ""corrected_ampacity_a"": 6.070499999999999, ""temperature_grouping_factor"": 0.40469999999999995, ""segment_vdrop_bound_v"": 0.038499075, ""allocated_segment_vdrop_percent"": 1, ""path_vdrop_bound_from_db1_v"": 2.230297065341626, ""path_vdrop_percent_from_db1"": 1.0137713933371029, ""whole_installation_vdrop_percent"": null, ""status"": ""CONDITIONAL SCREEN ONLY"", ""comparison_path_target_percent"": 3, ""comparison_path_screen"": true}]","Solid tower corner/piers, stepped behind cornices; local ledge/fitting connection. No riser through louver openings; chase/finish and weathering details pending.","[2.35, 5.98, 7.36]","[-0.3099999999999997, 12.115, 12.358]",17.645300000000002,"Catalogue maximum proxy only; selected products, actual supply, protection, inrush, installation, origin voltage drop and engineering approval pending",1.5,,,
drop:DB2:L7:light:1:L217,L7 → Festival lights · tower H · stage 3 · inner corner,DB2,DB2,L7,light,drop,"[""L217""]",17.378000000000004,17.378000000000004,One modeled mains trunk/branch/local/feeder piece,0,0.0,12,15.0,,,,,,,,,,,ENGINEERING HOLD,"[{""case_id"": ""S1-230-PF09-45C-4"", ""voltage_v"": 230, ""pf"": 0.9, ""maximum_proxy_current_a"": 0.057971014492753624, ""planning_current_a"": 0.07246376811594203, ""comparison_breaker_a"": 6, ""comparison_area_mm2"": 1.5, ""comparison_conductors"": ""3 copper cores (L/N/PE), assumed single-phase; actual PE and phases pending"", ""corrected_ampacity_a"": 7.702500000000001, ""temperature_grouping_factor"": 0.5135000000000001, ""segment_vdrop_bound_v"": 0.03999458550724638, ""allocated_segment_vdrop_percent"": 1, ""path_vdrop_bound_from_db1_v"": 2.43542005803239, ""path_vdrop_percent_from_db1"": 1.0588782861010393, ""whole_installation_vdrop_percent"": null, ""status"": ""CONDITIONAL SCREEN ONLY"", ""comparison_path_target_percent"": 3, ""comparison_path_screen"": true}, {""case_id"": ""S2-220-PF08-50C-6"", ""voltage_v"": 220, ""pf"": 0.8, ""maximum_proxy_current_a"": 0.06818181818181818, ""planning_current_a"": 0.08522727272727272, ""comparison_breaker_a"": 6, ""comparison_area_mm2"": 1.5, ""comparison_conductors"": ""3 copper cores (L/N/PE), assumed single-phase; actual PE and phases pending"", ""corrected_ampacity_a"": 6.070499999999999, ""temperature_grouping_factor"": 0.40469999999999995, ""segment_vdrop_bound_v"": 0.04703908636363637, ""allocated_segment_vdrop_percent"": 1, ""path_vdrop_bound_from_db1_v"": 2.2388370767052623, ""path_vdrop_percent_from_db1"": 1.01765321668421, ""whole_installation_vdrop_percent"": null, ""status"": ""CONDITIONAL SCREEN ONLY"", ""comparison_path_target_percent"": 3, ""comparison_path_screen"": true}]","Solid tower corner/piers, stepped behind cornices; local ledge/fitting connection. No riser through louver openings; chase/finish and weathering details pending.","[2.35, 5.98, 7.36]","[-0.20999999999999963, 19.490000000000002, 8.048]",21.115800000000007,"Catalogue maximum proxy only; selected products, actual supply, protection, inrush, installation, origin voltage drop and engineering approval pending",1.5,,,
drop:DB2:L7:light:1:L218,L7 → Festival lights · tower H · stage 3 · outer corner,DB2,DB2,L7,light,drop,"[""L218""]",21.798,21.798,One modeled mains trunk/branch/local/feeder piece,0,0.0,12,15.0,,,,,,,,,,,ENGINEERING HOLD,"[{""case_id"": ""S1-230-PF09-45C-4"", ""voltage_v"": 230, ""pf"": 0.9, ""maximum_proxy_current_a"": 0.057971014492753624, ""planning_current_a"": 0.07246376811594203, ""comparison_breaker_a"": 6, ""comparison_area_mm2"": 1.5, ""comparison_conductors"": ""3 copper cores (L/N/PE), assumed single-phase; actual PE and phases pending"", ""corrected_ampacity_a"": 7.702500000000001, ""temperature_grouping_factor"": 0.5135000000000001, ""segment_vdrop_bound_v"": 0.05016699130434782, ""allocated_segment_vdrop_percent"": 1, ""path_vdrop_bound_from_db1_v"": 2.4455924638294912, ""path_vdrop_percent_from_db1"": 1.0633010712302136, ""whole_installation_vdrop_percent"": null, ""status"": ""CONDITIONAL SCREEN ONLY"", ""comparison_path_target_percent"": 3, ""comparison_path_screen"": true}, {""case_id"": ""S2-220-PF08-50C-6"", ""voltage_v"": 220, ""pf"": 0.8, ""maximum_proxy_current_a"": 0.06818181818181818, ""planning_current_a"": 0.08522727272727272, ""comparison_breaker_a"": 6, ""comparison_area_mm2"": 1.5, ""comparison_conductors"": ""3 copper cores (L/N/PE), assumed single-phase; actual PE and phases pending"", ""corrected_ampacity_a"": 6.070499999999999, ""temperature_grouping_factor"": 0.40469999999999995, ""segment_vdrop_bound_v"": 0.059003222727272715, ""allocated_segment_vdrop_percent"": 1, ""path_vdrop_bound_from_db1_v"": 2.2508012130688986, ""path_vdrop_percent_from_db1"": 1.023091460485863, ""whole_installation_vdrop_percent"": null, ""status"": ""CONDITIONAL SCREEN ONLY"", ""comparison_path_target_percent"": 3, ""comparison_path_screen"": true}]","Solid tower corner/piers, stepped behind cornices; local ledge/fitting connection. No riser through louver openings; chase/finish and weathering details pending.","[2.35, 5.98, 7.36]","[-0.20999999999999963, 19.490000000000002, 12.258000000000001]",25.9778,"Catalogue maximum proxy only; selected products, actual supply, protection, inrush, installation, origin voltage drop and engineering approval pending",1.5,,,
drop:DB2:L7:light:1:L221,L7 → Festival flood · rear gable H,DB2,DB2,L7,light,drop,"[""L221""]",3.7548036909452103,3.7548036909452103,One modeled mains trunk/branch/local/feeder piece,0,0.0,70,87.5,,,,,,,,,,,ENGINEERING HOLD,"[{""case_id"": ""S1-230-PF09-45C-4"", ""voltage_v"": 230, ""pf"": 0.9, ""maximum_proxy_current_a"": 0.33816425120772947, ""planning_current_a"": 0.4227053140096618, ""comparison_breaker_a"": 6, ""comparison_area_mm2"": 1.5, ""comparison_conductors"": ""3 copper cores (L/N/PE), assumed single-phase; actual PE and phases pending"", ""corrected_ampacity_a"": 7.702500000000001, ""temperature_grouping_factor"": 0.5135000000000001, ""segment_vdrop_bound_v"": 0.05040869302964608, ""allocated_segment_vdrop_percent"": 1, ""path_vdrop_bound_from_db1_v"": 3.6304445300551103, ""path_vdrop_percent_from_db1"": 1.5784541435022217, ""whole_installation_vdrop_percent"": null, ""status"": ""CONDITIONAL SCREEN ONLY"", ""comparison_path_target_percent"": 3, ""comparison_path_screen"": true}, {""case_id"": ""S2-220-PF08-50C-6"", ""voltage_v"": 220, ""pf"": 0.8, ""maximum_proxy_current_a"": 0.3977272727272727, ""planning_current_a"": 0.4971590909090909, ""comparison_breaker_a"": 6, ""comparison_area_mm2"": 1.5, ""comparison_conductors"": ""3 copper cores (L/N/PE), assumed single-phase; actual PE and phases pending"", ""corrected_ampacity_a"": 6.070499999999999, ""temperature_grouping_factor"": 0.40469999999999995, ""segment_vdrop_bound_v"": 0.059287496915549645, ""allocated_segment_vdrop_percent"": 1, ""path_vdrop_bound_from_db1_v"": 3.6443488136865305, ""path_vdrop_percent_from_db1"": 1.6565221880393322, ""whole_installation_vdrop_percent"": null, ""status"": ""CONDITIONAL SCREEN ONLY"", ""comparison_path_target_percent"": 3, ""comparison_path_screen"": true}]",Concealed roof route to local roof-mounted fitting; weatherproof cable entry pending.,"[52.6, 5.98, 7.36]","[52.6, 6.55, 9.8]",6.130284060039732,"Catalogue maximum proxy only; selected products, actual supply, protection, inrush, installation, origin voltage drop and engineering approval pending",1.5,,,
trunk:FC1:F1:fan:-1,F1 · B · circuit trunk,FC1,DB1,F1,fan,trunk,"[""F226"", ""F228"", ""F230"", ""F232"", ""F234"", ""F236"", ""F238""]",64.02913031117919,64.02913031117919,One modeled mains trunk/branch/local/feeder piece,238,0.357,420,525.0,,,,,,,,,,,ENGINEERING HOLD,"[{""case_id"": ""S1-230-PF09-45C-4"", ""voltage_v"": 230, ""pf"": 0.9, ""maximum_proxy_current_a"": 2.028985507246377, ""planning_current_a"": 2.536231884057971, ""comparison_breaker_a"": 6, ""comparison_area_mm2"": 2.5, ""comparison_conductors"": ""3 copper cores (L/N/PE), assumed single-phase; actual PE and phases pending"", ""corrected_ampacity_a"": 10.270000000000001, ""temperature_grouping_factor"": 0.5135000000000001, ""segment_vdrop_bound_v"": 3.1049488408870376, ""allocated_segment_vdrop_percent"": 2, ""path_vdrop_bound_from_db1_v"": 3.421774082432932, ""path_vdrop_percent_from_db1"": 1.4877278619273617, ""whole_installation_vdrop_percent"": null, ""status"": ""CONDITIONAL SCREEN ONLY"", ""comparison_path_target_percent"": 5, ""comparison_path_screen"": true}, {""case_id"": ""S2-220-PF08-50C-6"", ""voltage_v"": 220, ""pf"": 0.8, ""maximum_proxy_current_a"": 2.3863636363636362, ""planning_current_a"": 2.9829545454545454, ""comparison_breaker_a"": 6, ""comparison_area_mm2"": 2.5, ""comparison_conductors"": ""3 copper cores (L/N/PE), assumed single-phase; actual PE and phases pending"", ""corrected_ampacity_a"": 8.094, ""temperature_grouping_factor"": 0.40469999999999995, ""segment_vdrop_bound_v"": 3.6518432389978224, ""allocated_segment_vdrop_percent"": 2, ""path_vdrop_bound_from_db1_v"": 3.8892996061853227, ""path_vdrop_percent_from_db1"": 1.767863457356965, ""whole_installation_vdrop_percent"": null, ""status"": ""CONDITIONAL SCREEN ONLY"", ""comparison_path_target_percent"": 5, ""comparison_path_screen"": true}]",Wall bands above openings; concealed finish-matched soffit crossing over the 9–10 wing opening.,"[48.895, 1.95, 0.4]","[9.030000000000001, 6.0040000000000004, -7.36]",72.4320433422971,"Catalogue maximum proxy only; selected products, actual supply, protection, inrush, installation, origin voltage drop and engineering approval pending",2.5,,,
drop:FC1:F1:fan:-1:F226,F1 → Ceiling fan · bay 2′–3 · B aisle,FC1,DB1,F1,fan,drop,"[""F226""]",11.286909264308505,11.286909264308505,One modeled mains trunk/branch/local/feeder piece,34,0.051,60,75.0,,,,,,,,,,,ENGINEERING HOLD,"[{""case_id"": ""S1-230-PF09-45C-4"", ""voltage_v"": 230, ""pf"": 0.9, ""maximum_proxy_current_a"": 0.2898550724637681, ""planning_current_a"": 0.36231884057971014, ""comparison_breaker_a"": 6, ""comparison_area_mm2"": 1.5, ""comparison_conductors"": ""3 copper cores (L/N/PE), assumed single-phase; actual PE and phases pending"", ""corrected_ampacity_a"": 7.702500000000001, ""temperature_grouping_factor"": 0.5135000000000001, ""segment_vdrop_bound_v"": 0.12988124573711526, ""allocated_segment_vdrop_percent"": 2, ""path_vdrop_bound_from_db1_v"": 3.5516553281700474, ""path_vdrop_percent_from_db1"": 1.544197968769586, ""whole_installation_vdrop_percent"": null, ""status"": ""CONDITIONAL SCREEN ONLY"", ""comparison_path_target_percent"": 5, ""comparison_path_screen"": true}, {""case_id"": ""S2-220-PF08-50C-6"", ""voltage_v"": 220, ""pf"": 0.8, ""maximum_proxy_current_a"": 0.3409090909090909, ""planning_current_a"": 0.42613636363636365, ""comparison_breaker_a"": 6, ""comparison_area_mm2"": 1.5, ""comparison_conductors"": ""3 copper cores (L/N/PE), assumed single-phase; actual PE and phases pending"", ""corrected_ampacity_a"": 6.070499999999999, ""temperature_grouping_factor"": 0.40469999999999995, ""segment_vdrop_bound_v"": 0.1527580560658117, ""allocated_segment_vdrop_percent"": 2, ""path_vdrop_bound_from_db1_v"": 4.042057662251135, ""path_vdrop_percent_from_db1"": 1.8372989373868793, ""whole_installation_vdrop_percent"": null, ""status"": ""CONDITIONAL SCREEN ONLY"", ""comparison_path_target_percent"": 5, ""comparison_path_screen"": true}]","Above nave lining / covered soffit route at wings and verandas; cable continues inside the existing pendant stem. Roof build-up, supports and access pending.","[9.030000000000001, 6.0040000000000004, -7.36]","[7.725, 3.9, -4.4]",14.415600190739356,"Catalogue maximum proxy only; selected products, actual supply, protection, inrush, installation, origin voltage drop and engineering approval pending",1.5,,,
drop:FC1:F1:fan:-1:F228,F1 → Ceiling fan · bay 3–4 · B aisle,FC1,DB1,F1,fan,drop,"[""F228""]",11.286909264308505,11.286909264308505,One modeled mains trunk/branch/local/feeder piece,34,0.051,60,75.0,,,,,,,,,,,ENGINEERING HOLD,"[{""case_id"": ""S1-230-PF09-45C-4"", ""voltage_v"": 230, ""pf"": 0.9, ""maximum_proxy_current_a"": 0.2898550724637681, ""planning_current_a"": 0.36231884057971014, ""comparison_breaker_a"": 6, ""comparison_area_mm2"": 1.5, ""comparison_conductors"": ""3 copper cores (L/N/PE), assumed single-phase; actual PE and phases pending"", ""corrected_ampacity_a"": 7.702500000000001, ""temperature_grouping_factor"": 0.5135000000000001, ""segment_vdrop_bound_v"": 0.12988124573711526, ""allocated_segment_vdrop_percent"": 2, ""path_vdrop_bound_from_db1_v"": 3.3334379368656997, ""path_vdrop_percent_from_db1"": 1.4493208421155215, ""whole_installation_vdrop_percent"": null, ""status"": ""CONDITIONAL SCREEN ONLY"", ""comparison_path_target_percent"": 5, ""comparison_path_screen"": true}, {""case_id"": ""S2-220-PF08-50C-6"", ""voltage_v"": 220, ""pf"": 0.8, ""maximum_proxy_current_a"": 0.3409090909090909, ""planning_current_a"": 0.42613636363636365, ""comparison_breaker_a"": 6, ""comparison_area_mm2"": 1.5, ""comparison_conductors"": ""3 copper cores (L/N/PE), assumed single-phase; actual PE and phases pending"", ""corrected_ampacity_a"": 6.070499999999999, ""temperature_grouping_factor"": 0.40469999999999995, ""segment_vdrop_bound_v"": 0.1527580560658117, ""allocated_segment_vdrop_percent"": 2, ""path_vdrop_bound_from_db1_v"": 3.785404253160226, ""path_vdrop_percent_from_db1"": 1.7206382968910119, ""whole_installation_vdrop_percent"": null, ""status"": ""CONDITIONAL SCREEN ONLY"", ""comparison_path_target_percent"": 5, ""comparison_path_screen"": true}]","Above nave lining / covered soffit route at wings and verandas; cable continues inside the existing pendant stem. Roof build-up, supports and access pending.","[13.530000000000001, 6.0040000000000004, -7.36]","[12.225, 3.9, -4.4]",14.415600190739356,"Catalogue maximum proxy only; selected products, actual supply, protection, inrush, installation, origin voltage drop and engineering approval pending",1.5,,,
drop:FC1:F1:fan:-1:F230,F1 → Ceiling fan · bay 4–5 · B aisle,FC1,DB1,F1,fan,drop,"[""F230""]",11.2769092643085,11.2769092643085,One modeled mains trunk/branch/local/feeder piece,34,0.051,60,75.0,,,,,,,,,,,ENGINEERING HOLD,"[{""case_id"": ""S1-230-PF09-45C-4"", ""voltage_v"": 230, ""pf"": 0.9, ""maximum_proxy_current_a"": 0.2898550724637681, ""planning_current_a"": 0.36231884057971014, ""comparison_breaker_a"": 6, ""comparison_area_mm2"": 1.5, ""comparison_conductors"": ""3 copper cores (L/N/PE), assumed single-phase; actual PE and phases pending"", ""corrected_ampacity_a"": 7.702500000000001, ""temperature_grouping_factor"": 0.5135000000000001, ""segment_vdrop_bound_v"": 0.12976617327334708, ""allocated_segment_vdrop_percent"": 2, ""path_vdrop_bound_from_db1_v"": 3.1155904006338155, ""path_vdrop_percent_from_db1"": 1.3546045220147023, ""whole_installation_vdrop_percent"": null, ""status"": ""CONDITIONAL SCREEN ONLY"", ""comparison_path_target_percent"": 5, ""comparison_path_screen"": true}, {""case_id"": ""S2-220-PF08-50C-6"", ""voltage_v"": 220, ""pf"": 0.8, ""maximum_proxy_current_a"": 0.3409090909090909, ""planning_current_a"": 0.42613636363636365, ""comparison_breaker_a"": 6, ""comparison_area_mm2"": 1.5, ""comparison_conductors"": ""3 copper cores (L/N/PE), assumed single-phase; actual PE and phases pending"", ""corrected_ampacity_a"": 6.070499999999999, ""temperature_grouping_factor"": 0.40469999999999995, ""segment_vdrop_bound_v"": 0.1526227151567207, ""allocated_segment_vdrop_percent"": 2, ""path_vdrop_bound_from_db1_v"": 3.5291858440693167, ""path_vdrop_percent_from_db1"": 1.6041753836678712, ""whole_installation_vdrop_percent"": null, ""status"": ""CONDITIONAL SCREEN ONLY"", ""comparison_path_target_percent"": 5, ""comparison_path_screen"": true}]","Above nave lining / covered soffit route at wings and verandas; cable continues inside the existing pendant stem. Roof build-up, supports and access pending.","[18.02, 6.0040000000000004, -7.36]","[16.725, 3.9, -4.4]",14.404600190739352,"Catalogue maximum proxy only; selected products, actual supply, protection, inrush, installation, origin voltage drop and engineering approval pending",1.5,,,
drop:FC1:F1:fan:-1:F232,F1 → Ceiling fan · bay 5–6 · B aisle,FC1,DB1,F1,fan,drop,"[""F232""]",11.286909264308502,11.286909264308502,One modeled mains trunk/branch/local/feeder piece,34,0.051,60,75.0,,,,,,,,,,,ENGINEERING HOLD,"[{""case_id"": ""S1-230-PF09-45C-4"", ""voltage_v"": 230, ""pf"": 0.9, ""maximum_proxy_current_a"": 0.2898550724637681, ""planning_current_a"": 0.36231884057971014, ""comparison_breaker_a"": 6, ""comparison_area_mm2"": 1.5, ""comparison_conductors"": ""3 copper cores (L/N/PE), assumed single-phase; actual PE and phases pending"", ""corrected_ampacity_a"": 7.702500000000001, ""temperature_grouping_factor"": 0.5135000000000001, ""segment_vdrop_bound_v"": 0.1298812457371152, ""allocated_segment_vdrop_percent"": 2, ""path_vdrop_bound_from_db1_v"": 2.8970031542570043, ""path_vdrop_percent_from_db1"": 1.259566588807393, ""whole_installation_vdrop_percent"": null, ""status"": ""CONDITIONAL SCREEN ONLY"", ""comparison_path_target_percent"": 5, ""comparison_path_screen"": true}, {""case_id"": ""S2-220-PF08-50C-6"", ""voltage_v"": 220, ""pf"": 0.8, ""maximum_proxy_current_a"": 0.3409090909090909, ""planning_current_a"": 0.42613636363636365, ""comparison_breaker_a"": 6, ""comparison_area_mm2"": 1.5, ""comparison_conductors"": ""3 copper cores (L/N/PE), assumed single-phase; actual PE and phases pending"", ""corrected_ampacity_a"": 6.070499999999999, ""temperature_grouping_factor"": 0.40469999999999995, ""segment_vdrop_bound_v"": 0.15275805606581164, ""allocated_segment_vdrop_percent"": 2, ""path_vdrop_bound_from_db1_v"": 3.2720974349784075, ""path_vdrop_percent_from_db1"": 1.4873170158992761, ""whole_installation_vdrop_percent"": null, ""status"": ""CONDITIONAL SCREEN ONLY"", ""comparison_path_target_percent"": 5, ""comparison_path_screen"": true}]","Above nave lining / covered soffit route at wings and verandas; cable continues inside the existing pendant stem. Roof build-up, supports and access pending.","[22.53, 6.0040000000000004, -7.36]","[21.225, 3.9, -4.4]",14.415600190739353,"Catalogue maximum proxy only; selected products, actual supply, protection, inrush, installation, origin voltage drop and engineering approval pending",1.5,,,
drop:FC1:F1:fan:-1:F234,F1 → Ceiling fan · bay 6–7 · B aisle,FC1,DB1,F1,fan,drop,"[""F234""]",11.286909264308502,11.286909264308502,One modeled mains trunk/branch/local/feeder piece,34,0.051,60,75.0,,,,,,,,,,,ENGINEERING HOLD,"[{""case_id"": ""S1-230-PF09-45C-4"", ""voltage_v"": 230, ""pf"": 0.9, ""maximum_proxy_current_a"": 0.2898550724637681, ""planning_current_a"": 0.36231884057971014, ""comparison_breaker_a"": 6, ""comparison_area_mm2"": 1.5, ""comparison_conductors"": ""3 copper cores (L/N/PE), assumed single-phase; actual PE and phases pending"", ""corrected_ampacity_a"": 7.702500000000001, ""temperature_grouping_factor"": 0.5135000000000001, ""segment_vdrop_bound_v"": 0.1298812457371152, ""allocated_segment_vdrop_percent"": 2, ""path_vdrop_bound_from_db1_v"": 2.678785762952656, ""path_vdrop_percent_from_db1"": 1.1646894621533286, ""whole_installation_vdrop_percent"": null, ""status"": ""CONDITIONAL SCREEN ONLY"", ""comparison_path_target_percent"": 5, ""comparison_path_screen"": true}, {""case_id"": ""S2-220-PF08-50C-6"", ""voltage_v"": 220, ""pf"": 0.8, ""maximum_proxy_current_a"": 0.3409090909090909, ""planning_current_a"": 0.42613636363636365, ""comparison_breaker_a"": 6, ""comparison_area_mm2"": 1.5, ""comparison_conductors"": ""3 copper cores (L/N/PE), assumed single-phase; actual PE and phases pending"", ""corrected_ampacity_a"": 6.070499999999999, ""temperature_grouping_factor"": 0.40469999999999995, ""segment_vdrop_bound_v"": 0.15275805606581164, ""allocated_segment_vdrop_percent"": 2, ""path_vdrop_bound_from_db1_v"": 3.015444025887499, ""path_vdrop_percent_from_db1"": 1.3706563754034087, ""whole_installation_vdrop_percent"": null, ""status"": ""CONDITIONAL SCREEN ONLY"", ""comparison_path_target_percent"": 5, ""comparison_path_screen"": true}]","Above nave lining / covered soffit route at wings and verandas; cable continues inside the existing pendant stem. Roof build-up, supports and access pending.","[27.03, 6.0040000000000004, -7.36]","[25.725, 3.9, -4.4]",14.415600190739353,"Catalogue maximum proxy only; selected products, actual supply, protection, inrush, installation, origin voltage drop and engineering approval pending",1.5,,,
drop:FC1:F1:fan:-1:F236,F1 → Ceiling fan · bay 7–8 · B aisle,FC1,DB1,F1,fan,drop,"[""F236""]",11.286909264308502,11.286909264308502,One modeled mains trunk/branch/local/feeder piece,34,0.051,60,75.0,,,,,,,,,,,ENGINEERING HOLD,"[{""case_id"": ""S1-230-PF09-45C-4"", ""voltage_v"": 230, ""pf"": 0.9, ""maximum_proxy_current_a"": 0.2898550724637681, ""planning_current_a"": 0.36231884057971014, ""comparison_breaker_a"": 6, ""comparison_area_mm2"": 1.5, ""comparison_conductors"": ""3 copper cores (L/N/PE), assumed single-phase; actual PE and phases pending"", ""corrected_ampacity_a"": 7.702500000000001, ""temperature_grouping_factor"": 0.5135000000000001, ""segment_vdrop_bound_v"": 0.1298812457371152, ""allocated_segment_vdrop_percent"": 2, ""path_vdrop_bound_from_db1_v"": 2.4605683716483084, ""path_vdrop_percent_from_db1"": 1.0698123354992646, ""whole_installation_vdrop_percent"": null, ""status"": ""CONDITIONAL SCREEN ONLY"", ""comparison_path_target_percent"": 5, ""comparison_path_screen"": true}, {""case_id"": ""S2-220-PF08-50C-6"", ""voltage_v"": 220, ""pf"": 0.8, ""maximum_proxy_current_a"": 0.3409090909090909, ""planning_current_a"": 0.42613636363636365, ""comparison_breaker_a"": 6, ""comparison_area_mm2"": 1.5, ""comparison_conductors"": ""3 copper cores (L/N/PE), assumed single-phase; actual PE and phases pending"", ""corrected_ampacity_a"": 6.070499999999999, ""temperature_grouping_factor"": 0.40469999999999995, ""segment_vdrop_bound_v"": 0.15275805606581164, ""allocated_segment_vdrop_percent"": 2, ""path_vdrop_bound_from_db1_v"": 2.7587906167965897, ""path_vdrop_percent_from_db1"": 1.2539957349075406, ""whole_installation_vdrop_percent"": null, ""status"": ""CONDITIONAL SCREEN ONLY"", ""comparison_path_target_percent"": 5, ""comparison_path_screen"": true}]","Above nave lining / covered soffit route at wings and verandas; cable continues inside the existing pendant stem. Roof build-up, supports and access pending.","[31.53, 6.0040000000000004, -7.36]","[30.225, 3.9, -4.4]",14.415600190739353,"Catalogue maximum proxy only; selected products, actual supply, protection, inrush, installation, origin voltage drop and engineering approval pending",1.5,,,
drop:FC1:F1:fan:-1:F238,F1 → Ceiling fan · bay 8–9 · B aisle,FC1,DB1,F1,fan,drop,"[""F238""]",11.276909264308504,11.276909264308504,One modeled mains trunk/branch/local/feeder piece,34,0.051,60,75.0,,,,,,,,,,,ENGINEERING HOLD,"[{""case_id"": ""S1-230-PF09-45C-4"", ""voltage_v"": 230, ""pf"": 0.9, ""maximum_proxy_current_a"": 0.2898550724637681, ""planning_current_a"": 0.36231884057971014, ""comparison_breaker_a"": 6, ""comparison_area_mm2"": 1.5, ""comparison_conductors"": ""3 copper cores (L/N/PE), assumed single-phase; actual PE and phases pending"", ""corrected_ampacity_a"": 7.702500000000001, ""temperature_grouping_factor"": 0.5135000000000001, ""segment_vdrop_bound_v"": 0.12976617327334714, ""allocated_segment_vdrop_percent"": 2, ""path_vdrop_bound_from_db1_v"": 2.2427208354164243, ""path_vdrop_percent_from_db1"": 0.9750960153984453, ""whole_installation_vdrop_percent"": null, ""status"": ""CONDITIONAL SCREEN ONLY"", ""comparison_path_target_percent"": 5, ""comparison_path_screen"": true}, {""case_id"": ""S2-220-PF08-50C-6"", ""voltage_v"": 220, ""pf"": 0.8, ""maximum_proxy_current_a"": 0.3409090909090909, ""planning_current_a"": 0.42613636363636365, ""comparison_breaker_a"": 6, ""comparison_area_mm2"": 1.5, ""comparison_conductors"": ""3 copper cores (L/N/PE), assumed single-phase; actual PE and phases pending"", ""corrected_ampacity_a"": 6.070499999999999, ""temperature_grouping_factor"": 0.40469999999999995, ""segment_vdrop_bound_v"": 0.15262271515672077, ""allocated_segment_vdrop_percent"": 2, ""path_vdrop_bound_from_db1_v"": 2.5025722077056805, ""path_vdrop_percent_from_db1"": 1.1375328216844003, ""whole_installation_vdrop_percent"": null, ""status"": ""CONDITIONAL SCREEN ONLY"", ""comparison_path_target_percent"": 5, ""comparison_path_screen"": true}]","Above nave lining / covered soffit route at wings and verandas; cable continues inside the existing pendant stem. Roof build-up, supports and access pending.","[36.02, 6.0040000000000004, -7.36]","[34.725, 3.9, -4.4]",14.404600190739355,"Catalogue maximum proxy only; selected products, actual supply, protection, inrush, installation, origin voltage drop and engineering approval pending",1.5,,,
trunk:FC1:F1:fan:1,F1 · H · circuit trunk,FC1,DB1,F1,fan,trunk,"[""F227"", ""F229"", ""F231"", ""F233"", ""F235"", ""F237"", ""F239""]",70.62913031117918,70.62913031117918,One modeled mains trunk/branch/local/feeder piece,238,0.357,420,525.0,,,,,,,,,,,ENGINEERING HOLD,"[{""case_id"": ""S1-230-PF09-45C-4"", ""voltage_v"": 230, ""pf"": 0.9, ""maximum_proxy_current_a"": 2.028985507246377, ""planning_current_a"": 2.536231884057971, ""comparison_breaker_a"": 6, ""comparison_area_mm2"": 2.5, ""comparison_conductors"": ""3 copper cores (L/N/PE), assumed single-phase; actual PE and phases pending"", ""corrected_ampacity_a"": 10.270000000000001, ""temperature_grouping_factor"": 0.5135000000000001, ""segment_vdrop_bound_v"": 3.425001014800081, ""allocated_segment_vdrop_percent"": 2, ""path_vdrop_bound_from_db1_v"": 3.7418262563459757, ""path_vdrop_percent_from_db1"": 1.6268809810199893, ""whole_installation_vdrop_percent"": null, ""status"": ""CONDITIONAL SCREEN ONLY"", ""comparison_path_target_percent"": 5, ""comparison_path_screen"": true}, {""case_id"": ""S2-220-PF08-50C-6"", ""voltage_v"": 220, ""pf"": 0.8, ""maximum_proxy_current_a"": 2.3863636363636362, ""planning_current_a"": 2.9829545454545454, ""comparison_breaker_a"": 6, ""comparison_area_mm2"": 2.5, ""comparison_conductors"": ""3 copper cores (L/N/PE), assumed single-phase; actual PE and phases pending"", ""corrected_ampacity_a"": 8.094, ""temperature_grouping_factor"": 0.40469999999999995, ""segment_vdrop_bound_v"": 4.028268238997822, ""allocated_segment_vdrop_percent"": 2, ""path_vdrop_bound_from_db1_v"": 4.265724606185323, ""path_vdrop_percent_from_db1"": 1.9389657300842378, ""whole_installation_vdrop_percent"": null, ""status"": ""CONDITIONAL SCREEN ONLY"", ""comparison_path_target_percent"": 5, ""comparison_path_screen"": true}]",Wall bands above openings; concealed finish-matched soffit crossing over the 9–10 wing opening.,"[48.895, 1.95, 0.4]","[9.030000000000001, 6.0040000000000004, 7.36]",79.69204334229711,"Catalogue maximum proxy only; selected products, actual supply, protection, inrush, installation, origin voltage drop and engineering approval pending",2.5,,,
drop:FC1:F1:fan:1:F227,F1 → Ceiling fan · bay 2′–3 · H aisle,FC1,DB1,F1,fan,drop,"[""F227""]",11.286909264308505,11.286909264308505,One modeled mains trunk/branch/local/feeder piece,34,0.051,60,75.0,,,,,,,,,,,ENGINEERING HOLD,"[{""case_id"": ""S1-230-PF09-45C-4"", ""voltage_v"": 230, ""pf"": 0.9, ""maximum_proxy_current_a"": 0.2898550724637681, ""planning_current_a"": 0.36231884057971014, ""comparison_breaker_a"": 6, ""comparison_area_mm2"": 1.5, ""comparison_conductors"": ""3 copper cores (L/N/PE), assumed single-phase; actual PE and phases pending"", ""corrected_ampacity_a"": 7.702500000000001, ""temperature_grouping_factor"": 0.5135000000000001, ""segment_vdrop_bound_v"": 0.12988124573711526, ""allocated_segment_vdrop_percent"": 2, ""path_vdrop_bound_from_db1_v"": 3.871707502083091, ""path_vdrop_percent_from_db1"": 1.6833510878622133, ""whole_installation_vdrop_percent"": null, ""status"": ""CONDITIONAL SCREEN ONLY"", ""comparison_path_target_percent"": 5, ""comparison_path_screen"": true}, {""case_id"": ""S2-220-PF08-50C-6"", ""voltage_v"": 220, ""pf"": 0.8, ""maximum_proxy_current_a"": 0.3409090909090909, ""planning_current_a"": 0.42613636363636365, ""comparison_breaker_a"": 6, ""comparison_area_mm2"": 1.5, ""comparison_conductors"": ""3 copper cores (L/N/PE), assumed single-phase; actual PE and phases pending"", ""corrected_ampacity_a"": 6.070499999999999, ""temperature_grouping_factor"": 0.40469999999999995, ""segment_vdrop_bound_v"": 0.1527580560658117, ""allocated_segment_vdrop_percent"": 2, ""path_vdrop_bound_from_db1_v"": 4.418482662251134, ""path_vdrop_percent_from_db1"": 2.0084012101141515, ""whole_installation_vdrop_percent"": null, ""status"": ""CONDITIONAL SCREEN ONLY"", ""comparison_path_target_percent"": 5, ""comparison_path_screen"": true}]","Above nave lining / covered soffit route at wings and verandas; cable continues inside the existing pendant stem. Roof build-up, supports and access pending.","[9.030000000000001, 6.0040000000000004, 7.36]","[7.725, 3.9, 4.4]",14.415600190739356,"Catalogue maximum proxy only; selected products, actual supply, protection, inrush, installation, origin voltage drop and engineering approval pending",1.5,,,
drop:FC1:F1:fan:1:F229,F1 → Ceiling fan · bay 3–4 · H aisle,FC1,DB1,F1,fan,drop,"[""F229""]",11.286909264308505,11.286909264308505,One modeled mains trunk/branch/local/feeder piece,34,0.051,60,75.0,,,,,,,,,,,ENGINEERING HOLD,"[{""case_id"": ""S1-230-PF09-45C-4"", ""voltage_v"": 230, ""pf"": 0.9, ""maximum_proxy_current_a"": 0.2898550724637681, ""planning_current_a"": 0.36231884057971014, ""comparison_breaker_a"": 6, ""comparison_area_mm2"": 1.5, ""comparison_conductors"": ""3 copper cores (L/N/PE), assumed single-phase; actual PE and phases pending"", ""corrected_ampacity_a"": 7.702500000000001, ""temperature_grouping_factor"": 0.5135000000000001, ""segment_vdrop_bound_v"": 0.12988124573711526, ""allocated_segment_vdrop_percent"": 2, ""path_vdrop_bound_from_db1_v"": 3.6534901107787427, ""path_vdrop_percent_from_db1"": 1.5884739612081489, ""whole_installation_vdrop_percent"": null, ""status"": ""CONDITIONAL SCREEN ONLY"", ""comparison_path_target_percent"": 5, ""comparison_path_screen"": true}, {""case_id"": ""S2-220-PF08-50C-6"", ""voltage_v"": 220, ""pf"": 0.8, ""maximum_proxy_current_a"": 0.3409090909090909, ""planning_current_a"": 0.42613636363636365, ""comparison_breaker_a"": 6, ""comparison_area_mm2"": 1.5, ""comparison_conductors"": ""3 copper cores (L/N/PE), assumed single-phase; actual PE and phases pending"", ""corrected_ampacity_a"": 6.070499999999999, ""temperature_grouping_factor"": 0.40469999999999995, ""segment_vdrop_bound_v"": 0.1527580560658117, ""allocated_segment_vdrop_percent"": 2, ""path_vdrop_bound_from_db1_v"": 4.161829253160224, ""path_vdrop_percent_from_db1"": 1.8917405696182836, ""whole_installation_vdrop_percent"": null, ""status"": ""CONDITIONAL SCREEN ONLY"", ""comparison_path_target_percent"": 5, ""comparison_path_screen"": true}]","Above nave lining / covered soffit route at wings and verandas; cable continues inside the existing pendant stem. Roof build-up, supports and access pending.","[13.530000000000001, 6.0040000000000004, 7.36]","[12.225, 3.9, 4.4]",14.415600190739356,"Catalogue maximum proxy only; selected products, actual supply, protection, inrush, installation, origin voltage drop and engineering approval pending",1.5,,,
drop:FC1:F1:fan:1:F231,F1 → Ceiling fan · bay 4–5 · H aisle,FC1,DB1,F1,fan,drop,"[""F231""]",11.2769092643085,11.2769092643085,One modeled mains trunk/branch/local/feeder piece,34,0.051,60,75.0,,,,,,,,,,,ENGINEERING HOLD,"[{""case_id"": ""S1-230-PF09-45C-4"", ""voltage_v"": 230, ""pf"": 0.9, ""maximum_proxy_current_a"": 0.2898550724637681, ""planning_current_a"": 0.36231884057971014, ""comparison_breaker_a"": 6, ""comparison_area_mm2"": 1.5, ""comparison_conductors"": ""3 copper cores (L/N/PE), assumed single-phase; actual PE and phases pending"", ""corrected_ampacity_a"": 7.702500000000001, ""temperature_grouping_factor"": 0.5135000000000001, ""segment_vdrop_bound_v"": 0.12976617327334708, ""allocated_segment_vdrop_percent"": 2, ""path_vdrop_bound_from_db1_v"": 3.4356425745468586, ""path_vdrop_percent_from_db1"": 1.4937576411073297, ""whole_installation_vdrop_percent"": null, ""status"": ""CONDITIONAL SCREEN ONLY"", ""comparison_path_target_percent"": 5, ""comparison_path_screen"": true}, {""case_id"": ""S2-220-PF08-50C-6"", ""voltage_v"": 220, ""pf"": 0.8, ""maximum_proxy_current_a"": 0.3409090909090909, ""planning_current_a"": 0.42613636363636365, ""comparison_breaker_a"": 6, ""comparison_area_mm2"": 1.5, ""comparison_conductors"": ""3 copper cores (L/N/PE), assumed single-phase; actual PE and phases pending"", ""corrected_ampacity_a"": 6.070499999999999, ""temperature_grouping_factor"": 0.40469999999999995, ""segment_vdrop_bound_v"": 0.1526227151567207, ""allocated_segment_vdrop_percent"": 2, ""path_vdrop_bound_from_db1_v"": 3.905610844069316, ""path_vdrop_percent_from_db1"": 1.7752776563951438, ""whole_installation_vdrop_percent"": null, ""status"": ""CONDITIONAL SCREEN ONLY"", ""comparison_path_target_percent"": 5, ""comparison_path_screen"": true}]","Above nave lining / covered soffit route at wings and verandas; cable continues inside the existing pendant stem. Roof build-up, supports and access pending.","[18.02, 6.0040000000000004, 7.36]","[16.725, 3.9, 4.4]",14.404600190739352,"Catalogue maximum proxy only; selected products, actual supply, protection, inrush, installation, origin voltage drop and engineering approval pending",1.5,,,
drop:FC1:F1:fan:1:F233,F1 → Ceiling fan · bay 5–6 · H aisle,FC1,DB1,F1,fan,drop,"[""F233""]",11.286909264308502,11.286909264308502,One modeled mains trunk/branch/local/feeder piece,34,0.051,60,75.0,,,,,,,,,,,ENGINEERING HOLD,"[{""case_id"": ""S1-230-PF09-45C-4"", ""voltage_v"": 230, ""pf"": 0.9, ""maximum_proxy_current_a"": 0.2898550724637681, ""planning_current_a"": 0.36231884057971014, ""comparison_breaker_a"": 6, ""comparison_area_mm2"": 1.5, ""comparison_conductors"": ""3 copper cores (L/N/PE), assumed single-phase; actual PE and phases pending"", ""corrected_ampacity_a"": 7.702500000000001, ""temperature_grouping_factor"": 0.5135000000000001, ""segment_vdrop_bound_v"": 0.1298812457371152, ""allocated_segment_vdrop_percent"": 2, ""path_vdrop_bound_from_db1_v"": 3.2170553281700474, ""path_vdrop_percent_from_db1"": 1.3987197079000204, ""whole_installation_vdrop_percent"": null, ""status"": ""CONDITIONAL SCREEN ONLY"", ""comparison_path_target_percent"": 5, ""comparison_path_screen"": true}, {""case_id"": ""S2-220-PF08-50C-6"", ""voltage_v"": 220, ""pf"": 0.8, ""maximum_proxy_current_a"": 0.3409090909090909, ""planning_current_a"": 0.42613636363636365, ""comparison_breaker_a"": 6, ""comparison_area_mm2"": 1.5, ""comparison_conductors"": ""3 copper cores (L/N/PE), assumed single-phase; actual PE and phases pending"", ""corrected_ampacity_a"": 6.070499999999999, ""temperature_grouping_factor"": 0.40469999999999995, ""segment_vdrop_bound_v"": 0.15275805606581164, ""allocated_segment_vdrop_percent"": 2, ""path_vdrop_bound_from_db1_v"": 3.6485224349784073, ""path_vdrop_percent_from_db1"": 1.6584192886265487, ""whole_installation_vdrop_percent"": null, ""status"": ""CONDITIONAL SCREEN ONLY"", ""comparison_path_target_percent"": 5, ""comparison_path_screen"": true}]","Above nave lining / covered soffit route at wings and verandas; cable continues inside the existing pendant stem. Roof build-up, supports and access pending.","[22.53, 6.0040000000000004, 7.36]","[21.225, 3.9, 4.4]",14.415600190739353,"Catalogue maximum proxy only; selected products, actual supply, protection, inrush, installation, origin voltage drop and engineering approval pending",1.5,,,
drop:FC1:F1:fan:1:F235,F1 → Ceiling fan · bay 6–7 · H aisle,FC1,DB1,F1,fan,drop,"[""F235""]",11.286909264308502,11.286909264308502,One modeled mains trunk/branch/local/feeder piece,34,0.051,60,75.0,,,,,,,,,,,ENGINEERING HOLD,"[{""case_id"": ""S1-230-PF09-45C-4"", ""voltage_v"": 230, ""pf"": 0.9, ""maximum_proxy_current_a"": 0.2898550724637681, ""planning_current_a"": 0.36231884057971014, ""comparison_breaker_a"": 6, ""comparison_area_mm2"": 1.5, ""comparison_conductors"": ""3 copper cores (L/N/PE), assumed single-phase; actual PE and phases pending"", ""corrected_ampacity_a"": 7.702500000000001, ""temperature_grouping_factor"": 0.5135000000000001, ""segment_vdrop_bound_v"": 0.1298812457371152, ""allocated_segment_vdrop_percent"": 2, ""path_vdrop_bound_from_db1_v"": 2.998837936865699, ""path_vdrop_percent_from_db1"": 1.3038425812459562, ""whole_installation_vdrop_percent"": null, ""status"": ""CONDITIONAL SCREEN ONLY"", ""comparison_path_target_percent"": 5, ""comparison_path_screen"": true}, {""case_id"": ""S2-220-PF08-50C-6"", ""voltage_v"": 220, ""pf"": 0.8, ""maximum_proxy_current_a"": 0.3409090909090909, ""planning_current_a"": 0.42613636363636365, ""comparison_breaker_a"": 6, ""comparison_area_mm2"": 1.5, ""comparison_conductors"": ""3 copper cores (L/N/PE), assumed single-phase; actual PE and phases pending"", ""corrected_ampacity_a"": 6.070499999999999, ""temperature_grouping_factor"": 0.40469999999999995, ""segment_vdrop_bound_v"": 0.15275805606581164, ""allocated_segment_vdrop_percent"": 2, ""path_vdrop_bound_from_db1_v"": 3.3918690258874986, ""path_vdrop_percent_from_db1"": 1.5417586481306813, ""whole_installation_vdrop_percent"": null, ""status"": ""CONDITIONAL SCREEN ONLY"", ""comparison_path_target_percent"": 5, ""comparison_path_screen"": true}]","Above nave lining / covered soffit route at wings and verandas; cable continues inside the existing pendant stem. Roof build-up, supports and access pending.","[27.03, 6.0040000000000004, 7.36]","[25.725, 3.9, 4.4]",14.415600190739353,"Catalogue maximum proxy only; selected products, actual supply, protection, inrush, installation, origin voltage drop and engineering approval pending",1.5,,,
drop:FC1:F1:fan:1:F237,F1 → Ceiling fan · bay 7–8 · H aisle,FC1,DB1,F1,fan,drop,"[""F237""]",11.286909264308502,11.286909264308502,One modeled mains trunk/branch/local/feeder piece,34,0.051,60,75.0,,,,,,,,,,,ENGINEERING HOLD,"[{""case_id"": ""S1-230-PF09-45C-4"", ""voltage_v"": 230, ""pf"": 0.9, ""maximum_proxy_current_a"": 0.2898550724637681, ""planning_current_a"": 0.36231884057971014, ""comparison_breaker_a"": 6, ""comparison_area_mm2"": 1.5, ""comparison_conductors"": ""3 copper cores (L/N/PE), assumed single-phase; actual PE and phases pending"", ""corrected_ampacity_a"": 7.702500000000001, ""temperature_grouping_factor"": 0.5135000000000001, ""segment_vdrop_bound_v"": 0.1298812457371152, ""allocated_segment_vdrop_percent"": 2, ""path_vdrop_bound_from_db1_v"": 2.780620545561352, ""path_vdrop_percent_from_db1"": 1.2089654545918922, ""whole_installation_vdrop_percent"": null, ""status"": ""CONDITIONAL SCREEN ONLY"", ""comparison_path_target_percent"": 5, ""comparison_path_screen"": true}, {""case_id"": ""S2-220-PF08-50C-6"", ""voltage_v"": 220, ""pf"": 0.8, ""maximum_proxy_current_a"": 0.3409090909090909, ""planning_current_a"": 0.42613636363636365, ""comparison_breaker_a"": 6, ""comparison_area_mm2"": 1.5, ""comparison_conductors"": ""3 copper cores (L/N/PE), assumed single-phase; actual PE and phases pending"", ""corrected_ampacity_a"": 6.070499999999999, ""temperature_grouping_factor"": 0.40469999999999995, ""segment_vdrop_bound_v"": 0.15275805606581164, ""allocated_segment_vdrop_percent"": 2, ""path_vdrop_bound_from_db1_v"": 3.135215616796589, ""path_vdrop_percent_from_db1"": 1.425098007634813, ""whole_installation_vdrop_percent"": null, ""status"": ""CONDITIONAL SCREEN ONLY"", ""comparison_path_target_percent"": 5, ""comparison_path_screen"": true}]","Above nave lining / covered soffit route at wings and verandas; cable continues inside the existing pendant stem. Roof build-up, supports and access pending.","[31.53, 6.0040000000000004, 7.36]","[30.225, 3.9, 4.4]",14.415600190739353,"Catalogue maximum proxy only; selected products, actual supply, protection, inrush, installation, origin voltage drop and engineering approval pending",1.5,,,
drop:FC1:F1:fan:1:F239,F1 → Ceiling fan · bay 8–9 · H aisle,FC1,DB1,F1,fan,drop,"[""F239""]",11.276909264308504,11.276909264308504,One modeled mains trunk/branch/local/feeder piece,34,0.051,60,75.0,,,,,,,,,,,ENGINEERING HOLD,"[{""case_id"": ""S1-230-PF09-45C-4"", ""voltage_v"": 230, ""pf"": 0.9, ""maximum_proxy_current_a"": 0.2898550724637681, ""planning_current_a"": 0.36231884057971014, ""comparison_breaker_a"": 6, ""comparison_area_mm2"": 1.5, ""comparison_conductors"": ""3 copper cores (L/N/PE), assumed single-phase; actual PE and phases pending"", ""corrected_ampacity_a"": 7.702500000000001, ""temperature_grouping_factor"": 0.5135000000000001, ""segment_vdrop_bound_v"": 0.12976617327334714, ""allocated_segment_vdrop_percent"": 2, ""path_vdrop_bound_from_db1_v"": 2.562773009329467, ""path_vdrop_percent_from_db1"": 1.1142491344910725, ""whole_installation_vdrop_percent"": null, ""status"": ""CONDITIONAL SCREEN ONLY"", ""comparison_path_target_percent"": 5, ""comparison_path_screen"": true}, {""case_id"": ""S2-220-PF08-50C-6"", ""voltage_v"": 220, ""pf"": 0.8, ""maximum_proxy_current_a"": 0.3409090909090909, ""planning_current_a"": 0.42613636363636365, ""comparison_breaker_a"": 6, ""comparison_area_mm2"": 1.5, ""comparison_conductors"": ""3 copper cores (L/N/PE), assumed single-phase; actual PE and phases pending"", ""corrected_ampacity_a"": 6.070499999999999, ""temperature_grouping_factor"": 0.40469999999999995, ""segment_vdrop_bound_v"": 0.15262271515672077, ""allocated_segment_vdrop_percent"": 2, ""path_vdrop_bound_from_db1_v"": 2.8789972077056802, ""path_vdrop_percent_from_db1"": 1.308635094411673, ""whole_installation_vdrop_percent"": null, ""status"": ""CONDITIONAL SCREEN ONLY"", ""comparison_path_target_percent"": 5, ""comparison_path_screen"": true}]","Above nave lining / covered soffit route at wings and verandas; cable continues inside the existing pendant stem. Roof build-up, supports and access pending.","[36.02, 6.0040000000000004, 7.36]","[34.725, 3.9, 4.4]",14.404600190739355,"Catalogue maximum proxy only; selected products, actual supply, protection, inrush, installation, origin voltage drop and engineering approval pending",1.5,,,
trunk:FC1:F5:fan:-1,F5 · B · circuit trunk,FC1,DB1,F5,fan,trunk,"[""F240"", ""F241"", ""F-WING-B-3"", ""F-WING-B-4""]",32.419783516009694,32.419783516009694,One modeled mains trunk/branch/local/feeder piece,140,0.21,220,275.0,,,,,,,,,,,ENGINEERING HOLD,"[{""case_id"": ""S1-230-PF09-45C-4"", ""voltage_v"": 230, ""pf"": 0.9, ""maximum_proxy_current_a"": 1.0628019323671498, ""planning_current_a"": 1.328502415458937, ""comparison_breaker_a"": 6, ""comparison_area_mm2"": 1.5, ""comparison_conductors"": ""3 copper cores (L/N/PE), assumed single-phase; actual PE and phases pending"", ""corrected_ampacity_a"": 7.702500000000001, ""temperature_grouping_factor"": 0.5135000000000001, ""segment_vdrop_bound_v"": 1.3678956001392688, ""allocated_segment_vdrop_percent"": 2, ""path_vdrop_bound_from_db1_v"": 1.6847208416851633, ""path_vdrop_percent_from_db1"": 0.7324873224718103, ""whole_installation_vdrop_percent"": null, ""status"": ""CONDITIONAL SCREEN ONLY"", ""comparison_path_target_percent"": 5, ""comparison_path_screen"": true}, {""case_id"": ""S2-220-PF08-50C-6"", ""voltage_v"": 220, ""pf"": 0.8, ""maximum_proxy_current_a"": 1.25, ""planning_current_a"": 1.5625, ""comparison_breaker_a"": 6, ""comparison_area_mm2"": 1.5, ""comparison_conductors"": ""3 copper cores (L/N/PE), assumed single-phase; actual PE and phases pending"", ""corrected_ampacity_a"": 6.070499999999999, ""temperature_grouping_factor"": 0.40469999999999995, ""segment_vdrop_bound_v"": 1.608831756981981, ""allocated_segment_vdrop_percent"": 2, ""path_vdrop_bound_from_db1_v"": 1.8462881241694815, ""path_vdrop_percent_from_db1"": 0.8392218746224916, ""whole_installation_vdrop_percent"": null, ""status"": ""CONDITIONAL SCREEN ONLY"", ""comparison_path_target_percent"": 5, ""comparison_path_screen"": true}]",Wall bands above openings; concealed finish-matched soffit crossing over the 9–10 wing opening.,"[48.895, 1.95, 0.4]","[39.15, 8.122287371134018, -7.36]",37.661761867610664,"Catalogue maximum proxy only; selected products, actual supply, protection, inrush, installation, origin voltage drop and engineering approval pending",1.5,,,
drop:FC1:F5:fan:-1:F240,F5 → Wall fan · wing B · 1 · held review,FC1,DB1,F5,fan,drop,"[""F240""]",10.700287371134017,10.700287371134017,One modeled mains trunk/branch/local/feeder piece,35,0.0525,55,68.75,,,,,,,,,,,ENGINEERING HOLD,"[{""case_id"": ""S1-230-PF09-45C-4"", ""voltage_v"": 230, ""pf"": 0.9, ""maximum_proxy_current_a"": 0.26570048309178745, ""planning_current_a"": 0.3321256038647343, ""comparison_breaker_a"": 6, ""comparison_area_mm2"": 1.5, ""comparison_conductors"": ""3 copper cores (L/N/PE), assumed single-phase; actual PE and phases pending"", ""corrected_ampacity_a"": 7.702500000000001, ""temperature_grouping_factor"": 0.5135000000000001, ""segment_vdrop_bound_v"": 0.11286993949213102, ""allocated_segment_vdrop_percent"": 2, ""path_vdrop_bound_from_db1_v"": 1.7975907811772942, ""path_vdrop_percent_from_db1"": 0.7815612092075191, ""whole_installation_vdrop_percent"": null, ""status"": ""CONDITIONAL SCREEN ONLY"", ""comparison_path_target_percent"": 5, ""comparison_path_screen"": true}, {""case_id"": ""S2-220-PF08-50C-6"", ""voltage_v"": 220, ""pf"": 0.8, ""maximum_proxy_current_a"": 0.3125, ""planning_current_a"": 0.390625, ""comparison_breaker_a"": 6, ""comparison_area_mm2"": 1.5, ""comparison_conductors"": ""3 copper cores (L/N/PE), assumed single-phase; actual PE and phases pending"", ""corrected_ampacity_a"": 6.070499999999999, ""temperature_grouping_factor"": 0.40469999999999995, ""segment_vdrop_bound_v"": 0.1327504401981314, ""allocated_segment_vdrop_percent"": 2, ""path_vdrop_bound_from_db1_v"": 1.979038564367613, ""path_vdrop_percent_from_db1"": 0.8995629838034604, ""whole_installation_vdrop_percent"": null, ""status"": ""CONDITIONAL SCREEN ONLY"", ""comparison_path_target_percent"": 5, ""comparison_path_screen"": true}]","Covered roof-soffit crossing into outer arcade / wing-gable wall, then concealed pier drop. No exposed crossing at equipment height.","[39.15, 8.122287371134018, -7.36]","[39.15, 3.5, -13.06]",13.77031610824742,"Catalogue maximum proxy only; selected products, actual supply, protection, inrush, installation, origin voltage drop and engineering approval pending",1.5,,,
drop:FC1:F5:fan:-1:F241,F5 → Wall fan · wing B · 2 · held review,FC1,DB1,F5,fan,drop,"[""F241""]",12.144617268041237,12.144617268041237,One modeled mains trunk/branch/local/feeder piece,35,0.0525,55,68.75,,,,,,,,,,,ENGINEERING HOLD,"[{""case_id"": ""S1-230-PF09-45C-4"", ""voltage_v"": 230, ""pf"": 0.9, ""maximum_proxy_current_a"": 0.26570048309178745, ""planning_current_a"": 0.3321256038647343, ""comparison_breaker_a"": 6, ""comparison_area_mm2"": 1.5, ""comparison_conductors"": ""3 copper cores (L/N/PE), assumed single-phase; actual PE and phases pending"", ""corrected_ampacity_a"": 7.702500000000001, ""temperature_grouping_factor"": 0.5135000000000001, ""segment_vdrop_bound_v"": 0.1281051778008118, ""allocated_segment_vdrop_percent"": 2, ""path_vdrop_bound_from_db1_v"": 1.7694846918211646, ""path_vdrop_percent_from_db1"": 0.7693411703570281, ""whole_installation_vdrop_percent"": null, ""status"": ""CONDITIONAL SCREEN ONLY"", ""comparison_path_target_percent"": 5, ""comparison_path_screen"": true}, {""case_id"": ""S2-220-PF08-50C-6"", ""voltage_v"": 220, ""pf"": 0.8, ""maximum_proxy_current_a"": 0.3125, ""planning_current_a"": 0.390625, ""comparison_breaker_a"": 6, ""comparison_area_mm2"": 1.5, ""comparison_conductors"": ""3 copper cores (L/N/PE), assumed single-phase; actual PE and phases pending"", ""corrected_ampacity_a"": 6.070499999999999, ""temperature_grouping_factor"": 0.40469999999999995, ""segment_vdrop_bound_v"": 0.1506691579816366, ""allocated_segment_vdrop_percent"": 2, ""path_vdrop_bound_from_db1_v"": 1.945981970636256, ""path_vdrop_percent_from_db1"": 0.8845372593801164, ""whole_installation_vdrop_percent"": null, ""status"": ""CONDITIONAL SCREEN ONLY"", ""comparison_path_target_percent"": 5, ""comparison_path_screen"": true}]","Covered roof-soffit crossing into outer arcade / wing-gable wall, then concealed pier drop. No exposed crossing at equipment height.","[39.95, 8.766617268041237, -7.36]","[39.95, 2.7, -13.06]",15.359078994845362,"Catalogue maximum proxy only; selected products, actual supply, protection, inrush, installation, origin voltage drop and engineering approval pending",1.5,,,
drop:FC1:F5:fan:-1:F-WING-B-3,F5 → Wall fan · wing B · 3 · held review,FC1,DB1,F5,fan,drop,"[""F-WING-B-3""]",12.144617268041237,12.144617268041237,One modeled mains trunk/branch/local/feeder piece,35,0.0525,55,68.75,,,,,,,,,,,ENGINEERING HOLD,"[{""case_id"": ""S1-230-PF09-45C-4"", ""voltage_v"": 230, ""pf"": 0.9, ""maximum_proxy_current_a"": 0.26570048309178745, ""planning_current_a"": 0.3321256038647343, ""comparison_breaker_a"": 6, ""comparison_area_mm2"": 1.5, ""comparison_conductors"": ""3 copper cores (L/N/PE), assumed single-phase; actual PE and phases pending"", ""corrected_ampacity_a"": 7.702500000000001, ""temperature_grouping_factor"": 0.5135000000000001, ""segment_vdrop_bound_v"": 0.1281051778008118, ""allocated_segment_vdrop_percent"": 2, ""path_vdrop_bound_from_db1_v"": 1.7017638673448987, ""path_vdrop_percent_from_db1"": 0.7398973336282169, ""whole_installation_vdrop_percent"": null, ""status"": ""CONDITIONAL SCREEN ONLY"", ""comparison_path_target_percent"": 5, ""comparison_path_screen"": true}, {""case_id"": ""S2-220-PF08-50C-6"", ""voltage_v"": 220, ""pf"": 0.8, ""maximum_proxy_current_a"": 0.3125, ""planning_current_a"": 0.390625, ""comparison_breaker_a"": 6, ""comparison_area_mm2"": 1.5, ""comparison_conductors"": ""3 copper cores (L/N/PE), assumed single-phase; actual PE and phases pending"", ""corrected_ampacity_a"": 6.070499999999999, ""temperature_grouping_factor"": 0.40469999999999995, ""segment_vdrop_bound_v"": 0.1506691579816366, ""allocated_segment_vdrop_percent"": 2, ""path_vdrop_bound_from_db1_v"": 1.8663330463942842, ""path_vdrop_percent_from_db1"": 0.8483332029064928, ""whole_installation_vdrop_percent"": null, ""status"": ""CONDITIONAL SCREEN ONLY"", ""comparison_path_target_percent"": 5, ""comparison_path_screen"": true}]","Covered roof-soffit crossing into outer arcade / wing-gable wall, then concealed pier drop. No exposed crossing at equipment height.","[41.2, 8.766617268041228, -7.36]","[41.2, 2.7, -13.06]",15.359078994845362,"Catalogue maximum proxy only; selected products, actual supply, protection, inrush, installation, origin voltage drop and engineering approval pending",1.5,,,
drop:FC1:F5:fan:-1:F-WING-B-4,F5 → Wall fan · wing B · 4 · held review,FC1,DB1,F5,fan,drop,"[""F-WING-B-4""]",10.700287371134024,10.700287371134024,One modeled mains trunk/branch/local/feeder piece,35,0.0525,55,68.75,,,,,,,,,,,ENGINEERING HOLD,"[{""case_id"": ""S1-230-PF09-45C-4"", ""voltage_v"": 230, ""pf"": 0.9, ""maximum_proxy_current_a"": 0.26570048309178745, ""planning_current_a"": 0.3321256038647343, ""comparison_breaker_a"": 6, ""comparison_area_mm2"": 1.5, ""comparison_conductors"": ""3 copper cores (L/N/PE), assumed single-phase; actual PE and phases pending"", ""corrected_ampacity_a"": 7.702500000000001, ""temperature_grouping_factor"": 0.5135000000000001, ""segment_vdrop_bound_v"": 0.11286993949213112, ""allocated_segment_vdrop_percent"": 2, ""path_vdrop_bound_from_db1_v"": 1.643187301371408, ""path_vdrop_percent_from_db1"": 0.7144292614658295, ""whole_installation_vdrop_percent"": null, ""status"": ""CONDITIONAL SCREEN ONLY"", ""comparison_path_target_percent"": 5, ""comparison_path_screen"": true}, {""case_id"": ""S2-220-PF08-50C-6"", ""voltage_v"": 220, ""pf"": 0.8, ""maximum_proxy_current_a"": 0.3125, ""planning_current_a"": 0.390625, ""comparison_breaker_a"": 6, ""comparison_area_mm2"": 1.5, ""comparison_conductors"": ""3 copper cores (L/N/PE), assumed single-phase; actual PE and phases pending"", ""corrected_ampacity_a"": 6.070499999999999, ""temperature_grouping_factor"": 0.40469999999999995, ""segment_vdrop_bound_v"": 0.13275044019813148, ""allocated_segment_vdrop_percent"": 2, ""path_vdrop_bound_from_db1_v"": 1.7974390170959171, ""path_vdrop_percent_from_db1"": 0.8170177350435986, ""whole_installation_vdrop_percent"": null, ""status"": ""CONDITIONAL SCREEN ONLY"", ""comparison_path_target_percent"": 5, ""comparison_path_screen"": true}]","Covered roof-soffit crossing into outer arcade / wing-gable wall, then concealed pier drop. No exposed crossing at equipment height.","[42, 8.122287371134018, -7.36]","[42, 3.5, -13.06]",13.770316108247428,"Catalogue maximum proxy only; selected products, actual supply, protection, inrush, installation, origin voltage drop and engineering approval pending",1.5,,,
trunk:FC1:F5:fan:1,F5 · H · circuit trunk,FC1,DB1,F5,fan,trunk,"[""F242"", ""F243"", ""F-WING-H-3"", ""F-WING-H-4""]",39.0197835160097,39.0197835160097,One modeled mains trunk/branch/local/feeder piece,140,0.21,220,275.0,,,,,,,,,,,ENGINEERING HOLD,"[{""case_id"": ""S1-230-PF09-45C-4"", ""voltage_v"": 230, ""pf"": 0.9, ""maximum_proxy_current_a"": 1.0628019323671498, ""planning_current_a"": 1.328502415458937, ""comparison_breaker_a"": 6, ""comparison_area_mm2"": 1.5, ""comparison_conductors"": ""3 copper cores (L/N/PE), assumed single-phase; actual PE and phases pending"", ""corrected_ampacity_a"": 7.702500000000001, ""temperature_grouping_factor"": 0.5135000000000001, ""segment_vdrop_bound_v"": 1.6463709624581098, ""allocated_segment_vdrop_percent"": 2, ""path_vdrop_bound_from_db1_v"": 1.9631962040040043, ""path_vdrop_percent_from_db1"": 0.8535635669582627, ""whole_installation_vdrop_percent"": null, ""status"": ""CONDITIONAL SCREEN ONLY"", ""comparison_path_target_percent"": 5, ""comparison_path_screen"": true}, {""case_id"": ""S2-220-PF08-50C-6"", ""voltage_v"": 220, ""pf"": 0.8, ""maximum_proxy_current_a"": 1.25, ""planning_current_a"": 1.5625, ""comparison_breaker_a"": 6, ""comparison_area_mm2"": 1.5, ""comparison_conductors"": ""3 copper cores (L/N/PE), assumed single-phase; actual PE and phases pending"", ""corrected_ampacity_a"": 6.070499999999999, ""temperature_grouping_factor"": 0.40469999999999995, ""segment_vdrop_bound_v"": 1.9363567569819815, ""allocated_segment_vdrop_percent"": 2, ""path_vdrop_bound_from_db1_v"": 2.173813124169482, ""path_vdrop_percent_from_db1"": 0.9880968746224917, ""whole_installation_vdrop_percent"": null, ""status"": ""CONDITIONAL SCREEN ONLY"", ""comparison_path_target_percent"": 5, ""comparison_path_screen"": true}]",Wall bands above openings; concealed finish-matched soffit crossing over the 9–10 wing opening.,"[48.895, 1.95, 0.4]","[39.15, 8.122287371134018, 7.36]",44.92176186761068,"Catalogue maximum proxy only; selected products, actual supply, protection, inrush, installation, origin voltage drop and engineering approval pending",1.5,,,
drop:FC1:F5:fan:1:F242,F5 → Wall fan · wing H · 1 · held review,FC1,DB1,F5,fan,drop,"[""F242""]",10.700287371134017,10.700287371134017,One modeled mains trunk/branch/local/feeder piece,35,0.0525,55,68.75,,,,,,,,,,,ENGINEERING HOLD,"[{""case_id"": ""S1-230-PF09-45C-4"", ""voltage_v"": 230, ""pf"": 0.9, ""maximum_proxy_current_a"": 0.26570048309178745, ""planning_current_a"": 0.3321256038647343, ""comparison_breaker_a"": 6, ""comparison_area_mm2"": 1.5, ""comparison_conductors"": ""3 copper cores (L/N/PE), assumed single-phase; actual PE and phases pending"", ""corrected_ampacity_a"": 7.702500000000001, ""temperature_grouping_factor"": 0.5135000000000001, ""segment_vdrop_bound_v"": 0.11286993949213102, ""allocated_segment_vdrop_percent"": 2, ""path_vdrop_bound_from_db1_v"": 2.0760661434961354, ""path_vdrop_percent_from_db1"": 0.902637453693972, ""whole_installation_vdrop_percent"": null, ""status"": ""CONDITIONAL SCREEN ONLY"", ""comparison_path_target_percent"": 5, ""comparison_path_screen"": true}, {""case_id"": ""S2-220-PF08-50C-6"", ""voltage_v"": 220, ""pf"": 0.8, ""maximum_proxy_current_a"": 0.3125, ""planning_current_a"": 0.390625, ""comparison_breaker_a"": 6, ""comparison_area_mm2"": 1.5, ""comparison_conductors"": ""3 copper cores (L/N/PE), assumed single-phase; actual PE and phases pending"", ""corrected_ampacity_a"": 6.070499999999999, ""temperature_grouping_factor"": 0.40469999999999995, ""segment_vdrop_bound_v"": 0.1327504401981314, ""allocated_segment_vdrop_percent"": 2, ""path_vdrop_bound_from_db1_v"": 2.3065635643676132, ""path_vdrop_percent_from_db1"": 1.0484379838034605, ""whole_installation_vdrop_percent"": null, ""status"": ""CONDITIONAL SCREEN ONLY"", ""comparison_path_target_percent"": 5, ""comparison_path_screen"": true}]","Covered roof-soffit crossing into outer arcade / wing-gable wall, then concealed pier drop. No exposed crossing at equipment height.","[39.15, 8.122287371134018, 7.36]","[39.15, 3.5, 13.06]",13.77031610824742,"Catalogue maximum proxy only; selected products, actual supply, protection, inrush, installation, origin voltage drop and engineering approval pending",1.5,,,
drop:FC1:F5:fan:1:F243,F5 → Wall fan · wing H · 2 · held review,FC1,DB1,F5,fan,drop,"[""F243""]",12.144617268041237,12.144617268041237,One modeled mains trunk/branch/local/feeder piece,35,0.0525,55,68.75,,,,,,,,,,,ENGINEERING HOLD,"[{""case_id"": ""S1-230-PF09-45C-4"", ""voltage_v"": 230, ""pf"": 0.9, ""maximum_proxy_current_a"": 0.26570048309178745, ""planning_current_a"": 0.3321256038647343, ""comparison_breaker_a"": 6, ""comparison_area_mm2"": 1.5, ""comparison_conductors"": ""3 copper cores (L/N/PE), assumed single-phase; actual PE and phases pending"", ""corrected_ampacity_a"": 7.702500000000001, ""temperature_grouping_factor"": 0.5135000000000001, ""segment_vdrop_bound_v"": 0.1281051778008118, ""allocated_segment_vdrop_percent"": 2, ""path_vdrop_bound_from_db1_v"": 2.0479600541400056, ""path_vdrop_percent_from_db1"": 0.8904174148434807, ""whole_installation_vdrop_percent"": null, ""status"": ""CONDITIONAL SCREEN ONLY"", ""comparison_path_target_percent"": 5, ""comparison_path_screen"": true}, {""case_id"": ""S2-220-PF08-50C-6"", ""voltage_v"": 220, ""pf"": 0.8, ""maximum_proxy_current_a"": 0.3125, ""planning_current_a"": 0.390625, ""comparison_breaker_a"": 6, ""comparison_area_mm2"": 1.5, ""comparison_conductors"": ""3 copper cores (L/N/PE), assumed single-phase; actual PE and phases pending"", ""corrected_ampacity_a"": 6.070499999999999, ""temperature_grouping_factor"": 0.40469999999999995, ""segment_vdrop_bound_v"": 0.1506691579816366, ""allocated_segment_vdrop_percent"": 2, ""path_vdrop_bound_from_db1_v"": 2.273506970636256, ""path_vdrop_percent_from_db1"": 1.0334122593801163, ""whole_installation_vdrop_percent"": null, ""status"": ""CONDITIONAL SCREEN ONLY"", ""comparison_path_target_percent"": 5, ""comparison_path_screen"": true}]","Covered roof-soffit crossing into outer arcade / wing-gable wall, then concealed pier drop. No exposed crossing at equipment height.","[39.95, 8.766617268041237, 7.36]","[39.95, 2.7, 13.06]",15.359078994845362,"Catalogue maximum proxy only; selected products, actual supply, protection, inrush, installation, origin voltage drop and engineering approval pending",1.5,,,
drop:FC1:F5:fan:1:F-WING-H-3,F5 → Wall fan · wing H · 3 · held review,FC1,DB1,F5,fan,drop,"[""F-WING-H-3""]",12.144617268041237,12.144617268041237,One modeled mains trunk/branch/local/feeder piece,35,0.0525,55,68.75,,,,,,,,,,,ENGINEERING HOLD,"[{""case_id"": ""S1-230-PF09-45C-4"", ""voltage_v"": 230, ""pf"": 0.9, ""maximum_proxy_current_a"": 0.26570048309178745, ""planning_current_a"": 0.3321256038647343, ""comparison_breaker_a"": 6, ""comparison_area_mm2"": 1.5, ""comparison_conductors"": ""3 copper cores (L/N/PE), assumed single-phase; actual PE and phases pending"", ""corrected_ampacity_a"": 7.702500000000001, ""temperature_grouping_factor"": 0.5135000000000001, ""segment_vdrop_bound_v"": 0.1281051778008118, ""allocated_segment_vdrop_percent"": 2, ""path_vdrop_bound_from_db1_v"": 1.9802392296637394, ""path_vdrop_percent_from_db1"": 0.8609735781146692, ""whole_installation_vdrop_percent"": null, ""status"": ""CONDITIONAL SCREEN ONLY"", ""comparison_path_target_percent"": 5, ""comparison_path_screen"": true}, {""case_id"": ""S2-220-PF08-50C-6"", ""voltage_v"": 220, ""pf"": 0.8, ""maximum_proxy_current_a"": 0.3125, ""planning_current_a"": 0.390625, ""comparison_breaker_a"": 6, ""comparison_area_mm2"": 1.5, ""comparison_conductors"": ""3 copper cores (L/N/PE), assumed single-phase; actual PE and phases pending"", ""corrected_ampacity_a"": 6.070499999999999, ""temperature_grouping_factor"": 0.40469999999999995, ""segment_vdrop_bound_v"": 0.1506691579816366, ""allocated_segment_vdrop_percent"": 2, ""path_vdrop_bound_from_db1_v"": 2.1938580463942845, ""path_vdrop_percent_from_db1"": 0.9972082029064929, ""whole_installation_vdrop_percent"": null, ""status"": ""CONDITIONAL SCREEN ONLY"", ""comparison_path_target_percent"": 5, ""comparison_path_screen"": true}]","Covered roof-soffit crossing into outer arcade / wing-gable wall, then concealed pier drop. No exposed crossing at equipment height.","[41.2, 8.766617268041228, 7.36]","[41.2, 2.7, 13.06]",15.359078994845362,"Catalogue maximum proxy only; selected products, actual supply, protection, inrush, installation, origin voltage drop and engineering approval pending",1.5,,,
drop:FC1:F5:fan:1:F-WING-H-4,F5 → Wall fan · wing H · 4 · held review,FC1,DB1,F5,fan,drop,"[""F-WING-H-4""]",10.700287371134024,10.700287371134024,One modeled mains trunk/branch/local/feeder piece,35,0.0525,55,68.75,,,,,,,,,,,ENGINEERING HOLD,"[{""case_id"": ""S1-230-PF09-45C-4"", ""voltage_v"": 230, ""pf"": 0.9, ""maximum_proxy_current_a"": 0.26570048309178745, ""planning_current_a"": 0.3321256038647343, ""comparison_breaker_a"": 6, ""comparison_area_mm2"": 1.5, ""comparison_conductors"": ""3 copper cores (L/N/PE), assumed single-phase; actual PE and phases pending"", ""corrected_ampacity_a"": 7.702500000000001, ""temperature_grouping_factor"": 0.5135000000000001, ""segment_vdrop_bound_v"": 0.11286993949213112, ""allocated_segment_vdrop_percent"": 2, ""path_vdrop_bound_from_db1_v"": 1.9216626636902485, ""path_vdrop_percent_from_db1"": 0.8355055059522819, ""whole_installation_vdrop_percent"": null, ""status"": ""CONDITIONAL SCREEN ONLY"", ""comparison_path_target_percent"": 5, ""comparison_path_screen"": true}, {""case_id"": ""S2-220-PF08-50C-6"", ""voltage_v"": 220, ""pf"": 0.8, ""maximum_proxy_current_a"": 0.3125, ""planning_current_a"": 0.390625, ""comparison_breaker_a"": 6, ""comparison_area_mm2"": 1.5, ""comparison_conductors"": ""3 copper cores (L/N/PE), assumed single-phase; actual PE and phases pending"", ""corrected_ampacity_a"": 6.070499999999999, ""temperature_grouping_factor"": 0.40469999999999995, ""segment_vdrop_bound_v"": 0.13275044019813148, ""allocated_segment_vdrop_percent"": 2, ""path_vdrop_bound_from_db1_v"": 2.1249640170959174, ""path_vdrop_percent_from_db1"": 0.9658927350435988, ""whole_installation_vdrop_percent"": null, ""status"": ""CONDITIONAL SCREEN ONLY"", ""comparison_path_target_percent"": 5, ""comparison_path_screen"": true}]","Covered roof-soffit crossing into outer arcade / wing-gable wall, then concealed pier drop. No exposed crossing at equipment height.","[42, 8.122287371134018, 7.36]","[42, 3.5, 13.06]",13.770316108247428,"Catalogue maximum proxy only; selected products, actual supply, protection, inrush, installation, origin voltage drop and engineering approval pending",1.5,,,
trunk:FC1:F2:fan:-1,F2 · B · circuit trunk,FC1,DB1,F2,fan,trunk,"[""F244"", ""F246"", ""F248""]",58.576130311179185,58.576130311179185,One modeled mains trunk/branch/local/feeder piece,0,0.0,165,206.25,,,,,,,,,,,ENGINEERING HOLD,"[{""case_id"": ""S1-230-PF09-45C-4"", ""voltage_v"": 230, ""pf"": 0.9, ""maximum_proxy_current_a"": 0.7971014492753623, ""planning_current_a"": 0.9963768115942029, ""comparison_breaker_a"": 6, ""comparison_area_mm2"": 1.5, ""comparison_conductors"": ""3 copper cores (L/N/PE), assumed single-phase; actual PE and phases pending"", ""corrected_ampacity_a"": 7.702500000000001, ""temperature_grouping_factor"": 0.5135000000000001, ""segment_vdrop_bound_v"": 1.8536373990501414, ""allocated_segment_vdrop_percent"": 2, ""path_vdrop_bound_from_db1_v"": 2.170462640596036, ""path_vdrop_percent_from_db1"": 0.9436794089547983, ""whole_installation_vdrop_percent"": null, ""status"": ""CONDITIONAL SCREEN ONLY"", ""comparison_path_target_percent"": 5, ""comparison_path_screen"": true}, {""case_id"": ""S2-220-PF08-50C-6"", ""voltage_v"": 220, ""pf"": 0.8, ""maximum_proxy_current_a"": 0.9375, ""planning_current_a"": 1.171875, ""comparison_breaker_a"": 6, ""comparison_area_mm2"": 1.5, ""comparison_conductors"": ""3 copper cores (L/N/PE), assumed single-phase; actual PE and phases pending"", ""corrected_ampacity_a"": 6.070499999999999, ""temperature_grouping_factor"": 0.40469999999999995, ""segment_vdrop_bound_v"": 2.1801303500192004, ""allocated_segment_vdrop_percent"": 2, ""path_vdrop_bound_from_db1_v"": 2.417586717206701, ""path_vdrop_percent_from_db1"": 1.0989030532757733, ""whole_installation_vdrop_percent"": null, ""status"": ""CONDITIONAL SCREEN ONLY"", ""comparison_path_target_percent"": 5, ""comparison_path_screen"": true}]",Wall bands above openings; concealed finish-matched soffit crossing over the 9–10 wing opening.,"[48.895, 1.95, 0.4]","[14.475000000000001, 6.0120000000000005, -7.36]",66.4337433422971,"Catalogue maximum proxy only; selected products, actual supply, protection, inrush, installation, origin voltage drop and engineering approval pending",1.5,,,
drop:FC1:F2:fan:-1:F244,F2 → Wall fan · axis 4 · B,FC1,DB1,F2,fan,drop,"[""F244""]",0.7520000000000007,0.7520000000000007,One modeled mains trunk/branch/local/feeder piece,0,0.0,55,68.75,,,,,,,,,,,ENGINEERING HOLD,"[{""case_id"": ""S1-230-PF09-45C-4"", ""voltage_v"": 230, ""pf"": 0.9, ""maximum_proxy_current_a"": 0.26570048309178745, ""planning_current_a"": 0.3321256038647343, ""comparison_breaker_a"": 6, ""comparison_area_mm2"": 1.5, ""comparison_conductors"": ""3 copper cores (L/N/PE), assumed single-phase; actual PE and phases pending"", ""corrected_ampacity_a"": 7.702500000000001, ""temperature_grouping_factor"": 0.5135000000000001, ""segment_vdrop_bound_v"": 0.007932328502415464, ""allocated_segment_vdrop_percent"": 2, ""path_vdrop_bound_from_db1_v"": 2.178394969098451, ""path_vdrop_percent_from_db1"": 0.9471282474341092, ""whole_installation_vdrop_percent"": null, ""status"": ""CONDITIONAL SCREEN ONLY"", ""comparison_path_target_percent"": 5, ""comparison_path_screen"": true}, {""case_id"": ""S2-220-PF08-50C-6"", ""voltage_v"": 220, ""pf"": 0.8, ""maximum_proxy_current_a"": 0.3125, ""planning_current_a"": 0.390625, ""comparison_breaker_a"": 6, ""comparison_area_mm2"": 1.5, ""comparison_conductors"": ""3 copper cores (L/N/PE), assumed single-phase; actual PE and phases pending"", ""corrected_ampacity_a"": 6.070499999999999, ""temperature_grouping_factor"": 0.40469999999999995, ""segment_vdrop_bound_v"": 0.009329500000000008, ""allocated_segment_vdrop_percent"": 2, ""path_vdrop_bound_from_db1_v"": 2.426916217206701, ""path_vdrop_percent_from_db1"": 1.103143735093955, ""whole_installation_vdrop_percent"": null, ""status"": ""CONDITIONAL SCREEN ONLY"", ""comparison_path_target_percent"": 5, ""comparison_path_screen"": true}]",Concealed solid-pier / wall drop and local termination.,"[14.475000000000001, 6.0120000000000005, -7.36]","[14.475, 5.55, -7.07]",2.827200000000001,"Catalogue maximum proxy only; selected products, actual supply, protection, inrush, installation, origin voltage drop and engineering approval pending",1.5,,,
drop:FC1:F2:fan:-1:F246,F2 → Wall fan · axis 6 · B,FC1,DB1,F2,fan,drop,"[""F246""]",0.7520000000000007,0.7520000000000007,One modeled mains trunk/branch/local/feeder piece,0,0.0,55,68.75,,,,,,,,,,,ENGINEERING HOLD,"[{""case_id"": ""S1-230-PF09-45C-4"", ""voltage_v"": 230, ""pf"": 0.9, ""maximum_proxy_current_a"": 0.26570048309178745, ""planning_current_a"": 0.3321256038647343, ""comparison_breaker_a"": 6, ""comparison_area_mm2"": 1.5, ""comparison_conductors"": ""3 copper cores (L/N/PE), assumed single-phase; actual PE and phases pending"", ""corrected_ampacity_a"": 7.702500000000001, ""temperature_grouping_factor"": 0.5135000000000001, ""segment_vdrop_bound_v"": 0.007932328502415464, ""allocated_segment_vdrop_percent"": 2, ""path_vdrop_bound_from_db1_v"": 1.893590621272364, ""path_vdrop_percent_from_db1"": 0.8233002701184191, ""whole_installation_vdrop_percent"": null, ""status"": ""CONDITIONAL SCREEN ONLY"", ""comparison_path_target_percent"": 5, ""comparison_path_screen"": true}, {""case_id"": ""S2-220-PF08-50C-6"", ""voltage_v"": 220, ""pf"": 0.8, ""maximum_proxy_current_a"": 0.3125, ""planning_current_a"": 0.390625, ""comparison_breaker_a"": 6, ""comparison_area_mm2"": 1.5, ""comparison_conductors"": ""3 copper cores (L/N/PE), assumed single-phase; actual PE and phases pending"", ""corrected_ampacity_a"": 6.070499999999999, ""temperature_grouping_factor"": 0.40469999999999995, ""segment_vdrop_bound_v"": 0.009329500000000008, ""allocated_segment_vdrop_percent"": 2, ""path_vdrop_bound_from_db1_v"": 2.0919474672067007, ""path_vdrop_percent_from_db1"": 0.9508852123666821, ""whole_installation_vdrop_percent"": null, ""status"": ""CONDITIONAL SCREEN ONLY"", ""comparison_path_target_percent"": 5, ""comparison_path_screen"": true}]",Concealed solid-pier / wall drop and local termination.,"[23.475, 6.0120000000000005, -7.36]","[23.475, 5.55, -7.07]",2.827200000000001,"Catalogue maximum proxy only; selected products, actual supply, protection, inrush, installation, origin voltage drop and engineering approval pending",1.5,,,
drop:FC1:F2:fan:-1:F248,F2 → Wall fan · axis 8 · B,FC1,DB1,F2,fan,drop,"[""F248""]",0.7520000000000007,0.7520000000000007,One modeled mains trunk/branch/local/feeder piece,0,0.0,55,68.75,,,,,,,,,,,ENGINEERING HOLD,"[{""case_id"": ""S1-230-PF09-45C-4"", ""voltage_v"": 230, ""pf"": 0.9, ""maximum_proxy_current_a"": 0.26570048309178745, ""planning_current_a"": 0.3321256038647343, ""comparison_breaker_a"": 6, ""comparison_area_mm2"": 1.5, ""comparison_conductors"": ""3 copper cores (L/N/PE), assumed single-phase; actual PE and phases pending"", ""corrected_ampacity_a"": 7.702500000000001, ""temperature_grouping_factor"": 0.5135000000000001, ""segment_vdrop_bound_v"": 0.007932328502415464, ""allocated_segment_vdrop_percent"": 2, ""path_vdrop_bound_from_db1_v"": 1.6087862734462772, ""path_vdrop_percent_from_db1"": 0.6994722928027292, ""whole_installation_vdrop_percent"": null, ""status"": ""CONDITIONAL SCREEN ONLY"", ""comparison_path_target_percent"": 5, ""comparison_path_screen"": true}, {""case_id"": ""S2-220-PF08-50C-6"", ""voltage_v"": 220, ""pf"": 0.8, ""maximum_proxy_current_a"": 0.3125, ""planning_current_a"": 0.390625, ""comparison_breaker_a"": 6, ""comparison_area_mm2"": 1.5, ""comparison_conductors"": ""3 copper cores (L/N/PE), assumed single-phase; actual PE and phases pending"", ""corrected_ampacity_a"": 6.070499999999999, ""temperature_grouping_factor"": 0.40469999999999995, ""segment_vdrop_bound_v"": 0.009329500000000008, ""allocated_segment_vdrop_percent"": 2, ""path_vdrop_bound_from_db1_v"": 1.7569787172067008, ""path_vdrop_percent_from_db1"": 0.7986266896394095, ""whole_installation_vdrop_percent"": null, ""status"": ""CONDITIONAL SCREEN ONLY"", ""comparison_path_target_percent"": 5, ""comparison_path_screen"": true}]",Concealed solid-pier / wall drop and local termination.,"[32.475, 6.0120000000000005, -7.36]","[32.475, 5.55, -7.07]",2.827200000000001,"Catalogue maximum proxy only; selected products, actual supply, protection, inrush, installation, origin voltage drop and engineering approval pending",1.5,,,
trunk:FC1:F2:fan:1,F2 · H · circuit trunk,FC1,DB1,F2,fan,trunk,"[""F245"", ""F247"", ""F249""]",65.17613031117918,65.17613031117918,One modeled mains trunk/branch/local/feeder piece,0,0.0,165,206.25,,,,,,,,,,,ENGINEERING HOLD,"[{""case_id"": ""S1-230-PF09-45C-4"", ""voltage_v"": 230, ""pf"": 0.9, ""maximum_proxy_current_a"": 0.7971014492753623, ""planning_current_a"": 0.9963768115942029, ""comparison_breaker_a"": 6, ""comparison_area_mm2"": 1.5, ""comparison_conductors"": ""3 copper cores (L/N/PE), assumed single-phase; actual PE and phases pending"", ""corrected_ampacity_a"": 7.702500000000001, ""temperature_grouping_factor"": 0.5135000000000001, ""segment_vdrop_bound_v"": 2.062493920789272, ""allocated_segment_vdrop_percent"": 2, ""path_vdrop_bound_from_db1_v"": 2.3793191623351664, ""path_vdrop_percent_from_db1"": 1.0344865923196376, ""whole_installation_vdrop_percent"": null, ""status"": ""CONDITIONAL SCREEN ONLY"", ""comparison_path_target_percent"": 5, ""comparison_path_screen"": true}, {""case_id"": ""S2-220-PF08-50C-6"", ""voltage_v"": 220, ""pf"": 0.8, ""maximum_proxy_current_a"": 0.9375, ""planning_current_a"": 1.171875, ""comparison_breaker_a"": 6, ""comparison_area_mm2"": 1.5, ""comparison_conductors"": ""3 copper cores (L/N/PE), assumed single-phase; actual PE and phases pending"", ""corrected_ampacity_a"": 6.070499999999999, ""temperature_grouping_factor"": 0.40469999999999995, ""segment_vdrop_bound_v"": 2.4257741000192, ""allocated_segment_vdrop_percent"": 2, ""path_vdrop_bound_from_db1_v"": 2.6632304672067004, ""path_vdrop_percent_from_db1"": 1.2105593032757729, ""whole_installation_vdrop_percent"": null, ""status"": ""CONDITIONAL SCREEN ONLY"", ""comparison_path_target_percent"": 5, ""comparison_path_screen"": true}]",Wall bands above openings; concealed finish-matched soffit crossing over the 9–10 wing opening.,"[48.895, 1.95, 0.4]","[14.475000000000001, 6.0120000000000005, 7.36]",73.6937433422971,"Catalogue maximum proxy only; selected products, actual supply, protection, inrush, installation, origin voltage drop and engineering approval pending",1.5,,,
drop:FC1:F2:fan:1:F245,F2 → Wall fan · axis 4 · H,FC1,DB1,F2,fan,drop,"[""F245""]",0.7520000000000007,0.7520000000000007,One modeled mains trunk/branch/local/feeder piece,0,0.0,55,68.75,,,,,,,,,,,ENGINEERING HOLD,"[{""case_id"": ""S1-230-PF09-45C-4"", ""voltage_v"": 230, ""pf"": 0.9, ""maximum_proxy_current_a"": 0.26570048309178745, ""planning_current_a"": 0.3321256038647343, ""comparison_breaker_a"": 6, ""comparison_area_mm2"": 1.5, ""comparison_conductors"": ""3 copper cores (L/N/PE), assumed single-phase; actual PE and phases pending"", ""corrected_ampacity_a"": 7.702500000000001, ""temperature_grouping_factor"": 0.5135000000000001, ""segment_vdrop_bound_v"": 0.007932328502415464, ""allocated_segment_vdrop_percent"": 2, ""path_vdrop_bound_from_db1_v"": 2.3872514908375817, ""path_vdrop_percent_from_db1"": 1.0379354307989486, ""whole_installation_vdrop_percent"": null, ""status"": ""CONDITIONAL SCREEN ONLY"", ""comparison_path_target_percent"": 5, ""comparison_path_screen"": true}, {""case_id"": ""S2-220-PF08-50C-6"", ""voltage_v"": 220, ""pf"": 0.8, ""maximum_proxy_current_a"": 0.3125, ""planning_current_a"": 0.390625, ""comparison_breaker_a"": 6, ""comparison_area_mm2"": 1.5, ""comparison_conductors"": ""3 copper cores (L/N/PE), assumed single-phase; actual PE and phases pending"", ""corrected_ampacity_a"": 6.070499999999999, ""temperature_grouping_factor"": 0.40469999999999995, ""segment_vdrop_bound_v"": 0.009329500000000008, ""allocated_segment_vdrop_percent"": 2, ""path_vdrop_bound_from_db1_v"": 2.6725599672067006, ""path_vdrop_percent_from_db1"": 1.2147999850939548, ""whole_installation_vdrop_percent"": null, ""status"": ""CONDITIONAL SCREEN ONLY"", ""comparison_path_target_percent"": 5, ""comparison_path_screen"": true}]",Concealed solid-pier / wall drop and local termination.,"[14.475000000000001, 6.0120000000000005, 7.36]","[14.475, 5.55, 7.07]",2.827200000000001,"Catalogue maximum proxy only; selected products, actual supply, protection, inrush, installation, origin voltage drop and engineering approval pending",1.5,,,
drop:FC1:F2:fan:1:F247,F2 → Wall fan · axis 6 · H,FC1,DB1,F2,fan,drop,"[""F247""]",0.7520000000000007,0.7520000000000007,One modeled mains trunk/branch/local/feeder piece,0,0.0,55,68.75,,,,,,,,,,,ENGINEERING HOLD,"[{""case_id"": ""S1-230-PF09-45C-4"", ""voltage_v"": 230, ""pf"": 0.9, ""maximum_proxy_current_a"": 0.26570048309178745, ""planning_current_a"": 0.3321256038647343, ""comparison_breaker_a"": 6, ""comparison_area_mm2"": 1.5, ""comparison_conductors"": ""3 copper cores (L/N/PE), assumed single-phase; actual PE and phases pending"", ""corrected_ampacity_a"": 7.702500000000001, ""temperature_grouping_factor"": 0.5135000000000001, ""segment_vdrop_bound_v"": 0.007932328502415464, ""allocated_segment_vdrop_percent"": 2, ""path_vdrop_bound_from_db1_v"": 2.102447143011495, ""path_vdrop_percent_from_db1"": 0.9141074534832586, ""whole_installation_vdrop_percent"": null, ""status"": ""CONDITIONAL SCREEN ONLY"", ""comparison_path_target_percent"": 5, ""comparison_path_screen"": true}, {""case_id"": ""S2-220-PF08-50C-6"", ""voltage_v"": 220, ""pf"": 0.8, ""maximum_proxy_current_a"": 0.3125, ""planning_current_a"": 0.390625, ""comparison_breaker_a"": 6, ""comparison_area_mm2"": 1.5, ""comparison_conductors"": ""3 copper cores (L/N/PE), assumed single-phase; actual PE and phases pending"", ""corrected_ampacity_a"": 6.070499999999999, ""temperature_grouping_factor"": 0.40469999999999995, ""segment_vdrop_bound_v"": 0.009329500000000008, ""allocated_segment_vdrop_percent"": 2, ""path_vdrop_bound_from_db1_v"": 2.337591217206701, ""path_vdrop_percent_from_db1"": 1.0625414623666822, ""whole_installation_vdrop_percent"": null, ""status"": ""CONDITIONAL SCREEN ONLY"", ""comparison_path_target_percent"": 5, ""comparison_path_screen"": true}]",Concealed solid-pier / wall drop and local termination.,"[23.475, 6.0120000000000005, 7.36]","[23.475, 5.55, 7.07]",2.827200000000001,"Catalogue maximum proxy only; selected products, actual supply, protection, inrush, installation, origin voltage drop and engineering approval pending",1.5,,,
drop:FC1:F2:fan:1:F249,F2 → Wall fan · axis 8 · H,FC1,DB1,F2,fan,drop,"[""F249""]",0.7520000000000007,0.7520000000000007,One modeled mains trunk/branch/local/feeder piece,0,0.0,55,68.75,,,,,,,,,,,ENGINEERING HOLD,"[{""case_id"": ""S1-230-PF09-45C-4"", ""voltage_v"": 230, ""pf"": 0.9, ""maximum_proxy_current_a"": 0.26570048309178745, ""planning_current_a"": 0.3321256038647343, ""comparison_breaker_a"": 6, ""comparison_area_mm2"": 1.5, ""comparison_conductors"": ""3 copper cores (L/N/PE), assumed single-phase; actual PE and phases pending"", ""corrected_ampacity_a"": 7.702500000000001, ""temperature_grouping_factor"": 0.5135000000000001, ""segment_vdrop_bound_v"": 0.007932328502415464, ""allocated_segment_vdrop_percent"": 2, ""path_vdrop_bound_from_db1_v"": 1.8176427951854077, ""path_vdrop_percent_from_db1"": 0.7902794761675686, ""whole_installation_vdrop_percent"": null, ""status"": ""CONDITIONAL SCREEN ONLY"", ""comparison_path_target_percent"": 5, ""comparison_path_screen"": true}, {""case_id"": ""S2-220-PF08-50C-6"", ""voltage_v"": 220, ""pf"": 0.8, ""maximum_proxy_current_a"": 0.3125, ""planning_current_a"": 0.390625, ""comparison_breaker_a"": 6, ""comparison_area_mm2"": 1.5, ""comparison_conductors"": ""3 copper cores (L/N/PE), assumed single-phase; actual PE and phases pending"", ""corrected_ampacity_a"": 6.070499999999999, ""temperature_grouping_factor"": 0.40469999999999995, ""segment_vdrop_bound_v"": 0.009329500000000008, ""allocated_segment_vdrop_percent"": 2, ""path_vdrop_bound_from_db1_v"": 2.002622467206701, ""path_vdrop_percent_from_db1"": 0.9102829396394095, ""whole_installation_vdrop_percent"": null, ""status"": ""CONDITIONAL SCREEN ONLY"", ""comparison_path_target_percent"": 5, ""comparison_path_screen"": true}]",Concealed solid-pier / wall drop and local termination.,"[32.475, 6.0120000000000005, 7.36]","[32.475, 5.55, 7.07]",2.827200000000001,"Catalogue maximum proxy only; selected products, actual supply, protection, inrush, installation, origin voltage drop and engineering approval pending",1.5,,,
trunk:DB2:F4:fan:-1,F4 · B · circuit trunk,DB2,DB2,F4,fan,trunk,"[""F250""]",12.517,12.517,One modeled mains trunk/branch/local/feeder piece,0,0.0,380,475.0,,,,,,,,,,,ENGINEERING HOLD,"[{""case_id"": ""S1-230-PF09-45C-4"", ""voltage_v"": 230, ""pf"": 0.9, ""maximum_proxy_current_a"": 1.8357487922705313, ""planning_current_a"": 2.2946859903381642, ""comparison_breaker_a"": 6, ""comparison_area_mm2"": 1.5, ""comparison_conductors"": ""3 copper cores (L/N/PE), assumed single-phase; actual PE and phases pending"", ""corrected_ampacity_a"": 7.702500000000001, ""temperature_grouping_factor"": 0.5135000000000001, ""segment_vdrop_bound_v"": 0.9122292850241543, ""allocated_segment_vdrop_percent"": 2, ""path_vdrop_bound_from_db1_v"": 2.8945774797715202, ""path_vdrop_percent_from_db1"": 1.2585119477267481, ""whole_installation_vdrop_percent"": null, ""status"": ""CONDITIONAL SCREEN ONLY"", ""comparison_path_target_percent"": 5, ""comparison_path_screen"": true}, {""case_id"": ""S2-220-PF08-50C-6"", ""voltage_v"": 220, ""pf"": 0.8, ""maximum_proxy_current_a"": 2.159090909090909, ""planning_current_a"": 2.6988636363636362, ""comparison_breaker_a"": 6, ""comparison_area_mm2"": 1.5, ""comparison_conductors"": ""3 copper cores (L/N/PE), assumed single-phase; actual PE and phases pending"", ""corrected_ampacity_a"": 6.070499999999999, ""temperature_grouping_factor"": 0.40469999999999995, ""segment_vdrop_bound_v"": 1.072906034090909, ""allocated_segment_vdrop_percent"": 2, ""path_vdrop_bound_from_db1_v"": 2.7788688170461713, ""path_vdrop_percent_from_db1"": 1.2631221895664415, ""whole_installation_vdrop_percent"": null, ""status"": ""CONDITIONAL SCREEN ONLY"", ""comparison_path_target_percent"": 5, ""comparison_path_screen"": true}]",Wall bands above openings; concealed finish-matched soffit crossing over the 9–10 wing opening.,"[2.73, 1.5, -3.3]","[2.655, 6.0280000000000005, -7.36]",15.7687,"Catalogue maximum proxy only; selected products, actual supply, protection, inrush, installation, origin voltage drop and engineering approval pending",1.5,,,
drop:DB2:F4:fan:-1:F250,F4 → Entrance circulator · B,DB2,DB2,F4,fan,drop,"[""F250""]",7.91542691446789,7.91542691446789,One modeled mains trunk/branch/local/feeder piece,0,0.0,380,475.0,,,,,,,,,,,ENGINEERING HOLD,"[{""case_id"": ""S1-230-PF09-45C-4"", ""voltage_v"": 230, ""pf"": 0.9, ""maximum_proxy_current_a"": 1.8357487922705313, ""planning_current_a"": 2.2946859903381642, ""comparison_breaker_a"": 6, ""comparison_area_mm2"": 1.5, ""comparison_conductors"": ""3 copper cores (L/N/PE), assumed single-phase; actual PE and phases pending"", ""corrected_ampacity_a"": 7.702500000000001, ""temperature_grouping_factor"": 0.5135000000000001, ""segment_vdrop_bound_v"": 0.5768701953220413, ""allocated_segment_vdrop_percent"": 2, ""path_vdrop_bound_from_db1_v"": 3.4714476750935614, ""path_vdrop_percent_from_db1"": 1.5093250761276353, ""whole_installation_vdrop_percent"": null, ""status"": ""CONDITIONAL SCREEN ONLY"", ""comparison_path_target_percent"": 5, ""comparison_path_screen"": true}, {""case_id"": ""S2-220-PF08-50C-6"", ""voltage_v"": 220, ""pf"": 0.8, ""maximum_proxy_current_a"": 2.159090909090909, ""planning_current_a"": 2.6988636363636362, ""comparison_breaker_a"": 6, ""comparison_area_mm2"": 1.5, ""comparison_conductors"": ""3 copper cores (L/N/PE), assumed single-phase; actual PE and phases pending"", ""corrected_ampacity_a"": 6.070499999999999, ""temperature_grouping_factor"": 0.40469999999999995, ""segment_vdrop_bound_v"": 0.6784780138162646, ""allocated_segment_vdrop_percent"": 2, ""path_vdrop_bound_from_db1_v"": 3.457346830862436, ""path_vdrop_percent_from_db1"": 1.5715212867556527, ""whole_installation_vdrop_percent"": null, ""status"": ""CONDITIONAL SCREEN ONLY"", ""comparison_path_target_percent"": 5, ""comparison_path_screen"": true}]","Concealed entrance wall band, solid pier and local termination.","[2.655, 6.0280000000000005, -7.36]","[2.655, 6, -3.05]",10.70696960591468,"Catalogue maximum proxy only; selected products, actual supply, protection, inrush, installation, origin voltage drop and engineering approval pending",1.5,,,
trunk:DB2:F4:fan:1,F4 · H · circuit trunk,DB2,DB2,F4,fan,trunk,"[""F251""]",19.117,19.117,One modeled mains trunk/branch/local/feeder piece,0,0.0,380,475.0,,,,,,,,,,,ENGINEERING HOLD,"[{""case_id"": ""S1-230-PF09-45C-4"", ""voltage_v"": 230, ""pf"": 0.9, ""maximum_proxy_current_a"": 1.8357487922705313, ""planning_current_a"": 2.2946859903381642, ""comparison_breaker_a"": 6, ""comparison_area_mm2"": 1.5, ""comparison_conductors"": ""3 copper cores (L/N/PE), assumed single-phase; actual PE and phases pending"", ""corrected_ampacity_a"": 7.702500000000001, ""temperature_grouping_factor"": 0.5135000000000001, ""segment_vdrop_bound_v"": 1.393232183574879, ""allocated_segment_vdrop_percent"": 2, ""path_vdrop_bound_from_db1_v"": 3.375580378322245, ""path_vdrop_percent_from_db1"": 1.4676436427488022, ""whole_installation_vdrop_percent"": null, ""status"": ""CONDITIONAL SCREEN ONLY"", ""comparison_path_target_percent"": 5, ""comparison_path_screen"": true}, {""case_id"": ""S2-220-PF08-50C-6"", ""voltage_v"": 220, ""pf"": 0.8, ""maximum_proxy_current_a"": 2.159090909090909, ""planning_current_a"": 2.6988636363636362, ""comparison_breaker_a"": 6, ""comparison_area_mm2"": 1.5, ""comparison_conductors"": ""3 copper cores (L/N/PE), assumed single-phase; actual PE and phases pending"", ""corrected_ampacity_a"": 6.070499999999999, ""temperature_grouping_factor"": 0.40469999999999995, ""segment_vdrop_bound_v"": 1.638631034090909, ""allocated_segment_vdrop_percent"": 2, ""path_vdrop_bound_from_db1_v"": 3.3445938170461713, ""path_vdrop_percent_from_db1"": 1.520269916839169, ""whole_installation_vdrop_percent"": null, ""status"": ""CONDITIONAL SCREEN ONLY"", ""comparison_path_target_percent"": 5, ""comparison_path_screen"": true}]",Wall bands above openings; concealed finish-matched soffit crossing over the 9–10 wing opening.,"[2.73, 1.5, -3.3]","[2.655, 6.0280000000000005, 7.36]",23.028700000000004,"Catalogue maximum proxy only; selected products, actual supply, protection, inrush, installation, origin voltage drop and engineering approval pending",1.5,,,
drop:DB2:F4:fan:1:F251,F4 → Entrance circulator · H,DB2,DB2,F4,fan,drop,"[""F251""]",7.91542691446789,7.91542691446789,One modeled mains trunk/branch/local/feeder piece,0,0.0,380,475.0,,,,,,,,,,,ENGINEERING HOLD,"[{""case_id"": ""S1-230-PF09-45C-4"", ""voltage_v"": 230, ""pf"": 0.9, ""maximum_proxy_current_a"": 1.8357487922705313, ""planning_current_a"": 2.2946859903381642, ""comparison_breaker_a"": 6, ""comparison_area_mm2"": 1.5, ""comparison_conductors"": ""3 copper cores (L/N/PE), assumed single-phase; actual PE and phases pending"", ""corrected_ampacity_a"": 7.702500000000001, ""temperature_grouping_factor"": 0.5135000000000001, ""segment_vdrop_bound_v"": 0.5768701953220413, ""allocated_segment_vdrop_percent"": 2, ""path_vdrop_bound_from_db1_v"": 3.952450573644286, ""path_vdrop_percent_from_db1"": 1.7184567711496894, ""whole_installation_vdrop_percent"": null, ""status"": ""CONDITIONAL SCREEN ONLY"", ""comparison_path_target_percent"": 5, ""comparison_path_screen"": true}, {""case_id"": ""S2-220-PF08-50C-6"", ""voltage_v"": 220, ""pf"": 0.8, ""maximum_proxy_current_a"": 2.159090909090909, ""planning_current_a"": 2.6988636363636362, ""comparison_breaker_a"": 6, ""comparison_area_mm2"": 1.5, ""comparison_conductors"": ""3 copper cores (L/N/PE), assumed single-phase; actual PE and phases pending"", ""corrected_ampacity_a"": 6.070499999999999, ""temperature_grouping_factor"": 0.40469999999999995, ""segment_vdrop_bound_v"": 0.6784780138162646, ""allocated_segment_vdrop_percent"": 2, ""path_vdrop_bound_from_db1_v"": 4.023071830862436, ""path_vdrop_percent_from_db1"": 1.82866901402838, ""whole_installation_vdrop_percent"": null, ""status"": ""CONDITIONAL SCREEN ONLY"", ""comparison_path_target_percent"": 5, ""comparison_path_screen"": true}]","Concealed entrance wall band, solid pier and local termination.","[2.655, 6.0280000000000005, 7.36]","[2.655, 6, 3.05]",10.70696960591468,"Catalogue maximum proxy only; selected products, actual supply, protection, inrush, installation, origin voltage drop and engineering approval pending",1.5,,,
trunk:FC1:V1:fan:-1,V1 · B · circuit trunk,FC1,DB1,V1,fan,trunk,"[""F252"", ""F253"", ""F256"", ""F257"", ""F260""]",67.54713031117919,67.54713031117919,One modeled mains trunk/branch/local/feeder piece,300,0.45,850,1062.5,,,,,,,,,,,ENGINEERING HOLD,"[{""case_id"": ""S1-230-PF09-45C-4"", ""voltage_v"": 230, ""pf"": 0.9, ""maximum_proxy_current_a"": 4.106280193236715, ""planning_current_a"": 5.132850241545894, ""comparison_breaker_a"": 10, ""comparison_area_mm2"": 4, ""comparison_conductors"": ""3 copper cores (L/N/PE), assumed single-phase; actual PE and phases pending"", ""corrected_ampacity_a"": 13.864500000000001, ""temperature_grouping_factor"": 0.5135000000000001, ""segment_vdrop_bound_v"": 4.163978742642951, ""allocated_segment_vdrop_percent"": 2, ""path_vdrop_bound_from_db1_v"": 4.480803984188845, ""path_vdrop_percent_from_db1"": 1.9481756452994978, ""whole_installation_vdrop_percent"": null, ""status"": ""CONDITIONAL SCREEN ONLY"", ""comparison_path_target_percent"": 5, ""comparison_path_screen"": true}, {""case_id"": ""S2-220-PF08-50C-6"", ""voltage_v"": 220, ""pf"": 0.8, ""maximum_proxy_current_a"": 4.829545454545454, ""planning_current_a"": 6.036931818181818, ""comparison_breaker_a"": 16, ""comparison_area_mm2"": 10, ""comparison_conductors"": ""3 copper cores (L/N/PE), assumed single-phase; actual PE and phases pending"", ""corrected_ampacity_a"": 18.6162, ""temperature_grouping_factor"": 0.40469999999999995, ""segment_vdrop_bound_v"": 1.998109358991913, ""allocated_segment_vdrop_percent"": 2, ""path_vdrop_bound_from_db1_v"": 2.2355657261794137, ""path_vdrop_percent_from_db1"": 1.0161662391724609, ""whole_installation_vdrop_percent"": null, ""status"": ""CONDITIONAL SCREEN ONLY"", ""comparison_path_target_percent"": 5, ""comparison_path_screen"": true}]",Wall bands above openings; concealed finish-matched soffit crossing over the 9–10 wing opening.,"[48.895, 1.95, 0.4]","[5.48, 6.0360000000000005, -7.36]",76.30184334229712,"Catalogue maximum proxy only; selected products, actual supply, protection, inrush, installation, origin voltage drop and engineering approval pending",10,,,
drop:FC1:V1:fan:-1:F252,V1 → Exhaust fan · front gable · B outer,FC1,DB1,V1,fan,drop,"[""F252""]",8.69282092938182,8.69282092938182,One modeled mains trunk/branch/local/feeder piece,60,0.09,170,212.5,,,,,,,,,,,ENGINEERING HOLD,"[{""case_id"": ""S1-230-PF09-45C-4"", ""voltage_v"": 230, ""pf"": 0.9, ""maximum_proxy_current_a"": 0.821256038647343, ""planning_current_a"": 1.0265700483091786, ""comparison_breaker_a"": 10, ""comparison_area_mm2"": 2.5, ""comparison_conductors"": ""3 copper cores (L/N/PE), assumed single-phase; actual PE and phases pending"", ""corrected_ampacity_a"": 10.270000000000001, ""temperature_grouping_factor"": 0.5135000000000001, ""segment_vdrop_bound_v"": 0.17062285717912237, ""allocated_segment_vdrop_percent"": 2, ""path_vdrop_bound_from_db1_v"": 4.651426841367968, ""path_vdrop_percent_from_db1"": 2.0223594962469424, ""whole_installation_vdrop_percent"": null, ""status"": ""CONDITIONAL SCREEN ONLY"", ""comparison_path_target_percent"": 5, ""comparison_path_screen"": true}, {""case_id"": ""S2-220-PF08-50C-6"", ""voltage_v"": 220, ""pf"": 0.8, ""maximum_proxy_current_a"": 0.9659090909090909, ""planning_current_a"": 1.2073863636363635, ""comparison_breaker_a"": 16, ""comparison_area_mm2"": 10, ""comparison_conductors"": ""3 copper cores (L/N/PE), assumed single-phase; actual PE and phases pending"", ""corrected_ampacity_a"": 18.6162, ""temperature_grouping_factor"": 0.40469999999999995, ""segment_vdrop_bound_v"": 0.051428407913175114, ""allocated_segment_vdrop_percent"": 2, ""path_vdrop_bound_from_db1_v"": 2.2869941340925886, ""path_vdrop_percent_from_db1"": 1.039542788223904, ""whole_installation_vdrop_percent"": null, ""status"": ""CONDITIONAL SCREEN ONLY"", ""comparison_path_target_percent"": 5, ""comparison_path_screen"": true}]",Above roof lining to solid front gable above terrace; local fan connection.,"[5.48, 6.0360000000000005, -7.36]","[5.48, 9.4, -2.4]",11.562103022320004,"Catalogue maximum proxy only; selected products, actual supply, protection, inrush, installation, origin voltage drop and engineering approval pending",10,,,
drop:FC1:V1:fan:-1:F253,V1 → Exhaust fan · front gable · B inner,FC1,DB1,V1,fan,drop,"[""F253""]",11.831150261440472,11.831150261440472,One modeled mains trunk/branch/local/feeder piece,60,0.09,170,212.5,,,,,,,,,,,ENGINEERING HOLD,"[{""case_id"": ""S1-230-PF09-45C-4"", ""voltage_v"": 230, ""pf"": 0.9, ""maximum_proxy_current_a"": 0.821256038647343, ""planning_current_a"": 1.0265700483091786, ""comparison_breaker_a"": 10, ""comparison_area_mm2"": 2.5, ""comparison_conductors"": ""3 copper cores (L/N/PE), assumed single-phase; actual PE and phases pending"", ""corrected_ampacity_a"": 10.270000000000001, ""temperature_grouping_factor"": 0.5135000000000001, ""segment_vdrop_bound_v"": 0.23222204595281465, ""allocated_segment_vdrop_percent"": 2, ""path_vdrop_bound_from_db1_v"": 4.71302603014166, ""path_vdrop_percent_from_db1"": 2.049141752235504, ""whole_installation_vdrop_percent"": null, ""status"": ""CONDITIONAL SCREEN ONLY"", ""comparison_path_target_percent"": 5, ""comparison_path_screen"": true}, {""case_id"": ""S2-220-PF08-50C-6"", ""voltage_v"": 220, ""pf"": 0.8, ""maximum_proxy_current_a"": 0.9659090909090909, ""planning_current_a"": 1.2073863636363635, ""comparison_breaker_a"": 16, ""comparison_area_mm2"": 10, ""comparison_conductors"": ""3 copper cores (L/N/PE), assumed single-phase; actual PE and phases pending"", ""corrected_ampacity_a"": 18.6162, ""temperature_grouping_factor"": 0.40469999999999995, ""segment_vdrop_bound_v"": 0.06999537050980052, ""allocated_segment_vdrop_percent"": 2, ""path_vdrop_bound_from_db1_v"": 2.305561096689214, ""path_vdrop_percent_from_db1"": 1.0479823166769155, ""whole_installation_vdrop_percent"": null, ""status"": ""CONDITIONAL SCREEN ONLY"", ""comparison_path_target_percent"": 5, ""comparison_path_screen"": true}]",Above roof lining to solid front gable above terrace; local fan connection.,"[5.48, 6.0360000000000005, -7.36]","[5.48, 9.4, -0.8]",15.01426528758452,"Catalogue maximum proxy only; selected products, actual supply, protection, inrush, installation, origin voltage drop and engineering approval pending",10,,,
drop:FC1:V1:fan:-1:F256,V1 → Exhaust fan · wing gable B · front,FC1,DB1,V1,fan,drop,"[""F256""]",6.973264175257731,6.973264175257731,One modeled mains trunk/branch/local/feeder piece,60,0.09,170,212.5,,,,,,,,,,,ENGINEERING HOLD,"[{""case_id"": ""S1-230-PF09-45C-4"", ""voltage_v"": 230, ""pf"": 0.9, ""maximum_proxy_current_a"": 0.821256038647343, ""planning_current_a"": 1.0265700483091786, ""comparison_breaker_a"": 10, ""comparison_area_mm2"": 2.5, ""comparison_conductors"": ""3 copper cores (L/N/PE), assumed single-phase; actual PE and phases pending"", ""corrected_ampacity_a"": 10.270000000000001, ""temperature_grouping_factor"": 0.5135000000000001, ""segment_vdrop_bound_v"": 0.13687136398102492, ""allocated_segment_vdrop_percent"": 2, ""path_vdrop_bound_from_db1_v"": 2.4086968771505597, ""path_vdrop_percent_from_db1"": 1.047259511804591, ""whole_installation_vdrop_percent"": null, ""status"": ""CONDITIONAL SCREEN ONLY"", ""comparison_path_target_percent"": 5, ""comparison_path_screen"": true}, {""case_id"": ""S2-220-PF08-50C-6"", ""voltage_v"": 220, ""pf"": 0.8, ""maximum_proxy_current_a"": 0.9659090909090909, ""planning_current_a"": 1.2073863636363635, ""comparison_breaker_a"": 16, ""comparison_area_mm2"": 10, ""comparison_conductors"": ""3 copper cores (L/N/PE), assumed single-phase; actual PE and phases pending"", ""corrected_ampacity_a"": 18.6162, ""temperature_grouping_factor"": 0.40469999999999995, ""segment_vdrop_bound_v"": 0.041255177968676775, ""allocated_segment_vdrop_percent"": 2, ""path_vdrop_bound_from_db1_v"": 1.2168297683735052, ""path_vdrop_percent_from_db1"": 0.5531044401697751, ""whole_installation_vdrop_percent"": null, ""status"": ""CONDITIONAL SCREEN ONLY"", ""comparison_path_target_percent"": 5, ""comparison_path_screen"": true}]","Covered roof-soffit crossing into outer arcade / wing-gable wall, then concealed pier drop. No exposed crossing at equipment height.","[39.7, 8.565264175257731, -7.36]","[39.7, 7.6, -13.13]",9.670590592783505,"Catalogue maximum proxy only; selected products, actual supply, protection, inrush, installation, origin voltage drop and engineering approval pending",10,,,
drop:FC1:V1:fan:-1:F257,V1 → Exhaust fan · wing gable B · rear,FC1,DB1,V1,fan,drop,"[""F257""]",6.973264175257731,6.973264175257731,One modeled mains trunk/branch/local/feeder piece,60,0.09,170,212.5,,,,,,,,,,,ENGINEERING HOLD,"[{""case_id"": ""S1-230-PF09-45C-4"", ""voltage_v"": 230, ""pf"": 0.9, ""maximum_proxy_current_a"": 0.821256038647343, ""planning_current_a"": 1.0265700483091786, ""comparison_breaker_a"": 10, ""comparison_area_mm2"": 2.5, ""comparison_conductors"": ""3 copper cores (L/N/PE), assumed single-phase; actual PE and phases pending"", ""corrected_ampacity_a"": 10.270000000000001, ""temperature_grouping_factor"": 0.5135000000000001, ""segment_vdrop_bound_v"": 0.13687136398102492, ""allocated_segment_vdrop_percent"": 2, ""path_vdrop_bound_from_db1_v"": 2.2701779781162768, ""path_vdrop_percent_from_db1"": 0.9870339035288159, ""whole_installation_vdrop_percent"": null, ""status"": ""CONDITIONAL SCREEN ONLY"", ""comparison_path_target_percent"": 5, ""comparison_path_screen"": true}, {""case_id"": ""S2-220-PF08-50C-6"", ""voltage_v"": 220, ""pf"": 0.8, ""maximum_proxy_current_a"": 0.9659090909090909, ""planning_current_a"": 1.2073863636363635, ""comparison_breaker_a"": 16, ""comparison_area_mm2"": 10, ""comparison_conductors"": ""3 copper cores (L/N/PE), assumed single-phase; actual PE and phases pending"", ""corrected_ampacity_a"": 18.6162, ""temperature_grouping_factor"": 0.40469999999999995, ""segment_vdrop_bound_v"": 0.041255177968676775, ""allocated_segment_vdrop_percent"": 2, ""path_vdrop_bound_from_db1_v"": 1.1503606709875798, ""path_vdrop_percent_from_db1"": 0.5228912140852635, ""whole_installation_vdrop_percent"": null, ""status"": ""CONDITIONAL SCREEN ONLY"", ""comparison_path_target_percent"": 5, ""comparison_path_screen"": true}]","Covered roof-soffit crossing into outer arcade / wing-gable wall, then concealed pier drop. No exposed crossing at equipment height.","[41.45, 8.565264175257724, -7.36]","[41.45, 7.6, -13.13]",9.670590592783505,"Catalogue maximum proxy only; selected products, actual supply, protection, inrush, installation, origin voltage drop and engineering approval pending",10,,,
drop:FC1:V1:fan:-1:F260,V1 → Exhaust fan · service room,FC1,DB1,V1,fan,drop,"[""F260""]",10.2,10.2,One modeled mains trunk/branch/local/feeder piece,60,0.09,170,212.5,,,,,,,,,,,ENGINEERING HOLD,"[{""case_id"": ""S1-230-PF09-45C-4"", ""voltage_v"": 230, ""pf"": 0.9, ""maximum_proxy_current_a"": 0.821256038647343, ""planning_current_a"": 1.0265700483091786, ""comparison_breaker_a"": 10, ""comparison_area_mm2"": 2.5, ""comparison_conductors"": ""3 copper cores (L/N/PE), assumed single-phase; actual PE and phases pending"", ""corrected_ampacity_a"": 10.270000000000001, ""temperature_grouping_factor"": 0.5135000000000001, ""segment_vdrop_bound_v"": 0.20020579710144923, ""allocated_segment_vdrop_percent"": 2, ""path_vdrop_bound_from_db1_v"": 1.5210518085748799, ""path_vdrop_percent_from_db1"": 0.6613268732934261, ""whole_installation_vdrop_percent"": null, ""status"": ""CONDITIONAL SCREEN ONLY"", ""comparison_path_target_percent"": 5, ""comparison_path_screen"": true}, {""case_id"": ""S2-220-PF08-50C-6"", ""voltage_v"": 220, ""pf"": 0.8, ""maximum_proxy_current_a"": 0.9659090909090909, ""planning_current_a"": 1.2073863636363635, ""comparison_breaker_a"": 16, ""comparison_area_mm2"": 10, ""comparison_conductors"": ""3 copper cores (L/N/PE), assumed single-phase; actual PE and phases pending"", ""corrected_ampacity_a"": 18.6162, ""temperature_grouping_factor"": 0.40469999999999995, ""segment_vdrop_bound_v"": 0.060345170454545446, ""allocated_segment_vdrop_percent"": 2, ""path_vdrop_bound_from_db1_v"": 0.7795867294034097, ""path_vdrop_percent_from_db1"": 0.3543576042742771, ""whole_installation_vdrop_percent"": null, ""status"": ""CONDITIONAL SCREEN ONLY"", ""comparison_path_target_percent"": 5, ""comparison_path_screen"": true}]",Rear-wall band and local termination; gable / weatherproof entry details pending.,"[53.016, 6.0360000000000005, -7.36]","[53.12, 3.3, 0]",13.22,"Catalogue maximum proxy only; selected products, actual supply, protection, inrush, installation, origin voltage drop and engineering approval pending",10,,,
trunk:FC1:V1:fan:1,V1 · H · circuit trunk,FC1,DB1,V1,fan,trunk,"[""F254"", ""F255"", ""F258"", ""F259""]",74.14713031117918,74.14713031117918,One modeled mains trunk/branch/local/feeder piece,240,0.36,680,850.0,,,,,,,,,,,ENGINEERING HOLD,"[{""case_id"": ""S1-230-PF09-45C-4"", ""voltage_v"": 230, ""pf"": 0.9, ""maximum_proxy_current_a"": 3.285024154589372, ""planning_current_a"": 4.106280193236715, ""comparison_breaker_a"": 10, ""comparison_area_mm2"": 4, ""comparison_conductors"": ""3 copper cores (L/N/PE), assumed single-phase; actual PE and phases pending"", ""corrected_ampacity_a"": 13.864500000000001, ""temperature_grouping_factor"": 0.5135000000000001, ""segment_vdrop_bound_v"": 3.656671399911462, ""allocated_segment_vdrop_percent"": 2, ""path_vdrop_bound_from_db1_v"": 3.9734966414573565, ""path_vdrop_percent_from_db1"": 1.727607235416242, ""whole_installation_vdrop_percent"": null, ""status"": ""CONDITIONAL SCREEN ONLY"", ""comparison_path_target_percent"": 5, ""comparison_path_screen"": true}, {""case_id"": ""S2-220-PF08-50C-6"", ""voltage_v"": 220, ""pf"": 0.8, ""maximum_proxy_current_a"": 3.8636363636363638, ""planning_current_a"": 4.829545454545454, ""comparison_breaker_a"": 16, ""comparison_area_mm2"": 10, ""comparison_conductors"": ""3 copper cores (L/N/PE), assumed single-phase; actual PE and phases pending"", ""corrected_ampacity_a"": 18.6162, ""temperature_grouping_factor"": 0.40469999999999995, ""segment_vdrop_bound_v"": 1.75467498719353, ""allocated_segment_vdrop_percent"": 2, ""path_vdrop_bound_from_db1_v"": 1.9921313543810306, ""path_vdrop_percent_from_db1"": 0.9055142519913775, ""whole_installation_vdrop_percent"": null, ""status"": ""CONDITIONAL SCREEN ONLY"", ""comparison_path_target_percent"": 5, ""comparison_path_screen"": true}]",Wall bands above openings; concealed finish-matched soffit crossing over the 9–10 wing opening.,"[48.895, 1.95, 0.4]","[5.48, 6.0360000000000005, 7.36]",83.56184334229711,"Catalogue maximum proxy only; selected products, actual supply, protection, inrush, installation, origin voltage drop and engineering approval pending",10,,,
drop:FC1:V1:fan:1:F254,V1 → Exhaust fan · front gable · H inner,FC1,DB1,V1,fan,drop,"[""F254""]",11.831150261440472,11.831150261440472,One modeled mains trunk/branch/local/feeder piece,60,0.09,170,212.5,,,,,,,,,,,ENGINEERING HOLD,"[{""case_id"": ""S1-230-PF09-45C-4"", ""voltage_v"": 230, ""pf"": 0.9, ""maximum_proxy_current_a"": 0.821256038647343, ""planning_current_a"": 1.0265700483091786, ""comparison_breaker_a"": 10, ""comparison_area_mm2"": 2.5, ""comparison_conductors"": ""3 copper cores (L/N/PE), assumed single-phase; actual PE and phases pending"", ""corrected_ampacity_a"": 10.270000000000001, ""temperature_grouping_factor"": 0.5135000000000001, ""segment_vdrop_bound_v"": 0.23222204595281465, ""allocated_segment_vdrop_percent"": 2, ""path_vdrop_bound_from_db1_v"": 4.205718687410171, ""path_vdrop_percent_from_db1"": 1.828573342352248, ""whole_installation_vdrop_percent"": null, ""status"": ""CONDITIONAL SCREEN ONLY"", ""comparison_path_target_percent"": 5, ""comparison_path_screen"": true}, {""case_id"": ""S2-220-PF08-50C-6"", ""voltage_v"": 220, ""pf"": 0.8, ""maximum_proxy_current_a"": 0.9659090909090909, ""planning_current_a"": 1.2073863636363635, ""comparison_breaker_a"": 16, ""comparison_area_mm2"": 10, ""comparison_conductors"": ""3 copper cores (L/N/PE), assumed single-phase; actual PE and phases pending"", ""corrected_ampacity_a"": 18.6162, ""temperature_grouping_factor"": 0.40469999999999995, ""segment_vdrop_bound_v"": 0.06999537050980052, ""allocated_segment_vdrop_percent"": 2, ""path_vdrop_bound_from_db1_v"": 2.062126724890831, ""path_vdrop_percent_from_db1"": 0.9373303294958323, ""whole_installation_vdrop_percent"": null, ""status"": ""CONDITIONAL SCREEN ONLY"", ""comparison_path_target_percent"": 5, ""comparison_path_screen"": true}]",Above roof lining to solid front gable above terrace; local fan connection.,"[5.48, 6.0360000000000005, 7.36]","[5.48, 9.4, 0.8]",15.01426528758452,"Catalogue maximum proxy only; selected products, actual supply, protection, inrush, installation, origin voltage drop and engineering approval pending",10,,,
drop:FC1:V1:fan:1:F255,V1 → Exhaust fan · front gable · H outer,FC1,DB1,V1,fan,drop,"[""F255""]",8.69282092938182,8.69282092938182,One modeled mains trunk/branch/local/feeder piece,60,0.09,170,212.5,,,,,,,,,,,ENGINEERING HOLD,"[{""case_id"": ""S1-230-PF09-45C-4"", ""voltage_v"": 230, ""pf"": 0.9, ""maximum_proxy_current_a"": 0.821256038647343, ""planning_current_a"": 1.0265700483091786, ""comparison_breaker_a"": 10, ""comparison_area_mm2"": 2.5, ""comparison_conductors"": ""3 copper cores (L/N/PE), assumed single-phase; actual PE and phases pending"", ""corrected_ampacity_a"": 10.270000000000001, ""temperature_grouping_factor"": 0.5135000000000001, ""segment_vdrop_bound_v"": 0.17062285717912237, ""allocated_segment_vdrop_percent"": 2, ""path_vdrop_bound_from_db1_v"": 4.144119498636479, ""path_vdrop_percent_from_db1"": 1.8017910863636863, ""whole_installation_vdrop_percent"": null, ""status"": ""CONDITIONAL SCREEN ONLY"", ""comparison_path_target_percent"": 5, ""comparison_path_screen"": true}, {""case_id"": ""S2-220-PF08-50C-6"", ""voltage_v"": 220, ""pf"": 0.8, ""maximum_proxy_current_a"": 0.9659090909090909, ""planning_current_a"": 1.2073863636363635, ""comparison_breaker_a"": 16, ""comparison_area_mm2"": 10, ""comparison_conductors"": ""3 copper cores (L/N/PE), assumed single-phase; actual PE and phases pending"", ""corrected_ampacity_a"": 18.6162, ""temperature_grouping_factor"": 0.40469999999999995, ""segment_vdrop_bound_v"": 0.051428407913175114, ""allocated_segment_vdrop_percent"": 2, ""path_vdrop_bound_from_db1_v"": 2.0435597622942057, ""path_vdrop_percent_from_db1"": 0.9288908010428208, ""whole_installation_vdrop_percent"": null, ""status"": ""CONDITIONAL SCREEN ONLY"", ""comparison_path_target_percent"": 5, ""comparison_path_screen"": true}]",Above roof lining to solid front gable above terrace; local fan connection.,"[5.48, 6.0360000000000005, 7.36]","[5.48, 9.4, 2.4]",11.562103022320004,"Catalogue maximum proxy only; selected products, actual supply, protection, inrush, installation, origin voltage drop and engineering approval pending",10,,,
drop:FC1:V1:fan:1:F258,V1 → Exhaust fan · wing gable H · front,FC1,DB1,V1,fan,drop,"[""F258""]",6.973264175257731,6.973264175257731,One modeled mains trunk/branch/local/feeder piece,60,0.09,170,212.5,,,,,,,,,,,ENGINEERING HOLD,"[{""case_id"": ""S1-230-PF09-45C-4"", ""voltage_v"": 230, ""pf"": 0.9, ""maximum_proxy_current_a"": 0.821256038647343, ""planning_current_a"": 1.0265700483091786, ""comparison_breaker_a"": 10, ""comparison_area_mm2"": 2.5, ""comparison_conductors"": ""3 copper cores (L/N/PE), assumed single-phase; actual PE and phases pending"", ""corrected_ampacity_a"": 10.270000000000001, ""temperature_grouping_factor"": 0.5135000000000001, ""segment_vdrop_bound_v"": 0.13687136398102492, ""allocated_segment_vdrop_percent"": 2, ""path_vdrop_bound_from_db1_v"": 2.343185228622933, ""path_vdrop_percent_from_db1"": 1.018776186357797, ""whole_installation_vdrop_percent"": null, ""status"": ""CONDITIONAL SCREEN ONLY"", ""comparison_path_target_percent"": 5, ""comparison_path_screen"": true}, {""case_id"": ""S2-220-PF08-50C-6"", ""voltage_v"": 220, ""pf"": 0.8, ""maximum_proxy_current_a"": 0.9659090909090909, ""planning_current_a"": 1.2073863636363635, ""comparison_breaker_a"": 16, ""comparison_area_mm2"": 10, ""comparison_conductors"": ""3 copper cores (L/N/PE), assumed single-phase; actual PE and phases pending"", ""corrected_ampacity_a"": 18.6162, ""temperature_grouping_factor"": 0.40469999999999995, ""segment_vdrop_bound_v"": 0.041255177968676775, ""allocated_segment_vdrop_percent"": 2, ""path_vdrop_bound_from_db1_v"": 1.1853936237300395, ""path_vdrop_percent_from_db1"": 0.5388152835136544, ""whole_installation_vdrop_percent"": null, ""status"": ""CONDITIONAL SCREEN ONLY"", ""comparison_path_target_percent"": 5, ""comparison_path_screen"": true}]","Covered roof-soffit crossing into outer arcade / wing-gable wall, then concealed pier drop. No exposed crossing at equipment height.","[39.7, 8.565264175257731, 7.36]","[39.7, 7.6, 13.13]",9.670590592783505,"Catalogue maximum proxy only; selected products, actual supply, protection, inrush, installation, origin voltage drop and engineering approval pending",10,,,
drop:FC1:V1:fan:1:F259,V1 → Exhaust fan · wing gable H · rear,FC1,DB1,V1,fan,drop,"[""F259""]",6.973264175257731,6.973264175257731,One modeled mains trunk/branch/local/feeder piece,60,0.09,170,212.5,,,,,,,,,,,ENGINEERING HOLD,"[{""case_id"": ""S1-230-PF09-45C-4"", ""voltage_v"": 230, ""pf"": 0.9, ""maximum_proxy_current_a"": 0.821256038647343, ""planning_current_a"": 1.0265700483091786, ""comparison_breaker_a"": 10, ""comparison_area_mm2"": 2.5, ""comparison_conductors"": ""3 copper cores (L/N/PE), assumed single-phase; actual PE and phases pending"", ""corrected_ampacity_a"": 10.270000000000001, ""temperature_grouping_factor"": 0.5135000000000001, ""segment_vdrop_bound_v"": 0.13687136398102492, ""allocated_segment_vdrop_percent"": 2, ""path_vdrop_bound_from_db1_v"": 2.2323701093955064, ""path_vdrop_percent_from_db1"": 0.9705956997371766, ""whole_installation_vdrop_percent"": null, ""status"": ""CONDITIONAL SCREEN ONLY"", ""comparison_path_target_percent"": 5, ""comparison_path_screen"": true}, {""case_id"": ""S2-220-PF08-50C-6"", ""voltage_v"": 220, ""pf"": 0.8, ""maximum_proxy_current_a"": 0.9659090909090909, ""planning_current_a"": 1.2073863636363635, ""comparison_breaker_a"": 16, ""comparison_area_mm2"": 10, ""comparison_conductors"": ""3 copper cores (L/N/PE), assumed single-phase; actual PE and phases pending"", ""corrected_ampacity_a"": 18.6162, ""temperature_grouping_factor"": 0.40469999999999995, ""segment_vdrop_bound_v"": 0.041255177968676775, ""allocated_segment_vdrop_percent"": 2, ""path_vdrop_bound_from_db1_v"": 1.132218345821299, ""path_vdrop_percent_from_db1"": 0.5146447026460451, ""whole_installation_vdrop_percent"": null, ""status"": ""CONDITIONAL SCREEN ONLY"", ""comparison_path_target_percent"": 5, ""comparison_path_screen"": true}]","Covered roof-soffit crossing into outer arcade / wing-gable wall, then concealed pier drop. No exposed crossing at equipment height.","[41.45, 8.565264175257724, 7.36]","[41.45, 7.6, 13.13]",9.670590592783505,"Catalogue maximum proxy only; selected products, actual supply, protection, inrush, installation, origin voltage drop and engineering approval pending",10,,,
trunk:AV1:A1:audio:-1,A1 · B · audio home-run bundle,AV1,DB1,A1,audio,trunk,"[""S261"", ""S263"", ""S265"", ""S267"", ""S269"", ""S271"", ""S275"", ""S276""]",61.27413031117918,0,Bundle corridor only; no additional cable quantity,48.5819479435933,0.07287292191538995,,,420,,,,,,,,,,ENGINEERING HOLD,[],Wall bands above openings; concealed finish-matched soffit crossing over the 9–10 wing opening.,"[49.275, 0.95, 1.4]","[14.475000000000001, 5.694, -7.36]",0,,,Speaker cable or line-level signal cable; amplifier topology/line voltage/impedance/taps pending,4.2,Comparison only: all audio nameplate ratings treated as 100 V taps; actual taps/topology unknown
drop:AV1:A1:audio:-1:S261,A1 → Wall speaker · axis 4 · B,AV1,DB1,A1,audio,drop,"[""S261""]",2.534,63.80813031117918,Complete individual signal home run,6.089497720290584,0.009134246580435877,,,60,,,,,,,,,,ENGINEERING HOLD,[],Concealed solid-pier / wall drop and local termination.,"[14.475000000000001, 5.694, -7.36]","[14.475, 3.45, -7.07]",72.1889433422971,,,Speaker cable or line-level signal cable; amplifier topology/line voltage/impedance/taps pending,0.6,Comparison only: all audio nameplate ratings treated as 100 V taps; actual taps/topology unknown
drop:AV1:A1:audio:-1:S263,A1 → Wall speaker · axis 5 · B,AV1,DB1,A1,audio,drop,"[""S263""]",2.534,59.30813031117918,Complete individual signal home run,6.089497720290584,0.009134246580435877,,,60,,,,,,,,,,ENGINEERING HOLD,[],Concealed solid-pier / wall drop and local termination.,"[18.975, 5.694, -7.36]","[18.975, 3.45, -7.07]",67.2389433422971,,,Speaker cable or line-level signal cable; amplifier topology/line voltage/impedance/taps pending,0.6,Comparison only: all audio nameplate ratings treated as 100 V taps; actual taps/topology unknown
drop:AV1:A1:audio:-1:S265,A1 → Wall speaker · axis 6 · B,AV1,DB1,A1,audio,drop,"[""S265""]",2.534,54.80813031117918,Complete individual signal home run,6.089497720290584,0.009134246580435877,,,60,,,,,,,,,,ENGINEERING HOLD,[],Concealed solid-pier / wall drop and local termination.,"[23.475, 5.694, -7.36]","[23.475, 3.45, -7.07]",62.2889433422971,,,Speaker cable or line-level signal cable; amplifier topology/line voltage/impedance/taps pending,0.6,Comparison only: all audio nameplate ratings treated as 100 V taps; actual taps/topology unknown
drop:AV1:A1:audio:-1:S267,A1 → Wall speaker · axis 7 · B,AV1,DB1,A1,audio,drop,"[""S267""]",2.534,50.30813031117918,Complete individual signal home run,6.089497720290584,0.009134246580435877,,,60,,,,,,,,,,ENGINEERING HOLD,[],Concealed solid-pier / wall drop and local termination.,"[27.975, 5.694, -7.36]","[27.975, 3.45, -7.07]",57.3389433422971,,,Speaker cable or line-level signal cable; amplifier topology/line voltage/impedance/taps pending,0.6,Comparison only: all audio nameplate ratings treated as 100 V taps; actual taps/topology unknown
drop:AV1:A1:audio:-1:S269,A1 → Wall speaker · axis 8 · B,AV1,DB1,A1,audio,drop,"[""S269""]",2.534,45.80813031117918,Complete individual signal home run,6.089497720290584,0.009134246580435877,,,60,,,,,,,,,,ENGINEERING HOLD,[],Concealed solid-pier / wall drop and local termination.,"[32.475, 5.694, -7.36]","[32.475, 3.45, -7.07]",52.3889433422971,,,Speaker cable or line-level signal cable; amplifier topology/line voltage/impedance/taps pending,0.6,Comparison only: all audio nameplate ratings treated as 100 V taps; actual taps/topology unknown
drop:AV1:A1:audio:-1:S271,A1 → Wall speaker · axis 9 · B,AV1,DB1,A1,audio,drop,"[""S271""]",2.534,41.30813031117918,Complete individual signal home run,6.089497720290584,0.009134246580435877,,,60,,,,,,,,,,ENGINEERING HOLD,[],Concealed solid-pier / wall drop and local termination.,"[36.975, 5.694, -7.36]","[36.975, 3.45, -7.07]",47.4389433422971,,,Speaker cable or line-level signal cable; amplifier topology/line voltage/impedance/taps pending,0.6,Comparison only: all audio nameplate ratings treated as 100 V taps; actual taps/topology unknown
drop:AV1:A1:audio:-1:S275,A1 → Wing speaker · B · front block,AV1,DB1,A1,audio,drop,"[""S275""]",9.193150773195871,44.26257699495169,Complete individual signal home run,6.022480810924896,0.009033721216387344,,,30,,,,,,,,,,ENGINEERING HOLD,[],"Above nave lining / covered soffit route at wings and verandas; cable continues inside the existing pendant stem. Roof build-up, supports and access pending.","[38.94, 7.953150773195872, -7.36]","[38.94, 3, -11.6]",50.68883469444686,,,Speaker cable or line-level signal cable; amplifier topology/line voltage/impedance/taps pending,0.3,Comparison only: all audio nameplate ratings treated as 100 V taps; actual taps/topology unknown
drop:AV1:A1:audio:-1:S276,A1 → Wing speaker · B · rear block,AV1,DB1,A1,audio,drop,"[""S276""]",9.185096649484539,40.04296061006284,Complete individual signal home run,6.022480810924896,0.009033721216387344,,,30,,,,,,,,,,ENGINEERING HOLD,[],"Above nave lining / covered soffit route at wings and verandas; cable continues inside the existing pendant stem. Roof build-up, supports and access pending.","[42.22, 7.945096649484534, -7.36]","[42.22, 3, -11.6]",46.04725667106913,,,Speaker cable or line-level signal cable; amplifier topology/line voltage/impedance/taps pending,0.3,Comparison only: all audio nameplate ratings treated as 100 V taps; actual taps/topology unknown
trunk:AV1:A1:audio:1,A1 · H · audio home-run bundle,AV1,DB1,A1,audio,trunk,"[""S262"", ""S264"", ""S266"", ""S268"", ""S270"", ""S272"", ""S277"", ""S278""]",67.87413031117919,0,Bundle corridor only; no additional cable quantity,48.5819479435933,0.07287292191538995,,,420,,,,,,,,,,ENGINEERING HOLD,[],Wall bands above openings; concealed finish-matched soffit crossing over the 9–10 wing opening.,"[49.275, 0.95, 1.4]","[14.475000000000001, 5.694, 7.36]",0,,,Speaker cable or line-level signal cable; amplifier topology/line voltage/impedance/taps pending,4.2,Comparison only: all audio nameplate ratings treated as 100 V taps; actual taps/topology unknown
drop:AV1:A1:audio:1:S262,A1 → Wall speaker · axis 4 · H,AV1,DB1,A1,audio,drop,"[""S262""]",2.534,70.40813031117919,Complete individual signal home run,6.089497720290584,0.009134246580435877,,,60,,,,,,,,,,ENGINEERING HOLD,[],Concealed solid-pier / wall drop and local termination.,"[14.475000000000001, 5.694, 7.36]","[14.475, 3.45, 7.07]",79.44894334229711,,,Speaker cable or line-level signal cable; amplifier topology/line voltage/impedance/taps pending,0.6,Comparison only: all audio nameplate ratings treated as 100 V taps; actual taps/topology unknown
drop:AV1:A1:audio:1:S264,A1 → Wall speaker · axis 5 · H,AV1,DB1,A1,audio,drop,"[""S264""]",2.534,65.90813031117919,Complete individual signal home run,6.089497720290584,0.009134246580435877,,,60,,,,,,,,,,ENGINEERING HOLD,[],Concealed solid-pier / wall drop and local termination.,"[18.975, 5.694, 7.36]","[18.975, 3.45, 7.07]",74.49894334229712,,,Speaker cable or line-level signal cable; amplifier topology/line voltage/impedance/taps pending,0.6,Comparison only: all audio nameplate ratings treated as 100 V taps; actual taps/topology unknown
drop:AV1:A1:audio:1:S266,A1 → Wall speaker · axis 6 · H,AV1,DB1,A1,audio,drop,"[""S266""]",2.534,61.408130311179185,Complete individual signal home run,6.089497720290584,0.009134246580435877,,,60,,,,,,,,,,ENGINEERING HOLD,[],Concealed solid-pier / wall drop and local termination.,"[23.475, 5.694, 7.36]","[23.475, 3.45, 7.07]",69.54894334229711,,,Speaker cable or line-level signal cable; amplifier topology/line voltage/impedance/taps pending,0.6,Comparison only: all audio nameplate ratings treated as 100 V taps; actual taps/topology unknown
drop:AV1:A1:audio:1:S268,A1 → Wall speaker · axis 7 · H,AV1,DB1,A1,audio,drop,"[""S268""]",2.534,56.908130311179185,Complete individual signal home run,6.089497720290584,0.009134246580435877,,,60,,,,,,,,,,ENGINEERING HOLD,[],Concealed solid-pier / wall drop and local termination.,"[27.975, 5.694, 7.36]","[27.975, 3.45, 7.07]",64.5989433422971,,,Speaker cable or line-level signal cable; amplifier topology/line voltage/impedance/taps pending,0.6,Comparison only: all audio nameplate ratings treated as 100 V taps; actual taps/topology unknown
drop:AV1:A1:audio:1:S270,A1 → Wall speaker · axis 8 · H,AV1,DB1,A1,audio,drop,"[""S270""]",2.534,52.408130311179185,Complete individual signal home run,6.089497720290584,0.009134246580435877,,,60,,,,,,,,,,ENGINEERING HOLD,[],Concealed solid-pier / wall drop and local termination.,"[32.475, 5.694, 7.36]","[32.475, 3.45, 7.07]",59.64894334229711,,,Speaker cable or line-level signal cable; amplifier topology/line voltage/impedance/taps pending,0.6,Comparison only: all audio nameplate ratings treated as 100 V taps; actual taps/topology unknown
drop:AV1:A1:audio:1:S272,A1 → Wall speaker · axis 9 · H,AV1,DB1,A1,audio,drop,"[""S272""]",2.534,47.908130311179185,Complete individual signal home run,6.089497720290584,0.009134246580435877,,,60,,,,,,,,,,ENGINEERING HOLD,[],Concealed solid-pier / wall drop and local termination.,"[36.975, 5.694, 7.36]","[36.975, 3.45, 7.07]",54.698943342297106,,,Speaker cable or line-level signal cable; amplifier topology/line voltage/impedance/taps pending,0.6,Comparison only: all audio nameplate ratings treated as 100 V taps; actual taps/topology unknown
drop:AV1:A1:audio:1:S277,A1 → Wing speaker · H · front block,AV1,DB1,A1,audio,drop,"[""S277""]",9.193150773195871,50.862576994951695,Complete individual signal home run,6.022480810924896,0.009033721216387344,,,30,,,,,,,,,,ENGINEERING HOLD,[],"Above nave lining / covered soffit route at wings and verandas; cable continues inside the existing pendant stem. Roof build-up, supports and access pending.","[38.94, 7.953150773195872, 7.36]","[38.94, 3, 11.6]",57.948834694446866,,,Speaker cable or line-level signal cable; amplifier topology/line voltage/impedance/taps pending,0.3,Comparison only: all audio nameplate ratings treated as 100 V taps; actual taps/topology unknown
drop:AV1:A1:audio:1:S278,A1 → Wing speaker · H · rear block,AV1,DB1,A1,audio,drop,"[""S278""]",9.185096649484539,46.64296061006284,Complete individual signal home run,6.022480810924896,0.009033721216387344,,,30,,,,,,,,,,ENGINEERING HOLD,[],"Above nave lining / covered soffit route at wings and verandas; cable continues inside the existing pendant stem. Roof build-up, supports and access pending.","[42.22, 7.945096649484534, 7.36]","[42.22, 3, 11.6]",53.30725667106913,,,Speaker cable or line-level signal cable; amplifier topology/line voltage/impedance/taps pending,0.3,Comparison only: all audio nameplate ratings treated as 100 V taps; actual taps/topology unknown
trunk:AV1:A5:audio:-1,A5 · B · audio home-run bundle,AV1,DB1,A5,audio,trunk,"[""S273""]",73.06213031117917,0,Bundle corridor only; no additional cable quantity,0,0.0,,,60,,,,,,,,,,ENGINEERING HOLD,[],Wall bands above openings; concealed finish-matched soffit crossing over the 9–10 wing opening.,"[49.275, 0.95, 1.4]","[2.655, 5.726, -7.36]",0,,,Speaker cable or line-level signal cable; amplifier topology/line voltage/impedance/taps pending,0.6,Comparison only: all audio nameplate ratings treated as 100 V taps; actual taps/topology unknown
drop:AV1:A5:audio:-1:S273,A5 → Wall speaker · entrance hall · B,AV1,DB1,A5,audio,drop,"[""S273""]",10.613024897171492,83.67515520835067,Complete individual signal home run,0,0.0,,,60,,,,,,,,,,ENGINEERING HOLD,[],"Concealed entrance wall band, solid pier and local termination.","[2.655, 5.726, -7.36]","[2.655, 3.6, -3.05]",94.04267072918574,,,Speaker cable or line-level signal cable; amplifier topology/line voltage/impedance/taps pending,0.6,Comparison only: all audio nameplate ratings treated as 100 V taps; actual taps/topology unknown
trunk:AV1:A5:audio:1,A5 · H · audio home-run bundle,AV1,DB1,A5,audio,trunk,"[""S274""]",79.66213031117918,0,Bundle corridor only; no additional cable quantity,0,0.0,,,60,,,,,,,,,,ENGINEERING HOLD,[],Wall bands above openings; concealed finish-matched soffit crossing over the 9–10 wing opening.,"[49.275, 0.95, 1.4]","[2.655, 5.726, 7.36]",0,,,Speaker cable or line-level signal cable; amplifier topology/line voltage/impedance/taps pending,0.6,Comparison only: all audio nameplate ratings treated as 100 V taps; actual taps/topology unknown
drop:AV1:A5:audio:1:S274,A5 → Wall speaker · entrance hall · H,AV1,DB1,A5,audio,drop,"[""S274""]",10.613024897171492,90.27515520835067,Complete individual signal home run,0,0.0,,,60,,,,,,,,,,ENGINEERING HOLD,[],"Concealed entrance wall band, solid pier and local termination.","[2.655, 5.726, 7.36]","[2.655, 3.6, 3.05]",101.30267072918575,,,Speaker cable or line-level signal cable; amplifier topology/line voltage/impedance/taps pending,0.6,Comparison only: all audio nameplate ratings treated as 100 V taps; actual taps/topology unknown
trunk:AV1:A2:audio:-1,A2 · B · audio home-run bundle,AV1,DB1,A2,audio,trunk,"[""S279"", ""S280""]",62.21113031117919,0,Bundle corridor only; no additional cable quantity,12.08971022969677,0.018134565344545155,,,60,,,,,,,,,,ENGINEERING HOLD,[],Wall bands above openings; concealed finish-matched soffit crossing over the 9–10 wing opening.,"[49.275, 0.95, 1.4]","[13.530000000000001, 5.702, -7.36]",0,,,Speaker cable or line-level signal cable; amplifier topology/line voltage/impedance/taps pending,0.6,Comparison only: all audio nameplate ratings treated as 100 V taps; actual taps/topology unknown
drop:AV1:A2:audio:-1:S279,A2 → Veranda fill · B · 12.2,AV1,DB1,A2,audio,drop,"[""S279""]",6.940734978599284,69.15186528977847,Complete individual signal home run,6.044855114848385,0.009067282672272577,,,30,,,,,,,,,,ENGINEERING HOLD,[],"Above nave lining / covered soffit route at wings and verandas; cable continues inside the existing pendant stem. Roof build-up, supports and access pending.","[13.530000000000001, 5.702, -7.36]","[12.225, 3.9, -8.85]",78.06705181875633,,,Speaker cable or line-level signal cable; amplifier topology/line voltage/impedance/taps pending,0.3,Comparison only: all audio nameplate ratings treated as 100 V taps; actual taps/topology unknown
drop:AV1:A2:audio:-1:S280,A2 → Veranda fill · B · 25.7,AV1,DB1,A2,audio,drop,"[""S280""]",6.9407349785992825,55.65186528977847,Complete individual signal home run,6.044855114848385,0.009067282672272577,,,30,,,,,,,,,,ENGINEERING HOLD,[],"Above nave lining / covered soffit route at wings and verandas; cable continues inside the existing pendant stem. Roof build-up, supports and access pending.","[27.03, 5.702, -7.36]","[25.725, 3.9, -8.85]",63.217051818756325,,,Speaker cable or line-level signal cable; amplifier topology/line voltage/impedance/taps pending,0.3,Comparison only: all audio nameplate ratings treated as 100 V taps; actual taps/topology unknown
trunk:AV1:A2:audio:1,A2 · H · audio home-run bundle,AV1,DB1,A2,audio,trunk,"[""S281"", ""S282""]",68.8111303111792,0,Bundle corridor only; no additional cable quantity,12.08971022969677,0.018134565344545155,,,60,,,,,,,,,,ENGINEERING HOLD,[],Wall bands above openings; concealed finish-matched soffit crossing over the 9–10 wing opening.,"[49.275, 0.95, 1.4]","[13.530000000000001, 5.702, 7.36]",0,,,Speaker cable or line-level signal cable; amplifier topology/line voltage/impedance/taps pending,0.6,Comparison only: all audio nameplate ratings treated as 100 V taps; actual taps/topology unknown
drop:AV1:A2:audio:1:S281,A2 → Veranda fill · H · 12.2,AV1,DB1,A2,audio,drop,"[""S281""]",6.940734978599284,75.75186528977848,Complete individual signal home run,6.044855114848385,0.009067282672272577,,,30,,,,,,,,,,ENGINEERING HOLD,[],"Above nave lining / covered soffit route at wings and verandas; cable continues inside the existing pendant stem. Roof build-up, supports and access pending.","[13.530000000000001, 5.702, 7.36]","[12.225, 3.9, 8.85]",85.32705181875633,,,Speaker cable or line-level signal cable; amplifier topology/line voltage/impedance/taps pending,0.3,Comparison only: all audio nameplate ratings treated as 100 V taps; actual taps/topology unknown
drop:AV1:A2:audio:1:S282,A2 → Veranda fill · H · 25.7,AV1,DB1,A2,audio,drop,"[""S282""]",6.9407349785992825,62.25186528977847,Complete individual signal home run,6.044855114848385,0.009067282672272577,,,30,,,,,,,,,,ENGINEERING HOLD,[],"Above nave lining / covered soffit route at wings and verandas; cable continues inside the existing pendant stem. Roof build-up, supports and access pending.","[27.03, 5.702, 7.36]","[25.725, 3.9, 8.85]",70.47705181875632,,,Speaker cable or line-level signal cable; amplifier topology/line voltage/impedance/taps pending,0.3,Comparison only: all audio nameplate ratings treated as 100 V taps; actual taps/topology unknown
trunk:AV1:A3:audio:-1,A3 · B · audio home-run bundle,AV1,DB1,A3,audio,trunk,"[""S283"", ""S284"", ""S285"", ""S286""]",73.38313031117919,0,Bundle corridor only; no additional cable quantity,0,0.0,,,120,,,,,,,,,,ENGINEERING HOLD,[],Wall bands above openings; concealed finish-matched soffit crossing over the 9–10 wing opening.,"[49.275, 0.95, 1.4]","[2.35, 5.71, -7.36]",0,,,Speaker cable or line-level signal cable; amplifier topology/line voltage/impedance/taps pending,1.2,Comparison only: all audio nameplate ratings treated as 100 V taps; actual taps/topology unknown
drop:AV1:A3:audio:-1:S283,A3 → Courtyard horn · B,AV1,DB1,A3,audio,drop,"[""S283""]",6.820000000000001,80.2031303111792,Complete individual signal home run,0,0.0,,,30,,,,,,,,,,ENGINEERING HOLD,[],"Solid tower corner/piers, stepped behind cornices; local ledge/fitting connection. No riser through louver openings; chase/finish and weathering details pending.","[2.35, 5.71, -7.36]","[-0.14, 6.2, -8.3]",90.22344334229712,,,Speaker cable or line-level signal cable; amplifier topology/line voltage/impedance/taps pending,0.3,Comparison only: all audio nameplate ratings treated as 100 V taps; actual taps/topology unknown
drop:AV1:A3:audio:-1:S284,A3 → Tower horn · B · outer,AV1,DB1,A3,audio,drop,"[""S284""]",11.345999999999998,84.72913031117919,Complete individual signal home run,0,0.0,,,30,,,,,,,,,,ENGINEERING HOLD,[],"Solid tower corner/piers, stepped behind cornices; local ledge/fitting connection. No riser through louver openings; chase/finish and weathering details pending.","[2.35, 5.71, -7.36]","[-0.14, 6.2, -11.9]",95.20204334229712,,,Speaker cable or line-level signal cable; amplifier topology/line voltage/impedance/taps pending,0.3,Comparison only: all audio nameplate ratings treated as 100 V taps; actual taps/topology unknown
drop:AV1:A3:audio:-1:S285,A3 → Side courtyard horn · axis 5 · B,AV1,DB1,A3,audio,drop,"[""S285""]",5.5181723888610765,62.27630270004026,Complete individual signal home run,0,0.0,,,30,,,,,,,,,,ENGINEERING HOLD,[],"Covered roof-soffit crossing into outer arcade / wing-gable wall, then concealed pier drop. No exposed crossing at equipment height.","[18.975, 5.71, -7.36]","[18.975, 5.6, -10.75]",70.50393297004429,,,Speaker cable or line-level signal cable; amplifier topology/line voltage/impedance/taps pending,0.3,Comparison only: all audio nameplate ratings treated as 100 V taps; actual taps/topology unknown
drop:AV1:A3:audio:-1:S286,A3 → Side courtyard horn · axis 8 · B,AV1,DB1,A3,audio,drop,"[""S286""]",5.5181723888610765,48.77630270004026,Complete individual signal home run,0,0.0,,,30,,,,,,,,,,ENGINEERING HOLD,[],"Covered roof-soffit crossing into outer arcade / wing-gable wall, then concealed pier drop. No exposed crossing at equipment height.","[32.475, 5.71, -7.36]","[32.475, 5.6, -10.75]",55.653932970044295,,,Speaker cable or line-level signal cable; amplifier topology/line voltage/impedance/taps pending,0.3,Comparison only: all audio nameplate ratings treated as 100 V taps; actual taps/topology unknown
trunk:AV1:A3:audio:1,A3 · H · audio home-run bundle,AV1,DB1,A3,audio,trunk,"[""S287"", ""S288"", ""S289"", ""S290""]",79.98313031117918,0,Bundle corridor only; no additional cable quantity,0,0.0,,,120,,,,,,,,,,ENGINEERING HOLD,[],Wall bands above openings; concealed finish-matched soffit crossing over the 9–10 wing opening.,"[49.275, 0.95, 1.4]","[2.35, 5.71, 7.36]",0,,,Speaker cable or line-level signal cable; amplifier topology/line voltage/impedance/taps pending,1.2,Comparison only: all audio nameplate ratings treated as 100 V taps; actual taps/topology unknown
drop:AV1:A3:audio:1:S287,A3 → Courtyard horn · H,AV1,DB1,A3,audio,drop,"[""S287""]",6.820000000000001,86.80313031117919,Complete individual signal home run,0,0.0,,,30,,,,,,,,,,ENGINEERING HOLD,[],"Solid tower corner/piers, stepped behind cornices; local ledge/fitting connection. No riser through louver openings; chase/finish and weathering details pending.","[2.35, 5.71, 7.36]","[-0.14, 6.2, 8.3]",97.48344334229712,,,Speaker cable or line-level signal cable; amplifier topology/line voltage/impedance/taps pending,0.3,Comparison only: all audio nameplate ratings treated as 100 V taps; actual taps/topology unknown
drop:AV1:A3:audio:1:S288,A3 → Tower horn · H · outer,AV1,DB1,A3,audio,drop,"[""S288""]",11.345999999999998,91.32913031117918,Complete individual signal home run,0,0.0,,,30,,,,,,,,,,ENGINEERING HOLD,[],"Solid tower corner/piers, stepped behind cornices; local ledge/fitting connection. No riser through louver openings; chase/finish and weathering details pending.","[2.35, 5.71, 7.36]","[-0.14, 6.2, 11.9]",102.46204334229711,,,Speaker cable or line-level signal cable; amplifier topology/line voltage/impedance/taps pending,0.3,Comparison only: all audio nameplate ratings treated as 100 V taps; actual taps/topology unknown
drop:AV1:A3:audio:1:S289,A3 → Side courtyard horn · axis 5 · H,AV1,DB1,A3,audio,drop,"[""S289""]",5.5181723888610765,68.87630270004026,Complete individual signal home run,0,0.0,,,30,,,,,,,,,,ENGINEERING HOLD,[],"Covered roof-soffit crossing into outer arcade / wing-gable wall, then concealed pier drop. No exposed crossing at equipment height.","[18.975, 5.71, 7.36]","[18.975, 5.6, 10.75]",77.7639329700443,,,Speaker cable or line-level signal cable; amplifier topology/line voltage/impedance/taps pending,0.3,Comparison only: all audio nameplate ratings treated as 100 V taps; actual taps/topology unknown
drop:AV1:A3:audio:1:S290,A3 → Side courtyard horn · axis 8 · H,AV1,DB1,A3,audio,drop,"[""S290""]",5.5181723888610765,55.376302700040256,Complete individual signal home run,0,0.0,,,30,,,,,,,,,,ENGINEERING HOLD,[],"Covered roof-soffit crossing into outer arcade / wing-gable wall, then concealed pier drop. No exposed crossing at equipment height.","[32.475, 5.71, 7.36]","[32.475, 5.6, 10.75]",62.913932970044286,,,Speaker cable or line-level signal cable; amplifier topology/line voltage/impedance/taps pending,0.3,Comparison only: all audio nameplate ratings treated as 100 V taps; actual taps/topology unknown
trunk:AV1:MIC:mic:-1,MIC · B · audio home-run bundle,AV1,DB1,MIC,mic,trunk,"[""S291""]",11.915,0,Bundle corridor only; no additional cable quantity,0,0.0,,,,,,,,,,,,,ENGINEERING HOLD,[],Separate microphone home-run bundle below service-room and sanctuary floors; floor build-up / access pending.,"[49.275, 0.95, 1.4]","[41.08, 0.03, -1.4]",0,,,Balanced shielded microphone pair; phantom power/connector/product pending,,Comparison only: all audio nameplate ratings treated as 100 V taps; actual taps/topology unknown
drop:AV1:MIC:mic:-1:S291,MIC → Ambo microphone,AV1,DB1,MIC,mic,drop,"[""S291""]",3.579070753698968,15.494070753698967,Complete individual signal home run,0,0.0,,,,,,,,,,,,,ENGINEERING HOLD,[],"Separate AV-1 home run below floor; central ambo passage through proposed hollow neck, sloped desk and removable microphone socket. Floorbox, furniture bore and access pending.","[41.08, 0.03, -1.4]","[41.08, 1.9, -2.62]",19.043477829068866,,,Balanced shielded microphone pair; phantom power/connector/product pending,,Comparison only: all audio nameplate ratings treated as 100 V taps; actual taps/topology unknown
trunk:AV1:MIC:mic:1,MIC · H · audio home-run bundle,AV1,DB1,MIC,mic,trunk,"[""S292""]",5.744999999999996,0,Bundle corridor only; no additional cable quantity,0,0.0,,,,,,,,,,,,,ENGINEERING HOLD,[],Separate microphone home-run bundle below service-room and sanctuary floors; floor build-up / access pending.,"[49.275, 0.95, 1.4]","[44.45, 0.03, 1.4]",0,,,Balanced shielded microphone pair; phantom power/connector/product pending,,Comparison only: all audio nameplate ratings treated as 100 V taps; actual taps/topology unknown
drop:AV1:MIC:mic:1:S292,MIC → Altar microphone,AV1,DB1,MIC,mic,drop,"[""S292""]",2.8,8.544999999999995,Complete individual signal home run,0,0.0,,,,,,,,,,,,,ENGINEERING HOLD,[],"Separate AV-1 home run below the floor; proposed furniture cable passage to microphone base. Floorbox, floor build-up and furniture access pending.","[44.45, 0.03, 1.4]","[44.45, 1.88, 0.45]",11.399499999999994,,,Balanced shielded microphone pair; phantom power/connector/product pending,,Comparison only: all audio nameplate ratings treated as 100 V taps; actual taps/topology unknown
