id,name,type,product,quantity,scope,circuit,electrical_kind,position_xyz_m,model_envelope_m,catalogue_description,specifications,params,maximum_mains_proxy_w,operating_model_w,audio_rating_w,manufacturer_nameplate_w,selected_product,approved_price_jpy
L1,Service-room ceiling panel · 50.0 m,servicePanel,Service-room LED panel · 600 × 600 mm,1,Shown model scope,L3,mains,"[50, 4.14, 0]","[0.6000000238418579, 0.03349999990314245, 0.6000000238418579]",Existing 600 × 600 × 30 mm panel geometry. 3000 lm / 30 W are provisional category values; confirm product.,3000 lm · 4000 K,{},30,30,,,,
L2,Service-room ceiling panel · 51.9 m,servicePanel,Service-room LED panel · 600 × 600 mm,1,Shown model scope,L3,mains,"[51.9, 4.14, 0]","[0.6000000238418579, 0.03349999990314245, 0.6000000238418579]",Existing 600 × 600 × 30 mm panel geometry. 3000 lm / 30 W are provisional category values; confirm product.,3000 lm · 4000 K,{},30,30,,,,
L3,Reading light · axis 3 · B central,projector36,LED projector · medium 36°,1,Shown model scope,L1,mains,"[9.975, 8.584999999999999, -2.6]","[0.32999999821186066, 0.2217390456199646, 0.23999999463558197]","6 000 lm, 3000 K CRI 90, 36° beam, 50 W. Reading light from the tie beams.",2300 lm · 3000 K · 28° beam,{},19.166666666666668,19.166666666666668,,,,
L4,Reading light · axis 3 · B central · twin,projector36,LED projector · medium 36°,1,Shown model scope,L1,mains,"[9.975, 8.584999999999999, -2.6]","[0.32999999821186066, 0.2217390456199646, 0.23999999463558197]","6 000 lm, 3000 K CRI 90, 36° beam, 50 W. Reading light from the tie beams.",2300 lm · 3000 K · 28° beam,{},19.166666666666668,19.166666666666668,,,,
L5,Reading light · axis 3 · H central,projector36,LED projector · medium 36°,1,Shown model scope,L1,mains,"[9.975, 8.584999999999999, 2.6]","[0.32999999821186066, 0.2217390456199646, 0.23999999463558197]","6 000 lm, 3000 K CRI 90, 36° beam, 50 W. Reading light from the tie beams.",2300 lm · 3000 K · 28° beam,{},19.166666666666668,19.166666666666668,,,,
L6,Reading light · axis 3 · H central · twin,projector36,LED projector · medium 36°,1,Shown model scope,L1,mains,"[9.975, 8.584999999999999, 2.6]","[0.32999999821186066, 0.2217390456199646, 0.23999999463558197]","6 000 lm, 3000 K CRI 90, 36° beam, 50 W. Reading light from the tie beams.",2300 lm · 3000 K · 28° beam,{},19.166666666666668,19.166666666666668,,,,
L7,Reading light · axis 4 · B central,projector36,LED projector · medium 36°,1,Shown model scope,L1,mains,"[14.475, 8.584999999999999, -2.6]","[0.32999999821186066, 0.2217390456199646, 0.23999999463558197]","6 000 lm, 3000 K CRI 90, 36° beam, 50 W. Reading light from the tie beams.",2300 lm · 3000 K · 28° beam,{},19.166666666666668,19.166666666666668,,,,
L8,Reading light · axis 4 · B central · twin,projector36,LED projector · medium 36°,1,Shown model scope,L1,mains,"[14.475, 8.584999999999999, -2.6]","[0.32999999821186066, 0.2217390456199646, 0.23999999463558197]","6 000 lm, 3000 K CRI 90, 36° beam, 50 W. Reading light from the tie beams.",2300 lm · 3000 K · 28° beam,{},19.166666666666668,19.166666666666668,,,,
L9,Reading light · axis 4 · H central,projector36,LED projector · medium 36°,1,Shown model scope,L1,mains,"[14.475, 8.584999999999999, 2.6]","[0.32999999821186066, 0.2217390456199646, 0.23999999463558197]","6 000 lm, 3000 K CRI 90, 36° beam, 50 W. Reading light from the tie beams.",2300 lm · 3000 K · 28° beam,{},19.166666666666668,19.166666666666668,,,,
L10,Reading light · axis 4 · H central · twin,projector36,LED projector · medium 36°,1,Shown model scope,L1,mains,"[14.475, 8.584999999999999, 2.6]","[0.32999999821186066, 0.2217390456199646, 0.23999999463558197]","6 000 lm, 3000 K CRI 90, 36° beam, 50 W. Reading light from the tie beams.",2300 lm · 3000 K · 28° beam,{},19.166666666666668,19.166666666666668,,,,
L11,Reading light · axis 5 · B central,projector36,LED projector · medium 36°,1,Shown model scope,L1,mains,"[18.975, 8.584999999999999, -2.6]","[0.32999999821186066, 0.2217390456199646, 0.23999999463558197]","6 000 lm, 3000 K CRI 90, 36° beam, 50 W. Reading light from the tie beams.",2300 lm · 3000 K · 28° beam,{},19.166666666666668,19.166666666666668,,,,
L12,Reading light · axis 5 · B central · twin,projector36,LED projector · medium 36°,1,Shown model scope,L1,mains,"[18.975, 8.584999999999999, -2.6]","[0.32999999821186066, 0.2217390456199646, 0.23999999463558197]","6 000 lm, 3000 K CRI 90, 36° beam, 50 W. Reading light from the tie beams.",2300 lm · 3000 K · 28° beam,{},19.166666666666668,19.166666666666668,,,,
L13,Reading light · axis 5 · H central,projector36,LED projector · medium 36°,1,Shown model scope,L1,mains,"[18.975, 8.584999999999999, 2.6]","[0.32999999821186066, 0.2217390456199646, 0.23999999463558197]","6 000 lm, 3000 K CRI 90, 36° beam, 50 W. Reading light from the tie beams.",2300 lm · 3000 K · 28° beam,{},19.166666666666668,19.166666666666668,,,,
L14,Reading light · axis 5 · H central · twin,projector36,LED projector · medium 36°,1,Shown model scope,L1,mains,"[18.975, 8.584999999999999, 2.6]","[0.32999999821186066, 0.2217390456199646, 0.23999999463558197]","6 000 lm, 3000 K CRI 90, 36° beam, 50 W. Reading light from the tie beams.",2300 lm · 3000 K · 28° beam,{},19.166666666666668,19.166666666666668,,,,
L15,Reading light · axis 6 · B central,projector36,LED projector · medium 36°,1,Shown model scope,L1,mains,"[23.475, 8.584999999999999, -2.6]","[0.32999999821186066, 0.2217390456199646, 0.23999999463558197]","6 000 lm, 3000 K CRI 90, 36° beam, 50 W. Reading light from the tie beams.",2300 lm · 3000 K · 28° beam,{},19.166666666666668,19.166666666666668,,,,
L16,Reading light · axis 6 · B central · twin,projector36,LED projector · medium 36°,1,Shown model scope,L1,mains,"[23.475, 8.584999999999999, -2.6]","[0.32999999821186066, 0.2217390456199646, 0.23999999463558197]","6 000 lm, 3000 K CRI 90, 36° beam, 50 W. Reading light from the tie beams.",2300 lm · 3000 K · 28° beam,{},19.166666666666668,19.166666666666668,,,,
L17,Reading light · axis 6 · H central,projector36,LED projector · medium 36°,1,Shown model scope,L1,mains,"[23.475, 8.584999999999999, 2.6]","[0.32999999821186066, 0.2217390456199646, 0.23999999463558197]","6 000 lm, 3000 K CRI 90, 36° beam, 50 W. Reading light from the tie beams.",2300 lm · 3000 K · 28° beam,{},19.166666666666668,19.166666666666668,,,,
L18,Reading light · axis 6 · H central · twin,projector36,LED projector · medium 36°,1,Shown model scope,L1,mains,"[23.475, 8.584999999999999, 2.6]","[0.32999999821186066, 0.2217390456199646, 0.23999999463558197]","6 000 lm, 3000 K CRI 90, 36° beam, 50 W. Reading light from the tie beams.",2300 lm · 3000 K · 28° beam,{},19.166666666666668,19.166666666666668,,,,
L19,Reading light · axis 7 · B central,projector36,LED projector · medium 36°,1,Shown model scope,L1,mains,"[27.975, 8.584999999999999, -2.6]","[0.32999999821186066, 0.2217390456199646, 0.23999999463558197]","6 000 lm, 3000 K CRI 90, 36° beam, 50 W. Reading light from the tie beams.",2300 lm · 3000 K · 28° beam,{},19.166666666666668,19.166666666666668,,,,
L20,Reading light · axis 7 · B central · twin,projector36,LED projector · medium 36°,1,Shown model scope,L1,mains,"[27.975, 8.584999999999999, -2.6]","[0.32999999821186066, 0.2217390456199646, 0.23999999463558197]","6 000 lm, 3000 K CRI 90, 36° beam, 50 W. Reading light from the tie beams.",2300 lm · 3000 K · 28° beam,{},19.166666666666668,19.166666666666668,,,,
L21,Reading light · axis 7 · H central,projector36,LED projector · medium 36°,1,Shown model scope,L1,mains,"[27.975, 8.584999999999999, 2.6]","[0.32999999821186066, 0.2217390456199646, 0.23999999463558197]","6 000 lm, 3000 K CRI 90, 36° beam, 50 W. Reading light from the tie beams.",2300 lm · 3000 K · 28° beam,{},19.166666666666668,19.166666666666668,,,,
L22,Reading light · axis 7 · H central · twin,projector36,LED projector · medium 36°,1,Shown model scope,L1,mains,"[27.975, 8.584999999999999, 2.6]","[0.32999999821186066, 0.2217390456199646, 0.23999999463558197]","6 000 lm, 3000 K CRI 90, 36° beam, 50 W. Reading light from the tie beams.",2300 lm · 3000 K · 28° beam,{},19.166666666666668,19.166666666666668,,,,
L23,Reading light · axis 8 · B central,projector36,LED projector · medium 36°,1,Shown model scope,L1,mains,"[32.475, 8.584999999999999, -2.6]","[0.32999999821186066, 0.2217390456199646, 0.23999999463558197]","6 000 lm, 3000 K CRI 90, 36° beam, 50 W. Reading light from the tie beams.",2300 lm · 3000 K · 28° beam,{},19.166666666666668,19.166666666666668,,,,
L24,Reading light · axis 8 · B central · twin,projector36,LED projector · medium 36°,1,Shown model scope,L1,mains,"[32.475, 8.584999999999999, -2.6]","[0.32999999821186066, 0.2217390456199646, 0.23999999463558197]","6 000 lm, 3000 K CRI 90, 36° beam, 50 W. Reading light from the tie beams.",2300 lm · 3000 K · 28° beam,{},19.166666666666668,19.166666666666668,,,,
L25,Reading light · axis 8 · H central,projector36,LED projector · medium 36°,1,Shown model scope,L1,mains,"[32.475, 8.584999999999999, 2.6]","[0.32999999821186066, 0.2217390456199646, 0.23999999463558197]","6 000 lm, 3000 K CRI 90, 36° beam, 50 W. Reading light from the tie beams.",2300 lm · 3000 K · 28° beam,{},19.166666666666668,19.166666666666668,,,,
L26,Reading light · axis 8 · H central · twin,projector36,LED projector · medium 36°,1,Shown model scope,L1,mains,"[32.475, 8.584999999999999, 2.6]","[0.32999999821186066, 0.2217390456199646, 0.23999999463558197]","6 000 lm, 3000 K CRI 90, 36° beam, 50 W. Reading light from the tie beams.",2300 lm · 3000 K · 28° beam,{},19.166666666666668,19.166666666666668,,,,
L27,Reading light · axis 9 · B central,projector36,LED projector · medium 36°,1,Shown model scope,L1,mains,"[36.975, 8.584999999999999, -2.6]","[0.32999999821186066, 0.2217390456199646, 0.23999999463558197]","6 000 lm, 3000 K CRI 90, 36° beam, 50 W. Reading light from the tie beams.",2300 lm · 3000 K · 28° beam,{},19.166666666666668,19.166666666666668,,,,
L28,Reading light · axis 9 · B central · twin,projector36,LED projector · medium 36°,1,Shown model scope,L1,mains,"[36.975, 8.584999999999999, -2.6]","[0.32999999821186066, 0.2217390456199646, 0.23999999463558197]","6 000 lm, 3000 K CRI 90, 36° beam, 50 W. Reading light from the tie beams.",2300 lm · 3000 K · 28° beam,{},19.166666666666668,19.166666666666668,,,,
L29,Reading light · axis 9 · H central,projector36,LED projector · medium 36°,1,Shown model scope,L1,mains,"[36.975, 8.584999999999999, 2.6]","[0.32999999821186066, 0.2217390456199646, 0.23999999463558197]","6 000 lm, 3000 K CRI 90, 36° beam, 50 W. Reading light from the tie beams.",2300 lm · 3000 K · 28° beam,{},19.166666666666668,19.166666666666668,,,,
L30,Reading light · axis 9 · H central · twin,projector36,LED projector · medium 36°,1,Shown model scope,L1,mains,"[36.975, 8.584999999999999, 2.6]","[0.32999999821186066, 0.2217390456199646, 0.23999999463558197]","6 000 lm, 3000 K CRI 90, 36° beam, 50 W. Reading light from the tie beams.",2300 lm · 3000 K · 28° beam,{},19.166666666666668,19.166666666666668,,,,
L31,Reading light · axis 3 · B outer,projector36,LED projector · medium 36°,1,Shown model scope,L2,mains,"[9.975, 6.655, -5.6]","[0.32999999821186066, 0.2217390456199646, 0.23999999463558197]","6 000 lm, 3000 K CRI 90, 36° beam, 50 W. Reading light from the tie beams.",2300 lm · 3000 K · 36° beam,{},19.166666666666668,19.166666666666668,,,,
L32,Reading light · axis 3 · B outer · twin,projector36,LED projector · medium 36°,1,Shown model scope,L2,mains,"[9.975, 6.655, -5.6]","[0.32999999821186066, 0.2217390456199646, 0.23999999463558197]","6 000 lm, 3000 K CRI 90, 36° beam, 50 W. Reading light from the tie beams.",2300 lm · 3000 K · 36° beam,{},19.166666666666668,19.166666666666668,,,,
L33,Reading light · axis 3 · H outer,projector36,LED projector · medium 36°,1,Shown model scope,L2,mains,"[9.975, 6.655, 5.6]","[0.32999999821186066, 0.2217390456199646, 0.23999999463558197]","6 000 lm, 3000 K CRI 90, 36° beam, 50 W. Reading light from the tie beams.",2300 lm · 3000 K · 36° beam,{},19.166666666666668,19.166666666666668,,,,
L34,Reading light · axis 3 · H outer · twin,projector36,LED projector · medium 36°,1,Shown model scope,L2,mains,"[9.975, 6.655, 5.6]","[0.32999999821186066, 0.2217390456199646, 0.23999999463558197]","6 000 lm, 3000 K CRI 90, 36° beam, 50 W. Reading light from the tie beams.",2300 lm · 3000 K · 36° beam,{},19.166666666666668,19.166666666666668,,,,
L35,Reading light · axis 4 · B outer,projector36,LED projector · medium 36°,1,Shown model scope,L2,mains,"[14.475, 6.655, -5.6]","[0.32999999821186066, 0.2217390456199646, 0.23999999463558197]","6 000 lm, 3000 K CRI 90, 36° beam, 50 W. Reading light from the tie beams.",2300 lm · 3000 K · 36° beam,{},19.166666666666668,19.166666666666668,,,,
L36,Reading light · axis 4 · B outer · twin,projector36,LED projector · medium 36°,1,Shown model scope,L2,mains,"[14.475, 6.655, -5.6]","[0.32999999821186066, 0.2217390456199646, 0.23999999463558197]","6 000 lm, 3000 K CRI 90, 36° beam, 50 W. Reading light from the tie beams.",2300 lm · 3000 K · 36° beam,{},19.166666666666668,19.166666666666668,,,,
L37,Reading light · axis 4 · H outer,projector36,LED projector · medium 36°,1,Shown model scope,L2,mains,"[14.475, 6.655, 5.6]","[0.32999999821186066, 0.2217390456199646, 0.23999999463558197]","6 000 lm, 3000 K CRI 90, 36° beam, 50 W. Reading light from the tie beams.",2300 lm · 3000 K · 36° beam,{},19.166666666666668,19.166666666666668,,,,
L38,Reading light · axis 4 · H outer · twin,projector36,LED projector · medium 36°,1,Shown model scope,L2,mains,"[14.475, 6.655, 5.6]","[0.32999999821186066, 0.2217390456199646, 0.23999999463558197]","6 000 lm, 3000 K CRI 90, 36° beam, 50 W. Reading light from the tie beams.",2300 lm · 3000 K · 36° beam,{},19.166666666666668,19.166666666666668,,,,
L39,Reading light · axis 5 · B outer,projector36,LED projector · medium 36°,1,Shown model scope,L2,mains,"[18.975, 6.655, -5.6]","[0.32999999821186066, 0.2217390456199646, 0.23999999463558197]","6 000 lm, 3000 K CRI 90, 36° beam, 50 W. Reading light from the tie beams.",2300 lm · 3000 K · 36° beam,{},19.166666666666668,19.166666666666668,,,,
L40,Reading light · axis 5 · B outer · twin,projector36,LED projector · medium 36°,1,Shown model scope,L2,mains,"[18.975, 6.655, -5.6]","[0.32999999821186066, 0.2217390456199646, 0.23999999463558197]","6 000 lm, 3000 K CRI 90, 36° beam, 50 W. Reading light from the tie beams.",2300 lm · 3000 K · 36° beam,{},19.166666666666668,19.166666666666668,,,,
L41,Reading light · axis 5 · H outer,projector36,LED projector · medium 36°,1,Shown model scope,L2,mains,"[18.975, 6.655, 5.6]","[0.32999999821186066, 0.2217390456199646, 0.23999999463558197]","6 000 lm, 3000 K CRI 90, 36° beam, 50 W. Reading light from the tie beams.",2300 lm · 3000 K · 36° beam,{},19.166666666666668,19.166666666666668,,,,
L42,Reading light · axis 5 · H outer · twin,projector36,LED projector · medium 36°,1,Shown model scope,L2,mains,"[18.975, 6.655, 5.6]","[0.32999999821186066, 0.2217390456199646, 0.23999999463558197]","6 000 lm, 3000 K CRI 90, 36° beam, 50 W. Reading light from the tie beams.",2300 lm · 3000 K · 36° beam,{},19.166666666666668,19.166666666666668,,,,
L43,Reading light · axis 6 · B outer,projector36,LED projector · medium 36°,1,Shown model scope,L2,mains,"[23.475, 6.655, -5.6]","[0.32999999821186066, 0.2217390456199646, 0.23999999463558197]","6 000 lm, 3000 K CRI 90, 36° beam, 50 W. Reading light from the tie beams.",2300 lm · 3000 K · 36° beam,{},19.166666666666668,19.166666666666668,,,,
L44,Reading light · axis 6 · B outer · twin,projector36,LED projector · medium 36°,1,Shown model scope,L2,mains,"[23.475, 6.655, -5.6]","[0.32999999821186066, 0.2217390456199646, 0.23999999463558197]","6 000 lm, 3000 K CRI 90, 36° beam, 50 W. Reading light from the tie beams.",2300 lm · 3000 K · 36° beam,{},19.166666666666668,19.166666666666668,,,,
L45,Reading light · axis 6 · H outer,projector36,LED projector · medium 36°,1,Shown model scope,L2,mains,"[23.475, 6.655, 5.6]","[0.32999999821186066, 0.2217390456199646, 0.23999999463558197]","6 000 lm, 3000 K CRI 90, 36° beam, 50 W. Reading light from the tie beams.",2300 lm · 3000 K · 36° beam,{},19.166666666666668,19.166666666666668,,,,
L46,Reading light · axis 6 · H outer · twin,projector36,LED projector · medium 36°,1,Shown model scope,L2,mains,"[23.475, 6.655, 5.6]","[0.32999999821186066, 0.2217390456199646, 0.23999999463558197]","6 000 lm, 3000 K CRI 90, 36° beam, 50 W. Reading light from the tie beams.",2300 lm · 3000 K · 36° beam,{},19.166666666666668,19.166666666666668,,,,
L47,Reading light · axis 7 · B outer,projector36,LED projector · medium 36°,1,Shown model scope,L2,mains,"[27.975, 6.655, -5.6]","[0.32999999821186066, 0.2217390456199646, 0.23999999463558197]","6 000 lm, 3000 K CRI 90, 36° beam, 50 W. Reading light from the tie beams.",2300 lm · 3000 K · 36° beam,{},19.166666666666668,19.166666666666668,,,,
L48,Reading light · axis 7 · B outer · twin,projector36,LED projector · medium 36°,1,Shown model scope,L2,mains,"[27.975, 6.655, -5.6]","[0.32999999821186066, 0.2217390456199646, 0.23999999463558197]","6 000 lm, 3000 K CRI 90, 36° beam, 50 W. Reading light from the tie beams.",2300 lm · 3000 K · 36° beam,{},19.166666666666668,19.166666666666668,,,,
L49,Reading light · axis 7 · H outer,projector36,LED projector · medium 36°,1,Shown model scope,L2,mains,"[27.975, 6.655, 5.6]","[0.32999999821186066, 0.2217390456199646, 0.23999999463558197]","6 000 lm, 3000 K CRI 90, 36° beam, 50 W. Reading light from the tie beams.",2300 lm · 3000 K · 36° beam,{},19.166666666666668,19.166666666666668,,,,
L50,Reading light · axis 7 · H outer · twin,projector36,LED projector · medium 36°,1,Shown model scope,L2,mains,"[27.975, 6.655, 5.6]","[0.32999999821186066, 0.2217390456199646, 0.23999999463558197]","6 000 lm, 3000 K CRI 90, 36° beam, 50 W. Reading light from the tie beams.",2300 lm · 3000 K · 36° beam,{},19.166666666666668,19.166666666666668,,,,
L51,Reading light · axis 8 · B outer,projector36,LED projector · medium 36°,1,Shown model scope,L2,mains,"[32.475, 6.655, -5.6]","[0.32999999821186066, 0.2217390456199646, 0.23999999463558197]","6 000 lm, 3000 K CRI 90, 36° beam, 50 W. Reading light from the tie beams.",2300 lm · 3000 K · 36° beam,{},19.166666666666668,19.166666666666668,,,,
L52,Reading light · axis 8 · B outer · twin,projector36,LED projector · medium 36°,1,Shown model scope,L2,mains,"[32.475, 6.655, -5.6]","[0.32999999821186066, 0.2217390456199646, 0.23999999463558197]","6 000 lm, 3000 K CRI 90, 36° beam, 50 W. Reading light from the tie beams.",2300 lm · 3000 K · 36° beam,{},19.166666666666668,19.166666666666668,,,,
L53,Reading light · axis 8 · H outer,projector36,LED projector · medium 36°,1,Shown model scope,L2,mains,"[32.475, 6.655, 5.6]","[0.32999999821186066, 0.2217390456199646, 0.23999999463558197]","6 000 lm, 3000 K CRI 90, 36° beam, 50 W. Reading light from the tie beams.",2300 lm · 3000 K · 36° beam,{},19.166666666666668,19.166666666666668,,,,
L54,Reading light · axis 8 · H outer · twin,projector36,LED projector · medium 36°,1,Shown model scope,L2,mains,"[32.475, 6.655, 5.6]","[0.32999999821186066, 0.2217390456199646, 0.23999999463558197]","6 000 lm, 3000 K CRI 90, 36° beam, 50 W. Reading light from the tie beams.",2300 lm · 3000 K · 36° beam,{},19.166666666666668,19.166666666666668,,,,
L55,Reading light · axis 9 · B outer,projector36,LED projector · medium 36°,1,Shown model scope,L2,mains,"[36.975, 6.655, -5.6]","[0.32999999821186066, 0.2217390456199646, 0.23999999463558197]","6 000 lm, 3000 K CRI 90, 36° beam, 50 W. Reading light from the tie beams.",2300 lm · 3000 K · 36° beam,{},19.166666666666668,19.166666666666668,,,,
L56,Reading light · axis 9 · B outer · twin,projector36,LED projector · medium 36°,1,Shown model scope,L2,mains,"[36.975, 6.655, -5.6]","[0.32999999821186066, 0.2217390456199646, 0.23999999463558197]","6 000 lm, 3000 K CRI 90, 36° beam, 50 W. Reading light from the tie beams.",2300 lm · 3000 K · 36° beam,{},19.166666666666668,19.166666666666668,,,,
L57,Reading light · axis 9 · H outer,projector36,LED projector · medium 36°,1,Shown model scope,L2,mains,"[36.975, 6.655, 5.6]","[0.32999999821186066, 0.2217390456199646, 0.23999999463558197]","6 000 lm, 3000 K CRI 90, 36° beam, 50 W. Reading light from the tie beams.",2300 lm · 3000 K · 36° beam,{},19.166666666666668,19.166666666666668,,,,
L58,Reading light · axis 9 · H outer · twin,projector36,LED projector · medium 36°,1,Shown model scope,L2,mains,"[36.975, 6.655, 5.6]","[0.32999999821186066, 0.2217390456199646, 0.23999999463558197]","6 000 lm, 3000 K CRI 90, 36° beam, 50 W. Reading light from the tie beams.",2300 lm · 3000 K · 36° beam,{},19.166666666666668,19.166666666666668,,,,
L59,Rear rows light · entrance façade · B,projector36,LED projector · medium 36°,1,Shown model scope,L1,mains,"[2.65, 3.45, -4.2]","[0.32999999821186066, 0.2217390456199646, 0.23999999463558197]","6 000 lm, 3000 K CRI 90, 36° beam, 50 W. Reading light from the tie beams.",6000 lm · 3000 K · 44° beam,{},50,50,,,,
L60,Rear centre light · entrance façade · B,projector36,LED projector · medium 36°,1,Shown model scope,L1,mains,"[2.65, 5.95, -4.2]","[0.32999999821186066, 0.2217390456199646, 0.23999999463558197]","6 000 lm, 3000 K CRI 90, 36° beam, 50 W. Reading light from the tie beams.",3300 lm · 3000 K · 50° beam,{},27.5,27.5,,,,
L61,Rear rows light · entrance façade · H,projector36,LED projector · medium 36°,1,Shown model scope,L1,mains,"[2.65, 3.45, 4.2]","[0.32999999821186066, 0.2217390456199646, 0.23999999463558197]","6 000 lm, 3000 K CRI 90, 36° beam, 50 W. Reading light from the tie beams.",6000 lm · 3000 K · 44° beam,{},50,50,,,,
L62,Rear centre light · entrance façade · H,projector36,LED projector · medium 36°,1,Shown model scope,L1,mains,"[2.65, 5.95, 4.2]","[0.32999999821186066, 0.2217390456199646, 0.23999999463558197]","6 000 lm, 3000 K CRI 90, 36° beam, 50 W. Reading light from the tie beams.",3300 lm · 3000 K · 50° beam,{},27.5,27.5,,,,
L63,Wing light · B · front block · back rows,chandelier6Reading,Small brass chandelier + reading optic · concept,1,Shown model scope,L8,mains,"[38.94, 3.8, -10.15]","[1.340000033378601, 1.2404999719560146, 1.1792304515838623]","Concept assembly: 2820 lm candle lamps plus separate downward 2820 lm / 24 W optic, beneath the body. Equal flux split, 70 degree nominal beam; manufacturer, thermal design, glare and support approval pending.",5640 lm · 2700 K · 100° beam,{},51,51,,,,
L65,Wing light · B · rear block · back rows,chandelier6Reading,Small brass chandelier + reading optic · concept,1,Shown model scope,L8,mains,"[42.22, 3.8, -10.15]","[1.340000033378601, 1.2404999719560146, 1.1792304515838623]","Concept assembly: 2820 lm candle lamps plus separate downward 2820 lm / 24 W optic, beneath the body. Equal flux split, 70 degree nominal beam; manufacturer, thermal design, glare and support approval pending.",5640 lm · 2700 K · 100° beam,{},51,51,,,,
L67,Wing light · H · front block · back rows,chandelier6Reading,Small brass chandelier + reading optic · concept,1,Shown model scope,L8,mains,"[38.94, 3.8, 10.15]","[1.340000033378601, 1.2404999719560146, 1.1792304515838623]","Concept assembly: 2820 lm candle lamps plus separate downward 2820 lm / 24 W optic, beneath the body. Equal flux split, 70 degree nominal beam; manufacturer, thermal design, glare and support approval pending.",5640 lm · 2700 K · 100° beam,{},51,51,,,,
L69,Wing light · H · rear block · back rows,chandelier6Reading,Small brass chandelier + reading optic · concept,1,Shown model scope,L8,mains,"[42.22, 3.8, 10.15]","[1.340000033378601, 1.2404999719560146, 1.1792304515838623]","Concept assembly: 2820 lm candle lamps plus separate downward 2820 lm / 24 W optic, beneath the body. Equal flux split, 70 degree nominal beam; manufacturer, thermal design, glare and support approval pending.",5640 lm · 2700 K · 100° beam,{},51,51,,,,
L71,Roof uplight · axis 3,uplight,Roof uplight · wide flood,1,Shown model scope,LA,mains,"[9.975, 9.18, 0]","[0.3199999928474426, 0.2199999988079071, 0.30000001192092896]","4 000 lm, 2700 K, 100° flood, 32 W. Sits on a tie beam and washes the timber roof.",4000 lm · 2700 K · 100° beam,{},32,32,,,,
L72,Roof uplight · axis 4,uplight,Roof uplight · wide flood,1,Shown model scope,LA,mains,"[14.475, 9.18, 0]","[0.3199999928474426, 0.2199999988079071, 0.30000001192092896]","4 000 lm, 2700 K, 100° flood, 32 W. Sits on a tie beam and washes the timber roof.",4000 lm · 2700 K · 100° beam,{},32,32,,,,
L73,Roof uplight · axis 5,uplight,Roof uplight · wide flood,1,Shown model scope,LA,mains,"[18.975, 9.18, 0]","[0.3199999928474426, 0.2199999988079071, 0.30000001192092896]","4 000 lm, 2700 K, 100° flood, 32 W. Sits on a tie beam and washes the timber roof.",4000 lm · 2700 K · 100° beam,{},32,32,,,,
L74,Roof uplight · axis 6,uplight,Roof uplight · wide flood,1,Shown model scope,LA,mains,"[23.475, 9.18, 0]","[0.3199999928474426, 0.2199999988079071, 0.30000001192092896]","4 000 lm, 2700 K, 100° flood, 32 W. Sits on a tie beam and washes the timber roof.",4000 lm · 2700 K · 100° beam,{},32,32,,,,
L75,Roof uplight · axis 7,uplight,Roof uplight · wide flood,1,Shown model scope,LA,mains,"[27.975, 9.18, 0]","[0.3199999928474426, 0.2199999988079071, 0.30000001192092896]","4 000 lm, 2700 K, 100° flood, 32 W. Sits on a tie beam and washes the timber roof.",4000 lm · 2700 K · 100° beam,{},32,32,,,,
L76,Roof uplight · axis 8,uplight,Roof uplight · wide flood,1,Shown model scope,LA,mains,"[32.475, 9.18, 0]","[0.3199999928474426, 0.2199999988079071, 0.30000001192092896]","4 000 lm, 2700 K, 100° flood, 32 W. Sits on a tie beam and washes the timber roof.",4000 lm · 2700 K · 100° beam,{},32,32,,,,
L77,Roof uplight · axis 9,uplight,Roof uplight · wide flood,1,Shown model scope,LA,mains,"[36.975, 9.18, 0]","[0.3199999928474426, 0.2199999988079071, 0.30000001192092896]","4 000 lm, 2700 K, 100° flood, 32 W. Sits on a tie beam and washes the timber roof.",4000 lm · 2700 K · 100° beam,{},32,32,,,,
L78,Chandelier · bay 4–5,chandelier8,Brass candle chandelier · 8 lamps,1,Shown model scope,LD,mains,"[16.725, 6.3, 0]","[2.0399999618530273, 1.1499999748170375, 2.0399999618530273]","8 × 470 lm candle LEDs, 2700 K, Ø 1.9 m. Sparkle and character; not a reading light.",3760 lm · 2700 K,{},36,36,,,,
L79,Chandelier · bay 6–7,chandelier8,Brass candle chandelier · 8 lamps,1,Shown model scope,LD,mains,"[25.725, 6.3, 0]","[2.0399999618530273, 1.1499999748170375, 2.0399999618530273]","8 × 470 lm candle LEDs, 2700 K, Ø 1.9 m. Sparkle and character; not a reading light.",3760 lm · 2700 K,{},36,36,,,,
L80,Chandelier · bay 8–9,chandelier8,Brass candle chandelier · 8 lamps,1,Shown model scope,LD,mains,"[34.725, 6.3, 0]","[2.0399999618530273, 1.1499999748170375, 2.0399999618530273]","8 × 470 lm candle LEDs, 2700 K, Ø 1.9 m. Sparkle and character; not a reading light.",3760 lm · 2700 K,{},36,36,,,,
L81,Grand chandelier · crossing 9–10,chandelier12,Grand chandelier · 12 lamps,1,Shown model scope,LD,mains,"[40.575, 9.2, 0]","[2.640000104904175, 1.1499999748170375, 2.640000104904175]","12 × 470 lm candle LEDs, 2700 K, Ø 2.5 m. For the crossing or sanctuary.",5640 lm · 2700 K,{},54,54,,,,
L82,Sconce · axis 3 · B,sconce2,Brass candle sconce · 2 lamps,1,Shown model scope,LD,mains,"[9.975, 4.6, -7.07]","[0.3064999875053763, 0.5162399858236313, 0.453000009059906]","2 × 470 lm candle LEDs, 2700 K. Wall rhythm and evening atmosphere.",940 lm · 2700 K,{},9,9,,,,
L83,Sconce · axis 3 · H,sconce2,Brass candle sconce · 2 lamps,1,Shown model scope,LD,mains,"[9.975, 4.6, 7.07]","[0.3064999875053763, 0.5162399858236313, 0.453000009059906]","2 × 470 lm candle LEDs, 2700 K. Wall rhythm and evening atmosphere.",940 lm · 2700 K,{},9,9,,,,
L84,Sconce · axis 4 · B,sconce2,Brass candle sconce · 2 lamps,1,Shown model scope,LD,mains,"[14.475, 4.6, -7.07]","[0.3064999875053763, 0.5162399858236313, 0.453000009059906]","2 × 470 lm candle LEDs, 2700 K. Wall rhythm and evening atmosphere.",940 lm · 2700 K,{},9,9,,,,
L85,Sconce · axis 4 · H,sconce2,Brass candle sconce · 2 lamps,1,Shown model scope,LD,mains,"[14.475, 4.6, 7.07]","[0.3064999875053763, 0.5162399858236313, 0.453000009059906]","2 × 470 lm candle LEDs, 2700 K. Wall rhythm and evening atmosphere.",940 lm · 2700 K,{},9,9,,,,
L86,Sconce · axis 5 · B,sconce2,Brass candle sconce · 2 lamps,1,Shown model scope,LD,mains,"[18.975, 4.6, -7.07]","[0.3064999875053763, 0.5162399858236313, 0.453000009059906]","2 × 470 lm candle LEDs, 2700 K. Wall rhythm and evening atmosphere.",940 lm · 2700 K,{},9,9,,,,
L87,Sconce · axis 5 · H,sconce2,Brass candle sconce · 2 lamps,1,Shown model scope,LD,mains,"[18.975, 4.6, 7.07]","[0.3064999875053763, 0.5162399858236313, 0.453000009059906]","2 × 470 lm candle LEDs, 2700 K. Wall rhythm and evening atmosphere.",940 lm · 2700 K,{},9,9,,,,
L88,Sconce · axis 6 · B,sconce2,Brass candle sconce · 2 lamps,1,Shown model scope,LD,mains,"[23.475, 4.6, -7.07]","[0.3064999875053763, 0.5162399858236313, 0.453000009059906]","2 × 470 lm candle LEDs, 2700 K. Wall rhythm and evening atmosphere.",940 lm · 2700 K,{},9,9,,,,
L89,Sconce · axis 6 · H,sconce2,Brass candle sconce · 2 lamps,1,Shown model scope,LD,mains,"[23.475, 4.6, 7.07]","[0.3064999875053763, 0.5162399858236313, 0.453000009059906]","2 × 470 lm candle LEDs, 2700 K. Wall rhythm and evening atmosphere.",940 lm · 2700 K,{},9,9,,,,
L90,Sconce · axis 7 · B,sconce2,Brass candle sconce · 2 lamps,1,Shown model scope,LD,mains,"[27.975, 4.6, -7.07]","[0.3064999875053763, 0.5162399858236313, 0.453000009059906]","2 × 470 lm candle LEDs, 2700 K. Wall rhythm and evening atmosphere.",940 lm · 2700 K,{},9,9,,,,
L91,Sconce · axis 7 · H,sconce2,Brass candle sconce · 2 lamps,1,Shown model scope,LD,mains,"[27.975, 4.6, 7.07]","[0.3064999875053763, 0.5162399858236313, 0.453000009059906]","2 × 470 lm candle LEDs, 2700 K. Wall rhythm and evening atmosphere.",940 lm · 2700 K,{},9,9,,,,
L92,Sconce · axis 8 · B,sconce2,Brass candle sconce · 2 lamps,1,Shown model scope,LD,mains,"[32.475, 4.6, -7.07]","[0.3064999875053763, 0.5162399858236313, 0.453000009059906]","2 × 470 lm candle LEDs, 2700 K. Wall rhythm and evening atmosphere.",940 lm · 2700 K,{},9,9,,,,
L93,Sconce · axis 8 · H,sconce2,Brass candle sconce · 2 lamps,1,Shown model scope,LD,mains,"[32.475, 4.6, 7.07]","[0.3064999875053763, 0.5162399858236313, 0.453000009059906]","2 × 470 lm candle LEDs, 2700 K. Wall rhythm and evening atmosphere.",940 lm · 2700 K,{},9,9,,,,
L94,Sconce · axis 9 · B,sconce2,Brass candle sconce · 2 lamps,1,Shown model scope,LD,mains,"[36.975, 4.6, -7.07]","[0.3064999875053763, 0.5162399858236313, 0.453000009059906]","2 × 470 lm candle LEDs, 2700 K. Wall rhythm and evening atmosphere.",940 lm · 2700 K,{},9,9,,,,
L95,Sconce · axis 9 · H,sconce2,Brass candle sconce · 2 lamps,1,Shown model scope,LD,mains,"[36.975, 4.6, 7.07]","[0.3064999875053763, 0.5162399858236313, 0.453000009059906]","2 × 470 lm candle LEDs, 2700 K. Wall rhythm and evening atmosphere.",940 lm · 2700 K,{},9,9,,,,
L96,Sconce · sanctuary pier · B,sconce2,Brass candle sconce · 2 lamps,1,Shown model scope,LD,mains,"[46.455, 4.3, -3.2399999999999998]","[0.3064999875053763, 0.5162399858236313, 0.453000009059906]","2 × 470 lm candle LEDs, 2700 K. Wall rhythm and evening atmosphere.",560 lm · 2700 K,{},5.361702127659575,5.361702127659575,,,,
L97,Sconce · sanctuary pier · H,sconce2,Brass candle sconce · 2 lamps,1,Shown model scope,LD,mains,"[46.455, 4.3, 3.2399999999999998]","[0.3064999875053763, 0.5162399858236313, 0.453000009059906]","2 × 470 lm candle LEDs, 2700 K. Wall rhythm and evening atmosphere.",560 lm · 2700 K,{},5.361702127659575,5.361702127659575,,,,
L98,Altar key light · B,projector24,LED projector · narrow 24°,1,Shown model scope,L3,mains,"[36.975, 8.584999999999999, -1.4]","[0.32999999821186066, 0.2217390456199646, 0.23999999463558197]","6 000 lm, 3000 K CRI 90, 24° beam, 50 W. Long throws from beams.",4500 lm · 3000 K · 24° beam,{},37.5,37.5,,,,
L99,Altar key light · H,projector24,LED projector · narrow 24°,1,Shown model scope,L3,mains,"[36.975, 8.584999999999999, 1.4]","[0.32999999821186066, 0.2217390456199646, 0.23999999463558197]","6 000 lm, 3000 K CRI 90, 24° beam, 50 W. Long throws from beams.",4500 lm · 3000 K · 24° beam,{},37.5,37.5,,,,
L100,Ambo key light,spot15,Accent spotlight · 15°,1,Shown model scope,L3,mains,"[36.975, 8.584999999999999, -3.15]","[0.26900000125169754, 0.1971188479065895, 0.1899999976158142]","2 500 lm, 3000 K CRI 95, 15° beam, 22 W. Altar, ambo, crucifix and statues.",1900 lm · 3000 K · 15° beam,{},16.72,16.72,,,,
L101,Sanctuary step fill · B,projector36,LED projector · medium 36°,1,Shown model scope,L3,mains,"[36.975, 8.584999999999999, -1.9]","[0.32999999821186066, 0.2217390456199646, 0.23999999463558197]","6 000 lm, 3000 K CRI 90, 36° beam, 50 W. Reading light from the tie beams.",4000 lm · 3000 K · 36° beam,{},33.333333333333336,33.333333333333336,,,,
L102,Sanctuary step fill · H,projector36,LED projector · medium 36°,1,Shown model scope,L3,mains,"[36.975, 8.584999999999999, 1.9]","[0.32999999821186066, 0.2217390456199646, 0.23999999463558197]","6 000 lm, 3000 K CRI 90, 36° beam, 50 W. Reading light from the tie beams.",4000 lm · 3000 K · 36° beam,{},33.333333333333336,33.333333333333336,,,,
L103,Presider chair light,spot15,Accent spotlight · 15°,1,Shown model scope,L3,mains,"[36.975, 8.584999999999999, 3]","[0.26900000125169754, 0.1971188479065895, 0.1899999976158142]","2 500 lm, 3000 K CRI 95, 15° beam, 22 W. Altar, ambo, crucifix and statues.",1400 lm · 3000 K · 15° beam,{},12.32,12.32,,,,
L104,Sanctuary frame wash · B,projector36,LED projector · medium 36°,1,Shown model scope,L3,mains,"[36.975, 8.584999999999999, -0.6]","[0.32999999821186066, 0.2217390456199646, 0.23999999463558197]","6 000 lm, 3000 K CRI 90, 36° beam, 50 W. Reading light from the tie beams.",3500 lm · 3000 K · 50° beam,{},29.166666666666668,29.166666666666668,,,,
L105,Sanctuary frame wash · H,projector36,LED projector · medium 36°,1,Shown model scope,L3,mains,"[36.975, 8.584999999999999, 0.6]","[0.32999999821186066, 0.2217390456199646, 0.23999999463558197]","6 000 lm, 3000 K CRI 90, 36° beam, 50 W. Reading light from the tie beams.",3500 lm · 3000 K · 50° beam,{},29.166666666666668,29.166666666666668,,,,
L106,Crucifix accent · B,spot15,Accent spotlight · 15°,1,Shown model scope,L3,mains,"[44.75, 7.6, -3.2399999999999998]","[0.26900000125169754, 0.1971188479065895, 0.1899999976158142]","2 500 lm, 3000 K CRI 95, 15° beam, 22 W. Altar, ambo, crucifix and statues.",700 lm · 3000 K · 24° beam,{},6.16,6.16,,,,
L107,Reredos wash · B,projector36,LED projector · medium 36°,1,Shown model scope,L3,mains,"[44.75, 6.7, -3.2399999999999998]","[0.32999999821186066, 0.2217390456199646, 0.23999999463558197]","6 000 lm, 3000 K CRI 90, 36° beam, 50 W. Reading light from the tie beams.",650 lm · 3000 K · 36° beam,{},5.416666666666667,5.416666666666667,,,,
L108,Reredos base wash · B,projector36,LED projector · medium 36°,1,Shown model scope,L3,mains,"[44.75, 5.4, -3.2399999999999998]","[0.32999999821186066, 0.2217390456199646, 0.23999999463558197]","6 000 lm, 3000 K CRI 90, 36° beam, 50 W. Reading light from the tie beams.",1300 lm · 3000 K · 36° beam,{},10.833333333333334,10.833333333333334,,,,
L109,Sanctuary vault uplight · B,uplight,Roof uplight · wide flood,1,Shown model scope,L3,mains,"[45.35, 8.42, -2.94]","[0.3199999928474426, 0.2199999988079071, 0.30000001192092896]","4 000 lm, 2700 K, 100° flood, 32 W. Sits on a tie beam and washes the timber roof.",2200 lm · 2700 K · 100° beam,{},17.6,17.6,,,,
L110,Crucifix accent · H,spot15,Accent spotlight · 15°,1,Shown model scope,L3,mains,"[44.75, 7.6, 3.2399999999999998]","[0.26900000125169754, 0.1971188479065895, 0.1899999976158142]","2 500 lm, 3000 K CRI 95, 15° beam, 22 W. Altar, ambo, crucifix and statues.",700 lm · 3000 K · 24° beam,{},6.16,6.16,,,,
L111,Reredos wash · H,projector36,LED projector · medium 36°,1,Shown model scope,L3,mains,"[44.75, 6.7, 3.2399999999999998]","[0.32999999821186066, 0.2217390456199646, 0.23999999463558197]","6 000 lm, 3000 K CRI 90, 36° beam, 50 W. Reading light from the tie beams.",650 lm · 3000 K · 36° beam,{},5.416666666666667,5.416666666666667,,,,
L112,Reredos base wash · H,projector36,LED projector · medium 36°,1,Shown model scope,L3,mains,"[44.75, 5.4, 3.2399999999999998]","[0.32999999821186066, 0.2217390456199646, 0.23999999463558197]","6 000 lm, 3000 K CRI 90, 36° beam, 50 W. Reading light from the tie beams.",1300 lm · 3000 K · 36° beam,{},10.833333333333334,10.833333333333334,,,,
L113,Sanctuary vault uplight · H,uplight,Roof uplight · wide flood,1,Shown model scope,L3,mains,"[45.35, 8.42, 2.94]","[0.3199999928474426, 0.2199999988079071, 0.30000001192092896]","4 000 lm, 2700 K, 100° flood, 32 W. Sits on a tie beam and washes the timber roof.",2200 lm · 2700 K · 100° beam,{},17.6,17.6,,,,
L114,Tabernacle accent,spot15,Accent spotlight · 15°,1,Shown model scope,L3,mains,"[44.75, 4.9, -3.2399999999999998]","[0.26900000125169754, 0.1971188479065895, 0.1899999976158142]","2 500 lm, 3000 K CRI 95, 15° beam, 22 W. Altar, ambo, crucifix and statues.",300 lm · 3000 K · 10° beam,{},2.64,2.64,,,,
L115,Statue accent · B,spot15,Accent spotlight · 15°,1,Shown model scope,L3,mains,"[36.975, 6.655, -5.25]","[0.26900000125169754, 0.1971188479065895, 0.1899999976158142]","2 500 lm, 3000 K CRI 95, 15° beam, 22 W. Altar, ambo, crucifix and statues.",220 lm · 3000 K · 12° beam,{},1.936,1.936,,,,
L116,Shrine wash · B,projector36,LED projector · medium 36°,1,Shown model scope,L3,mains,"[36.975, 6.655, -4.9]","[0.32999999821186066, 0.2217390456199646, 0.23999999463558197]","6 000 lm, 3000 K CRI 90, 36° beam, 50 W. Reading light from the tie beams.",2400 lm · 3000 K · 50° beam,{},20,20,,,,
L117,Statue accent · H,spot15,Accent spotlight · 15°,1,Shown model scope,L3,mains,"[36.975, 6.655, 5.25]","[0.26900000125169754, 0.1971188479065895, 0.1899999976158142]","2 500 lm, 3000 K CRI 95, 15° beam, 22 W. Altar, ambo, crucifix and statues.",220 lm · 3000 K · 12° beam,{},1.936,1.936,,,,
L118,Shrine wash · H,projector36,LED projector · medium 36°,1,Shown model scope,L3,mains,"[36.975, 6.655, 4.9]","[0.32999999821186066, 0.2217390456199646, 0.23999999463558197]","6 000 lm, 3000 K CRI 90, 36° beam, 50 W. Reading light from the tie beams.",2400 lm · 3000 K · 50° beam,{},20,20,,,,
L119,Veranda lantern · B · axis 3,lantern,Pendant lantern · opal,1,Shown model scope,L4,mains,"[9.975, 4.55, -8.85]","[0.3319999873638153, 0.8600000236183405, 0.36000001430511475]","1 500 lm, 2700 K, 14 W. Verandas and porches.",2000 lm · 2700 K,{},18.666666666666668,18.666666666666668,,,,
L120,Veranda lantern · B · axis 4,lantern,Pendant lantern · opal,1,Shown model scope,L4,mains,"[14.475, 4.55, -8.85]","[0.3319999873638153, 0.8600000236183405, 0.36000001430511475]","1 500 lm, 2700 K, 14 W. Verandas and porches.",2000 lm · 2700 K,{},18.666666666666668,18.666666666666668,,,,
L121,Veranda lantern · B · axis 5,lantern,Pendant lantern · opal,1,Shown model scope,L4,mains,"[18.975, 4.55, -8.85]","[0.3319999873638153, 0.8600000236183405, 0.36000001430511475]","1 500 lm, 2700 K, 14 W. Verandas and porches.",2000 lm · 2700 K,{},18.666666666666668,18.666666666666668,,,,
L122,Veranda lantern · B · axis 6,lantern,Pendant lantern · opal,1,Shown model scope,L4,mains,"[23.475, 4.55, -8.85]","[0.3319999873638153, 0.8600000236183405, 0.36000001430511475]","1 500 lm, 2700 K, 14 W. Verandas and porches.",2000 lm · 2700 K,{},18.666666666666668,18.666666666666668,,,,
L123,Veranda lantern · B · axis 7,lantern,Pendant lantern · opal,1,Shown model scope,L4,mains,"[27.975, 4.55, -8.85]","[0.3319999873638153, 0.8600000236183405, 0.36000001430511475]","1 500 lm, 2700 K, 14 W. Verandas and porches.",2000 lm · 2700 K,{},18.666666666666668,18.666666666666668,,,,
L124,Veranda lantern · B · axis 8,lantern,Pendant lantern · opal,1,Shown model scope,L4,mains,"[32.475, 4.55, -8.85]","[0.3319999873638153, 0.8600000236183405, 0.36000001430511475]","1 500 lm, 2700 K, 14 W. Verandas and porches.",2000 lm · 2700 K,{},18.666666666666668,18.666666666666668,,,,
L125,Veranda lantern · B · axis 9,lantern,Pendant lantern · opal,1,Shown model scope,L4,mains,"[36.975, 4.55, -8.85]","[0.3319999873638153, 0.8600000236183405, 0.36000001430511475]","1 500 lm, 2700 K, 14 W. Verandas and porches.",2000 lm · 2700 K,{},18.666666666666668,18.666666666666668,,,,
L126,Veranda lantern · B · axis 10,lantern,Pendant lantern · opal,1,Shown model scope,L4,mains,"[44.175, 4.55, -8.85]","[0.3319999873638153, 0.8600000236183405, 0.36000001430511475]","1 500 lm, 2700 K, 14 W. Verandas and porches.",2000 lm · 2700 K,{},18.666666666666668,18.666666666666668,,,,
L127,Veranda lantern · B · axis 11,lantern,Pendant lantern · opal,1,Shown model scope,L4,mains,"[48.675, 4.55, -8.85]","[0.3319999873638153, 0.8600000236183405, 0.36000001430511475]","1 500 lm, 2700 K, 14 W. Verandas and porches.",2000 lm · 2700 K,{},18.666666666666668,18.666666666666668,,,,
L128,Veranda lantern · H · axis 3,lantern,Pendant lantern · opal,1,Shown model scope,L4,mains,"[9.975, 4.55, 8.85]","[0.3319999873638153, 0.8600000236183405, 0.36000001430511475]","1 500 lm, 2700 K, 14 W. Verandas and porches.",2000 lm · 2700 K,{},18.666666666666668,18.666666666666668,,,,
L129,Veranda lantern · H · axis 4,lantern,Pendant lantern · opal,1,Shown model scope,L4,mains,"[14.475, 4.55, 8.85]","[0.3319999873638153, 0.8600000236183405, 0.36000001430511475]","1 500 lm, 2700 K, 14 W. Verandas and porches.",2000 lm · 2700 K,{},18.666666666666668,18.666666666666668,,,,
L130,Veranda lantern · H · axis 5,lantern,Pendant lantern · opal,1,Shown model scope,L4,mains,"[18.975, 4.55, 8.85]","[0.3319999873638153, 0.8600000236183405, 0.36000001430511475]","1 500 lm, 2700 K, 14 W. Verandas and porches.",2000 lm · 2700 K,{},18.666666666666668,18.666666666666668,,,,
L131,Veranda lantern · H · axis 6,lantern,Pendant lantern · opal,1,Shown model scope,L4,mains,"[23.475, 4.55, 8.85]","[0.3319999873638153, 0.8600000236183405, 0.36000001430511475]","1 500 lm, 2700 K, 14 W. Verandas and porches.",2000 lm · 2700 K,{},18.666666666666668,18.666666666666668,,,,
L132,Veranda lantern · H · axis 7,lantern,Pendant lantern · opal,1,Shown model scope,L4,mains,"[27.975, 4.55, 8.85]","[0.3319999873638153, 0.8600000236183405, 0.36000001430511475]","1 500 lm, 2700 K, 14 W. Verandas and porches.",2000 lm · 2700 K,{},18.666666666666668,18.666666666666668,,,,
L133,Veranda lantern · H · axis 8,lantern,Pendant lantern · opal,1,Shown model scope,L4,mains,"[32.475, 4.55, 8.85]","[0.3319999873638153, 0.8600000236183405, 0.36000001430511475]","1 500 lm, 2700 K, 14 W. Verandas and porches.",2000 lm · 2700 K,{},18.666666666666668,18.666666666666668,,,,
L134,Veranda lantern · H · axis 9,lantern,Pendant lantern · opal,1,Shown model scope,L4,mains,"[36.975, 4.55, 8.85]","[0.3319999873638153, 0.8600000236183405, 0.36000001430511475]","1 500 lm, 2700 K, 14 W. Verandas and porches.",2000 lm · 2700 K,{},18.666666666666668,18.666666666666668,,,,
L135,Veranda lantern · H · axis 10,lantern,Pendant lantern · opal,1,Shown model scope,L4,mains,"[44.175, 4.55, 8.85]","[0.3319999873638153, 0.8600000236183405, 0.36000001430511475]","1 500 lm, 2700 K, 14 W. Verandas and porches.",2000 lm · 2700 K,{},18.666666666666668,18.666666666666668,,,,
L136,Veranda lantern · H · axis 11,lantern,Pendant lantern · opal,1,Shown model scope,L4,mains,"[48.675, 4.55, 8.85]","[0.3319999873638153, 0.8600000236183405, 0.36000001430511475]","1 500 lm, 2700 K, 14 W. Verandas and porches.",2000 lm · 2700 K,{},18.666666666666668,18.666666666666668,,,,
L137,Central front door lantern · B,wallLantern,Wall lantern,1,Shown model scope,L9,mains,"[2.2, 3, -2.4]","[0.4039230343326926, 0.4400000125169754, 0.23999999463558197]","900 lm, 2700 K, 9 W. Veranda piers and side doors.",900 lm · 2700 K,{},9,9,,,,
L138,Central front door lantern · H,wallLantern,Wall lantern,1,Shown model scope,L9,mains,"[2.2, 3, 2.4]","[0.4039230343326926, 0.4400000125169754, 0.23999999463558197]","900 lm, 2700 K, 9 W. Veranda piers and side doors.",900 lm · 2700 K,{},9,9,,,,
L139,Side door lantern · B · 16.725 · front,wallLantern,Wall lantern,1,Shown model scope,L5,mains,"[15.3, 2.6, -10.55]","[0.4039230343326926, 0.4400000125169754, 0.23999999463558197]","900 lm, 2700 K, 9 W. Veranda piers and side doors.",900 lm · 2700 K,{},9,9,,,,
L140,Side door lantern · B · 16.725 · rear,wallLantern,Wall lantern,1,Shown model scope,L5,mains,"[18.150000000000002, 2.6, -10.55]","[0.4039230343326926, 0.4400000125169754, 0.23999999463558197]","900 lm, 2700 K, 9 W. Veranda piers and side doors.",900 lm · 2700 K,{},9,9,,,,
L141,Side door lantern · B · 34.725 · front,wallLantern,Wall lantern,1,Shown model scope,L5,mains,"[33.300000000000004, 2.6, -10.55]","[0.4039230343326926, 0.4400000125169754, 0.23999999463558197]","900 lm, 2700 K, 9 W. Veranda piers and side doors.",900 lm · 2700 K,{},9,9,,,,
L142,Side door lantern · B · 34.725 · rear,wallLantern,Wall lantern,1,Shown model scope,L5,mains,"[36.15, 2.6, -10.55]","[0.4039230343326926, 0.4400000125169754, 0.23999999463558197]","900 lm, 2700 K, 9 W. Veranda piers and side doors.",900 lm · 2700 K,{},9,9,,,,
L143,Side door lantern · B · 46.425 · front,wallLantern,Wall lantern,1,Shown model scope,L5,mains,"[45, 2.6, -10.55]","[0.4039230343326926, 0.4400000125169754, 0.23999999463558197]","900 lm, 2700 K, 9 W. Veranda piers and side doors.",900 lm · 2700 K,{},9,9,,,,
L144,Side door lantern · B · 46.425 · rear,wallLantern,Wall lantern,1,Shown model scope,L5,mains,"[47.849999999999994, 2.6, -10.55]","[0.4039230343326926, 0.4400000125169754, 0.23999999463558197]","900 lm, 2700 K, 9 W. Veranda piers and side doors.",900 lm · 2700 K,{},9,9,,,,
L145,Side door lantern · H · 16.725 · front,wallLantern,Wall lantern,1,Shown model scope,L5,mains,"[15.3, 2.6, 10.55]","[0.4039230343326926, 0.4400000125169754, 0.23999999463558197]","900 lm, 2700 K, 9 W. Veranda piers and side doors.",900 lm · 2700 K,{},9,9,,,,
L146,Side door lantern · H · 16.725 · rear,wallLantern,Wall lantern,1,Shown model scope,L5,mains,"[18.150000000000002, 2.6, 10.55]","[0.4039230343326926, 0.4400000125169754, 0.23999999463558197]","900 lm, 2700 K, 9 W. Veranda piers and side doors.",900 lm · 2700 K,{},9,9,,,,
L147,Side door lantern · H · 34.725 · front,wallLantern,Wall lantern,1,Shown model scope,L5,mains,"[33.300000000000004, 2.6, 10.55]","[0.4039230343326926, 0.4400000125169754, 0.23999999463558197]","900 lm, 2700 K, 9 W. Veranda piers and side doors.",900 lm · 2700 K,{},9,9,,,,
L148,Side door lantern · H · 34.725 · rear,wallLantern,Wall lantern,1,Shown model scope,L5,mains,"[36.15, 2.6, 10.55]","[0.4039230343326926, 0.4400000125169754, 0.23999999463558197]","900 lm, 2700 K, 9 W. Veranda piers and side doors.",900 lm · 2700 K,{},9,9,,,,
L149,Side door lantern · H · 46.425 · front,wallLantern,Wall lantern,1,Shown model scope,L5,mains,"[45, 2.6, 10.55]","[0.4039230343326926, 0.4400000125169754, 0.23999999463558197]","900 lm, 2700 K, 9 W. Veranda piers and side doors.",900 lm · 2700 K,{},9,9,,,,
L150,Side door lantern · H · 46.425 · rear,wallLantern,Wall lantern,1,Shown model scope,L5,mains,"[47.849999999999994, 2.6, 10.55]","[0.4039230343326926, 0.4400000125169754, 0.23999999463558197]","900 lm, 2700 K, 9 W. Veranda piers and side doors.",900 lm · 2700 K,{},9,9,,,,
L151,Service door lantern · B · front,wallLantern,Wall lantern,1,Shown model scope,L3,mains,"[52.8, 2.3, -4.48]","[0.4039230343326926, 0.4400000125169754, 0.23999999463558197]","900 lm, 2700 K, 9 W. Veranda piers and side doors.",400 lm · 2700 K,{},4,4,,,,
L152,Service door lantern · B · rear,wallLantern,Wall lantern,1,Shown model scope,L3,mains,"[52.8, 2.3, -6.48]","[0.4039230343326926, 0.4400000125169754, 0.23999999463558197]","900 lm, 2700 K, 9 W. Veranda piers and side doors.",400 lm · 2700 K,{},4,4,,,,
L153,Service door lantern · H · front,wallLantern,Wall lantern,1,Shown model scope,L3,mains,"[52.8, 2.3, 4.48]","[0.4039230343326926, 0.4400000125169754, 0.23999999463558197]","900 lm, 2700 K, 9 W. Veranda piers and side doors.",400 lm · 2700 K,{},4,4,,,,
L154,Service door lantern · H · rear,wallLantern,Wall lantern,1,Shown model scope,L3,mains,"[52.8, 2.3, 6.48]","[0.4039230343326926, 0.4400000125169754, 0.23999999463558197]","900 lm, 2700 K, 9 W. Veranda piers and side doors.",400 lm · 2700 K,{},4,4,,,,
L155,Exit sign · main doors,exitSign,Exit sign (maintained),1,Shown model scope,E1,mains,"[2.65, 6.95, 0]","[0.05500000007450581, 0.17000000178813934, 0.3799999952316284]",3 W self-contained exit sign. Shown for location only; emergency lighting needs its own design.,20 lm · 6500 K,{},3,3,,,,
L156,Exit sign · side door 16.7 · B,exitSign,Exit sign (maintained),1,Shown model scope,E1,mains,"[16.725, 4.6, -7.245]","[0.05500000007450581, 0.17000000178813934, 0.3799999952316284]",3 W self-contained exit sign. Shown for location only; emergency lighting needs its own design.,20 lm · 6500 K,{},3,3,,,,
L157,Exit sign · side door 16.7 · H,exitSign,Exit sign (maintained),1,Shown model scope,E1,mains,"[16.725, 4.6, 7.245]","[0.05500000007450581, 0.17000000178813934, 0.3799999952316284]",3 W self-contained exit sign. Shown for location only; emergency lighting needs its own design.,20 lm · 6500 K,{},3,3,,,,
L158,Exit sign · side door 34.7 · B,exitSign,Exit sign (maintained),1,Shown model scope,E1,mains,"[34.725, 4.6, -7.245]","[0.05500000007450581, 0.17000000178813934, 0.3799999952316284]",3 W self-contained exit sign. Shown for location only; emergency lighting needs its own design.,20 lm · 6500 K,{},3,3,,,,
L159,Exit sign · side door 34.7 · H,exitSign,Exit sign (maintained),1,Shown model scope,E1,mains,"[34.725, 4.6, 7.245]","[0.05500000007450581, 0.17000000178813934, 0.3799999952316284]",3 W self-contained exit sign. Shown for location only; emergency lighting needs its own design.,20 lm · 6500 K,{},3,3,,,,
L160,Tower lower front wash · B,corniceFlood,Tower floodlight · projecting arm,1,Shown model scope,L6,mains,"[-0.125, 8.4, -10.853]","[0.6169999986886978, 0.5349999961256982, 0.3400000035762787]",Adjustable flood on a proposed cornice arm. Base follows the ledge; head projects clear of the tower wall. Product and bracket details pending.,3500 lm · 3000 K · 50° beam,"{""outreach"": 0.5}",27.22222222222222,27.22222222222222,,,,
L161,Tower stage 2 flood · B,corniceFlood,Tower floodlight · projecting arm,1,Shown model scope,L6,mains,"[-0.125, 8.4, -10.153]","[0.6169999986886978, 0.5349999961256982, 0.3400000035762787]",Adjustable flood on a proposed cornice arm. Base follows the ledge; head projects clear of the tower wall. Product and bracket details pending.,7000 lm · 3000 K · 40° beam,"{""outreach"": 0.5}",54.44444444444444,54.44444444444444,,,,
L162,Tower stage 3 flood · B,corniceFlood,Tower floodlight · projecting arm,1,Shown model scope,L6,mains,"[-0.035, 15.88, -10.153]","[0.6169999986886978, 0.5349999961256982, 0.3400000035762787]",Adjustable flood on a proposed cornice arm. Base follows the ledge; head projects clear of the tower wall. Product and bracket details pending.,6000 lm · 3000 K · 40° beam,"{""outreach"": 0.5}",46.666666666666664,46.666666666666664,,,,
L163,Belfry front wash · B,corniceFlood,Tower floodlight · projecting arm,1,Shown model scope,L6,mains,"[0.065, 23.2, -10.153]","[0.6169999986886978, 0.5349999961256982, 0.3400000035762787]",Adjustable flood on a proposed cornice arm. Base follows the ledge; head projects clear of the tower wall. Product and bracket details pending.,4500 lm · 3000 K · 40° beam,"{""outreach"": 0.5}",35,35,,,,
L164,Dome front wash · B,corniceFlood,Tower floodlight · projecting arm,1,Shown model scope,L6,mains,"[0.35, 29.26, -10.153]","[0.6169999986886978, 0.5349999961256982, 0.3400000035762787]",Adjustable flood on a proposed cornice arm. Base follows the ledge; head projects clear of the tower wall. Product and bracket details pending.,2500 lm · 3000 K · 36° beam,"{""outreach"": 0.5}",19.444444444444443,19.444444444444443,,,,
L165,Belfry glow · B,uplight,Roof uplight · wide flood,1,Shown model scope,L6,mains,"[2.45, 23.2, -10.153]","[0.3199999928474426, 0.2199999988079071, 0.30000001192092896]","4 000 lm, 2700 K, 100° flood, 32 W. Sits on a tie beam and washes the timber roof.",2500 lm · 2700 K · 100° beam,{},20,20,,,,
L166,Tower lower side wash · B,corniceFlood,Tower floodlight · projecting arm,1,Shown model scope,L6,mains,"[3.0500000000000003, 8.4, -12.738]","[0.6169999986886978, 0.5349999961256982, 0.3400000035762787]",Adjustable flood on a proposed cornice arm. Base follows the ledge; head projects clear of the tower wall. Product and bracket details pending.,2500 lm · 3000 K · 50° beam,"{""outreach"": 0.5}",19.444444444444443,19.444444444444443,,,,
L167,Tower stage 2 side wash · B,corniceFlood,Tower floodlight · projecting arm,1,Shown model scope,L6,mains,"[2.45, 8.4, -12.738]","[0.6169999986886978, 0.5349999961256982, 0.3400000035762787]",Adjustable flood on a proposed cornice arm. Base follows the ledge; head projects clear of the tower wall. Product and bracket details pending.,5000 lm · 3000 K · 40° beam,"{""outreach"": 0.5}",38.888888888888886,38.888888888888886,,,,
L168,Tower stage 3 side wash · B,corniceFlood,Tower floodlight · projecting arm,1,Shown model scope,L6,mains,"[2.45, 15.88, -12.613]","[0.6169999986886978, 0.5349999961256982, 0.3400000035762787]",Adjustable flood on a proposed cornice arm. Base follows the ledge; head projects clear of the tower wall. Product and bracket details pending.,4000 lm · 3000 K · 40° beam,"{""outreach"": 0.5}",31.11111111111111,31.11111111111111,,,,
L169,Belfry side wash · B,corniceFlood,Tower floodlight · projecting arm,1,Shown model scope,L6,mains,"[2.45, 23.2, -12.513]","[0.6169999986886978, 0.5349999961256982, 0.3400000035762787]",Adjustable flood on a proposed cornice arm. Base follows the ledge; head projects clear of the tower wall. Product and bracket details pending.,3000 lm · 3000 K · 40° beam,"{""outreach"": 0.5}",23.333333333333332,23.333333333333332,,,,
L170,Façade wash · B,flood,Façade floodlight,1,Shown model scope,L6,mains,"[-0.0750000000000001, 8.4, -7.9]","[0.2150000035762787, 0.5349999961256982, 0.3400000035762787]","9 000 lm, 3000 K, 30° beam, 70 W, IP66. Towers and façade.",6000 lm · 3000 K · 50° beam,{},46.666666666666664,46.666666666666664,,,,
L171,Tower lower front wash · H,corniceFlood,Tower floodlight · projecting arm,1,Shown model scope,L6,mains,"[-0.125, 8.4, 10.853]","[0.6169999986886978, 0.5349999961256982, 0.3400000035762787]",Adjustable flood on a proposed cornice arm. Base follows the ledge; head projects clear of the tower wall. Product and bracket details pending.,3500 lm · 3000 K · 50° beam,"{""outreach"": 0.5}",27.22222222222222,27.22222222222222,,,,
L172,Tower stage 2 flood · H,corniceFlood,Tower floodlight · projecting arm,1,Shown model scope,L6,mains,"[-0.125, 8.4, 10.153]","[0.6169999986886978, 0.5349999961256982, 0.3400000035762787]",Adjustable flood on a proposed cornice arm. Base follows the ledge; head projects clear of the tower wall. Product and bracket details pending.,7000 lm · 3000 K · 40° beam,"{""outreach"": 0.5}",54.44444444444444,54.44444444444444,,,,
L173,Tower stage 3 flood · H,corniceFlood,Tower floodlight · projecting arm,1,Shown model scope,L6,mains,"[-0.035, 15.88, 10.153]","[0.6169999986886978, 0.5349999961256982, 0.3400000035762787]",Adjustable flood on a proposed cornice arm. Base follows the ledge; head projects clear of the tower wall. Product and bracket details pending.,6000 lm · 3000 K · 40° beam,"{""outreach"": 0.5}",46.666666666666664,46.666666666666664,,,,
L174,Belfry front wash · H,corniceFlood,Tower floodlight · projecting arm,1,Shown model scope,L6,mains,"[0.065, 23.2, 10.153]","[0.6169999986886978, 0.5349999961256982, 0.3400000035762787]",Adjustable flood on a proposed cornice arm. Base follows the ledge; head projects clear of the tower wall. Product and bracket details pending.,4500 lm · 3000 K · 40° beam,"{""outreach"": 0.5}",35,35,,,,
L175,Dome front wash · H,corniceFlood,Tower floodlight · projecting arm,1,Shown model scope,L6,mains,"[0.35, 29.26, 10.153]","[0.6169999986886978, 0.5349999961256982, 0.3400000035762787]",Adjustable flood on a proposed cornice arm. Base follows the ledge; head projects clear of the tower wall. Product and bracket details pending.,2500 lm · 3000 K · 36° beam,"{""outreach"": 0.5}",19.444444444444443,19.444444444444443,,,,
L176,Belfry glow · H,uplight,Roof uplight · wide flood,1,Shown model scope,L6,mains,"[2.45, 23.2, 10.153]","[0.3199999928474426, 0.2199999988079071, 0.30000001192092896]","4 000 lm, 2700 K, 100° flood, 32 W. Sits on a tie beam and washes the timber roof.",2500 lm · 2700 K · 100° beam,{},20,20,,,,
L177,Tower lower side wash · H,corniceFlood,Tower floodlight · projecting arm,1,Shown model scope,L6,mains,"[3.0500000000000003, 8.4, 12.738]","[0.6169999986886978, 0.5349999961256982, 0.3400000035762787]",Adjustable flood on a proposed cornice arm. Base follows the ledge; head projects clear of the tower wall. Product and bracket details pending.,2500 lm · 3000 K · 50° beam,"{""outreach"": 0.5}",19.444444444444443,19.444444444444443,,,,
L178,Tower stage 2 side wash · H,corniceFlood,Tower floodlight · projecting arm,1,Shown model scope,L6,mains,"[2.45, 8.4, 12.738]","[0.6169999986886978, 0.5349999961256982, 0.3400000035762787]",Adjustable flood on a proposed cornice arm. Base follows the ledge; head projects clear of the tower wall. Product and bracket details pending.,5000 lm · 3000 K · 40° beam,"{""outreach"": 0.5}",38.888888888888886,38.888888888888886,,,,
L179,Tower stage 3 side wash · H,corniceFlood,Tower floodlight · projecting arm,1,Shown model scope,L6,mains,"[2.45, 15.88, 12.613]","[0.6169999986886978, 0.5349999961256982, 0.3400000035762787]",Adjustable flood on a proposed cornice arm. Base follows the ledge; head projects clear of the tower wall. Product and bracket details pending.,4000 lm · 3000 K · 40° beam,"{""outreach"": 0.5}",31.11111111111111,31.11111111111111,,,,
L180,Belfry side wash · H,corniceFlood,Tower floodlight · projecting arm,1,Shown model scope,L6,mains,"[2.45, 23.2, 12.513]","[0.6169999986886978, 0.5349999961256982, 0.3400000035762787]",Adjustable flood on a proposed cornice arm. Base follows the ledge; head projects clear of the tower wall. Product and bracket details pending.,3000 lm · 3000 K · 40° beam,"{""outreach"": 0.5}",23.333333333333332,23.333333333333332,,,,
L181,Façade wash · H,flood,Façade floodlight,1,Shown model scope,L6,mains,"[-0.0750000000000001, 8.4, 7.9]","[0.2150000035762787, 0.5349999961256982, 0.3400000035762787]","9 000 lm, 3000 K, 30° beam, 70 W, IP66. Towers and façade.",6000 lm · 3000 K · 50° beam,{},46.666666666666664,46.666666666666664,,,,
L182,Stage flood · tower B · outer,flood,Façade floodlight,1,Shown model scope,L9,mains,"[-0.0750000000000001, 8.4, -11.853]","[0.2150000035762787, 0.5349999961256982, 0.3400000035762787]","9 000 lm, 3000 K, 30° beam, 70 W, IP66. Towers and façade.",9000 lm · 3000 K · 45° beam,{},70,70,,,,
L183,Stage flood · tower B · inner,flood,Façade floodlight,1,Shown model scope,L9,mains,"[-0.0750000000000001, 8.4, -8.453000000000001]","[0.2150000035762787, 0.5349999961256982, 0.3400000035762787]","9 000 lm, 3000 K, 30° beam, 70 W, IP66. Towers and façade.",9000 lm · 3000 K · 45° beam,{},70,70,,,,
L184,Path light · axis 4 · B,projector36,LED projector · medium 36°,1,Shown model scope,L5,mains,"[14.475, 5.9, -10.75]","[0.32999999821186066, 0.2217390456199646, 0.23999999463558197]","6 000 lm, 3000 K CRI 90, 36° beam, 50 W. Reading light from the tie beams.",2500 lm · 3000 K · 50° beam,{},20.833333333333332,20.833333333333332,,,,
L185,Path light · axis 6 · B,projector36,LED projector · medium 36°,1,Shown model scope,L5,mains,"[23.475, 5.9, -10.75]","[0.32999999821186066, 0.2217390456199646, 0.23999999463558197]","6 000 lm, 3000 K CRI 90, 36° beam, 50 W. Reading light from the tie beams.",2500 lm · 3000 K · 50° beam,{},20.833333333333332,20.833333333333332,,,,
L186,Path light · axis 11 · B,projector36,LED projector · medium 36°,1,Shown model scope,L5,mains,"[48.675, 5.9, -10.75]","[0.32999999821186066, 0.2217390456199646, 0.23999999463558197]","6 000 lm, 3000 K CRI 90, 36° beam, 50 W. Reading light from the tie beams.",2500 lm · 3000 K · 50° beam,{},20.833333333333332,20.833333333333332,,,,
L187,Path light · wing gable B,projector36,LED projector · medium 36°,1,Shown model scope,L5,mains,"[40.575, 6.2, -13.13]","[0.32999999821186066, 0.2217390456199646, 0.23999999463558197]","6 000 lm, 3000 K CRI 90, 36° beam, 50 W. Reading light from the tie beams.",3000 lm · 3000 K · 55° beam,{},25,25,,,,
L188,Path light · rear · B,projector36,LED projector · medium 36°,1,Shown model scope,L5,mains,"[53.2, 5.2, -4.5]","[0.32999999821186066, 0.2217390456199646, 0.23999999463558197]","6 000 lm, 3000 K CRI 90, 36° beam, 50 W. Reading light from the tie beams.",3000 lm · 3000 K · 55° beam,{},25,25,,,,
L189,Stage flood · tower H · inner,flood,Façade floodlight,1,Shown model scope,L9,mains,"[-0.0750000000000001, 8.4, 8.453000000000001]","[0.2150000035762787, 0.5349999961256982, 0.3400000035762787]","9 000 lm, 3000 K, 30° beam, 70 W, IP66. Towers and façade.",9000 lm · 3000 K · 45° beam,{},70,70,,,,
L190,Stage flood · tower H · outer,flood,Façade floodlight,1,Shown model scope,L9,mains,"[-0.0750000000000001, 8.4, 11.853]","[0.2150000035762787, 0.5349999961256982, 0.3400000035762787]","9 000 lm, 3000 K, 30° beam, 70 W, IP66. Towers and façade.",9000 lm · 3000 K · 45° beam,{},70,70,,,,
L191,Path light · axis 4 · H,projector36,LED projector · medium 36°,1,Shown model scope,L5,mains,"[14.475, 5.9, 10.75]","[0.32999999821186066, 0.2217390456199646, 0.23999999463558197]","6 000 lm, 3000 K CRI 90, 36° beam, 50 W. Reading light from the tie beams.",2500 lm · 3000 K · 50° beam,{},20.833333333333332,20.833333333333332,,,,
L192,Path light · axis 6 · H,projector36,LED projector · medium 36°,1,Shown model scope,L5,mains,"[23.475, 5.9, 10.75]","[0.32999999821186066, 0.2217390456199646, 0.23999999463558197]","6 000 lm, 3000 K CRI 90, 36° beam, 50 W. Reading light from the tie beams.",2500 lm · 3000 K · 50° beam,{},20.833333333333332,20.833333333333332,,,,
L193,Path light · axis 11 · H,projector36,LED projector · medium 36°,1,Shown model scope,L5,mains,"[48.675, 5.9, 10.75]","[0.32999999821186066, 0.2217390456199646, 0.23999999463558197]","6 000 lm, 3000 K CRI 90, 36° beam, 50 W. Reading light from the tie beams.",2500 lm · 3000 K · 50° beam,{},20.833333333333332,20.833333333333332,,,,
L194,Path light · wing gable H,projector36,LED projector · medium 36°,1,Shown model scope,L5,mains,"[40.575, 6.2, 13.13]","[0.32999999821186066, 0.2217390456199646, 0.23999999463558197]","6 000 lm, 3000 K CRI 90, 36° beam, 50 W. Reading light from the tie beams.",3000 lm · 3000 K · 55° beam,{},25,25,,,,
L195,Path light · rear · H,projector36,LED projector · medium 36°,1,Shown model scope,L5,mains,"[53.2, 5.2, 4.5]","[0.32999999821186066, 0.2217390456199646, 0.23999999463558197]","6 000 lm, 3000 K CRI 90, 36° beam, 50 W. Reading light from the tie beams.",3000 lm · 3000 K · 55° beam,{},25,25,,,,
L196,Festival lights · roof ridge,bulbString,Festival bulb string (outdoor),1,Shown model scope,L7,mains,"[29.16, 12.69, 0]","[0.10000000149011612, 0.10000000149011612, 47.38660430908203]","Warm 2200 K LED bulbs, ~1 W each, IP65. For ridges, eaves, gables and tower edges on big feasts.",80 bulbs · 1 W/bulb assumed · lumen data needed · 2200 K · 47.3 m strand,"{""length"": 47.3, ""slope"": 0, ""spacing"": 0.6}",80,0,,,,
L197,Festival lights · main eave B · nave,bulbString,Festival bulb string (outdoor),1,Shown model scope,L7,mains,"[21.35, 7.32, -7.3]","[0.10000000149011612, 0.10000000149011612, 31.786602020263672]","Warm 2200 K LED bulbs, ~1 W each, IP65. For ridges, eaves, gables and tower edges on big feasts.",54 bulbs · 1 W/bulb assumed · lumen data needed · 2200 K · 31.7 m strand,"{""length"": 31.7, ""slope"": 0, ""spacing"": 0.6}",54,0,,,,
L198,Festival lights · main eave B · sanctuary,bulbString,Festival bulb string (outdoor),1,Shown model scope,L7,mains,"[48.4, 7.32, -7.3]","[0.10000000149011612, 0.10000000149011612, 8.986602783203125]","Warm 2200 K LED bulbs, ~1 W each, IP65. For ridges, eaves, gables and tower edges on big feasts.",16 bulbs · 1 W/bulb assumed · lumen data needed · 2200 K · 8.9 m strand,"{""length"": 8.9, ""slope"": 0, ""spacing"": 0.6}",16,0,,,,
L199,Festival lights · veranda eave B · nave,bulbString,Festival bulb string (outdoor),1,Shown model scope,L7,mains,"[21.35, 6.47, -10.6]","[0.10000000149011612, 0.10000000149011612, 31.786602020263672]","Warm 2200 K LED bulbs, ~1 W each, IP65. For ridges, eaves, gables and tower edges on big feasts.",54 bulbs · 1 W/bulb assumed · lumen data needed · 2200 K · 31.7 m strand,"{""length"": 31.7, ""slope"": 0, ""spacing"": 0.6}",54,0,,,,
L200,Festival lights · veranda eave B · sanctuary,bulbString,Festival bulb string (outdoor),1,Shown model scope,L7,mains,"[48.4, 6.47, -10.6]","[0.10000000149011612, 0.10000000149011612, 8.986602783203125]","Warm 2200 K LED bulbs, ~1 W each, IP65. For ridges, eaves, gables and tower edges on big feasts.",16 bulbs · 1 W/bulb assumed · lumen data needed · 2200 K · 8.9 m strand,"{""length"": 8.9, ""slope"": 0, ""spacing"": 0.6}",16,0,,,,
L201,Festival lights · rear gable B,bulbString,Festival bulb string (outdoor),1,Shown model scope,L7,mains,"[53.45, 10, -3.65]","[0.10000000149011612, 5.482309341430664, 7.386989116668701]","Warm 2200 K LED bulbs, ~1 W each, IP65. For ridges, eaves, gables and tower edges on big feasts.",16 bulbs · 1 W/bulb assumed · lumen data needed · 2200 K · 9.07 m strand,"{""length"": 9.07, ""slope"": 36.4, ""spacing"": 0.6}",16,0,,,,
L202,Festival lights · tower B · stage 1 · inner corner,bulbString,Festival bulb string (outdoor),1,Shown model scope,L7,mains,"[-0.4, 4.195, -7.823]","[0.10000000149011612, 7.889999866485596, 0.08660253882408142]","Warm 2200 K LED bulbs, ~1 W each, IP65. For ridges, eaves, gables and tower edges on big feasts.",14 bulbs · 1 W/bulb assumed · lumen data needed · 2200 K · 7.790000000000001 m strand,"{""length"": 7.790000000000001, ""slope"": 90, ""spacing"": 0.6}",14,0,,,,
L203,Festival lights · tower B · stage 1 · outer corner,bulbString,Festival bulb string (outdoor),1,Shown model scope,L7,mains,"[-0.4, 4.195, -12.483]","[0.10000000149011612, 7.889999866485596, 0.08660253882408142]","Warm 2200 K LED bulbs, ~1 W each, IP65. For ridges, eaves, gables and tower edges on big feasts.",14 bulbs · 1 W/bulb assumed · lumen data needed · 2200 K · 7.790000000000001 m strand,"{""length"": 7.790000000000001, ""slope"": 90, ""spacing"": 0.6}",14,0,,,,
L204,Festival lights · tower B · stage 2 · inner corner,bulbString,Festival bulb string (outdoor),1,Shown model scope,L7,mains,"[-0.3099999999999997, 12.115, -7.948]","[0.10000000149011612, 6.949999809265137, 0.08660253882408142]","Warm 2200 K LED bulbs, ~1 W each, IP65. For ridges, eaves, gables and tower edges on big feasts.",12 bulbs · 1 W/bulb assumed · lumen data needed · 2200 K · 6.85 m strand,"{""length"": 6.85, ""slope"": 90, ""spacing"": 0.6}",12,0,,,,
L205,Festival lights · tower B · stage 2 · outer corner,bulbString,Festival bulb string (outdoor),1,Shown model scope,L7,mains,"[-0.3099999999999997, 12.115, -12.358]","[0.10000000149011612, 6.949999809265137, 0.08660253882408142]","Warm 2200 K LED bulbs, ~1 W each, IP65. For ridges, eaves, gables and tower edges on big feasts.",12 bulbs · 1 W/bulb assumed · lumen data needed · 2200 K · 6.85 m strand,"{""length"": 6.85, ""slope"": 90, ""spacing"": 0.6}",12,0,,,,
L206,Festival lights · tower B · stage 3 · inner corner,bulbString,Festival bulb string (outdoor),1,Shown model scope,L7,mains,"[-0.20999999999999963, 19.490000000000002, -8.048]","[0.10000000149011612, 6.800000190734863, 0.08660253882408142]","Warm 2200 K LED bulbs, ~1 W each, IP65. For ridges, eaves, gables and tower edges on big feasts.",12 bulbs · 1 W/bulb assumed · lumen data needed · 2200 K · 6.700000000000001 m strand,"{""length"": 6.700000000000001, ""slope"": 90, ""spacing"": 0.6}",12,0,,,,
L207,Festival lights · tower B · stage 3 · outer corner,bulbString,Festival bulb string (outdoor),1,Shown model scope,L7,mains,"[-0.20999999999999963, 19.490000000000002, -12.258000000000001]","[0.10000000149011612, 6.800000190734863, 0.08660253882408142]","Warm 2200 K LED bulbs, ~1 W each, IP65. For ridges, eaves, gables and tower edges on big feasts.",12 bulbs · 1 W/bulb assumed · lumen data needed · 2200 K · 6.700000000000001 m strand,"{""length"": 6.700000000000001, ""slope"": 90, ""spacing"": 0.6}",12,0,,,,
L208,Festival lights · main eave H · nave,bulbString,Festival bulb string (outdoor),1,Shown model scope,L7,mains,"[21.35, 7.32, 7.3]","[0.10000000149011612, 0.10000000149011612, 31.786602020263672]","Warm 2200 K LED bulbs, ~1 W each, IP65. For ridges, eaves, gables and tower edges on big feasts.",54 bulbs · 1 W/bulb assumed · lumen data needed · 2200 K · 31.7 m strand,"{""length"": 31.7, ""slope"": 0, ""spacing"": 0.6}",54,0,,,,
L209,Festival lights · main eave H · sanctuary,bulbString,Festival bulb string (outdoor),1,Shown model scope,L7,mains,"[48.4, 7.32, 7.3]","[0.10000000149011612, 0.10000000149011612, 8.986602783203125]","Warm 2200 K LED bulbs, ~1 W each, IP65. For ridges, eaves, gables and tower edges on big feasts.",16 bulbs · 1 W/bulb assumed · lumen data needed · 2200 K · 8.9 m strand,"{""length"": 8.9, ""slope"": 0, ""spacing"": 0.6}",16,0,,,,
L210,Festival lights · veranda eave H · nave,bulbString,Festival bulb string (outdoor),1,Shown model scope,L7,mains,"[21.35, 6.47, 10.6]","[0.10000000149011612, 0.10000000149011612, 31.786602020263672]","Warm 2200 K LED bulbs, ~1 W each, IP65. For ridges, eaves, gables and tower edges on big feasts.",54 bulbs · 1 W/bulb assumed · lumen data needed · 2200 K · 31.7 m strand,"{""length"": 31.7, ""slope"": 0, ""spacing"": 0.6}",54,0,,,,
L211,Festival lights · veranda eave H · sanctuary,bulbString,Festival bulb string (outdoor),1,Shown model scope,L7,mains,"[48.4, 6.47, 10.6]","[0.10000000149011612, 0.10000000149011612, 8.986602783203125]","Warm 2200 K LED bulbs, ~1 W each, IP65. For ridges, eaves, gables and tower edges on big feasts.",16 bulbs · 1 W/bulb assumed · lumen data needed · 2200 K · 8.9 m strand,"{""length"": 8.9, ""slope"": 0, ""spacing"": 0.6}",16,0,,,,
L212,Festival lights · rear gable H,bulbString,Festival bulb string (outdoor),1,Shown model scope,L7,mains,"[53.45, 10, 3.65]","[0.10000000149011612, 5.482309341430664, 7.386989116668701]","Warm 2200 K LED bulbs, ~1 W each, IP65. For ridges, eaves, gables and tower edges on big feasts.",16 bulbs · 1 W/bulb assumed · lumen data needed · 2200 K · 9.07 m strand,"{""length"": 9.07, ""slope"": -36.4, ""spacing"": 0.6}",16,0,,,,
L213,Festival lights · tower H · stage 1 · inner corner,bulbString,Festival bulb string (outdoor),1,Shown model scope,L7,mains,"[-0.4, 4.195, 7.823]","[0.10000000149011612, 7.889999866485596, 0.08660253882408142]","Warm 2200 K LED bulbs, ~1 W each, IP65. For ridges, eaves, gables and tower edges on big feasts.",14 bulbs · 1 W/bulb assumed · lumen data needed · 2200 K · 7.790000000000001 m strand,"{""length"": 7.790000000000001, ""slope"": 90, ""spacing"": 0.6}",14,0,,,,
L214,Festival lights · tower H · stage 1 · outer corner,bulbString,Festival bulb string (outdoor),1,Shown model scope,L7,mains,"[-0.4, 4.195, 12.483]","[0.10000000149011612, 7.889999866485596, 0.08660253882408142]","Warm 2200 K LED bulbs, ~1 W each, IP65. For ridges, eaves, gables and tower edges on big feasts.",14 bulbs · 1 W/bulb assumed · lumen data needed · 2200 K · 7.790000000000001 m strand,"{""length"": 7.790000000000001, ""slope"": 90, ""spacing"": 0.6}",14,0,,,,
L215,Festival lights · tower H · stage 2 · inner corner,bulbString,Festival bulb string (outdoor),1,Shown model scope,L7,mains,"[-0.3099999999999997, 12.115, 7.948]","[0.10000000149011612, 6.949999809265137, 0.08660253882408142]","Warm 2200 K LED bulbs, ~1 W each, IP65. For ridges, eaves, gables and tower edges on big feasts.",12 bulbs · 1 W/bulb assumed · lumen data needed · 2200 K · 6.85 m strand,"{""length"": 6.85, ""slope"": 90, ""spacing"": 0.6}",12,0,,,,
L216,Festival lights · tower H · stage 2 · outer corner,bulbString,Festival bulb string (outdoor),1,Shown model scope,L7,mains,"[-0.3099999999999997, 12.115, 12.358]","[0.10000000149011612, 6.949999809265137, 0.08660253882408142]","Warm 2200 K LED bulbs, ~1 W each, IP65. For ridges, eaves, gables and tower edges on big feasts.",12 bulbs · 1 W/bulb assumed · lumen data needed · 2200 K · 6.85 m strand,"{""length"": 6.85, ""slope"": 90, ""spacing"": 0.6}",12,0,,,,
L217,Festival lights · tower H · stage 3 · inner corner,bulbString,Festival bulb string (outdoor),1,Shown model scope,L7,mains,"[-0.20999999999999963, 19.490000000000002, 8.048]","[0.10000000149011612, 6.800000190734863, 0.08660253882408142]","Warm 2200 K LED bulbs, ~1 W each, IP65. For ridges, eaves, gables and tower edges on big feasts.",12 bulbs · 1 W/bulb assumed · lumen data needed · 2200 K · 6.700000000000001 m strand,"{""length"": 6.700000000000001, ""slope"": 90, ""spacing"": 0.6}",12,0,,,,
L218,Festival lights · tower H · stage 3 · outer corner,bulbString,Festival bulb string (outdoor),1,Shown model scope,L7,mains,"[-0.20999999999999963, 19.490000000000002, 12.258000000000001]","[0.10000000149011612, 6.800000190734863, 0.08660253882408142]","Warm 2200 K LED bulbs, ~1 W each, IP65. For ridges, eaves, gables and tower edges on big feasts.",12 bulbs · 1 W/bulb assumed · lumen data needed · 2200 K · 6.700000000000001 m strand,"{""length"": 6.700000000000001, ""slope"": 90, ""spacing"": 0.6}",12,0,,,,
L219,Festival lights · front terrace between the towers,bulbString,Festival bulb string (outdoor),1,Shown model scope,L7,mains,"[2.15, 8.5, 0]","[0.10000000149011612, 0.10000000149011612, 14.886602401733398]","Warm 2200 K LED bulbs, ~1 W each, IP65. For ridges, eaves, gables and tower edges on big feasts.",26 bulbs · 1 W/bulb assumed · lumen data needed · 2200 K · 14.8 m strand,"{""length"": 14.8, ""slope"": 0, ""spacing"": 0.6}",26,0,,,,
L220,Festival flood · rear gable B,flood,Façade floodlight,1,Shown model scope,L7,mains,"[52.6, 6.55, -9.8]","[0.2150000035762787, 0.5349999961256982, 0.3400000035762787]","9 000 lm, 3000 K, 30° beam, 70 W, IP66. Towers and façade.",9000 lm · 3000 K · 40° beam,{},70,0,,,,
L221,Festival flood · rear gable H,flood,Façade floodlight,1,Shown model scope,L7,mains,"[52.6, 6.55, 9.8]","[0.2150000035762787, 0.5349999961256982, 0.3400000035762787]","9 000 lm, 3000 K, 30° beam, 70 W, IP66. Towers and façade.",9000 lm · 3000 K · 40° beam,{},70,0,,,,
L222,Central gable flood · B,flood,Façade floodlight,1,Shown model scope,L6,mains,"[-0.0750000000000001, 8.4, -7.75]","[0.2150000035762787, 0.5349999961256982, 0.3400000035762787]","9 000 lm, 3000 K, 30° beam, 70 W, IP66. Towers and façade.",6500 lm · 3000 K · 60° beam,{},50.55555555555556,50.55555555555556,,,,
L223,Central crown wash · B,flood,Façade floodlight,1,Shown model scope,L6,mains,"[-0.035, 15.88, -7.9]","[0.2150000035762787, 0.5349999961256982, 0.3400000035762787]","9 000 lm, 3000 K, 30° beam, 70 W, IP66. Towers and façade.",6000 lm · 3000 K · 55° beam,{},46.666666666666664,46.666666666666664,,,,
L224,Central gable flood · H,flood,Façade floodlight,1,Shown model scope,L6,mains,"[-0.0750000000000001, 8.4, 7.75]","[0.2150000035762787, 0.5349999961256982, 0.3400000035762787]","9 000 lm, 3000 K, 30° beam, 70 W, IP66. Towers and façade.",6500 lm · 3000 K · 60° beam,{},50.55555555555556,50.55555555555556,,,,
L225,Central crown wash · H,flood,Façade floodlight,1,Shown model scope,L6,mains,"[-0.035, 15.88, 7.9]","[0.2150000035762787, 0.5349999961256982, 0.3400000035762787]","9 000 lm, 3000 K, 30° beam, 70 W, IP66. Towers and façade.",6000 lm · 3000 K · 55° beam,{},46.666666666666664,46.666666666666664,,,,
F226,Ceiling fan · bay 2′–3 · B aisle,fanCeiling,"Ceiling fan · 1.42 m (56"")",1,Shown model scope,F1,mains,"[7.725, 3.9, -4.4]","[1.3225064873695374, 0.2550000003539026, 1.3905656337738037]",Downrod ceiling fan. Blades ≥ 2.4 m above floor; ~1.2 m/s below at high speed.,1.42 m diameter · 60 W at maximum speed,{},60,34,,,,
F227,Ceiling fan · bay 2′–3 · H aisle,fanCeiling,"Ceiling fan · 1.42 m (56"")",1,Shown model scope,F1,mains,"[7.725, 3.9, 4.4]","[1.3225064873695374, 0.2550000003539026, 1.3905656337738037]",Downrod ceiling fan. Blades ≥ 2.4 m above floor; ~1.2 m/s below at high speed.,1.42 m diameter · 60 W at maximum speed,{},60,34,,,,
F228,Ceiling fan · bay 3–4 · B aisle,fanCeiling,"Ceiling fan · 1.42 m (56"")",1,Shown model scope,F1,mains,"[12.225, 3.9, -4.4]","[1.3225064873695374, 0.2550000003539026, 1.3905656337738037]",Downrod ceiling fan. Blades ≥ 2.4 m above floor; ~1.2 m/s below at high speed.,1.42 m diameter · 60 W at maximum speed,{},60,34,,,,
F229,Ceiling fan · bay 3–4 · H aisle,fanCeiling,"Ceiling fan · 1.42 m (56"")",1,Shown model scope,F1,mains,"[12.225, 3.9, 4.4]","[1.3225064873695374, 0.2550000003539026, 1.3905656337738037]",Downrod ceiling fan. Blades ≥ 2.4 m above floor; ~1.2 m/s below at high speed.,1.42 m diameter · 60 W at maximum speed,{},60,34,,,,
F230,Ceiling fan · bay 4–5 · B aisle,fanCeiling,"Ceiling fan · 1.42 m (56"")",1,Shown model scope,F1,mains,"[16.725, 3.9, -4.4]","[1.3225064873695374, 0.2550000003539026, 1.3905656337738037]",Downrod ceiling fan. Blades ≥ 2.4 m above floor; ~1.2 m/s below at high speed.,1.42 m diameter · 60 W at maximum speed,{},60,34,,,,
F231,Ceiling fan · bay 4–5 · H aisle,fanCeiling,"Ceiling fan · 1.42 m (56"")",1,Shown model scope,F1,mains,"[16.725, 3.9, 4.4]","[1.3225064873695374, 0.2550000003539026, 1.3905656337738037]",Downrod ceiling fan. Blades ≥ 2.4 m above floor; ~1.2 m/s below at high speed.,1.42 m diameter · 60 W at maximum speed,{},60,34,,,,
F232,Ceiling fan · bay 5–6 · B aisle,fanCeiling,"Ceiling fan · 1.42 m (56"")",1,Shown model scope,F1,mains,"[21.225, 3.9, -4.4]","[1.3225064873695374, 0.2550000003539026, 1.3905656337738037]",Downrod ceiling fan. Blades ≥ 2.4 m above floor; ~1.2 m/s below at high speed.,1.42 m diameter · 60 W at maximum speed,{},60,34,,,,
F233,Ceiling fan · bay 5–6 · H aisle,fanCeiling,"Ceiling fan · 1.42 m (56"")",1,Shown model scope,F1,mains,"[21.225, 3.9, 4.4]","[1.3225064873695374, 0.2550000003539026, 1.3905656337738037]",Downrod ceiling fan. Blades ≥ 2.4 m above floor; ~1.2 m/s below at high speed.,1.42 m diameter · 60 W at maximum speed,{},60,34,,,,
F234,Ceiling fan · bay 6–7 · B aisle,fanCeiling,"Ceiling fan · 1.42 m (56"")",1,Shown model scope,F1,mains,"[25.725, 3.9, -4.4]","[1.3225064873695374, 0.2550000003539026, 1.3905656337738037]",Downrod ceiling fan. Blades ≥ 2.4 m above floor; ~1.2 m/s below at high speed.,1.42 m diameter · 60 W at maximum speed,{},60,34,,,,
F235,Ceiling fan · bay 6–7 · H aisle,fanCeiling,"Ceiling fan · 1.42 m (56"")",1,Shown model scope,F1,mains,"[25.725, 3.9, 4.4]","[1.3225064873695374, 0.2550000003539026, 1.3905656337738037]",Downrod ceiling fan. Blades ≥ 2.4 m above floor; ~1.2 m/s below at high speed.,1.42 m diameter · 60 W at maximum speed,{},60,34,,,,
F236,Ceiling fan · bay 7–8 · B aisle,fanCeiling,"Ceiling fan · 1.42 m (56"")",1,Shown model scope,F1,mains,"[30.225, 3.9, -4.4]","[1.3225064873695374, 0.2550000003539026, 1.3905656337738037]",Downrod ceiling fan. Blades ≥ 2.4 m above floor; ~1.2 m/s below at high speed.,1.42 m diameter · 60 W at maximum speed,{},60,34,,,,
F237,Ceiling fan · bay 7–8 · H aisle,fanCeiling,"Ceiling fan · 1.42 m (56"")",1,Shown model scope,F1,mains,"[30.225, 3.9, 4.4]","[1.3225064873695374, 0.2550000003539026, 1.3905656337738037]",Downrod ceiling fan. Blades ≥ 2.4 m above floor; ~1.2 m/s below at high speed.,1.42 m diameter · 60 W at maximum speed,{},60,34,,,,
F238,Ceiling fan · bay 8–9 · B aisle,fanCeiling,"Ceiling fan · 1.42 m (56"")",1,Shown model scope,F1,mains,"[34.725, 3.9, -4.4]","[1.3225064873695374, 0.2550000003539026, 1.3905656337738037]",Downrod ceiling fan. Blades ≥ 2.4 m above floor; ~1.2 m/s below at high speed.,1.42 m diameter · 60 W at maximum speed,{},60,34,,,,
F239,Ceiling fan · bay 8–9 · H aisle,fanCeiling,"Ceiling fan · 1.42 m (56"")",1,Shown model scope,F1,mains,"[34.725, 3.9, 4.4]","[1.3225064873695374, 0.2550000003539026, 1.3905656337738037]",Downrod ceiling fan. Blades ≥ 2.4 m above floor; ~1.2 m/s below at high speed.,1.42 m diameter · 60 W at maximum speed,{},60,34,,,,
F240,Wall fan · wing B · 1 · held review,fanWingWall,Wing wall fan · 45 cm · extended bracket concept,1,Shown model scope,F5,mains,"[38.05, 4.05, -13.06]","[0.6649999977648258, 0.49000000953674316, 0.49000000953674316]","Unverified 0.40 m pivot outreach proxy clears modeled swept guard from wall. Same fan ratings as fanWall; bracket, anchors, vibration, real dimensions and concealment ENGINEERING HOLD.",0.45 m diameter · 55 W at maximum speed,{},55,35,,,,
F241,Wall fan · wing B · 2 · held review,fanWingWall,Wing wall fan · 45 cm · extended bracket concept,1,Shown model scope,F5,mains,"[43.1, 4.05, -13.06]","[0.6649999977648258, 0.49000000953674316, 0.49000000953674316]","Unverified 0.40 m pivot outreach proxy clears modeled swept guard from wall. Same fan ratings as fanWall; bracket, anchors, vibration, real dimensions and concealment ENGINEERING HOLD.",0.45 m diameter · 55 W at maximum speed,{},55,35,,,,
F242,Wall fan · wing H · 1 · held review,fanWingWall,Wing wall fan · 45 cm · extended bracket concept,1,Shown model scope,F5,mains,"[38.05, 4.05, 13.06]","[0.6649999977648258, 0.49000000953674316, 0.49000000953674316]","Unverified 0.40 m pivot outreach proxy clears modeled swept guard from wall. Same fan ratings as fanWall; bracket, anchors, vibration, real dimensions and concealment ENGINEERING HOLD.",0.45 m diameter · 55 W at maximum speed,{},55,35,,,,
F243,Wall fan · wing H · 2 · held review,fanWingWall,Wing wall fan · 45 cm · extended bracket concept,1,Shown model scope,F5,mains,"[43.1, 4.05, 13.06]","[0.6649999977648258, 0.49000000953674316, 0.49000000953674316]","Unverified 0.40 m pivot outreach proxy clears modeled swept guard from wall. Same fan ratings as fanWall; bracket, anchors, vibration, real dimensions and concealment ENGINEERING HOLD.",0.45 m diameter · 55 W at maximum speed,{},55,35,,,,
F244,Wall fan · axis 4 · B,fanWall,Wall fan · oscillating 45 cm,1,Shown model scope,F2,mains,"[14.475, 5.55, -7.07]","[0.4599999934434891, 0.49000000953674316, 0.49000000953674316]","Common on church columns in Việt Nam. Louder; aim it at people, not microphones or candles.",0.45 m diameter · 55 W at maximum speed,{},55,0,,,,
F245,Wall fan · axis 4 · H,fanWall,Wall fan · oscillating 45 cm,1,Shown model scope,F2,mains,"[14.475, 5.55, 7.07]","[0.4599999934434891, 0.49000000953674316, 0.49000000953674316]","Common on church columns in Việt Nam. Louder; aim it at people, not microphones or candles.",0.45 m diameter · 55 W at maximum speed,{},55,0,,,,
F246,Wall fan · axis 6 · B,fanWall,Wall fan · oscillating 45 cm,1,Shown model scope,F2,mains,"[23.475, 5.55, -7.07]","[0.4599999934434891, 0.49000000953674316, 0.49000000953674316]","Common on church columns in Việt Nam. Louder; aim it at people, not microphones or candles.",0.45 m diameter · 55 W at maximum speed,{},55,0,,,,
F247,Wall fan · axis 6 · H,fanWall,Wall fan · oscillating 45 cm,1,Shown model scope,F2,mains,"[23.475, 5.55, 7.07]","[0.4599999934434891, 0.49000000953674316, 0.49000000953674316]","Common on church columns in Việt Nam. Louder; aim it at people, not microphones or candles.",0.45 m diameter · 55 W at maximum speed,{},55,0,,,,
F248,Wall fan · axis 8 · B,fanWall,Wall fan · oscillating 45 cm,1,Shown model scope,F2,mains,"[32.475, 5.55, -7.07]","[0.4599999934434891, 0.49000000953674316, 0.49000000953674316]","Common on church columns in Việt Nam. Louder; aim it at people, not microphones or candles.",0.45 m diameter · 55 W at maximum speed,{},55,0,,,,
F249,Wall fan · axis 8 · H,fanWall,Wall fan · oscillating 45 cm,1,Shown model scope,F2,mains,"[32.475, 5.55, 7.07]","[0.4599999934434891, 0.49000000953674316, 0.49000000953674316]","Common on church columns in Việt Nam. Louder; aim it at people, not microphones or candles.",0.45 m diameter · 55 W at maximum speed,{},55,0,,,,
F250,Entrance circulator · B,fanWallLarge,Large wall circulator · 90 cm,1,Shown model scope,F4,mains,"[2.655, 6, -3.05]","[0.7689999847859144, 0.9580000042915344, 0.9580000042915344]","Industrial wall circulator, long throw down the nave. Loud at high speed; test before buying.",0.9 m diameter · 380 W at maximum speed,{},380,0,,,,
F251,Entrance circulator · H,fanWallLarge,Large wall circulator · 90 cm,1,Shown model scope,F4,mains,"[2.655, 6, 3.05]","[0.7689999847859144, 0.9580000042915344, 0.9580000042915344]","Industrial wall circulator, long throw down the nave. Loud at high speed; test before buying.",0.9 m diameter · 380 W at maximum speed,{},380,0,,,,
F252,Exhaust fan · front gable · B outer,fanExhaust,Exhaust (ventilation) fan · 50 cm,1,Shown model scope,V1,mains,"[5.48, 9.4, -2.4]","[0.11249999612569811, 0.6200000047683716, 0.6200000047683716]","Extracts the hot air that collects under the roof; fresh air enters through the open doors and windows. Rated by air changes, not by draught on people.",0.5 m diameter · 170 W at maximum speed,{},170,60,,,,
F253,Exhaust fan · front gable · B inner,fanExhaust,Exhaust (ventilation) fan · 50 cm,1,Shown model scope,V1,mains,"[5.48, 9.4, -0.8]","[0.11249999612569811, 0.6200000047683716, 0.6200000047683716]","Extracts the hot air that collects under the roof; fresh air enters through the open doors and windows. Rated by air changes, not by draught on people.",0.5 m diameter · 170 W at maximum speed,{},170,60,,,,
F254,Exhaust fan · front gable · H inner,fanExhaust,Exhaust (ventilation) fan · 50 cm,1,Shown model scope,V1,mains,"[5.48, 9.4, 0.8]","[0.11249999612569811, 0.6200000047683716, 0.6200000047683716]","Extracts the hot air that collects under the roof; fresh air enters through the open doors and windows. Rated by air changes, not by draught on people.",0.5 m diameter · 170 W at maximum speed,{},170,60,,,,
F255,Exhaust fan · front gable · H outer,fanExhaust,Exhaust (ventilation) fan · 50 cm,1,Shown model scope,V1,mains,"[5.48, 9.4, 2.4]","[0.11249999612569811, 0.6200000047683716, 0.6200000047683716]","Extracts the hot air that collects under the roof; fresh air enters through the open doors and windows. Rated by air changes, not by draught on people.",0.5 m diameter · 170 W at maximum speed,{},170,60,,,,
F256,Exhaust fan · wing gable B · front,fanExhaust,Exhaust (ventilation) fan · 50 cm,1,Shown model scope,V1,mains,"[39.7, 7.6, -13.13]","[0.11249999612569811, 0.6200000047683716, 0.6200000047683716]","Extracts the hot air that collects under the roof; fresh air enters through the open doors and windows. Rated by air changes, not by draught on people.",0.5 m diameter · 170 W at maximum speed,{},170,60,,,,
F257,Exhaust fan · wing gable B · rear,fanExhaust,Exhaust (ventilation) fan · 50 cm,1,Shown model scope,V1,mains,"[41.45, 7.6, -13.13]","[0.11249999612569811, 0.6200000047683716, 0.6200000047683716]","Extracts the hot air that collects under the roof; fresh air enters through the open doors and windows. Rated by air changes, not by draught on people.",0.5 m diameter · 170 W at maximum speed,{},170,60,,,,
F258,Exhaust fan · wing gable H · front,fanExhaust,Exhaust (ventilation) fan · 50 cm,1,Shown model scope,V1,mains,"[39.7, 7.6, 13.13]","[0.11249999612569811, 0.6200000047683716, 0.6200000047683716]","Extracts the hot air that collects under the roof; fresh air enters through the open doors and windows. Rated by air changes, not by draught on people.",0.5 m diameter · 170 W at maximum speed,{},170,60,,,,
F259,Exhaust fan · wing gable H · rear,fanExhaust,Exhaust (ventilation) fan · 50 cm,1,Shown model scope,V1,mains,"[41.45, 7.6, 13.13]","[0.11249999612569811, 0.6200000047683716, 0.6200000047683716]","Extracts the hot air that collects under the roof; fresh air enters through the open doors and windows. Rated by air changes, not by draught on people.",0.5 m diameter · 170 W at maximum speed,{},170,60,,,,
F260,Exhaust fan · service room,fanExhaust,Exhaust (ventilation) fan · 50 cm,1,Shown model scope,V1,mains,"[53.12, 3.3, 0]","[0.11249999612569811, 0.6200000047683716, 0.6200000047683716]","Extracts the hot air that collects under the roof; fresh air enters through the open doors and windows. Rated by air changes, not by draught on people.",0.5 m diameter · 170 W at maximum speed,{},170,60,,,,
S261,Wall speaker · axis 4 · B,slimColumn,"Slim wall column · 0.6 m, wall colour",1,Shown model scope,A1,passive-audio,"[14.475, 3.45, -7.07]","[0.14600000105798241, 0.6000000238418579, 0.05999999865889549]","4 × 2.5"" drivers in a 6 cm-wide case painted to match the plaster; 130° × 30° (2 kHz), 89 dB 1 W/1 m, 60 W. For a discreet distributed system along the walls.",60 W audio rating · Passive / amplifier output · 85.1 ms delay,{},,6.089497720290584,60,,,
S262,Wall speaker · axis 4 · H,slimColumn,"Slim wall column · 0.6 m, wall colour",1,Shown model scope,A1,passive-audio,"[14.475, 3.45, 7.07]","[0.14600000105798241, 0.6000000238418579, 0.05999999865889549]","4 × 2.5"" drivers in a 6 cm-wide case painted to match the plaster; 130° × 30° (2 kHz), 89 dB 1 W/1 m, 60 W. For a discreet distributed system along the walls.",60 W audio rating · Passive / amplifier output · 86.2 ms delay,{},,6.089497720290584,60,,,
S263,Wall speaker · axis 5 · B,slimColumn,"Slim wall column · 0.6 m, wall colour",1,Shown model scope,A1,passive-audio,"[18.975, 3.45, -7.07]","[0.14600000105798241, 0.6000000238418579, 0.05999999865889549]","4 × 2.5"" drivers in a 6 cm-wide case painted to match the plaster; 130° × 30° (2 kHz), 89 dB 1 W/1 m, 60 W. For a discreet distributed system along the walls.",60 W audio rating · Passive / amplifier output · 72.2 ms delay,{},,6.089497720290584,60,,,
S264,Wall speaker · axis 5 · H,slimColumn,"Slim wall column · 0.6 m, wall colour",1,Shown model scope,A1,passive-audio,"[18.975, 3.45, 7.07]","[0.14600000105798241, 0.6000000238418579, 0.05999999865889549]","4 × 2.5"" drivers in a 6 cm-wide case painted to match the plaster; 130° × 30° (2 kHz), 89 dB 1 W/1 m, 60 W. For a discreet distributed system along the walls.",60 W audio rating · Passive / amplifier output · 73.5 ms delay,{},,6.089497720290584,60,,,
S265,Wall speaker · axis 6 · B,slimColumn,"Slim wall column · 0.6 m, wall colour",1,Shown model scope,A1,passive-audio,"[23.475, 3.45, -7.07]","[0.14600000105798241, 0.6000000238418579, 0.05999999865889549]","4 × 2.5"" drivers in a 6 cm-wide case painted to match the plaster; 130° × 30° (2 kHz), 89 dB 1 W/1 m, 60 W. For a discreet distributed system along the walls.",60 W audio rating · Passive / amplifier output · 59.2 ms delay,{},,6.089497720290584,60,,,
S266,Wall speaker · axis 6 · H,slimColumn,"Slim wall column · 0.6 m, wall colour",1,Shown model scope,A1,passive-audio,"[23.475, 3.45, 7.07]","[0.14600000105798241, 0.6000000238418579, 0.05999999865889549]","4 × 2.5"" drivers in a 6 cm-wide case painted to match the plaster; 130° × 30° (2 kHz), 89 dB 1 W/1 m, 60 W. For a discreet distributed system along the walls.",60 W audio rating · Passive / amplifier output · 60.8 ms delay,{},,6.089497720290584,60,,,
S267,Wall speaker · axis 7 · B,slimColumn,"Slim wall column · 0.6 m, wall colour",1,Shown model scope,A1,passive-audio,"[27.975, 3.45, -7.07]","[0.14600000105798241, 0.6000000238418579, 0.05999999865889549]","4 × 2.5"" drivers in a 6 cm-wide case painted to match the plaster; 130° × 30° (2 kHz), 89 dB 1 W/1 m, 60 W. For a discreet distributed system along the walls.",60 W audio rating · Passive / amplifier output · 46.3 ms delay,{},,6.089497720290584,60,,,
S268,Wall speaker · axis 7 · H,slimColumn,"Slim wall column · 0.6 m, wall colour",1,Shown model scope,A1,passive-audio,"[27.975, 3.45, 7.07]","[0.14600000105798241, 0.6000000238418579, 0.05999999865889549]","4 × 2.5"" drivers in a 6 cm-wide case painted to match the plaster; 130° × 30° (2 kHz), 89 dB 1 W/1 m, 60 W. For a discreet distributed system along the walls.",60 W audio rating · Passive / amplifier output · 48.3 ms delay,{},,6.089497720290584,60,,,
S269,Wall speaker · axis 8 · B,slimColumn,"Slim wall column · 0.6 m, wall colour",1,Shown model scope,A1,passive-audio,"[32.475, 3.45, -7.07]","[0.14600000105798241, 0.6000000238418579, 0.05999999865889549]","4 × 2.5"" drivers in a 6 cm-wide case painted to match the plaster; 130° × 30° (2 kHz), 89 dB 1 W/1 m, 60 W. For a discreet distributed system along the walls.",60 W audio rating · Passive / amplifier output · 33.5 ms delay,{},,6.089497720290584,60,,,
S270,Wall speaker · axis 8 · H,slimColumn,"Slim wall column · 0.6 m, wall colour",1,Shown model scope,A1,passive-audio,"[32.475, 3.45, 7.07]","[0.14600000105798241, 0.6000000238418579, 0.05999999865889549]","4 × 2.5"" drivers in a 6 cm-wide case painted to match the plaster; 130° × 30° (2 kHz), 89 dB 1 W/1 m, 60 W. For a discreet distributed system along the walls.",60 W audio rating · Passive / amplifier output · 36 ms delay,{},,6.089497720290584,60,,,
S271,Wall speaker · axis 9 · B,slimColumn,"Slim wall column · 0.6 m, wall colour",1,Shown model scope,A1,passive-audio,"[36.975, 3.45, -7.07]","[0.14600000105798241, 0.6000000238418579, 0.05999999865889549]","4 × 2.5"" drivers in a 6 cm-wide case painted to match the plaster; 130° × 30° (2 kHz), 89 dB 1 W/1 m, 60 W. For a discreet distributed system along the walls.",60 W audio rating · Passive / amplifier output · 20.6 ms delay,{},,6.089497720290584,60,,,
S272,Wall speaker · axis 9 · H,slimColumn,"Slim wall column · 0.6 m, wall colour",1,Shown model scope,A1,passive-audio,"[36.975, 3.45, 7.07]","[0.14600000105798241, 0.6000000238418579, 0.05999999865889549]","4 × 2.5"" drivers in a 6 cm-wide case painted to match the plaster; 130° × 30° (2 kHz), 89 dB 1 W/1 m, 60 W. For a discreet distributed system along the walls.",60 W audio rating · Passive / amplifier output · 24.1 ms delay,{},,6.089497720290584,60,,,
S273,Wall speaker · entrance hall · B,slimColumn,"Slim wall column · 0.6 m, wall colour",1,Shown model scope,A5,passive-audio,"[2.655, 3.6, -3.05]","[0.14600000105798241, 0.6000000238418579, 0.05999999865889549]","4 × 2.5"" drivers in a 6 cm-wide case painted to match the plaster; 130° × 30° (2 kHz), 89 dB 1 W/1 m, 60 W. For a discreet distributed system along the walls.",60 W audio rating · Passive / amplifier output · 94.9 ms delay,{},,0,60,,,
S274,Wall speaker · entrance hall · H,slimColumn,"Slim wall column · 0.6 m, wall colour",1,Shown model scope,A5,passive-audio,"[2.655, 3.6, 3.05]","[0.14600000105798241, 0.6000000238418579, 0.05999999865889549]","4 × 2.5"" drivers in a 6 cm-wide case painted to match the plaster; 130° × 30° (2 kHz), 89 dB 1 W/1 m, 60 W. For a discreet distributed system along the walls.",60 W audio rating · Passive / amplifier output · 96.5 ms delay,{},,0,60,,,
S276,Wing speaker · B · toward entrance · held,slimColumn,"Slim wall column · 0.6 m, wall colour",1,Shown model scope,A1,passive-audio,"[43.72, 4.85, -13.06]","[0.14600000105798241, 0.6000000238418579, 0.05999999865889549]","4 × 2.5"" drivers in a 6 cm-wide case painted to match the plaster; 130° × 30° (2 kHz), 89 dB 1 W/1 m, 60 W. For a discreet distributed system along the walls.",60 W audio rating · Passive / amplifier output · 22.9 ms delay,{},,6.089497720290584,60,,,
S278,Wing speaker · H · toward entrance · held,slimColumn,"Slim wall column · 0.6 m, wall colour",1,Shown model scope,A1,passive-audio,"[43.72, 4.85, 13.06]","[0.14600000105798241, 0.6000000238418579, 0.05999999865889549]","4 × 2.5"" drivers in a 6 cm-wide case painted to match the plaster; 130° × 30° (2 kHz), 89 dB 1 W/1 m, 60 W. For a discreet distributed system along the walls.",60 W audio rating · Passive / amplifier output · 37.1 ms delay,{},,6.089497720290584,60,,,
S279,Veranda fill · B · 12.2,pendantSpeaker,"Pendant loudspeaker · 6""",1,Shown model scope,A2,passive-audio,"[12.225, 3.9, -8.85]","[0.3669999949634075, 0.2573535740375519, 0.25999999046325684]","110° cone, 89 dB 1 W/1 m, 30 W (100 V line). Verandas and overflow areas.",30 W audio rating · Passive / amplifier output · 88.8 ms delay,{},,6.044855114848385,30,,,
S280,Veranda fill · B · 25.7,pendantSpeaker,"Pendant loudspeaker · 6""",1,Shown model scope,A2,passive-audio,"[25.725, 3.9, -8.85]","[0.3669999949634075, 0.2573535740375519, 0.25999999046325684]","110° cone, 89 dB 1 W/1 m, 30 W (100 V line). Verandas and overflow areas.",30 W audio rating · Passive / amplifier output · 50.9 ms delay,{},,6.044855114848385,30,,,
S281,Veranda fill · H · 12.2,pendantSpeaker,"Pendant loudspeaker · 6""",1,Shown model scope,A2,passive-audio,"[12.225, 3.9, 8.85]","[0.3669999949634075, 0.2573535740375519, 0.25999999046325684]","110° cone, 89 dB 1 W/1 m, 30 W (100 V line). Verandas and overflow areas.",30 W audio rating · Passive / amplifier output · 92.3 ms delay,{},,6.044855114848385,30,,,
S282,Veranda fill · H · 25.7,pendantSpeaker,"Pendant loudspeaker · 6""",1,Shown model scope,A2,passive-audio,"[25.725, 3.9, 8.85]","[0.3669999949634075, 0.2573535740375519, 0.25999999046325684]","110° cone, 89 dB 1 W/1 m, 30 W (100 V line). Verandas and overflow areas.",30 W audio rating · Passive / amplifier output · 56.8 ms delay,{},,6.044855114848385,30,,,
S283,Courtyard horn · B,horn,Outdoor horn · 30 W,1,Shown model scope,A3,passive-audio,"[-0.14, 6.2, -8.3]","[0.42000002220273014, 0.4000000059604645, 0.4000000059604645]","60° × 40°, 108 dB 1 W/1 m. Courtyard overflow at festivals; narrow, bright sound.",30 W audio rating · Passive / amplifier output · 99.4 ms delay,{},,0,30,,,
S284,Tower horn · B · outer,horn,Outdoor horn · 30 W,1,Shown model scope,A3,passive-audio,"[-0.14, 6.2, -11.9]","[0.42000002220273014, 0.4000000059604645, 0.4000000059604645]","60° × 40°, 108 dB 1 W/1 m. Courtyard overflow at festivals; narrow, bright sound.",30 W audio rating · Passive / amplifier output · 91.3 ms delay,{},,0,30,,,
S285,Side courtyard horn · axis 5 · B,horn,Outdoor horn · 30 W,1,Shown model scope,A3,passive-audio,"[18.975, 5.6, -10.75]","[0.42000002220273014, 0.4000000059604645, 0.4000000059604645]","60° × 40°, 108 dB 1 W/1 m. Courtyard overflow at festivals; narrow, bright sound.",30 W audio rating · Passive / amplifier output · 62 ms delay,{},,0,30,,,
S286,Side courtyard horn · axis 8 · B,horn,Outdoor horn · 30 W,1,Shown model scope,A3,passive-audio,"[32.475, 5.6, -10.75]","[0.42000002220273014, 0.4000000059604645, 0.4000000059604645]","60° × 40°, 108 dB 1 W/1 m. Courtyard overflow at festivals; narrow, bright sound.",30 W audio rating · Passive / amplifier output · 25 ms delay,{},,0,30,,,
S287,Courtyard horn · H,horn,Outdoor horn · 30 W,1,Shown model scope,A3,passive-audio,"[-0.14, 6.2, 8.3]","[0.42000002220273014, 0.4000000059604645, 0.4000000059604645]","60° × 40°, 108 dB 1 W/1 m. Courtyard overflow at festivals; narrow, bright sound.",30 W audio rating · Passive / amplifier output · 100.3 ms delay,{},,0,30,,,
S288,Tower horn · H · outer,horn,Outdoor horn · 30 W,1,Shown model scope,A3,passive-audio,"[-0.14, 6.2, 11.9]","[0.42000002220273014, 0.4000000059604645, 0.4000000059604645]","60° × 40°, 108 dB 1 W/1 m. Courtyard overflow at festivals; narrow, bright sound.",30 W audio rating · Passive / amplifier output · 92.2 ms delay,{},,0,30,,,
S289,Side courtyard horn · axis 5 · H,horn,Outdoor horn · 30 W,1,Shown model scope,A3,passive-audio,"[18.975, 5.6, 10.75]","[0.42000002220273014, 0.4000000059604645, 0.4000000059604645]","60° × 40°, 108 dB 1 W/1 m. Courtyard overflow at festivals; narrow, bright sound.",30 W audio rating · Passive / amplifier output · 66.4 ms delay,{},,0,30,,,
S290,Side courtyard horn · axis 8 · H,horn,Outdoor horn · 30 W,1,Shown model scope,A3,passive-audio,"[32.475, 5.6, 10.75]","[0.42000002220273014, 0.4000000059604645, 0.4000000059604645]","60° × 40°, 108 dB 1 W/1 m. Courtyard overflow at festivals; narrow, bright sound.",30 W audio rating · Passive / amplifier output · 33.6 ms delay,{},,0,30,,,
S291,Ambo microphone,mic,Gooseneck microphone (cardioid),1,Shown model scope,MIC,microphone-signal,"[41.08, 1.9, -2.62]","[0.36249566450715065, 0.37400001253932713, 0.11999999731779099]",Feedback check point. Place at the ambo or altar; the talker is ~0.4 m away.,Microphone signal → mixer input,{},,0,,,,
S292,Altar microphone,mic,Gooseneck microphone (cardioid),1,Shown model scope,MIC,microphone-signal,"[44.45, 1.88, 0.45]","[0.36249566450715065, 0.37400001253932713, 0.11999999731779099]",Feedback check point. Place at the ambo or altar; the talker is ~0.4 m away.,Microphone signal → mixer input,{},,0,,,,
D293,Statue · Our Lady,statueMary,Statue · Our Lady (Đức Mẹ),1,Shown model scope,DECOR,non-electrical,"[44.275, 2.85, -5.5]",,,,{},,0,,,,
D294,Statue · Saint Joseph,statueJoseph,Statue · Saint Joseph,1,Shown model scope,DECOR,non-electrical,"[44.275, 2.85, 5.5]",,,,{},,0,,,,
D295,Flower stand · tabernacle B,flowerStand,Tall flower stand · white lilies,1,Shown model scope,DECOR,non-electrical,"[47.2, 0.75, -1.15]",,,,{},,0,,,,
D296,Palm · sanctuary B,palm,Potted palm,1,Shown model scope,DECOR,non-electrical,"[45.15, 0.75, -2.9]",,,,{},,0,,,,
D297,Shrine flowers · B · outer,floorFlowers,Low flower arrangement,1,Shown model scope,DECOR,non-electrical,"[44.225, 2.85, -6.2]",,,,{},,0,,,,
D298,Shrine flowers · B · inner,floorFlowers,Low flower arrangement,1,Shown model scope,DECOR,non-electrical,"[44.225, 2.85, -4.8]",,,,{},,0,,,,
D299,Palm · entrance B,palm,Potted palm,1,Shown model scope,DECOR,non-electrical,"[6.3, 0, -6.55]",,,,{},,0,,,,
D300,Banner · axis 9 · B,banner,Liturgical banner,1,Shown model scope,DECOR,non-electrical,"[36.660000000000004, 6.6, -3.6]",,,,"{""colour"": ""fabricWhite""}",,0,,,,
D301,Flower stand · tabernacle H,flowerStand,Tall flower stand · white lilies,1,Shown model scope,DECOR,non-electrical,"[47.2, 0.75, 1.15]",,,,{},,0,,,,
D302,Palm · sanctuary H,palm,Potted palm,1,Shown model scope,DECOR,non-electrical,"[45.15, 0.75, 2.9]",,,,{},,0,,,,
D303,Shrine flowers · H · inner,floorFlowers,Low flower arrangement,1,Shown model scope,DECOR,non-electrical,"[44.225, 2.85, 4.8]",,,,{},,0,,,,
D304,Shrine flowers · H · outer,floorFlowers,Low flower arrangement,1,Shown model scope,DECOR,non-electrical,"[44.225, 2.85, 6.2]",,,,{},,0,,,,
D305,Palm · entrance H,palm,Potted palm,1,Shown model scope,DECOR,non-electrical,"[6.3, 0, 6.55]",,,,{},,0,,,,
D306,Banner · axis 9 · H,banner,Liturgical banner,1,Shown model scope,DECOR,non-electrical,"[36.660000000000004, 6.6, 3.6]",,,,"{""colour"": ""fabricWhite""}",,0,,,,
D307,Paschal candle,paschal,Paschal candle,1,Shown model scope,DECOR,non-electrical,"[40.769999999999996, 0.75, -1.55]",,,,{},,0,,,,
D308,Aisle carpet (weddings & feasts),carpet,Aisle carpet runner,1,Hidden alternative / excluded,DECOR,non-electrical,"[6.2, 0, 0]",,,,"{""length"": 32}",,0,,,,
D309,Christmas tree · front stage,christmasTree,Christmas tree with lights,1,Hidden alternative / excluded,X1,mains,"[-4.2, -0.48, -5.6]","[1.8711347579956055, 3.3499999076128004, 1.899999976158142]",,350 lm · 2400 K,{},25,0,,,,
D310,Nativity grotto (hang đá) · front stage,grotto,Nativity grotto (hang đá),1,Hidden alternative / excluded,X1,mains,"[-4.2, -0.48, 5.6]","[2.0054768919944763, 2.858080118894577, 3.3467146158218384]",,400 lm · 3000 K,{},6,0,,,,
D311,Star over the crossing,star,Hanging illuminated star,1,Hidden alternative / excluded,X1,mains,"[40.575, 9.4, 0]","[0.05999999865889549, 1.5949593901634218, 1.0461621284484863]",,500 lm · 5000 K,{},12,0,,,,
D312,Red lanterns · veranda B · bay 4–5,lanternString,String of red lanterns (đèn lồng),1,Hidden alternative / excluded,X1,mains,"[16.725, 5.6, -8.85]","[0.3199999928474426, 1.043491778895259, 3.4048333168029785]",,240 lm · 2200 K · 3.4 m strand,"{""length"": 3.4}",18,0,,,,
D313,Red lanterns · veranda H · bay 4–5,lanternString,String of red lanterns (đèn lồng),1,Hidden alternative / excluded,X1,mains,"[16.725, 5.6, 8.85]","[0.3199999928474426, 1.043491778895259, 3.4048333168029785]",,240 lm · 2200 K · 3.4 m strand,"{""length"": 3.4}",18,0,,,,
D314,Red lanterns · veranda B · bay 5–6,lanternString,String of red lanterns (đèn lồng),1,Hidden alternative / excluded,X1,mains,"[21.225, 5.6, -8.85]","[0.3199999928474426, 1.043491778895259, 3.4048333168029785]",,240 lm · 2200 K · 3.4 m strand,"{""length"": 3.4}",18,0,,,,
D315,Red lanterns · veranda H · bay 5–6,lanternString,String of red lanterns (đèn lồng),1,Hidden alternative / excluded,X1,mains,"[21.225, 5.6, 8.85]","[0.3199999928474426, 1.043491778895259, 3.4048333168029785]",,240 lm · 2200 K · 3.4 m strand,"{""length"": 3.4}",18,0,,,,
D316,Red lanterns · veranda B · bay 7–8,lanternString,String of red lanterns (đèn lồng),1,Hidden alternative / excluded,X1,mains,"[30.225, 5.6, -8.85]","[0.3199999928474426, 1.043491778895259, 3.4048333168029785]",,240 lm · 2200 K · 3.4 m strand,"{""length"": 3.4}",18,0,,,,
D317,Red lanterns · veranda H · bay 7–8,lanternString,String of red lanterns (đèn lồng),1,Hidden alternative / excluded,X1,mains,"[30.225, 5.6, 8.85]","[0.3199999928474426, 1.043491778895259, 3.4048333168029785]",,240 lm · 2200 K · 3.4 m strand,"{""length"": 3.4}",18,0,,,,
D318,Red lanterns · veranda B · bay 8–9,lanternString,String of red lanterns (đèn lồng),1,Hidden alternative / excluded,X1,mains,"[34.725, 5.6, -8.85]","[0.3199999928474426, 1.043491778895259, 3.4048333168029785]",,240 lm · 2200 K · 3.4 m strand,"{""length"": 3.4}",18,0,,,,
D319,Red lanterns · veranda H · bay 8–9,lanternString,String of red lanterns (đèn lồng),1,Hidden alternative / excluded,X1,mains,"[34.725, 5.6, 8.85]","[0.3199999928474426, 1.043491778895259, 3.4048333168029785]",,240 lm · 2200 K · 3.4 m strand,"{""length"": 3.4}",18,0,,,,
D320,Festival pennants · axis 4,bunting,Festival pennants (cờ đuôi nheo),1,Hidden alternative / excluded,DECOR,non-electrical,"[14.475, 7.2, 0]",,,,"{""length"": 7}",,0,,,,
D321,Festival pennants · axis 6,bunting,Festival pennants (cờ đuôi nheo),1,Hidden alternative / excluded,DECOR,non-electrical,"[23.475, 7.2, 0]",,,,"{""length"": 7}",,0,,,,
D322,Festival pennants · axis 8,bunting,Festival pennants (cờ đuôi nheo),1,Hidden alternative / excluded,DECOR,non-electrical,"[32.475, 7.2, 0]",,,,"{""length"": 7}",,0,,,,
D-WING-B-PETER,Saint Peter picture · wing B · concept,saintPeterPicture,Saint Peter (Thánh Phêrô) · concept picture,1,Shown model scope,DECOR,non-electrical,"[39.7, 2.2, -13.095]",,"Generated devotional concept. Frame proxy 1.12 × 1.62 m; actual size, material, glass, mounting and artwork approval pending. Unpowered.",,{},,0,,,,
D-WING-B-PAUL,Saint Paul picture · wing B · concept,saintPaulPicture,Saint Paul (Thánh Phaolô) · concept picture,1,Shown model scope,DECOR,non-electrical,"[41.45, 2.2, -13.095]",,"Generated devotional concept. Frame proxy 1.12 × 1.62 m; actual size, material, glass, mounting and artwork approval pending. Unpowered.",,{},,0,,,,
D-WING-H-PETER,Saint Peter picture · wing H · concept,saintPeterPicture,Saint Peter (Thánh Phêrô) · concept picture,1,Shown model scope,DECOR,non-electrical,"[39.7, 2.2, 13.095]",,"Generated devotional concept. Frame proxy 1.12 × 1.62 m; actual size, material, glass, mounting and artwork approval pending. Unpowered.",,{},,0,,,,
D-WING-H-PAUL,Saint Paul picture · wing H · concept,saintPaulPicture,Saint Paul (Thánh Phaolô) · concept picture,1,Shown model scope,DECOR,non-electrical,"[41.45, 2.2, 13.095]",,"Generated devotional concept. Frame proxy 1.12 × 1.62 m; actual size, material, glass, mounting and artwork approval pending. Unpowered.",,{},,0,,,,
DB1,DB-1 · Main board,enclosure:DB1,DB-1 · Main board,1,Shown enclosure proxy,,distribution/control,"[48.895, 1.75, -1.55]","[0.2, 1.1, 0.8]",Service room behind the altar · existing back-wall enclosure,Visualization envelope; internal modules/channels/capacity unknown,{},,,,,,
DB2,DB-2 · Towers & entrance,enclosure:DB2,DB-2 · Towers & entrance,1,Shown enclosure proxy,,distribution/control,"[2.73, 1.5, -3.3]","[0.16, 0.62, 0.46]","Inside the main doors, left of the main door",Visualization envelope; internal modules/channels/capacity unknown,{},,,,,,
LC1,LC-1 · Lighting & scene controls,enclosure:LC1,LC-1 · Lighting & scene controls,1,Shown enclosure proxy,,distribution/control,"[48.895, 1.85, -0.55]","[0.2, 0.9, 0.8]",Existing service-room lighting enclosure,Visualization envelope; internal modules/channels/capacity unknown,{},,,,,,
FC1,FC-1 · Fan speed controls,enclosure:FC1,FC-1 · Fan speed controls,1,Shown enclosure proxy,,distribution/control,"[48.895, 1.95, 0.4]","[0.2, 0.7, 0.6]",Existing service-room fan enclosure,Visualization envelope; internal modules/channels/capacity unknown,{},,,,,,
AV1,AV-1 · Mixer / amplifier rack,enclosure:AV1,AV-1 · Mixer / amplifier rack,1,Shown enclosure proxy,,distribution/control,"[49.275, 0.95, 1.4]","[0.8, 1.6, 0.62]",Existing service-room sound rack,Visualization envelope; internal modules/channels/capacity unknown,{},,,,,,
